LotArea,OverallQual,OverallCond,YearBuilt,YearRemodAdd,TotalBsmtSF,1stFlrSF,2ndFlrSF,GrLivArea,FullBath,HalfBath,BedroomAbvGr,KitchenAbvGr,TotRmsAbvGrd,Fireplaces,GarageCars,GarageArea,WoodDeckSF,OpenPorchSF,Neighborhood,MSZoning,BldgType,HouseStyle,ExterQual,Foundation,BsmtQual,KitchenQual,SalePrice
7018,5,5,1979,1979,0,1535,0,1535,2,0,4,2,8,0,2,400,0,0,SawyerW,RL,Duplex,1Story,TA,Slab,,TA,118858
11694,9,5,2007,2007,1822,1828,0,1828,2,0,3,1,9,1,3,774,0,108,NridgHt,RL,1Fam,1Story,Ex,PConc,Ex,Gd,314813
10615,3,5,1900,1970,978,1014,685,1699,2,0,3,2,7,0,2,420,0,74,OldTown,RL,2fmCon,2Story,TA,CBlock,Fa,TA,95000
11478,8,5,2007,2008,1704,1704,0,1704,2,0,3,1,7,1,3,772,0,50,NridgHt,RL,1Fam,1Story,Gd,PConc,Ex,Gd,306000
18000,3,4,1935,1950,894,894,0,894,1,0,2,1,6,0,3,1248,0,20,IDOTRR,C (all),1Fam,1Story,Fa,CBlock,TA,TA,81000
2217,4,4,1970,1970,546,546,546,1092,1,1,3,1,6,0,1,286,238,0,MeadowV,RM,TwnhsE,2Story,TA,CBlock,TA,TA,88000
13175,6,6,1978,1988,1542,2073,0,2073,2,0,3,1,7,2,2,500,349,0,NWAmes,RL,1Fam,1Story,TA,CBlock,Gd,TA,210000
10628,7,5,1970,1970,1277,1277,0,1277,1,0,2,1,5,1,2,526,0,0,NAmes,RL,1Fam,1Story,TA,CBlock,TA,TA,167000
26142,5,7,1962,1962,1188,1188,0,1188,1,0,3,1,6,0,1,312,261,39,Mitchel,RL,1Fam,1Story,TA,CBlock,TA,TA,157900
7750,8,5,2002,2002,408,779,640,1419,2,1,3,1,7,1,2,527,120,0,Gilbert,RL,1Fam,SLvl,Gd,PConc,Gd,Gd,184100
6120,5,7,1931,1993,715,875,0,875,1,0,2,1,5,0,1,180,48,0,BrkSide,RM,1Fam,1Story,TA,BrkTil,TA,TA,105000
11146,8,5,2006,2006,1709,1717,0,1717,2,0,3,1,7,1,3,908,169,39,NridgHt,RL,1Fam,1Story,Gd,PConc,Ex,Gd,255500
9120,6,6,1958,1958,1261,1261,0,1261,1,0,3,1,6,1,2,433,0,0,NAmes,RL,1Fam,1Story,TA,CBlock,TA,TA,163000
53107,6,5,1992,1992,1580,1079,874,1953,2,1,3,1,9,2,2,501,216,231,ClearCr,RL,1Fam,2Story,Gd,PConc,Gd,Gd,240000
9750,5,5,1967,1967,980,980,0,980,2,0,3,1,6,0,1,384,68,0,NAmes,RL,1Fam,SLvl,TA,PConc,TA,TA,135500
10480,7,6,1976,1976,803,1098,866,1964,2,1,4,1,8,1,2,483,0,69,NWAmes,RL,1Fam,2Story,TA,CBlock,TA,TA,205000
1869,6,6,1970,1970,483,483,504,987,1,1,2,1,5,0,1,280,0,0,BrDale,RM,Twnhs,2Story,TA,CBlock,TA,TA,106000
7180,5,7,1972,1972,864,864,0,864,1,0,3,1,5,0,1,352,0,0,CollgCr,RL,1Fam,1Story,TA,CBlock,TA,TA,127000
7136,6,6,1946,1950,979,979,979,1958,2,0,4,2,8,0,2,492,0,0,Crawfor,RH,Duplex,2Story,TA,CBlock,Gd,TA,145000
11194,8,5,2000,2000,1406,1454,482,1936,2,1,3,1,7,1,2,504,188,124,Gilbert,RL,1Fam,2Story,Gd,PConc,Gd,Gd,230500
11475,6,6,1975,1975,713,811,741,1552,2,1,3,1,6,1,2,434,209,208,NWAmes,RL,1Fam,2Story,TA,CBlock,Gd,TA,179900
10634,5,6,1953,1953,608,1319,0,1319,1,0,3,1,5,0,1,270,66,0,NAmes,RL,1Fam,1Story,TA,PConc,TA,TA,123000
11050,9,5,2000,2000,1440,1476,677,2153,2,1,3,1,8,2,3,736,253,142,CollgCr,RL,1Fam,2Story,Gd,PConc,Ex,Ex,313000
10237,6,5,2005,2007,783,783,701,1484,2,1,3,1,8,1,2,393,0,72,Gilbert,RL,1Fam,2Story,Gd,PConc,Gd,Gd,178900
13173,9,5,2006,2007,1652,1652,0,1652,2,0,2,1,6,2,2,840,404,102,NridgHt,RL,1Fam,1Story,Gd,PConc,Ex,Ex,325000
8402,5,5,2007,2007,1120,1120,0,1120,1,0,3,1,6,0,0,0,0,30,Mitchel,RL,1Fam,1Story,TA,PConc,Gd,TA,147000
2500,7,8,1915,2005,910,916,910,1826,1,1,4,1,7,1,1,164,0,0,OldTown,RM,1Fam,2Story,Gd,PConc,TA,Ex,155000
11700,7,7,1880,2003,1240,1320,1320,2640,1,1,4,1,8,1,4,864,181,0,OldTown,RM,1Fam,2Story,Gd,Stone,TA,Gd,265979
15256,8,5,2007,2007,1485,1464,0,1464,2,0,3,1,6,0,3,754,168,160,Somerst,RL,1Fam,1Story,Gd,PConc,Gd,Gd,282922
1526,4,8,1970,2002,630,630,0,630,1,0,1,1,3,0,1,286,0,0,MeadowV,RM,Twnhs,SFoyer,TA,CBlock,Gd,Gd,86000
11170,7,5,1990,1991,1216,1298,1216,2514,2,1,4,1,8,0,2,693,0,0,Timber,RL,1Fam,2Story,TA,Wood,Gd,TA,250000
53227,4,6,1954,1994,1364,1663,0,1663,1,0,2,1,6,2,2,529,224,137,ClearCr,RL,1Fam,1Story,TA,CBlock,Gd,Gd,256000
10011,5,6,1957,1996,1070,1236,0,1236,1,0,2,1,6,1,1,447,0,0,NAmes,RL,1Fam,1Story,TA,CBlock,TA,Gd,134450
4400,6,8,1920,1950,648,734,384,1118,1,0,2,1,6,0,2,440,0,0,OldTown,RM,1Fam,1.5Fin,TA,BrkTil,Fa,TA,116000
9236,6,5,1997,1997,1479,1494,0,1494,2,0,3,1,6,0,2,576,168,27,CollgCr,RL,1Fam,1Story,TA,PConc,Gd,Gd,217000
15602,7,8,1959,1997,1501,1801,0,1801,2,0,1,1,6,2,2,484,0,54,Crawfor,RL,1Fam,1Story,TA,CBlock,TA,TA,289000
1936,4,6,1970,1970,630,630,0,630,1,0,1,1,3,0,0,0,0,0,MeadowV,RM,Twnhs,SFoyer,TA,CBlock,Gd,TA,84500
8068,6,5,2002,2002,1010,1010,1257,2267,2,1,4,1,8,1,2,390,120,46,Gilbert,RL,1Fam,2Story,Gd,PConc,Gd,Gd,200000
5900,4,7,1923,1958,440,869,0,869,1,0,2,1,4,0,0,0,0,0,BrkSide,RL,1Fam,1Story,TA,PConc,Gd,Fa,85500
9125,7,5,1992,1992,384,812,670,1482,2,1,3,1,7,1,2,392,100,25,Gilbert,RL,1Fam,SLvl,TA,PConc,Gd,Gd,163900
11900,7,5,1977,1977,1386,1411,0,1411,2,0,3,1,6,1,2,544,192,0,NWAmes,RL,1Fam,1Story,TA,CBlock,TA,TA,82500
8500,5,7,1919,2005,793,997,520,1517,2,0,3,1,7,0,0,0,0,0,IDOTRR,RM,1Fam,1.5Fin,TA,CBlock,TA,Fa,115000
9650,6,5,1977,1977,1350,1334,0,1334,2,0,2,1,6,1,2,630,0,16,NWAmes,RL,1Fam,1Story,TA,CBlock,Gd,TA,167900
6435,6,5,1939,1950,972,972,605,1577,1,0,3,1,6,1,1,312,0,0,BrkSide,RL,1Fam,1.5Fin,TA,BrkTil,TA,Fa,140200
8125,7,5,2005,2006,756,756,797,1553,2,1,3,1,6,0,2,615,0,45,Somerst,FV,1Fam,2Story,Gd,PConc,Gd,Gd,186500
9100,5,6,1930,1960,742,779,0,935,1,0,2,1,4,0,1,308,0,0,BrkSide,RM,1Fam,1Story,TA,BrkTil,TA,TA,79500
8470,3,2,1915,1982,1013,1013,0,1526,1,0,2,1,6,0,0,0,0,0,IDOTRR,C (all),1Fam,1.5Fin,Fa,CBlock,TA,Fa,85000
13695,5,5,2004,2004,1114,1114,0,1114,1,1,3,1,6,0,2,576,0,102,SawyerW,RL,1Fam,1Story,TA,PConc,TA,Gd,159000
13006,7,5,1997,1997,964,993,1243,2236,2,1,4,1,8,1,2,642,0,0,Gilbert,RL,1Fam,2Story,TA,PConc,Gd,Gd,222000
7700,6,5,1966,1966,756,1051,788,1839,1,1,4,1,7,1,2,442,0,124,NAmes,RL,1Fam,2Story,TA,CBlock,TA,TA,155000
9550,7,5,1915,1970,756,961,756,1717,1,0,3,1,7,1,3,642,0,35,Crawfor,RL,1Fam,2Story,TA,BrkTil,TA,Gd,140000
7800,5,6,1954,1954,1268,1268,0,1268,1,0,2,1,7,1,1,244,0,98,NAmes,RL,1Fam,1Story,TA,PConc,TA,TA,132000
8640,7,5,2007,2008,1372,1372,0,1372,2,0,3,1,6,0,2,529,0,140,Somerst,FV,1Fam,1Story,Gd,PConc,Ex,Gd,250580
8385,5,8,1977,1977,985,985,0,985,2,0,3,1,6,0,1,328,210,0,CollgCr,RL,1Fam,SLvl,Gd,CBlock,Gd,TA,149900
8263,6,5,1920,1950,1012,1012,0,1012,1,0,2,1,6,1,1,308,0,22,IDOTRR,RM,1Fam,1Story,TA,BrkTil,TA,TA,118400
7763,5,7,1962,1980,931,1283,0,1283,1,0,3,1,6,0,2,506,0,0,NAmes,RL,1Fam,1Story,TA,CBlock,TA,TA,140000
9600,7,7,1925,1990,728,832,809,1641,1,1,3,1,6,1,2,546,0,0,OldTown,RM,1Fam,2Story,TA,BrkTil,TA,Ex,178000
8450,7,5,2003,2003,1337,1337,0,1337,2,0,3,1,6,0,2,531,0,39,CollgCr,RL,1Fam,1Story,Gd,PConc,Gd,Gd,185000
8400,6,5,1966,1966,814,913,0,913,1,0,3,1,6,0,1,240,0,0,Sawyer,RL,1Fam,SFoyer,TA,CBlock,TA,TA,129000
11029,6,7,1968,1984,1054,1512,1142,2654,2,1,4,1,9,1,2,619,0,65,NWAmes,RL,1Fam,2Story,TA,CBlock,TA,Gd,250000
12108,4,4,1955,1955,1440,1440,0,1440,2,0,4,2,8,0,0,0,0,0,Edwards,RL,Duplex,1Story,TA,CBlock,TA,Fa,118000
7500,5,5,1963,1963,1040,1040,0,1040,1,1,3,1,5,0,1,308,0,0,Sawyer,RL,1Fam,1Story,TA,CBlock,TA,TA,133000
8532,5,6,1954,1990,1297,1297,0,1297,1,0,3,1,5,1,2,498,0,0,NAmes,RL,1Fam,1Story,TA,CBlock,TA,TA,153000
11317,7,5,2003,2003,840,840,828,1668,2,1,3,1,8,0,2,500,144,68,CollgCr,RL,1Fam,2Story,Gd,PConc,Gd,Gd,180000
20544,7,6,1986,1991,791,1236,857,2093,2,1,3,1,7,1,2,542,364,63,NWAmes,RL,1Fam,2Story,TA,CBlock,Gd,TA,215000
4224,5,5,1976,1976,1142,1142,0,1142,1,1,3,1,6,1,2,528,536,90,MeadowV,RM,TwnhsE,1Story,TA,PConc,Gd,TA,134000
14601,9,5,2006,2006,1838,1838,0,1838,2,0,2,1,8,1,3,765,270,68,Timber,RL,1Fam,1Story,Ex,PConc,Ex,Ex,315000
1680,5,7,1972,1972,630,630,672,1302,2,1,3,1,6,0,1,264,185,0,BrDale,RM,Twnhs,2Story,TA,CBlock,TA,TA,119500
8773,6,5,1997,1997,916,916,684,1600,2,1,3,1,7,1,2,460,100,38,Gilbert,RL,1Fam,2Story,TA,PConc,Gd,TA,169000
14684,7,7,1990,1991,2158,2196,0,2196,2,0,3,1,7,1,3,701,84,70,SawyerW,RL,1Fam,1Story,Gd,CBlock,Gd,Gd,271900
10402,7,5,2009,2009,1226,1226,0,1226,2,0,3,1,6,0,3,740,0,36,CollgCr,RL,1Fam,1Story,TA,PConc,Gd,Gd,198900
8012,6,5,1980,1980,923,923,0,923,2,0,2,1,5,1,1,264,80,0,SawyerW,RL,TwnhsE,1Story,TA,CBlock,Gd,TA,143000
4426,6,5,2004,2004,848,848,0,848,1,0,1,1,3,1,2,420,149,0,CollgCr,RM,TwnhsE,1Story,Gd,PConc,Gd,Gd,141000
8529,7,5,2001,2001,1454,1434,0,1434,2,0,3,1,6,1,2,527,290,39,SawyerW,RL,1Fam,1Story,Gd,PConc,Gd,Gd,189000
12144,5,7,1949,1950,832,1036,0,1268,1,0,3,1,6,1,1,288,0,28,NAmes,RL,1Fam,1Story,Gd,CBlock,TA,TA,133000
15623,10,5,1996,1996,2396,2411,2065,4476,3,1,4,1,10,2,3,813,171,78,NoRidge,RL,1Fam,2Story,Gd,PConc,Ex,Ex,745000
14000,7,5,1996,1997,1306,1306,954,2260,2,1,3,1,7,0,2,533,296,44,ClearCr,RL,1Fam,2Story,Gd,PConc,Ex,Gd,328000
7500,5,7,1959,1994,1246,1246,0,1246,1,1,3,1,6,0,1,305,218,0,NAmes,RL,1Fam,1Story,TA,CBlock,TA,Gd,154000
9020,6,5,1964,1964,1248,1350,0,1350,1,1,3,1,6,0,2,520,176,0,NAmes,RL,1Fam,SLvl,TA,CBlock,TA,TA,168500
5700,7,7,1926,1950,572,572,539,1111,1,0,2,1,5,1,1,288,0,0,OldTown,RM,1Fam,1.5Fin,TA,PConc,TA,TA,116900
14115,6,7,1956,2004,1073,1811,0,1811,1,0,2,1,6,1,2,470,0,0,Crawfor,RL,1Fam,1Story,TA,PConc,TA,Ex,230000
8198,7,5,2004,2004,1358,1358,0,1358,2,0,2,1,6,1,2,484,192,30,NridgHt,RM,TwnhsE,1Story,Gd,PConc,Gd,Gd,207000
21453,6,5,1969,1969,938,988,0,988,1,0,1,1,4,2,2,540,0,130,ClearCr,RL,1Fam,SLvl,TA,CBlock,TA,TA,180000
11957,8,5,2006,2006,1574,1574,0,1574,2,0,3,1,7,1,3,824,144,104,Somerst,RL,1Fam,1Story,Gd,PConc,Gd,Gd,232000
15431,10,5,2008,2008,3094,2402,0,2402,2,0,2,1,10,2,3,672,0,72,NridgHt,RL,1Fam,1Story,Ex,PConc,Ex,Ex,555000
8000,6,6,1948,2002,972,972,0,972,1,0,2,1,5,1,1,240,0,0,NAmes,RL,1Fam,1Story,TA,CBlock,TA,TA,132000
23257,7,5,2006,2006,868,887,1134,2021,2,1,3,1,9,1,2,422,0,100,Gilbert,RL,1Fam,2Story,Gd,PConc,Ex,Gd,274725
7200,5,5,1972,1972,894,894,0,894,1,0,2,1,6,0,2,600,215,0,CollgCr,RL,1Fam,1Story,TA,CBlock,TA,TA,123000
7758,5,7,1962,2001,999,999,0,999,1,0,3,1,6,0,1,264,0,132,Sawyer,RL,1Fam,1Story,TA,CBlock,TA,Gd,132500
8049,7,5,1990,1990,1309,1339,0,1339,2,0,2,1,6,1,2,484,0,58,Timber,RL,1Fam,1Story,TA,CBlock,Gd,TA,180000
8635,5,5,1948,2001,672,1072,213,1285,1,0,2,1,6,0,1,240,0,0,BrkSide,RM,1Fam,1.5Fin,TA,CBlock,TA,TA,127000
14450,9,5,2006,2007,2121,2121,0,2121,2,1,3,1,8,1,3,732,124,98,NridgHt,RL,1Fam,1Story,Ex,PConc,Ex,Ex,415298
11040,6,7,1971,2004,1258,1258,0,1258,2,0,3,1,5,0,2,528,55,0,NWAmes,RL,1Fam,1Story,Gd,CBlock,TA,Gd,145000
10261,6,5,2000,2000,936,962,830,1792,2,1,3,1,8,1,2,451,0,0,Gilbert,RL,1Fam,2Story,TA,PConc,Gd,TA,186500
10482,6,8,1958,1958,588,1138,0,1138,1,0,3,1,6,0,1,264,224,0,NAmes,RL,1Fam,SLvl,TA,CBlock,TA,TA,145000
7585,5,3,1948,1950,810,1002,454,1456,1,0,4,1,7,1,1,280,0,0,Edwards,RL,1Fam,1.5Fin,TA,CBlock,Fa,TA,91500
18890,5,5,1977,1977,1361,1361,1259,2620,2,2,4,2,12,1,2,600,155,24,Sawyer,RL,Duplex,1.5Fin,TA,CBlock,Gd,TA,190000
8125,7,5,2006,2007,1092,1112,438,1550,2,0,2,1,7,0,2,438,0,168,Somerst,FV,1Fam,2Story,Gd,PConc,Gd,Gd,241000
9000,5,5,1954,1954,936,1128,0,1128,1,0,2,1,5,0,1,286,0,0,NAmes,RL,1Fam,1Story,TA,CBlock,TA,TA,118000
7153,6,5,1992,1992,761,810,793,1603,2,1,3,1,7,0,2,484,0,124,SawyerW,RL,1Fam,2Story,Gd,PConc,Gd,Gd,175900
6000,5,5,1948,1950,789,789,0,789,1,0,2,1,5,0,1,250,0,0,OldTown,RM,1Fam,1Story,TA,CBlock,TA,TA,115000
4280,5,6,1913,2002,440,694,0,694,1,0,2,1,4,1,1,352,0,0,Crawfor,RL,1Fam,1Story,TA,PConc,TA,Gd,90350
17920,5,4,1955,1974,1763,1779,0,1779,1,1,3,1,6,1,2,454,0,418,Sawyer,RL,1Fam,1Story,TA,CBlock,TA,TA,170000
12772,6,8,1960,1998,958,958,0,958,1,0,2,1,5,0,1,301,0,0,NAmes,RL,1Fam,1Story,TA,CBlock,TA,TA,151500
4426,6,5,2004,2004,848,848,0,848,1,0,1,1,3,0,2,420,160,0,CollgCr,RM,TwnhsE,1Story,Gd,PConc,Gd,Gd,143000
10335,7,5,1999,1999,1490,1501,0,1501,2,0,3,1,6,0,2,577,144,29,CollgCr,RL,1Fam,1Story,Gd,PConc,Gd,Gd,204000
10530,6,5,1977,1977,975,1004,0,1004,1,0,2,1,4,0,2,504,0,0,Mitchel,RL,Duplex,SFoyer,TA,CBlock,Gd,TA,135000
8405,4,3,1945,1950,0,1088,441,1529,2,0,4,1,9,0,1,240,92,0,Edwards,RL,1Fam,1.5Fin,TA,Slab,,TA,98000
1950,6,6,1980,1980,716,716,840,1556,2,1,3,1,6,1,2,452,161,0,Blueste,RM,Twnhs,2Story,TA,CBlock,Gd,TA,151000
7018,5,5,1979,1979,1086,1224,0,1224,0,2,2,2,6,2,2,528,120,0,SawyerW,RL,Duplex,SFoyer,TA,CBlock,Gd,TA,153337
6120,7,5,1931,1950,952,1022,752,1774,2,0,2,2,8,2,2,468,90,0,OldTown,RM,1Fam,1.5Fin,TA,BrkTil,TA,TA,129900
9000,8,5,2006,2006,1088,1088,871,1959,2,1,3,1,8,1,3,1025,208,46,Somerst,FV,1Fam,2Story,Gd,PConc,Gd,Gd,270000
9825,5,5,1965,1965,0,1664,0,1664,2,0,4,2,8,0,0,0,0,0,Edwards,RL,Duplex,1Story,TA,CBlock,,TA,100000
14260,8,5,2000,2000,1145,1145,1053,2198,2,1,4,1,9,1,3,836,192,84,NoRidge,RL,1Fam,2Story,Gd,PConc,Gd,Gd,250000
11838,8,5,2001,2001,1753,1788,0,1788,2,0,3,1,7,1,2,522,202,151,CollgCr,RL,1Fam,1Story,Gd,PConc,Gd,Ex,236500
10552,5,5,1959,1959,1398,1700,0,1700,1,1,4,1,6,1,2,447,0,38,NAmes,RL,1Fam,1Story,TA,CBlock,TA,Gd,165500
11888,6,6,1916,1994,844,1445,689,2134,2,0,5,1,10,0,2,441,0,60,BrkSide,RL,1Fam,2.5Unf,TA,BrkTil,TA,Gd,214500
1596,4,5,1973,1973,462,526,462,988,1,0,2,1,5,0,1,297,120,101,MeadowV,RM,Twnhs,SLvl,TA,CBlock,Gd,TA,91000
31770,6,5,1960,1960,1080,1656,0,1656,1,0,3,1,7,2,2,528,210,62,NAmes,RL,1Fam,1Story,TA,CBlock,TA,TA,215000
9549,8,5,1995,1996,1494,1494,0,1494,1,1,2,1,6,1,2,481,0,30,Veenker,RL,TwnhsE,1Story,Gd,PConc,Gd,Ex,270000
8499,6,5,2006,2007,616,616,796,1412,2,1,3,1,6,1,2,432,0,36,Gilbert,RL,1Fam,2Story,TA,PConc,Gd,Gd,156932
11103,7,5,2006,2006,728,728,728,1456,2,1,3,1,8,1,2,440,0,0,CollgCr,RL,1Fam,2Story,Gd,PConc,Gd,Gd,155835
8544,3,4,1949,1950,0,1040,0,1040,2,0,2,2,6,0,2,400,0,0,NAmes,RL,Duplex,1Story,TA,Slab,,TA,87500
14145,7,7,1984,1998,1208,1621,0,1621,2,0,3,1,8,0,2,440,108,45,NWAmes,RL,1Fam,1Story,Gd,CBlock,Gd,Gd,202500
12508,6,7,1940,1985,983,983,767,1750,2,0,4,1,7,0,1,423,245,0,Mitchel,RL,1Fam,1.5Fin,TA,CBlock,Gd,TA,160000
12665,5,8,1915,1950,876,876,540,1416,1,1,4,1,7,1,3,720,418,0,OldTown,RM,1Fam,1.5Fin,TA,BrkTil,TA,TA,153900
6120,2,3,1936,1950,264,800,0,800,1,0,1,1,4,1,0,0,0,0,BrkSide,RM,1Fam,1Story,Fa,BrkTil,TA,Fa,60000
9600,5,8,1925,1994,702,842,630,1472,1,0,3,1,6,0,1,250,0,0,OldTown,RM,1Fam,1.5Fin,TA,PConc,TA,Gd,125000
10800,4,7,1885,1995,641,1047,0,1047,1,0,2,1,6,0,1,273,0,0,OldTown,RM,1Fam,1Story,TA,BrkTil,Fa,TA,100000
17671,8,9,1882,1986,916,916,826,1742,1,1,4,1,8,1,2,424,0,169,OldTown,RM,1Fam,2Story,Gd,BrkTil,TA,Gd,168000
10896,6,7,1914,1995,1440,1440,1440,3395,2,0,8,2,14,0,0,0,0,110,SWISU,RH,2fmCon,2.5Fin,Fa,CBlock,TA,Fa,200000
14781,8,5,2001,2002,1753,1787,0,1787,2,0,3,1,7,1,3,748,198,150,CollgCr,RL,1Fam,1Story,Gd,PConc,Gd,Gd,275000
7420,5,6,1939,1950,991,1077,0,1077,1,0,2,2,5,2,1,205,0,4,BrkSide,RL,2fmCon,1.5Unf,TA,BrkTil,TA,TA,118000
16635,6,7,1977,2000,1602,1602,0,1602,2,0,3,1,8,1,2,529,240,0,NWAmes,RL,1Fam,1Story,Gd,CBlock,Gd,Gd,215000
13568,5,5,1995,1995,990,990,0,990,1,0,3,1,5,0,2,576,224,0,CollgCr,RL,1Fam,1Story,TA,PConc,Gd,TA,156000
12328,6,5,1976,1976,1012,1034,0,1034,1,0,3,1,6,0,3,888,0,0,Mitchel,RL,1Fam,SLvl,TA,CBlock,TA,TA,169900
12420,7,5,2001,2001,944,944,896,1840,2,1,3,1,6,0,2,622,0,45,CollgCr,RL,1Fam,2Story,Gd,PConc,Gd,Gd,230000
6882,6,7,1914,2006,684,773,582,1355,1,1,3,1,7,0,0,0,136,0,IDOTRR,RM,1Fam,2Story,TA,PConc,TA,Gd,127000
8281,5,5,1965,1965,864,864,0,864,1,0,3,1,5,1,1,360,0,0,Sawyer,RL,1Fam,1Story,TA,CBlock,TA,TA,62383
7685,6,5,1993,1994,697,697,804,1501,2,1,3,1,6,1,2,420,190,63,Gilbert,RL,1Fam,2Story,TA,PConc,Gd,Gd,165600
8400,6,6,1980,1981,650,888,676,1564,2,1,3,1,7,1,2,476,0,50,SawyerW,RL,1Fam,2Story,TA,CBlock,Gd,TA,171000
12925,6,7,1970,1970,1205,2117,0,2117,2,1,4,1,7,2,2,550,0,42,NAmes,RL,1Fam,1Story,TA,CBlock,TA,TA,237500
15611,8,5,2006,2006,1079,1079,840,1919,2,1,3,1,8,1,2,685,0,51,CollgCr,RL,1Fam,2Story,Gd,PConc,Gd,Gd,233230
13891,8,5,2007,2008,1710,1710,0,1710,2,0,2,1,6,1,3,866,0,102,NridgHt,RL,1Fam,1Story,Gd,PConc,Ex,Gd,372402
7800,5,7,1967,2004,864,899,0,899,1,0,3,1,5,0,1,288,64,0,Sawyer,RL,1Fam,1Story,TA,PConc,TA,Gd,130000
10625,7,6,1974,1974,1053,1173,0,1173,2,0,3,1,6,2,2,528,0,120,NWAmes,RL,1Fam,SFoyer,TA,CBlock,Gd,Gd,170000
10140,7,5,1998,1999,1650,1680,0,1680,2,0,3,1,7,1,2,583,78,73,NWAmes,RL,1Fam,1Story,Gd,PConc,Ex,Gd,213250
6931,7,5,2003,2004,746,760,896,1656,2,1,3,1,7,1,2,397,178,128,Edwards,RL,1Fam,2Story,Gd,PConc,Gd,Gd,165400
7313,9,5,2005,2005,1561,1561,0,1561,2,0,2,1,6,1,2,556,203,47,NridgHt,RL,TwnhsE,1Story,Ex,PConc,Ex,Ex,277500
9303,6,5,1996,1997,872,888,868,1756,2,1,3,1,7,0,2,422,144,122,Timber,RL,1Fam,2Story,Gd,PConc,Ex,TA,204000
8738,7,5,1999,1999,975,1005,1286,2291,2,1,4,1,8,1,2,429,192,0,Gilbert,RL,1Fam,2Story,Gd,PConc,Gd,Gd,230000
12384,7,7,1976,1976,793,1142,793,1935,2,1,3,1,7,1,2,550,0,113,NWAmes,RL,1Fam,2Story,TA,CBlock,Gd,TA,197900
5814,8,5,1984,1984,1220,1360,0,1360,1,0,1,1,4,1,2,565,63,0,StoneBr,RL,TwnhsE,1Story,Gd,CBlock,Gd,Gd,187500
6762,7,5,2006,2006,1187,1208,0,1208,2,0,2,1,6,0,2,632,105,61,CollgCr,RL,1Fam,1Story,Gd,PConc,Gd,Gd,206000
7200,6,6,1910,1998,1214,1260,1031,2291,2,0,4,2,9,1,2,506,0,0,OldTown,C (all),2fmCon,2.5Unf,TA,BrkTil,TA,TA,133900
7681,5,6,1921,1950,731,820,523,1343,1,1,3,1,7,1,1,186,192,0,Crawfor,RL,1Fam,1.5Fin,TA,BrkTil,TA,TA,154900
6000,5,8,1925,1997,884,884,464,1348,1,0,3,1,5,1,1,216,0,0,BrkSide,RM,1Fam,1.5Fin,TA,BrkTil,TA,TA,117000
3182,7,5,2005,2006,1346,1504,0,1504,2,0,2,1,7,1,2,437,156,20,Blmngtn,RL,TwnhsE,1Story,Gd,PConc,Gd,Gd,191000
6600,5,4,1892,1965,994,1378,994,2372,2,0,4,2,11,0,1,432,0,287,OldTown,RM,1Fam,2Story,TA,Stone,TA,TA,107500
10171,7,5,2004,2004,1517,1535,0,1535,2,0,3,1,7,0,2,532,0,0,NridgHt,RL,1Fam,1Story,Gd,PConc,Gd,Gd,214000
6342,5,8,1875,1996,780,780,240,1020,1,0,2,1,6,0,0,0,0,0,Sawyer,RL,1Fam,1.5Fin,TA,CBlock,TA,TA,94000
6240,8,5,2006,2006,1324,1324,0,1324,2,0,2,1,6,1,2,550,192,38,NridgHt,RL,TwnhsE,1Story,Gd,PConc,Gd,Gd,254000
12400,6,7,1958,1998,1215,1215,0,1215,1,0,3,1,6,0,1,297,0,0,NAmes,RL,1Fam,1Story,TA,CBlock,TA,TA,155000
3500,5,7,1947,1950,720,720,564,1284,1,1,2,1,5,0,1,240,0,35,OldTown,RM,1Fam,1.5Fin,TA,CBlock,TA,TA,110000
5664,8,5,2000,2000,1501,1659,0,1659,2,0,2,1,5,1,2,499,212,59,StoneBr,RL,TwnhsE,1Story,Gd,PConc,Gd,Ex,278000
4060,5,8,1922,1950,864,864,0,864,1,0,2,1,4,0,0,0,0,96,Edwards,RL,1Fam,1Story,TA,PConc,Fa,TA,99900
9717,5,6,1950,1996,1078,1078,0,1078,1,0,2,1,5,0,1,240,366,0,NAmes,RL,1Fam,1Story,TA,CBlock,TA,Gd,142125
10206,8,5,2007,2007,1563,1563,0,1563,2,0,3,1,6,1,3,758,144,99,Somerst,RL,1Fam,1Story,TA,PConc,Gd,Gd,245000
5306,7,7,1987,1987,1064,1064,703,1767,2,0,2,1,5,1,2,504,441,35,StoneBr,RL,TwnhsE,2Story,Gd,PConc,Gd,Gd,239000
2308,6,6,1976,1976,804,804,744,1548,2,1,3,1,7,1,2,440,48,0,NPkVill,RL,TwnhsE,2Story,TA,CBlock,Gd,Gd,155000
5820,3,8,1955,2005,1162,1163,0,1163,1,0,3,1,6,0,1,220,142,98,OldTown,RM,1Fam,1Story,TA,CBlock,TA,TA,126175
11096,8,5,2006,2006,1656,1656,0,1656,2,0,3,1,7,0,3,826,0,146,Somerst,FV,1Fam,1Story,Gd,PConc,Gd,Gd,249700
9150,6,5,1962,1962,1099,1431,0,1431,1,0,3,1,6,1,1,296,64,110,NAmes,RL,1Fam,SLvl,TA,CBlock,Gd,TA,165000
10452,6,5,1953,1953,1094,1094,0,1094,1,0,3,1,5,2,2,495,0,0,Edwards,RL,1Fam,1Story,TA,CBlock,TA,TA,155000
6402,5,5,1920,1950,596,596,596,1192,1,0,3,1,6,0,1,189,0,0,IDOTRR,RM,1Fam,2Story,TA,PConc,TA,TA,78000
9000,6,3,1928,1950,784,784,0,784,1,0,2,1,5,0,2,360,0,0,SawyerW,RH,1Fam,1.5Unf,TA,BrkTil,Fa,TA,76000
3363,7,5,2004,2004,976,976,732,1708,2,0,3,1,7,0,2,380,0,40,Edwards,RM,TwnhsE,2Story,Gd,PConc,Gd,Gd,130000
10400,7,5,1976,1976,1090,1370,0,1370,2,0,3,1,6,1,2,479,0,0,NWAmes,RL,1Fam,1Story,TA,CBlock,Gd,TA,152000
9313,7,5,2004,2004,864,864,864,1728,2,1,3,1,7,0,2,572,187,56,CollgCr,RL,1Fam,2Story,Gd,PConc,Gd,Gd,190000
10083,7,5,2003,2003,1176,1200,0,1200,2,0,2,1,5,0,2,555,0,41,SawyerW,RL,1Fam,1Story,Gd,PConc,Gd,Gd,184900
8834,9,5,2004,2005,1462,1462,762,2224,2,1,4,1,10,1,3,738,184,0,NridgHt,RL,1Fam,2Story,Gd,PConc,Ex,Ex,350000
5000,5,4,1900,1950,540,889,551,1440,1,0,3,1,6,0,1,352,0,0,OldTown,RM,1Fam,1.5Fin,TA,BrkTil,TA,TA,79000
8000,6,5,1995,1996,773,773,885,1658,2,1,3,1,8,1,2,431,224,84,Gilbert,RL,1Fam,2Story,TA,PConc,Gd,TA,188000
9842,5,6,1921,1998,612,990,1611,2601,3,1,4,1,8,0,2,621,183,0,SWISU,RL,1Fam,2Story,TA,BrkTil,TA,TA,189000
10140,5,6,1975,1975,1056,1074,0,1074,1,1,3,1,6,0,2,495,0,88,NWAmes,RL,1Fam,1Story,TA,CBlock,Gd,TA,153500
8773,7,5,2004,2004,1414,1414,0,1414,2,0,3,1,6,0,2,494,132,105,CollgCr,RL,1Fam,1Story,Gd,PConc,Gd,Gd,185500
11932,8,5,2007,2008,1580,1580,0,1580,2,0,3,1,7,0,3,830,0,24,Somerst,RL,1Fam,1Story,Gd,PConc,Gd,Gd,235128
9020,6,7,1966,1966,1127,1165,0,1165,1,1,3,1,6,0,2,490,0,129,NAmes,RL,1Fam,SLvl,TA,CBlock,TA,TA,174900
9056,8,5,2004,2004,707,707,707,1414,2,1,3,1,6,1,2,403,100,35,Gilbert,RL,1Fam,2Story,Gd,PConc,Ex,Gd,178000
4500,6,5,1998,1998,1237,1337,0,1337,2,0,2,1,5,0,2,405,0,199,Mitchel,RM,TwnhsE,1Story,TA,PConc,Ex,TA,153500
12968,5,6,1962,1962,912,912,0,912,1,0,2,1,4,0,1,352,140,0,Sawyer,RL,1Fam,1Story,TA,CBlock,TA,TA,144000
9991,4,4,1976,1993,1281,1620,0,1620,2,0,3,1,8,1,2,490,120,78,Sawyer,RL,1Fam,1Story,TA,CBlock,TA,TA,150000
9738,5,7,1924,1950,784,949,272,1221,1,0,4,1,7,0,1,392,0,0,Edwards,RL,1Fam,1.5Fin,TA,BrkTil,TA,TA,104900
7728,5,6,1962,1962,1106,1190,0,1190,1,0,3,1,6,0,2,540,0,18,NAmes,RL,Duplex,SLvl,TA,CBlock,TA,TA,132500
13673,5,5,1962,1962,1140,1696,0,1696,1,1,3,1,8,1,1,349,0,30,Sawyer,RL,1Fam,1Story,TA,CBlock,TA,TA,143900
16647,5,5,1975,1981,1390,1701,0,1701,2,0,3,1,6,2,2,611,0,0,Sawyer,RL,1Fam,SFoyer,TA,CBlock,Gd,TA,171000
11643,5,5,1969,1969,1248,1338,1296,2634,2,2,6,2,12,0,4,968,0,0,NAmes,RL,Duplex,2Story,TA,CBlock,TA,TA,200000
9000,5,3,1959,1959,1006,1006,0,1006,1,0,3,1,5,0,0,0,0,24,Sawyer,RL,1Fam,1Story,TA,CBlock,TA,TA,80000
9180,5,7,1983,1983,840,884,0,884,1,0,2,1,5,0,2,504,240,0,SawyerW,RL,1Fam,SFoyer,TA,CBlock,Gd,Gd,144000
12376,7,5,1990,1990,1673,1699,1523,3222,3,0,5,1,11,2,3,594,367,0,SawyerW,RL,1Fam,2Story,TA,PConc,Gd,Gd,320000
8120,4,7,1970,1970,864,864,0,864,1,0,3,1,5,0,2,463,0,0,NAmes,RL,1Fam,1Story,TA,CBlock,TA,TA,124500
14762,5,6,1948,1950,0,1547,720,2320,2,0,2,1,7,1,2,672,120,144,Gilbert,RL,1Fam,2Story,TA,Slab,,TA,169000
2887,6,5,1996,1997,1291,1291,0,1291,1,0,2,1,6,1,2,431,307,0,ClearCr,RL,1Fam,1Story,TA,PConc,Gd,Gd,173000
12461,8,5,1994,1995,1624,1624,0,1624,2,0,2,1,5,1,3,757,0,114,NoRidge,RL,1Fam,1Story,Gd,PConc,Gd,Gd,262000
7153,6,5,1991,1991,1278,1294,0,1294,2,0,3,1,6,0,2,496,112,51,SawyerW,RL,1Fam,1Story,TA,CBlock,Gd,Gd,179200
10012,4,5,1972,1972,1138,1181,0,1181,2,0,3,1,6,0,2,588,0,0,Edwards,RL,1Fam,SFoyer,TA,CBlock,Gd,TA,137500
14559,5,7,1951,2000,1008,1363,0,1363,1,0,2,1,6,2,1,288,324,42,NAmes,RL,1Fam,1Story,Gd,CBlock,TA,TA,164900
10592,6,7,1923,1996,602,900,602,1502,1,1,3,1,7,2,1,180,96,0,Crawfor,RL,1Fam,2Story,TA,PConc,TA,Gd,165000
7226,7,5,2003,2003,798,798,842,1640,2,1,3,1,6,0,2,595,0,45,CollgCr,RL,1Fam,2Story,Gd,PConc,Gd,Gd,183000
12435,7,5,2001,2001,963,963,829,1792,2,1,3,1,7,1,2,564,0,96,CollgCr,RL,1Fam,2Story,Gd,PConc,Gd,Gd,231500
4671,8,5,1988,1989,1228,1228,0,1228,2,0,2,1,5,1,2,472,168,120,StoneBr,RL,TwnhsE,1Story,Gd,PConc,Gd,Gd,189000
9672,6,5,1984,1985,1040,1097,0,1097,2,0,3,1,6,0,2,480,0,0,SawyerW,RL,1Fam,1Story,TA,PConc,Gd,TA,152000
11250,4,5,1957,1989,1104,1104,684,1788,1,0,5,1,8,2,1,304,120,0,ClearCr,RL,1Fam,1.5Fin,TA,CBlock,TA,TA,161500
13286,9,5,2007,2008,1698,1698,0,1698,2,0,3,1,8,1,3,768,327,64,Edwards,RL,1Fam,1Story,Ex,PConc,Ex,Ex,320000
12180,4,4,1941,1950,672,672,252,924,1,0,2,1,5,0,1,280,0,0,Edwards,RL,2fmCon,1.5Fin,TA,BrkTil,Gd,Fa,80000
10084,7,5,2005,2006,1552,1552,0,1552,2,0,3,1,7,0,3,782,144,20,CollgCr,RL,1Fam,1Story,Gd,PConc,Gd,Gd,212900
5890,6,8,1930,2007,816,816,0,816,1,0,2,1,5,0,1,432,0,0,IDOTRR,RM,1Fam,1Story,Gd,BrkTil,TA,TA,120500
9965,8,5,2006,2007,1466,1466,1362,2828,3,0,4,1,11,1,3,1052,125,144,CollgCr,RL,1Fam,2Story,Gd,PConc,Ex,Gd,424870
9600,5,6,1959,1959,1041,1041,0,1041,1,0,3,1,6,0,1,270,224,88,NAmes,RL,1Fam,1Story,TA,CBlock,TA,TA,124500
16196,7,5,1998,1998,1482,1494,0,1494,2,0,3,1,5,1,2,514,402,25,SawyerW,RL,1Fam,1Story,Gd,PConc,Gd,Gd,215000
7200,5,8,1972,2003,768,768,0,768,1,0,2,1,5,0,1,396,192,0,CollgCr,RL,1Fam,SFoyer,TA,CBlock,Gd,TA,133900
9636,6,5,1992,1993,808,808,785,1593,2,1,3,1,7,1,2,389,342,40,Gilbert,RL,1Fam,2Story,TA,PConc,Gd,TA,178000
11700,6,6,1968,1968,727,829,727,1556,1,1,4,1,8,0,2,441,0,0,NWAmes,RL,1Fam,2Story,TA,CBlock,TA,TA,154000
8749,7,5,2002,2002,1459,1459,0,1459,2,0,3,1,6,1,2,527,192,39,CollgCr,RL,1Fam,1Story,Gd,PConc,Gd,Gd,192000
8400,6,3,1957,1957,1478,1478,0,1478,1,1,3,1,6,2,2,442,114,0,NAmes,RL,1Fam,1Story,TA,CBlock,TA,TA,156500
10440,5,8,1904,2002,650,958,581,1539,2,0,3,1,8,1,2,686,70,78,OldTown,RM,1Fam,2Story,TA,PConc,TA,Gd,157500
12416,6,5,1986,1986,1606,1651,0,1651,2,0,3,1,7,1,2,616,192,0,Timber,RL,1Fam,1Story,TA,CBlock,Gd,TA,184000
12342,5,5,1960,1978,978,1422,0,1422,1,0,3,1,6,1,1,286,0,0,NAmes,RL,1Fam,1Story,TA,CBlock,TA,TA,139900
11553,5,5,1968,1968,1051,1159,0,1159,1,1,3,1,7,1,1,336,466,0,Sawyer,RL,1Fam,1Story,TA,CBlock,TA,TA,158000
10140,6,5,1974,1974,1064,1350,0,1350,2,0,3,1,7,1,2,478,0,0,NWAmes,RL,1Fam,1Story,TA,CBlock,Gd,TA,165000
12000,5,7,1948,2005,924,1122,0,1122,1,0,2,1,6,0,2,528,0,36,OldTown,RM,1Fam,1Story,TA,CBlock,TA,Gd,147000
17043,6,5,1979,1998,1362,1586,0,1586,2,0,3,1,7,1,2,435,192,0,NWAmes,RL,1Fam,1Story,TA,CBlock,Gd,TA,181000
13704,7,5,2001,2002,1541,1541,0,1541,2,0,3,1,6,1,3,843,468,81,CollgCr,RL,1Fam,1Story,Gd,PConc,Gd,Gd,205000
7930,6,8,1969,2005,1026,1026,0,1026,1,0,3,1,5,0,2,440,171,48,NAmes,RL,1Fam,1Story,TA,CBlock,TA,Gd,156000
11839,7,5,1990,1990,1475,1532,797,2329,2,1,4,1,10,1,2,514,192,121,SawyerW,RL,1Fam,2Story,TA,PConc,Gd,Gd,262280
8250,5,5,1968,1968,952,1211,0,1211,1,0,3,1,5,1,1,322,0,63,Sawyer,RL,1Fam,1Story,TA,CBlock,TA,TA,134000
8944,5,5,1967,1967,1584,1584,0,1584,2,0,4,2,8,0,3,792,0,152,NAmes,RL,Duplex,1Story,TA,CBlock,TA,TA,124000
8731,5,5,1920,1950,915,1167,0,1167,1,0,3,1,6,1,2,495,0,0,BrkSide,RL,1Fam,1Story,TA,BrkTil,TA,TA,144000
7162,5,7,1966,1966,876,904,0,904,1,0,3,1,6,0,1,408,0,0,Sawyer,RL,1Fam,1Story,TA,PConc,TA,TA,109900
9000,8,5,2007,2007,1184,1184,1426,2610,2,1,4,1,11,1,2,550,208,364,Somerst,FV,1Fam,2Story,Gd,PConc,Gd,Ex,303477
2280,6,5,1978,1978,855,855,601,1456,2,1,3,1,7,1,2,440,26,0,NPkVill,RL,Twnhs,2Story,TA,CBlock,Gd,TA,146000
46589,8,7,1994,2005,1629,1686,762,2448,2,1,4,1,8,1,3,711,517,76,NoRidge,RL,1Fam,2Story,Gd,PConc,Gd,Gd,402000
8029,6,5,2005,2005,728,728,728,1456,2,1,3,1,8,0,2,400,100,24,Gilbert,RL,1Fam,2Story,TA,PConc,Gd,Gd,176000
9247,6,6,1962,1962,858,858,858,1716,1,1,4,1,8,1,2,490,0,84,NAmes,RL,1Fam,2Story,TA,CBlock,TA,TA,171000
11235,4,5,1963,1979,1051,1382,0,1382,1,1,3,1,6,1,2,459,0,82,Sawyer,RL,1Fam,1Story,TA,CBlock,TA,TA,148000
9000,6,5,1956,1956,1196,1196,0,1196,1,0,2,1,6,1,1,297,0,44,NAmes,RL,1Fam,1Story,TA,CBlock,Gd,TA,139000
6000,4,7,1954,2000,901,901,0,901,1,0,2,1,4,0,1,281,0,0,OldTown,RM,1Fam,1Story,TA,CBlock,TA,TA,107900
11275,6,7,1932,1950,854,1096,895,1991,1,1,3,1,7,1,2,432,0,0,Crawfor,RL,1Fam,1.5Fin,TA,CBlock,TA,TA,220000
11764,8,7,1999,2007,1152,1164,1106,2270,2,1,4,1,9,1,3,671,132,57,NoRidge,RL,1Fam,2Story,Gd,PConc,Gd,Gd,290000
10944,7,5,1994,1994,1223,1223,904,2127,2,1,3,1,5,2,2,525,171,132,NoRidge,RL,1Fam,2Story,Gd,PConc,Gd,Gd,271000
14154,7,5,2006,2006,1063,1071,1101,2172,2,1,3,1,9,1,3,947,192,62,NridgHt,RL,1Fam,2Story,Gd,PConc,Ex,Gd,280000
11700,6,6,1968,1968,702,1041,702,1743,1,2,3,1,7,1,2,539,224,0,NWAmes,RL,1Fam,2Story,Gd,CBlock,TA,TA,175000
21872,7,5,1996,1997,729,729,717,1446,2,1,3,1,6,1,2,406,264,22,Gilbert,RL,1Fam,2Story,TA,PConc,Gd,TA,175000
10574,8,5,2005,2006,1082,1082,871,1953,2,1,3,1,9,1,3,1043,160,50,Somerst,FV,1Fam,2Story,Gd,PConc,Gd,Gd,252000
15523,5,6,1972,1972,864,864,0,864,1,0,3,1,5,1,1,338,0,0,CollgCr,RL,1Fam,1Story,TA,CBlock,TA,TA,133500
13346,7,5,1992,2000,1095,1166,1129,2295,2,1,4,1,9,1,2,590,0,40,NoRidge,RL,1Fam,2Story,Gd,PConc,Gd,Gd,268000
9600,4,2,1900,1950,1095,1095,679,1774,2,0,4,2,8,0,3,779,0,0,OldTown,RM,1Fam,2Story,TA,BrkTil,TA,TA,87000
10721,6,6,1959,1959,1252,1252,0,1252,1,0,3,1,7,0,2,528,0,39,NAmes,RL,1Fam,1Story,Gd,CBlock,TA,Gd,142000
10192,7,6,1968,1992,570,1222,698,1920,3,0,4,1,8,1,2,487,0,98,NWAmes,RL,1Fam,SLvl,TA,CBlock,TA,Gd,170000
22950,10,9,1892,1993,1107,1518,1518,3608,2,1,4,1,12,2,3,840,0,260,OldTown,RM,1Fam,2.5Fin,Gd,BrkTil,TA,Ex,475000
9452,8,5,1997,1998,1396,1407,985,2392,2,1,3,1,7,1,3,870,0,70,NoRidge,RL,1Fam,2Story,Gd,PConc,Gd,Gd,348000
15865,8,6,1970,1970,2217,2217,0,2217,2,0,4,1,8,1,2,621,81,207,NAmes,RL,1Fam,1Story,Gd,PConc,TA,Gd,268000
12160,5,5,1959,1959,1188,1188,0,1188,1,0,3,1,6,0,2,531,0,0,NAmes,RL,1Fam,1Story,TA,CBlock,TA,TA,142000
10246,4,9,1965,2001,648,960,0,960,0,0,0,1,3,0,1,364,88,0,Sawyer,RL,1Fam,SLvl,TA,CBlock,TA,TA,145000
14100,8,9,1935,1997,728,1968,1479,3447,3,1,4,1,11,2,3,1014,314,12,Crawfor,RL,1Fam,1.5Fin,TA,CBlock,TA,Gd,381000
7200,5,7,1920,1996,530,581,530,1111,1,0,3,1,6,0,1,288,0,0,IDOTRR,RM,1Fam,2.5Unf,TA,BrkTil,TA,Fa,101000
5925,3,6,1910,1950,600,600,368,968,1,0,2,1,6,0,0,0,0,0,OldTown,RM,1Fam,1.5Fin,TA,BrkTil,TA,TA,37900
5436,4,8,1922,2007,796,796,358,1154,1,0,3,1,7,0,1,240,0,96,IDOTRR,RM,1Fam,1.5Fin,TA,BrkTil,TA,Gd,125500
11250,8,5,2002,2002,1128,1149,1141,2290,2,1,4,1,9,1,2,779,0,0,CollgCr,RL,1Fam,2Story,Gd,PConc,Gd,Gd,255900
3182,7,5,2005,2006,1145,1145,0,1145,2,0,2,1,5,1,2,397,100,16,Blmngtn,RL,TwnhsE,1Story,Gd,PConc,Gd,Gd,160200
14054,7,5,2006,2006,879,879,984,1863,2,1,4,1,9,1,3,660,100,17,Gilbert,RL,1Fam,2Story,Gd,PConc,Gd,Gd,219210
4224,5,7,1976,1976,1040,1060,0,1060,1,0,3,1,6,1,2,572,100,110,MeadowV,RM,TwnhsE,1Story,TA,PConc,Gd,TA,129900
9600,5,7,1910,2002,264,768,664,1432,2,0,2,1,7,0,2,360,270,0,OldTown,RM,1Fam,2Story,TA,BrkTil,Fa,TA,132000
9920,5,6,1969,1969,971,971,0,971,1,1,3,1,5,1,1,300,0,0,CollgCr,RL,1Fam,1Story,TA,CBlock,Gd,TA,128500
10712,5,5,1991,1992,974,974,0,974,1,0,3,1,5,0,0,0,0,28,Mitchel,RL,1Fam,1Story,TA,PConc,Gd,TA,93500
13710,5,5,1950,1950,910,910,648,1558,1,1,4,1,6,0,1,282,289,0,IDOTRR,RM,1Fam,1.5Fin,TA,CBlock,TA,TA,152000
3696,8,5,1986,1986,1074,1088,0,1088,1,1,2,1,5,0,2,461,0,74,StoneBr,RL,TwnhsE,1Story,Gd,CBlock,Gd,Gd,170000
5100,8,7,1925,1996,588,833,833,1666,1,0,3,1,7,1,1,228,192,63,OldTown,RM,1Fam,2Story,TA,PConc,TA,Gd,161000
10106,5,7,1940,1999,644,808,547,1355,2,0,4,2,6,0,0,0,140,0,Edwards,RL,2fmCon,1.5Fin,TA,BrkTil,TA,TA,127500
12677,8,5,2003,2004,1518,1518,0,1518,1,1,1,1,6,1,2,588,185,140,NridgHt,RL,TwnhsE,1Story,Ex,PConc,Ex,Ex,274000
10880,5,5,1950,1950,1164,1164,0,1164,1,0,3,1,5,0,1,240,0,48,Edwards,RL,2fmCon,1Story,TA,CBlock,TA,TA,125000
9480,5,7,1942,1995,728,888,756,1644,1,1,3,1,7,2,1,312,168,0,NAmes,RL,1Fam,2Story,TA,CBlock,TA,Gd,146500
5000,5,6,1941,1950,720,803,0,803,1,0,2,1,5,0,2,360,0,0,IDOTRR,RM,1Fam,1.5Unf,TA,CBlock,TA,TA,87000
9600,6,5,1953,1953,1416,1644,0,1644,1,0,3,1,7,2,2,418,110,0,NAmes,RL,1Fam,1Story,TA,CBlock,TA,TA,167000
10800,5,4,1900,1970,954,1766,648,2414,2,0,3,2,10,1,2,520,142,0,OldTown,RL,2fmCon,1.5Fin,TA,CBlock,TA,TA,160000
2522,7,5,2004,2004,970,970,739,1709,2,0,3,1,7,0,2,380,0,40,Edwards,RM,Twnhs,2Story,Gd,PConc,Gd,Gd,137500
11000,5,6,1966,1966,1154,1154,0,1154,1,1,3,1,6,1,2,480,0,58,NAmes,RL,1Fam,1Story,TA,CBlock,TA,TA,154000
12900,4,4,1969,1969,1198,1258,0,1258,0,2,0,2,6,0,2,400,120,0,Sawyer,RL,Duplex,SFoyer,TA,CBlock,Gd,TA,108959
2628,7,5,2003,2003,764,764,862,1626,2,1,2,1,6,0,2,474,0,27,NridgHt,RL,Twnhs,2Story,Gd,PConc,Gd,Gd,175500
10207,7,6,2007,2007,874,874,887,1761,3,0,3,1,7,0,2,578,144,105,Somerst,FV,1Fam,2Story,Gd,PConc,Gd,Gd,227875
9230,5,8,1965,1998,864,1200,0,1200,1,1,1,1,6,0,2,884,0,64,NAmes,RL,1Fam,1Story,TA,CBlock,TA,Gd,146000
6780,6,8,1935,1982,520,520,0,754,1,0,2,1,5,0,0,0,53,0,IDOTRR,RM,2fmCon,1.5Fin,TA,CBlock,TA,TA,84500
11616,5,5,1962,1962,1092,1092,0,1092,1,0,3,1,6,1,1,288,0,20,Sawyer,RL,1Fam,1Story,TA,CBlock,TA,TA,139000
11924,9,5,2005,2006,1175,1182,1142,2324,3,0,4,1,11,2,3,736,147,21,NridgHt,RL,1Fam,2Story,Ex,PConc,Ex,Ex,345000
2665,5,6,1977,1977,757,925,550,1475,2,0,4,1,6,1,1,336,104,26,MeadowV,RM,TwnhsE,2Story,TA,PConc,TA,TA,127000
21695,6,9,1988,2007,880,1680,0,1680,2,0,3,1,5,1,2,540,292,44,Crawfor,RL,1Fam,1Story,Gd,CBlock,Gd,Gd,222000
10480,6,5,1936,1950,1064,1166,0,1639,1,0,3,1,6,0,1,240,0,0,SWISU,RL,1Fam,1.5Fin,TA,BrkTil,TA,TA,115000
2448,7,5,2003,2004,764,764,862,1626,2,1,2,1,6,0,2,474,0,27,NridgHt,RL,Twnhs,2Story,Gd,PConc,Gd,Gd,154000
8400,8,6,2001,2001,810,810,855,1665,2,1,3,1,6,0,2,528,0,45,NWAmes,RL,1Fam,2Story,Gd,PConc,Gd,Gd,227000
12735,4,5,1972,1972,864,864,0,864,1,0,3,1,5,0,2,576,216,0,NAmes,RL,1Fam,1Story,TA,CBlock,TA,TA,111250
7875,7,5,2003,2003,783,807,702,1509,2,1,3,1,8,1,2,393,0,75,Gilbert,RL,1Fam,2Story,Gd,PConc,Gd,Gd,180000
10007,5,7,1959,2006,1053,1053,0,1053,1,1,3,1,5,0,1,312,0,0,NAmes,RL,1Fam,1Story,Gd,CBlock,TA,Gd,145500
8235,5,7,1955,1995,825,825,0,825,1,0,2,1,4,0,2,720,140,50,OldTown,RM,1Fam,1Story,TA,CBlock,TA,TA,125000
7931,5,5,1959,1959,1148,1148,0,1148,1,0,3,1,6,0,1,672,0,0,NAmes,RL,1Fam,1Story,TA,CBlock,TA,TA,132500
12220,10,5,2009,2009,2006,2020,0,2020,2,1,3,1,9,1,3,900,156,54,NridgHt,RL,1Fam,1Story,Ex,CBlock,Ex,Ex,402861
13450,7,5,2002,2002,916,920,941,1861,2,1,3,1,8,0,2,492,146,91,CollgCr,RL,1Fam,2Story,Gd,PConc,Gd,Gd,200000
9571,5,3,1958,1958,1276,1276,0,1276,1,0,3,1,5,0,1,350,0,0,Edwards,RL,1Fam,1Story,TA,CBlock,TA,TA,60000
11796,7,5,2004,2005,847,847,1112,1959,2,1,4,1,8,1,2,434,100,48,Gilbert,RL,1Fam,2Story,Gd,PConc,Gd,Gd,215000
9084,4,5,1940,1950,755,755,755,1510,1,0,4,1,7,1,1,296,120,0,Edwards,RL,1Fam,2Story,TA,CBlock,TA,TA,108000
8872,5,8,1965,2008,912,912,0,912,1,0,2,1,5,0,2,576,0,240,NAmes,RL,1Fam,1Story,TA,CBlock,TA,Gd,147000
8450,5,8,1965,2009,894,894,0,894,1,0,3,1,5,1,1,336,416,144,Sawyer,RL,1Fam,1Story,TA,CBlock,TA,TA,138500
9144,5,5,1940,1982,883,988,517,1505,1,0,3,1,8,0,1,240,0,0,BrkSide,RL,1Fam,1.5Fin,TA,CBlock,TA,TA,145000
164660,5,6,1965,1965,1499,1619,167,1786,2,0,3,1,7,2,2,529,670,0,Timber,RL,2fmCon,1.5Fin,TA,CBlock,TA,TA,228950
6173,5,6,1967,1967,876,902,0,902,1,0,3,1,6,0,1,288,0,0,Sawyer,RL,1Fam,1Story,TA,CBlock,TA,TA,125500
4500,6,5,1998,1998,1204,1204,0,1204,2,0,2,1,5,0,2,412,0,247,Mitchel,RM,TwnhsE,1Story,TA,PConc,Ex,TA,162000
11400,10,5,2001,2002,2633,2633,0,2633,2,1,2,1,8,2,3,804,314,140,NoRidge,RL,1Fam,1Story,Ex,PConc,Ex,Ex,466500
9786,3,4,1922,1950,1007,1077,0,1077,1,0,3,1,6,1,1,210,0,100,IDOTRR,RM,1Fam,1Story,TA,BrkTil,TA,TA,91000
8400,5,5,1968,1968,1052,1052,0,1052,1,1,3,1,5,0,1,288,356,0,NAmes,RL,1Fam,1Story,TA,CBlock,TA,TA,138500
5000,5,6,1924,1950,1026,1026,665,1691,2,0,3,1,6,1,1,308,0,0,SWISU,RL,1Fam,1.5Fin,TA,BrkTil,TA,Gd,127000
13400,5,5,1966,1966,1024,1086,0,1086,1,0,3,1,6,1,2,484,0,0,NAmes,RL,1Fam,SLvl,TA,CBlock,TA,TA,159950
5500,5,7,1929,2001,926,926,0,1316,1,0,3,1,6,0,2,484,0,0,OldTown,RM,1Fam,1.5Fin,TA,BrkTil,TA,TA,130000
9158,8,5,2007,2007,1496,1496,0,1496,2,0,3,1,7,0,2,474,168,130,Somerst,RL,1Fam,1Story,Gd,PConc,Gd,Gd,225000
10150,5,5,1958,1958,912,912,0,912,1,0,2,1,5,0,1,275,0,0,NAmes,RL,1Fam,1Story,TA,CBlock,TA,TA,114500
5790,3,6,1915,1950,840,840,765,1605,2,0,3,2,8,0,1,379,0,0,OldTown,RM,1Fam,2Story,Gd,CBlock,Fa,TA,107400
7910,5,5,1960,1960,1075,1507,0,1507,2,0,4,1,7,0,1,404,0,0,NAmes,RL,1Fam,SLvl,TA,CBlock,TA,TA,127000
10762,7,5,1999,1999,978,1005,978,1983,2,1,3,1,9,1,2,490,0,0,Gilbert,RL,1Fam,2Story,Gd,PConc,Gd,Gd,225000
9000,6,6,1937,1950,780,780,595,1375,1,1,3,1,6,1,1,544,0,162,IDOTRR,RM,1Fam,1.5Fin,TA,PConc,TA,Gd,141000
10084,8,5,2004,2005,1686,1694,0,1694,2,0,3,1,7,1,2,636,255,57,Somerst,RL,1Fam,1Story,Gd,PConc,Ex,Gd,307000
7200,5,5,1950,1950,0,1048,0,1048,1,0,3,1,7,0,2,420,0,27,NAmes,RL,1Fam,1Story,TA,CBlock,,TA,98300
11645,7,5,2004,2004,860,860,860,1720,2,1,3,1,7,0,2,565,0,70,CollgCr,RL,1Fam,2Story,Gd,PConc,Gd,Gd,196500
8544,3,4,1950,1950,0,1040,0,1040,2,0,2,2,6,0,2,400,0,0,NAmes,RL,Duplex,1Story,TA,CBlock,,TA,93500
5604,5,6,1925,1950,864,864,0,864,1,0,2,1,5,0,0,0,0,0,Edwards,RL,1Fam,1Story,TA,CBlock,TA,TA,98000
9100,5,5,1963,1963,1728,1728,0,1728,2,0,6,2,10,0,2,504,0,0,Sawyer,RM,Duplex,1Story,TA,CBlock,TA,TA,125000
9500,6,6,1964,1978,816,1127,850,1977,1,1,4,1,9,1,2,540,0,52,NAmes,RL,1Fam,2Story,TA,CBlock,TA,TA,165000
1533,5,7,1970,1970,630,630,0,630,1,0,1,1,3,0,0,0,0,0,MeadowV,RM,Twnhs,SFoyer,TA,CBlock,Gd,Ex,92000
17423,9,5,2008,2009,2216,2234,0,2234,2,0,1,1,9,1,3,1166,0,60,StoneBr,RL,1Fam,1Story,Ex,PConc,Ex,Ex,501837
19378,7,5,2005,2006,1392,1392,1070,2462,2,1,4,1,9,1,2,576,239,132,Gilbert,RL,1Fam,2Story,Gd,PConc,Gd,Gd,320000
10395,6,6,1978,1978,1032,1032,0,1032,2,0,3,1,6,1,2,564,0,0,NWAmes,RL,1Fam,SLvl,TA,CBlock,Gd,TA,148000
10667,7,6,1996,1996,799,827,834,1661,2,1,3,1,6,1,2,550,158,61,CollgCr,RL,1Fam,2Story,Gd,PConc,Gd,Gd,212000
10382,6,5,1958,1958,588,1095,0,1095,1,0,2,1,6,0,1,264,0,0,NAmes,RL,2fmCon,SLvl,TA,CBlock,TA,TA,140000
7937,6,6,1984,1984,1003,1003,0,1003,1,0,3,1,6,0,2,588,120,0,Mitchel,RL,1Fam,SLvl,TA,CBlock,TA,TA,142500
8978,5,5,1968,1968,948,948,0,948,1,0,3,1,6,0,1,300,147,0,Sawyer,RL,1Fam,1Story,TA,PConc,TA,TA,108000
4456,4,5,1920,2008,736,736,716,1452,2,0,2,3,8,0,0,0,0,0,OldTown,RM,2fmCon,2Story,TA,BrkTil,TA,TA,113000
10200,5,8,1940,1997,672,672,0,672,1,0,2,1,4,0,1,240,168,0,Sawyer,RL,1Fam,1Story,TA,PConc,TA,TA,108000
11923,9,5,2007,2007,1800,1800,0,1800,2,0,2,1,7,0,2,702,288,136,CollgCr,RL,1Fam,1Story,Gd,PConc,Ex,Ex,239000
14215,8,5,2005,2006,1158,1158,1218,2376,3,1,4,1,9,1,3,853,240,154,NridgHt,RL,1Fam,2Story,Gd,PConc,Ex,Gd,325300
2016,5,5,1970,1970,630,630,672,1302,2,1,3,1,6,0,2,440,0,0,BrDale,RM,TwnhsE,2Story,TA,CBlock,TA,TA,106000
13072,6,5,2004,2004,1158,1158,0,1158,1,1,3,1,5,0,2,576,0,50,SawyerW,RL,1Fam,1Story,TA,PConc,Gd,Gd,158000
12692,8,5,1992,1993,3200,3228,0,3228,3,0,4,1,10,1,2,546,264,75,NoRidge,RL,1Fam,1Story,Gd,PConc,Gd,Gd,430000
11248,9,5,2002,2002,1626,1668,0,1668,2,0,3,1,7,1,3,702,257,45,CollgCr,RL,1Fam,1Story,Gd,PConc,Gd,Gd,285000
8500,7,5,2004,2004,1422,1422,0,1422,2,0,3,1,7,0,2,626,192,60,CollgCr,RL,1Fam,1Story,Gd,PConc,Gd,Gd,179600
17400,5,5,1977,1977,1126,1126,0,1126,2,0,3,1,5,1,2,484,295,41,Mitchel,RL,1Fam,1Story,TA,CBlock,TA,TA,160000
8445,5,7,1972,2007,768,768,0,768,1,0,2,1,5,0,2,396,58,0,CollgCr,RL,1Fam,SFoyer,TA,CBlock,Gd,TA,133000
10159,9,5,2009,2010,1930,1940,0,1940,2,1,3,1,8,1,3,606,168,95,NridgHt,RL,1Fam,1Story,Ex,PConc,Ex,Ex,395192
10800,4,7,1900,2000,0,694,600,1294,2,0,3,2,7,0,0,0,220,114,OldTown,RL,2fmCon,2Story,TA,BrkTil,,TA,106250
9286,5,7,1977,1989,1268,1268,0,1268,1,1,3,1,5,0,1,252,173,0,CollgCr,RL,1Fam,1Story,TA,CBlock,Gd,Gd,143500
1680,6,3,1971,1971,483,483,504,987,1,1,2,1,5,0,1,264,0,0,BrDale,RM,TwnhsE,2Story,TA,CBlock,TA,TA,89500
5587,8,5,2008,2008,1600,1652,0,1652,2,0,2,1,5,1,2,482,162,53,Crawfor,RM,TwnhsE,1Story,Ex,PConc,Ex,Gd,392500
8064,5,7,1949,2006,672,672,252,924,1,0,3,1,6,1,2,576,0,0,NAmes,RL,1Fam,1.5Fin,TA,CBlock,TA,TA,122900
6120,5,6,1936,1950,927,1067,472,1539,1,1,3,1,5,0,2,576,112,0,BrkSide,RM,1Fam,1.5Fin,TA,BrkTil,TA,TA,141500
10768,5,8,1976,2004,1437,1437,0,1437,2,0,3,1,6,1,2,528,0,21,Veenker,RL,1Fam,1Story,Gd,CBlock,Gd,Gd,218000
11885,8,5,2001,2001,1299,1299,573,1872,2,1,3,1,7,1,2,531,160,122,CollgCr,RL,1Fam,2Story,Gd,PConc,Gd,Ex,261500
12137,7,5,1998,1998,1649,1661,0,1661,2,0,3,1,6,0,2,598,0,34,CollgCr,RL,1Fam,1Story,TA,PConc,Gd,Gd,224900
13680,3,5,1955,1955,0,1733,0,1733,2,0,4,1,8,1,2,452,0,0,Edwards,RL,1Fam,1Story,TA,Slab,,TA,139600
7800,5,5,1965,1965,828,965,0,965,1,0,3,1,6,0,1,300,421,0,SawyerW,RH,1Fam,1Story,TA,CBlock,TA,TA,119900
9920,7,5,1996,1997,1117,1127,886,2013,2,1,3,1,8,1,2,455,180,130,NoRidge,RL,1Fam,2Story,Gd,PConc,Gd,TA,269790
13418,8,5,2004,2005,1117,1132,1320,2452,3,1,4,1,9,1,3,691,113,32,NridgHt,RL,1Fam,2Story,Gd,PConc,Ex,Gd,309000
10463,8,5,2005,2005,893,901,900,1801,2,1,3,1,8,1,3,800,0,116,Gilbert,RL,1Fam,2Story,Gd,PConc,Gd,Gd,239900
11345,5,5,1948,1950,928,928,992,1920,2,0,4,2,10,0,2,400,0,0,NAmes,RL,Duplex,2Story,TA,CBlock,TA,TA,137000
7560,5,6,1958,1965,1029,1339,0,1339,1,0,3,1,6,0,1,294,0,0,NAmes,RL,1Fam,1Story,TA,CBlock,TA,TA,139000
6240,5,4,1936,1950,896,896,448,1344,1,0,3,1,7,0,1,240,200,114,BrkSide,RM,1Fam,1.5Fin,TA,BrkTil,Gd,TA,115000
21286,5,5,1948,1950,720,720,551,1271,2,0,4,1,7,1,1,312,0,0,Sawyer,RL,1Fam,1.5Fin,TA,CBlock,TA,TA,135000
8846,6,5,2005,2006,750,750,750,1500,2,1,3,1,6,0,2,564,0,35,CollgCr,RL,1Fam,2Story,TA,PConc,Gd,Gd,173900
10005,7,5,1977,1977,1160,1156,866,2022,2,1,4,1,8,1,2,505,288,117,ClearCr,RL,1Fam,2Story,TA,CBlock,Gd,TA,192000
24682,6,5,1999,1999,841,892,783,1675,2,1,3,1,7,1,2,502,0,103,Gilbert,RL,1Fam,2Story,TA,PConc,Gd,TA,181000
6792,7,5,2005,2006,1368,1368,0,1368,2,0,2,1,6,1,2,474,132,35,NridgHt,RL,TwnhsE,1Story,Gd,PConc,Gd,Gd,202665
215245,7,5,1965,1965,2136,2036,0,2036,2,0,3,1,8,2,2,513,0,0,Timber,RL,1Fam,1Story,TA,CBlock,Gd,TA,375000
9130,6,8,1966,2000,800,800,832,1632,1,1,4,1,7,0,2,484,0,40,NWAmes,RL,1Fam,2Story,TA,CBlock,TA,Gd,173000
14303,8,5,1994,1994,1986,1987,0,1987,2,0,2,1,7,1,2,691,262,36,NoRidge,RL,1Fam,1Story,Gd,PConc,Gd,Gd,301500
13125,6,5,1997,1998,1478,1493,0,1493,2,0,3,1,7,1,2,508,140,39,CollgCr,RL,1Fam,1Story,TA,PConc,Gd,Gd,208900
8070,4,5,1994,1995,990,990,0,990,1,0,3,1,5,0,0,0,0,0,CollgCr,RL,1Fam,1Story,TA,PConc,Gd,TA,123600
12444,8,5,2008,2008,1932,1932,0,1932,2,0,2,1,7,1,3,774,0,66,NridgHt,RL,1Fam,1Story,Ex,PConc,Ex,Ex,394617
6000,4,4,1953,1953,936,936,0,936,1,0,2,1,4,0,2,576,0,32,OldTown,RM,2fmCon,1Story,Fa,CBlock,Fa,TA,93000
8993,7,5,2007,2007,1302,1302,0,1302,2,0,3,1,6,0,2,436,0,22,Gilbert,RL,1Fam,1Story,Gd,PConc,Gd,Gd,176485
2268,7,5,2003,2004,764,764,862,1626,2,0,2,1,6,0,2,474,0,27,NridgHt,RL,Twnhs,2Story,Gd,PConc,Gd,Gd,173000
12552,7,5,2004,2005,991,991,956,1947,2,1,3,1,8,1,2,678,0,136,Somerst,FV,1Fam,2Story,Gd,PConc,Gd,Gd,254900
7200,5,7,1950,1950,876,988,0,988,1,0,3,1,6,0,1,276,0,80,NAmes,RL,1Fam,1Story,TA,CBlock,TA,TA,119000
8973,5,7,1958,1991,1008,1053,0,1053,1,1,3,1,6,0,2,750,0,80,NAmes,RL,1Fam,1Story,TA,CBlock,TA,Ex,150000
11911,6,5,2005,2005,684,684,876,1560,2,1,3,1,6,1,2,400,100,38,Gilbert,RL,1Fam,2Story,Gd,PConc,Gd,Gd,174000
9060,6,5,1939,1950,560,698,560,1258,1,0,2,1,6,0,1,280,0,0,Edwards,RL,1Fam,1.5Fin,TA,BrkTil,TA,TA,105000
8775,5,5,1994,1994,990,990,0,990,1,0,3,1,5,0,1,299,0,64,CollgCr,RL,1Fam,1Story,TA,PConc,Gd,TA,126000
14598,6,5,2007,2007,894,894,1039,1933,2,1,4,1,9,1,3,668,100,18,Somerst,RL,1Fam,2Story,Gd,PConc,Gd,Gd,214000
8158,7,5,2003,2003,884,884,884,1768,2,1,3,1,8,0,2,543,0,63,CollgCr,RL,1Fam,2Story,Gd,PConc,Gd,Gd,224900
4230,7,5,2006,2007,1352,1352,0,1352,2,0,2,1,5,1,2,466,0,241,Somerst,FV,TwnhsE,1Story,Gd,PConc,Ex,Gd,208900
9906,4,4,1925,1950,686,810,518,1328,1,0,3,1,8,0,1,210,0,172,OldTown,RM,1Fam,2Story,TA,CBlock,TA,TA,107000
4426,6,5,2004,2004,848,848,0,848,1,0,1,1,3,1,2,420,149,0,CollgCr,RM,TwnhsE,1Story,Gd,PConc,Gd,Gd,149300
7032,5,5,1979,1979,943,943,0,943,1,0,2,1,4,2,2,600,42,0,NAmes,RL,Duplex,SFoyer,TA,CBlock,Gd,TA,135960
9200,6,6,1965,1965,1136,1136,0,1136,1,0,3,1,5,1,1,384,426,0,NAmes,RL,1Fam,1Story,TA,CBlock,TA,TA,140000
10208,7,5,1996,1997,1264,1277,1067,2344,2,1,3,1,7,1,3,889,220,0,NoRidge,RL,1Fam,2Story,Gd,PConc,Gd,Gd,265000
10386,8,5,2004,2005,2000,2000,0,2000,2,0,3,1,8,0,3,888,168,0,CollgCr,RL,1Fam,1Story,Gd,PConc,Gd,Gd,305900
9842,4,5,1962,1962,0,1224,0,1224,2,0,2,2,6,0,2,462,0,0,NAmes,RL,Duplex,1Story,TA,Slab,,TA,101800
12099,8,5,2004,2004,1136,1136,1332,2468,2,1,4,1,10,1,3,872,184,154,NridgHt,RL,1Fam,2Story,Gd,PConc,Ex,Gd,354000
12122,7,9,1961,2007,944,999,0,999,1,0,3,1,6,0,2,588,144,76,NAmes,RL,1Fam,SFoyer,Ex,CBlock,TA,Ex,178400
10125,5,5,1977,1977,0,1302,432,1734,2,0,4,2,8,0,2,539,0,0,Mitchel,RL,Duplex,1.5Fin,TA,CBlock,,Gd,126000
10000,8,5,2006,2006,1588,1588,0,1588,2,0,3,1,7,1,3,825,144,45,Somerst,RL,1Fam,1Story,Gd,PConc,Gd,Gd,227000
9439,5,5,1930,1950,912,912,336,1248,1,0,2,1,6,0,1,160,0,0,OldTown,RM,1Fam,1.5Fin,TA,CBlock,TA,TA,87000
13000,6,6,1968,1968,896,1182,960,2142,2,1,4,1,8,1,1,509,0,72,NAmes,RL,1Fam,2Story,TA,CBlock,Gd,Gd,193500
6420,5,7,1952,1952,980,1148,0,1148,1,0,2,1,6,0,1,308,0,0,Edwards,RL,1Fam,1Story,TA,PConc,Ex,TA,123500
8160,5,6,1940,1950,756,756,378,1134,1,1,3,1,7,0,1,240,0,0,Edwards,RL,1Fam,1.5Fin,TA,BrkTil,TA,TA,126000
9900,6,4,1880,1950,1008,1178,1032,2210,2,0,5,1,8,0,1,205,0,48,OldTown,RM,1Fam,2Story,TA,BrkTil,TA,Fa,117500
13360,5,7,1921,2006,876,964,0,964,1,0,2,1,5,0,2,432,0,0,Crawfor,RL,1Fam,1Story,TA,BrkTil,Gd,TA,163500
9572,8,5,1990,1990,1453,1453,1357,2810,2,1,4,1,9,1,2,750,500,0,NoRidge,RL,1Fam,2Story,Gd,PConc,Ex,Gd,302000
3675,6,5,2005,2005,547,1072,0,1072,1,0,2,1,5,0,2,525,0,28,Edwards,RM,TwnhsE,SLvl,TA,PConc,Gd,TA,148000
8760,7,5,2006,2006,1391,1391,571,1962,2,1,3,1,7,0,3,868,0,90,CollgCr,RL,1Fam,2Story,Gd,PConc,Gd,Gd,239799
9375,7,5,2003,2004,912,912,1182,2094,2,1,4,1,8,1,2,615,182,182,Somerst,FV,1Fam,2Story,Gd,PConc,Gd,Gd,263000
21780,6,7,1918,1950,1163,1163,511,1674,2,0,4,1,8,1,2,396,72,36,Edwards,RL,1Fam,1.5Fin,TA,BrkTil,Gd,TA,185000
12798,6,5,1997,1997,616,616,1072,1688,2,1,4,1,8,0,2,603,403,114,ClearCr,RL,1Fam,2Story,TA,PConc,Gd,Gd,200000
17503,6,5,1948,1950,912,912,546,1458,1,0,3,1,6,1,1,330,192,0,NAmes,RL,1Fam,1.5Fin,TA,CBlock,TA,TA,97500
7500,6,7,1942,1950,771,753,741,1494,1,0,3,1,7,2,1,213,0,0,Crawfor,RL,1Fam,2Story,TA,CBlock,TA,Gd,177500
13500,10,9,1893,2000,1237,1521,1254,2775,3,1,3,1,9,1,2,880,105,502,OldTown,RM,1Fam,2.5Unf,Ex,BrkTil,TA,Gd,325000
16158,7,5,2005,2005,1530,1530,0,1530,2,0,3,1,7,1,2,430,168,36,StoneBr,RL,1Fam,1Story,Gd,PConc,Ex,Gd,260000
6120,4,7,1935,1995,884,989,584,1573,1,0,3,1,6,0,1,240,0,0,BrkSide,RM,1Fam,1.5Fin,TA,BrkTil,TA,Gd,133000
7200,7,7,1920,1950,596,998,764,1762,1,1,4,1,8,0,2,576,36,0,OldTown,RM,1Fam,2Story,TA,BrkTil,Fa,Gd,157000
16905,5,6,1959,1959,1350,1328,0,1328,1,1,2,1,5,2,1,308,0,104,Timber,RL,1Fam,1Story,TA,CBlock,TA,TA,170000
13891,9,5,2008,2009,1734,1734,1088,2822,3,1,4,1,12,1,3,1020,52,170,NridgHt,RL,1Fam,2Story,Ex,PConc,Ex,Ex,582933
7449,7,7,1930,1950,637,1108,0,1108,1,0,3,1,6,1,1,280,0,0,IDOTRR,RM,1Fam,1.5Unf,TA,PConc,TA,Gd,139400
32463,4,4,1961,1975,1249,1622,0,1622,1,0,3,1,7,1,4,1356,439,0,Mitchel,RL,2fmCon,1Story,TA,CBlock,TA,TA,168000
10800,5,8,1936,1989,796,1096,370,1466,2,0,3,1,7,1,2,566,436,21,OldTown,RL,1Fam,1.5Fin,TA,CBlock,Fa,Gd,170000
9600,6,5,1950,1950,1032,1032,220,1252,1,0,3,1,6,0,1,288,0,0,NAmes,RL,1Fam,1.5Fin,TA,CBlock,TA,TA,119000
12085,8,5,2007,2007,1734,1734,0,1734,2,0,3,1,7,1,3,928,0,0,NridgHt,RL,1Fam,1Story,Gd,PConc,Ex,Ex,318000
9135,7,5,2002,2003,1536,1536,0,1536,2,0,3,1,7,0,2,532,192,74,CollgCr,RL,1Fam,1Story,Gd,PConc,Gd,Gd,214000
7500,7,5,1999,1999,994,1028,776,1804,2,1,3,1,7,1,2,442,140,60,Gilbert,RL,1Fam,2Story,TA,PConc,TA,Gd,189000
14157,9,5,2005,2006,1922,1922,0,1922,2,0,3,1,8,1,3,676,178,51,StoneBr,RL,1Fam,1Story,Gd,PConc,Ex,Gd,377426
21750,5,4,1960,2006,0,1771,0,1771,1,0,3,1,9,1,2,336,0,0,Mitchel,RL,1Fam,1Story,TA,Slab,,TA,115000
12000,7,7,1941,1950,704,860,704,1564,1,1,3,1,7,1,1,234,0,0,Crawfor,RL,1Fam,2Story,TA,CBlock,TA,Fa,174500
8600,6,6,1937,1950,780,780,596,1376,2,0,3,1,7,1,1,198,0,0,IDOTRR,RM,1Fam,1.5Fin,TA,BrkTil,TA,TA,119500
1533,4,6,1970,2008,546,798,546,1344,1,1,3,1,6,1,0,0,0,0,MeadowV,RM,Twnhs,2Story,TA,CBlock,TA,TA,97000
10859,5,5,1994,1995,1097,1097,0,1097,1,1,3,1,6,0,2,672,392,64,CollgCr,RL,1Fam,1Story,TA,PConc,Gd,TA,145000
12393,7,5,2004,2005,847,847,1101,1948,2,1,4,1,8,1,2,434,100,48,CollgCr,RL,1Fam,2Story,Gd,PConc,Gd,Gd,195000
11143,8,5,2004,2005,1580,1580,886,2466,3,0,4,1,8,1,2,610,159,214,Somerst,FV,1Fam,2Story,Gd,PConc,Gd,Gd,340000
10678,8,5,1992,2000,1683,2129,743,2872,2,1,4,1,9,1,2,541,0,33,NoRidge,RL,1Fam,1.5Fin,Gd,PConc,Gd,Gd,285000
27650,7,7,1960,2007,585,2069,0,2069,2,0,4,1,9,1,2,505,0,0,NAmes,RL,1Fam,1Story,TA,CBlock,Gd,Gd,242000
4928,6,5,1976,1976,1078,958,0,958,2,0,2,1,5,1,2,440,0,205,NPkVill,RL,TwnhsE,1Story,TA,CBlock,Gd,TA,128000
10000,5,6,1973,2000,1176,1178,0,1178,1,1,3,1,5,1,2,439,224,0,NWAmes,RL,1Fam,1Story,TA,CBlock,Gd,Gd,157000
10680,5,3,1951,1951,2136,2136,0,2136,2,0,4,1,7,0,2,528,0,30,NAmes,RL,1Fam,1Story,TA,CBlock,TA,TA,137900
7252,5,5,1982,1982,858,858,0,858,1,0,2,1,5,0,2,576,120,0,Sawyer,RL,1Fam,SFoyer,TA,CBlock,Gd,TA,134900
7018,5,5,1979,1979,0,1535,0,1535,2,0,4,2,8,0,2,410,0,0,SawyerW,RL,Duplex,1Story,TA,Slab,,TA,118964
8400,5,6,1957,1957,1314,1314,0,1314,1,0,3,1,5,0,1,294,250,0,NAmes,RL,1Fam,1Story,TA,CBlock,TA,TA,145000
7150,5,5,1967,1967,892,892,0,892,1,0,3,1,5,0,1,288,0,0,NAmes,RL,1Fam,1Story,TA,CBlock,TA,TA,100000
10382,7,6,1973,1973,1107,1107,983,2090,2,1,3,1,7,2,2,484,235,204,NWAmes,RL,1Fam,2Story,TA,CBlock,Gd,TA,200000
7200,4,5,1949,1950,0,1040,0,1040,2,0,2,2,6,0,2,420,0,0,NAmes,RL,Duplex,1Story,TA,Slab,,TA,90000
9600,5,6,1956,1956,1050,1050,0,1050,1,0,2,1,5,0,1,338,0,0,NAmes,RL,1Fam,1Story,TA,CBlock,TA,TA,128900
8176,5,6,1958,1992,1056,1056,0,1056,1,0,3,1,6,0,1,308,0,0,NAmes,RL,1Fam,1Story,TA,CBlock,TA,TA,139000
7000,6,6,1924,1950,617,865,445,1310,2,0,2,1,6,0,1,398,0,0,OldTown,RL,1Fam,1.5Fin,TA,BrkTil,Fa,TA,112000
13693,9,5,2006,2006,2153,2069,574,2643,2,1,3,1,9,1,3,694,414,84,NridgHt,RL,1Fam,2Story,Ex,PConc,Gd,Ex,380000
8197,6,5,1977,1977,660,1285,0,1285,1,1,3,1,7,1,2,528,138,0,Sawyer,RL,1Fam,1Story,TA,CBlock,TA,TA,143500
6911,5,5,1924,1950,1145,1301,0,1301,1,0,2,1,5,0,2,440,0,0,BrkSide,RM,1Fam,1Story,TA,PConc,TA,Fa,100000
10400,6,5,1972,1972,732,1012,778,1790,1,2,4,1,8,1,2,484,148,0,NWAmes,RL,1Fam,2Story,TA,CBlock,TA,TA,165150
9600,5,7,1950,2007,1113,1113,0,1113,1,0,3,1,5,1,1,264,0,80,NAmes,RL,1Fam,1Story,Gd,CBlock,TA,Gd,147000
9317,6,5,2006,2006,1314,1314,0,1314,2,0,3,1,6,1,2,440,0,22,CollgCr,RL,1Fam,1Story,Gd,PConc,Gd,Gd,176432
7200,7,5,2006,2006,1293,1301,0,1301,2,0,2,1,5,1,2,572,216,121,Somerst,FV,1Fam,1Story,Gd,PConc,Gd,Gd,187750
12257,8,5,1995,1995,1318,1328,1203,2531,2,1,4,1,9,1,3,752,222,98,NoRidge,RL,1Fam,2Story,Gd,PConc,Gd,Gd,290000
7677,5,5,1953,1953,773,773,0,773,1,0,2,1,4,0,1,240,0,0,NAmes,RL,1Fam,1Story,TA,CBlock,TA,TA,110000
9600,6,8,1976,1976,1262,1262,0,1262,2,0,3,1,6,1,2,460,298,0,Veenker,RL,1Fam,1Story,TA,CBlock,Gd,TA,181500
13700,7,6,1965,1988,864,902,918,1820,1,2,4,1,8,2,2,492,60,84,NAmes,RL,1Fam,2Story,TA,CBlock,TA,Gd,201800
10708,5,5,1955,1993,1617,1867,0,1867,1,0,2,1,7,3,1,303,476,0,ClearCr,RL,1Fam,1Story,Gd,CBlock,TA,TA,190000
7920,6,7,1920,1950,319,1035,371,1406,1,0,3,1,6,0,0,0,0,144,IDOTRR,RM,1Fam,1.5Fin,TA,CBlock,TA,Fa,89500
8820,5,6,1890,1996,1088,1188,561,1869,1,0,2,1,7,0,2,456,48,0,OldTown,RM,1Fam,1.5Fin,TA,BrkTil,TA,TA,124900
13682,10,5,2006,2006,1410,1426,1519,2945,3,1,3,1,10,1,3,641,192,0,StoneBr,RL,1Fam,2Story,Ex,PConc,Ex,Gd,438780
8000,5,4,1961,1961,1800,1800,0,1800,2,0,6,2,10,0,0,0,0,0,NAmes,RL,Duplex,1Story,TA,CBlock,TA,TA,141000
8246,5,8,1968,2001,1060,1060,0,1060,1,0,3,1,6,1,1,270,406,90,Sawyer,RL,1Fam,1Story,TA,CBlock,TA,Gd,154000
9600,6,7,1976,1994,528,1094,761,1855,2,1,3,1,7,1,2,512,113,100,Veenker,RL,1Fam,SLvl,Gd,CBlock,TA,TA,187000
16692,7,5,1978,1978,1392,1392,1392,2784,3,1,5,1,12,2,2,564,0,112,NWAmes,RL,1Fam,2Story,TA,CBlock,Gd,Gd,250000
6240,5,7,1930,1992,1078,1128,445,1573,2,0,3,1,8,1,2,360,0,0,BrkSide,RM,1Fam,1.5Fin,TA,PConc,TA,TA,162900
16259,9,5,2006,2006,1249,1249,1347,2596,3,1,4,1,9,0,3,840,240,154,NridgHt,RL,1Fam,2Story,TA,PConc,Ex,Gd,342643
7500,7,5,2005,2005,1257,1266,0,1266,2,0,3,1,6,1,2,453,38,144,Somerst,FV,1Fam,1Story,Gd,PConc,Gd,Gd,176000
14585,6,6,1960,1987,1144,1429,0,1429,1,0,3,1,7,2,2,572,216,110,NAmes,RL,1Fam,1Story,TA,CBlock,TA,Gd,181900
11287,7,6,1989,1989,807,1175,807,1982,2,1,3,1,7,1,2,575,0,84,SawyerW,RL,1Fam,2Story,Gd,CBlock,Gd,Gd,228500
1491,4,6,1972,1972,630,630,0,630,1,0,1,1,3,0,0,0,96,24,MeadowV,RM,TwnhsE,SFoyer,TA,CBlock,Gd,TA,75500
21535,10,6,1994,1995,2444,2444,1872,4316,3,1,4,1,10,2,3,832,382,50,NoRidge,RL,1Fam,2Story,Ex,PConc,Ex,Ex,755000
9120,7,6,1925,1950,1026,1133,687,1820,2,0,4,1,8,0,1,240,0,100,BrkSide,RL,1Fam,1.5Fin,TA,PConc,TA,TA,184000
3072,7,5,2004,2004,1375,1414,0,1414,2,0,2,1,6,1,2,398,144,20,Blmngtn,RM,TwnhsE,1Story,Gd,PConc,Gd,Gd,178740
4590,8,5,2006,2006,1554,1554,0,1554,2,0,2,1,6,1,2,627,156,73,NridgHt,RL,Twnhs,1Story,Gd,PConc,Gd,Gd,209500
8640,8,5,2009,2009,1300,1314,0,1314,2,0,3,1,6,0,2,552,135,112,Somerst,FV,1Fam,1Story,Gd,PConc,Gd,Gd,229456
9098,4,7,1920,2002,528,605,0,605,1,0,2,1,5,0,0,0,0,0,Edwards,RL,1Fam,1Story,TA,BrkTil,TA,TA,86000
9069,6,6,1992,1992,936,996,0,996,1,0,2,1,5,0,2,564,120,0,SawyerW,RL,1Fam,SFoyer,TA,PConc,Gd,Gd,147000
15870,5,5,1969,1969,1096,1096,0,1096,1,0,3,1,6,0,1,299,240,32,NAmes,RL,1Fam,1Story,TA,CBlock,TA,TA,138800
9587,7,5,2005,2005,856,1166,0,1166,2,0,2,1,5,0,2,400,212,0,Gilbert,RL,1Fam,SLvl,Gd,PConc,Gd,Gd,190000
9760,6,8,1964,1993,822,1020,831,1851,2,1,3,1,7,1,2,440,239,42,NAmes,RL,1Fam,2Story,TA,CBlock,TA,Gd,187000
9492,5,5,1941,1950,768,968,408,1376,1,0,3,1,6,1,1,240,0,0,NAmes,RL,1Fam,1.5Fin,TA,CBlock,TA,TA,105000
14006,7,5,2002,2002,936,936,840,1776,2,1,3,1,7,1,2,474,144,96,CollgCr,RL,1Fam,2Story,Gd,PConc,Gd,Gd,192500
9204,5,5,1963,1963,1144,1144,0,1144,1,1,3,1,6,0,1,336,0,88,NAmes,RL,1Fam,1Story,TA,CBlock,TA,TA,124000
10659,5,6,1961,1961,1050,1050,0,1050,1,0,3,1,6,0,1,368,0,319,NAmes,RL,1Fam,1Story,TA,CBlock,TA,TA,136500
9084,5,6,1941,1950,616,616,495,1111,1,0,3,1,5,0,1,200,48,0,Edwards,RL,1Fam,1.5Fin,TA,CBlock,TA,TA,95000
5062,7,5,1984,1984,1190,1190,900,2090,2,0,3,1,6,1,2,577,219,0,StoneBr,RL,TwnhsE,2Story,Gd,CBlock,Gd,Gd,207500
6270,5,6,1949,1950,1001,1001,1001,2002,2,0,4,2,8,0,3,871,0,0,Crawfor,RH,Duplex,2Story,TA,CBlock,TA,TA,145000
9750,6,8,1969,1969,1054,1054,0,1054,1,1,3,1,6,0,2,460,180,0,NAmes,RL,1Fam,1Story,TA,CBlock,Gd,TA,151000
35133,5,4,1963,1963,1572,1572,0,1572,1,1,3,1,5,2,3,995,0,263,Timber,RL,1Fam,1Story,TA,CBlock,TA,TA,186700
4800,4,7,1916,1990,1196,1196,0,1196,1,0,2,1,5,0,2,440,0,0,IDOTRR,RM,1Fam,1Story,TA,CBlock,TA,TA,109900
13101,5,5,1965,1965,1728,1728,0,1728,2,0,6,2,10,0,2,576,0,0,NAmes,RL,Duplex,1Story,TA,CBlock,TA,TA,142600
11639,7,5,2007,2008,1428,1428,0,1428,2,0,3,1,6,0,2,480,0,120,Somerst,FV,1Fam,1Story,Gd,PConc,Gd,Gd,182000
53504,8,5,2003,2003,1650,1690,1589,3279,3,1,4,1,12,1,3,841,503,36,StoneBr,RL,1Fam,2Story,Ex,PConc,Gd,Ex,538000
7200,6,5,2006,2006,1262,1262,0,1262,2,0,2,1,5,0,2,572,0,120,Somerst,FV,1Fam,1Story,Gd,PConc,Gd,Gd,185000
12003,8,5,2009,2010,774,774,1194,1968,2,1,4,1,8,1,3,680,0,75,Timber,RL,1Fam,2Story,Gd,PConc,Ex,Ex,269500
10562,8,5,2007,2007,1582,1610,551,2161,1,1,3,1,8,1,3,789,178,120,NridgHt,RL,1Fam,2Story,Gd,PConc,Ex,Ex,325624
11435,8,7,1929,1950,792,792,725,1517,1,0,3,1,7,2,2,400,0,0,Crawfor,RL,1Fam,2Story,TA,PConc,Gd,Gd,230000
10918,7,9,1926,2004,1276,1276,804,2080,1,1,3,1,9,2,1,282,0,0,Crawfor,RL,1Fam,2Story,Gd,BrkTil,Gd,Gd,234000
11414,7,8,1910,1993,728,1136,883,2019,1,0,3,1,8,0,2,532,509,135,BrkSide,RL,1Fam,2Story,TA,BrkTil,Gd,Gd,167500
18800,6,5,1976,1976,796,790,784,1574,2,1,3,1,6,1,2,566,306,111,NWAmes,RL,1Fam,2Story,TA,PConc,Gd,TA,190000
12394,7,5,2003,2003,847,847,886,1733,2,1,3,1,7,1,2,433,100,48,Gilbert,RL,1Fam,2Story,Gd,PConc,Gd,Gd,225000
9500,6,5,1963,1963,1394,1394,0,1394,1,1,3,1,6,2,2,514,0,76,NAmes,RL,1Fam,1Story,TA,CBlock,Gd,TA,159000
8791,6,5,2003,2003,864,864,864,1728,2,1,3,1,7,0,2,673,216,56,Somerst,FV,1Fam,2Story,Gd,PConc,Gd,Gd,207500
3922,7,5,2006,2007,1258,1402,0,1402,0,2,2,1,7,1,3,648,120,16,Blmngtn,RL,TwnhsE,1Story,Gd,PConc,Ex,Gd,194201
11361,6,5,1976,1976,1193,1523,0,1523,2,0,3,1,7,1,2,478,0,0,NWAmes,RL,1Fam,1Story,TA,CBlock,Gd,TA,180000
7837,6,7,1993,1994,799,799,772,1571,2,1,3,1,7,1,2,380,0,40,Gilbert,RL,1Fam,2Story,Gd,PConc,Gd,TA,178000
9600,7,6,1973,1973,1242,1242,0,1242,1,1,3,1,6,1,2,528,0,0,NWAmes,RL,1Fam,1Story,TA,CBlock,TA,TA,175500
4388,5,7,1930,1950,672,840,0,840,1,0,3,1,5,1,0,0,0,0,OldTown,RM,1Fam,1.5Unf,TA,BrkTil,TA,TA,87000
9382,7,5,1999,2000,1468,1479,0,1479,2,0,3,1,6,0,2,577,120,25,CollgCr,RL,1Fam,1Story,Gd,PConc,Gd,Gd,191000
11333,6,5,1976,1976,1029,1062,0,1062,1,0,3,1,5,2,2,539,120,0,Mitchel,RL,1Fam,SLvl,TA,PConc,Gd,TA,146800
13515,6,6,1919,1950,764,1060,764,1824,1,0,3,1,8,1,2,520,0,0,BrkSide,RL,1Fam,2Story,TA,PConc,TA,TA,180500
7060,7,5,1997,1998,1344,1344,0,1344,2,0,2,2,8,0,4,784,0,0,Mitchel,RM,Duplex,SFoyer,TA,PConc,Gd,TA,206300
10000,6,6,1962,1962,1116,1116,0,1116,1,1,3,1,5,0,2,440,0,0,NAmes,RL,1Fam,1Story,TA,CBlock,TA,TA,160000
13125,7,6,1940,1984,800,960,780,1740,1,1,3,1,6,2,1,240,0,0,Crawfor,RL,1Fam,2Story,TA,CBlock,TA,TA,219500
13300,5,7,1956,2000,928,928,0,928,1,0,2,1,4,0,1,252,261,0,NAmes,RL,1Fam,1Story,TA,CBlock,Gd,TA,132000
21000,6,5,1953,1953,1809,2259,0,2259,2,0,3,1,7,2,2,450,166,120,Crawfor,RL,1Fam,1Story,TA,CBlock,Gd,Gd,217000
4435,6,5,2004,2004,848,848,0,848,1,0,1,1,3,1,2,420,140,0,CollgCr,RM,TwnhsE,1Story,Gd,PConc,Gd,Gd,155900
3880,5,9,1945,1997,686,866,0,866,1,0,2,1,4,0,0,0,58,42,OldTown,RM,1Fam,1Story,TA,CBlock,TA,Gd,110500
8769,9,5,2008,2008,1702,1702,0,1702,1,1,1,1,7,1,3,1052,0,72,NridgHt,RL,TwnhsE,1Story,Ex,PConc,Ex,Ex,367294
9750,7,5,2000,2001,1630,1630,0,1630,2,0,3,1,6,1,2,451,74,234,CollgCr,RL,1Fam,1Story,Gd,PConc,Gd,Gd,213000
7244,5,7,1970,1970,768,768,0,768,1,0,2,1,5,0,2,624,104,0,Mitchel,RL,1Fam,SFoyer,TA,CBlock,Gd,TA,129500
11241,6,7,1970,1970,1004,1004,0,1004,1,0,2,1,5,1,2,480,0,0,NAmes,RL,1Fam,1Story,TA,CBlock,TA,TA,149000
11100,4,7,1946,2006,0,930,0,930,1,0,2,1,6,0,1,308,0,0,Edwards,RL,1Fam,1Story,TA,CBlock,,Gd,84900
11075,6,5,1969,1969,952,1092,1020,2112,2,1,4,1,9,2,2,576,280,0,NAmes,RL,1Fam,2Story,TA,CBlock,Fa,TA,206900
14200,7,6,1966,1966,924,1216,941,2157,2,1,4,1,8,2,2,487,105,66,NAmes,RL,1Fam,2Story,TA,CBlock,TA,Gd,226000
7917,6,5,1999,2000,953,953,694,1647,2,1,3,1,7,1,2,460,0,40,Gilbert,RL,1Fam,2Story,TA,PConc,Gd,TA,175000
7200,5,5,1980,1980,936,936,0,936,1,0,2,1,4,0,2,672,49,0,OldTown,RM,Duplex,SFoyer,TA,CBlock,Gd,TA,140000
8712,5,7,1957,2000,992,1306,0,1306,1,0,2,1,5,0,1,756,0,0,NAmes,RL,1Fam,1Story,TA,CBlock,TA,TA,153000
8712,5,5,1952,1952,540,1044,0,1044,1,0,2,1,4,0,2,504,0,0,IDOTRR,C (all),1Fam,1Story,Fa,CBlock,TA,Fa,55993
5250,8,5,1872,1987,684,938,1215,2358,2,0,4,1,8,0,0,0,0,54,OldTown,RM,1Fam,2Story,TA,BrkTil,TA,TA,122000
13907,5,6,1940,1969,996,996,0,996,1,0,3,1,6,1,0,0,144,0,Edwards,RL,1Fam,1Story,TA,CBlock,TA,TA,108000
9830,5,7,1959,2006,1063,1287,0,1287,1,0,3,1,7,1,2,576,364,17,NAmes,RL,1Fam,1Story,TA,CBlock,TA,Gd,162000
10175,6,5,1964,1964,1425,1425,0,1425,2,0,3,1,7,1,2,576,0,0,NAmes,RL,1Fam,1Story,TA,CBlock,TA,TA,180500
10197,6,5,1961,1961,1362,1362,0,1362,1,1,3,1,6,1,2,504,0,20,NAmes,RL,1Fam,1Story,TA,CBlock,TA,TA,163000
8400,2,5,1920,1950,290,438,0,438,1,0,1,1,3,0,1,246,0,0,SWISU,RL,1Fam,1Story,TA,CBlock,TA,Fa,60000
9042,7,9,1941,2006,1152,1188,1152,2340,2,0,4,1,9,2,1,252,0,60,Crawfor,RL,1Fam,2Story,Ex,Stone,TA,Gd,266500
10004,6,6,1964,1964,1516,1516,0,1516,1,1,3,1,6,0,2,472,0,0,NAmes,RL,1Fam,1Story,TA,CBlock,TA,TA,167000
10320,6,7,1906,1995,756,756,713,1469,1,0,3,1,7,0,1,216,57,0,IDOTRR,RM,1Fam,1.5Fin,TA,CBlock,TA,TA,135000
11000,8,5,2000,2000,969,997,1288,2285,2,1,4,1,8,1,3,648,0,56,NoRidge,RL,1Fam,2Story,Gd,PConc,Gd,Gd,248000
7015,5,4,1950,1950,709,979,224,1203,1,0,3,1,5,1,1,352,0,0,BrkSide,RL,1Fam,1.5Fin,TA,CBlock,TA,Gd,110000
1680,6,5,1971,1971,483,483,504,987,1,1,2,1,4,0,1,264,0,0,BrDale,RM,Twnhs,2Story,TA,CBlock,TA,TA,85400
9937,5,7,1964,1999,1486,1486,0,1486,1,0,3,1,7,0,2,480,0,0,Edwards,RL,1Fam,1Story,TA,PConc,TA,TA,167000
9760,6,6,1964,1964,780,798,813,1611,1,1,4,1,7,0,2,442,328,128,NAmes,RL,1Fam,2Story,TA,CBlock,TA,TA,167900
15576,6,7,1915,1976,840,840,840,1680,2,0,4,1,8,0,1,308,0,0,Crawfor,RL,1Fam,2Story,TA,BrkTil,Gd,TA,177000
14000,6,8,1950,2004,1092,1152,0,1152,1,0,3,1,6,1,1,300,0,36,Crawfor,RL,1Fam,1Story,TA,CBlock,TA,Gd,158500
3182,7,5,2004,2005,600,600,600,1200,2,1,2,1,4,0,2,480,0,172,Somerst,FV,TwnhsE,2Story,Gd,PConc,Gd,Gd,151000
8089,8,6,2007,2007,1419,1419,0,1419,2,0,2,1,7,1,2,567,140,0,StoneBr,RL,1Fam,1Story,Gd,PConc,Gd,Gd,392000
9066,8,5,1999,2000,1004,1004,848,1852,2,1,3,1,7,2,3,660,224,106,CollgCr,RL,1Fam,2Story,Gd,PConc,Gd,Gd,230000
9638,6,7,1919,1990,804,1699,748,2447,2,0,4,1,10,1,1,336,272,0,SWISU,RL,1Fam,1.5Fin,TA,PConc,TA,Gd,169000
2160,7,5,1999,2000,600,624,628,1252,2,1,2,1,4,0,2,462,0,48,Somerst,FV,Twnhs,2Story,Gd,PConc,Gd,Gd,160000
4920,8,5,2001,2001,1338,1338,0,1338,2,0,2,1,6,0,2,582,0,0,StoneBr,RL,TwnhsE,1Story,Gd,PConc,Gd,Gd,213500
10215,4,5,1954,1954,864,948,0,948,1,0,3,1,5,0,1,248,0,0,Edwards,RL,1Fam,1Story,TA,PConc,TA,TA,111000
6000,5,5,1926,1950,1008,1008,0,1522,2,0,4,1,7,0,0,0,0,0,SWISU,RL,1Fam,1.5Fin,TA,BrkTil,TA,TA,102000
26178,7,5,1989,1990,1210,1238,1281,2519,2,1,4,1,9,2,2,628,320,27,Timber,RL,1Fam,2Story,Gd,PConc,Gd,Gd,335000
11249,6,5,1995,1995,1200,1200,0,1200,2,0,3,1,6,0,2,521,0,26,CollgCr,RL,1Fam,1Story,Gd,PConc,Gd,Gd,177500
14803,10,5,2007,2008,2078,2084,0,2084,2,0,2,1,7,1,3,1220,188,45,NridgHt,RL,1Fam,1Story,Ex,PConc,Ex,Ex,385000
8544,3,4,1950,1950,0,1040,0,1040,2,0,2,2,6,0,2,400,0,0,NAmes,RL,Duplex,1Story,TA,Slab,,TA,92900
5720,5,6,1941,1950,676,676,455,1131,1,1,3,1,5,0,1,200,26,0,OldTown,RM,1Fam,1.5Fin,TA,CBlock,TA,TA,66500
13811,6,6,1987,1987,1112,1137,0,1137,2,0,2,1,5,1,2,551,125,0,Timber,RL,1Fam,1Story,TA,CBlock,Gd,Gd,176000
11275,7,7,1967,2007,710,1898,1080,2978,2,1,5,1,11,1,2,564,240,0,NAmes,RL,1Fam,SLvl,Gd,CBlock,Gd,Gd,242000
21930,5,5,2005,2005,732,734,1104,1838,2,1,4,1,7,1,2,372,100,40,Gilbert,RL,1Fam,2Story,Gd,PConc,Gd,TA,192140
10800,7,7,1914,1970,880,880,888,1768,1,1,2,1,6,2,2,320,0,341,OldTown,RM,1Fam,2.5Unf,TA,BrkTil,Gd,TA,163000
11988,6,7,1934,1995,715,849,811,1660,1,1,3,1,6,1,1,240,0,0,Crawfor,RL,1Fam,2Story,TA,CBlock,TA,TA,188700
10410,5,7,1916,1987,660,808,704,1656,2,1,3,1,8,0,1,180,0,0,OldTown,RL,1Fam,1.5Fin,TA,CBlock,Fa,TA,135000
13728,6,7,1935,1986,1127,1236,872,2108,2,0,4,1,7,2,2,540,0,0,Edwards,RL,1Fam,2Story,TA,CBlock,TA,Gd,235000
13860,8,7,1972,1995,1952,2000,704,2704,2,1,4,1,9,3,2,538,269,111,NAmes,RL,1Fam,SLvl,Gd,CBlock,Gd,Ex,345000
6000,4,6,1936,1950,672,757,567,1324,1,0,3,1,6,0,1,240,0,0,BrkSide,RM,1Fam,1.5Fin,TA,BrkTil,TA,TA,128000
12438,8,5,2006,2006,1234,1264,1312,2576,2,1,4,1,10,1,3,666,324,100,StoneBr,RL,1Fam,2Story,Ex,PConc,Ex,Ex,361919
9900,6,7,1940,1950,778,944,545,1489,2,0,3,1,7,1,1,240,335,0,SWISU,RL,1Fam,1.5Fin,TA,BrkTil,TA,TA,139500
12354,6,8,1920,2000,684,684,512,1196,1,0,3,1,7,0,2,528,0,46,Edwards,RL,1Fam,1.5Fin,TA,BrkTil,TA,Gd,110000
5063,7,5,2007,2008,1314,1314,0,1314,2,0,2,1,6,1,2,626,172,62,NridgHt,RL,Twnhs,1Story,Gd,PConc,Gd,Gd,207500
9120,6,6,1974,1974,901,943,933,1876,2,1,4,1,8,1,2,540,0,69,NWAmes,RL,1Fam,2Story,Gd,CBlock,TA,Gd,185000
10140,7,5,1976,1976,832,832,832,1664,2,1,4,1,8,1,2,528,0,28,NWAmes,RL,1Fam,2Story,TA,PConc,Gd,TA,162900
10594,5,5,1926,1950,768,789,0,789,1,0,2,1,5,0,1,200,0,0,Crawfor,RL,1Fam,1.5Unf,TA,BrkTil,TA,TA,96500
9100,5,5,1958,1958,864,864,0,864,1,0,3,1,5,0,2,624,0,0,NAmes,RL,1Fam,1Story,TA,CBlock,TA,TA,129900
5925,4,7,1937,2000,907,1131,0,1131,1,0,2,1,7,0,2,672,0,72,OldTown,RM,1Fam,1Story,TA,BrkTil,Fa,TA,89471
8500,5,3,1961,1961,1235,1235,0,1235,1,0,2,1,6,0,2,480,0,0,NAmes,RL,1Fam,1Story,TA,CBlock,TA,TA,98600
9135,6,5,2003,2003,1682,1700,0,1700,2,0,3,1,7,0,2,544,192,23,CollgCr,RL,1Fam,1Story,Gd,PConc,Gd,Gd,200000
10200,5,7,1954,2003,1086,1086,0,1086,1,0,3,1,6,0,2,490,0,0,NAmes,RL,1Fam,1Story,TA,CBlock,TA,TA,144900
11880,7,5,1978,1978,1271,1601,0,1601,2,0,3,1,7,1,2,478,0,0,NWAmes,RL,1Fam,1Story,TA,CBlock,Gd,TA,157000
4043,6,5,1977,1977,1069,1069,0,1069,2,0,2,1,4,1,2,440,0,55,NPkVill,RL,TwnhsE,1Story,TA,CBlock,Gd,TA,127500
12243,5,6,1971,1971,1484,1484,0,1484,2,0,3,1,7,1,2,487,224,0,NWAmes,RL,1Fam,1Story,TA,CBlock,Gd,TA,175000
7134,5,5,1955,1955,384,1360,0,1360,1,0,3,1,6,1,2,572,0,50,NAmes,RL,1Fam,SLvl,TA,CBlock,TA,TA,130000
8750,5,6,1970,1970,1002,1002,0,1002,1,0,3,1,5,0,2,902,0,0,NAmes,RL,1Fam,1Story,TA,CBlock,TA,TA,148500
6240,6,6,1931,1950,884,959,408,1367,1,0,3,1,6,1,1,560,0,0,BrkSide,RM,1Fam,1.5Fin,TA,BrkTil,TA,TA,127500
8280,6,5,1950,1950,932,932,0,932,1,0,2,1,4,1,1,306,0,0,NAmes,RL,1Fam,1Story,TA,CBlock,TA,Gd,124000
7740,4,7,1910,1950,622,741,622,1363,1,0,3,1,6,0,2,528,0,0,OldTown,RM,1Fam,2Story,TA,CBlock,Fa,TA,125500
13891,10,5,2006,2006,2076,2076,0,2076,2,1,2,1,7,1,3,850,216,229,NridgHt,RL,1Fam,1Story,Ex,PConc,Ex,Ex,465000
10000,5,6,1961,1983,864,1144,0,1144,1,0,3,1,6,1,1,264,165,0,Sawyer,RL,1Fam,1Story,TA,CBlock,TA,TA,131400
25000,5,4,1967,1967,1632,1632,0,1632,2,0,4,2,8,0,2,576,0,0,Mitchel,RL,Duplex,1Story,TA,CBlock,TA,TA,143000
10120,7,4,1910,1950,925,964,925,1889,1,1,4,2,9,1,1,308,0,0,OldTown,RM,2fmCon,2.5Unf,Fa,CBlock,TA,TA,122000
8814,7,5,2005,2007,1274,1274,0,1274,2,0,3,1,6,0,2,508,264,98,CollgCr,RL,1Fam,1Story,Gd,PConc,Gd,Gd,203000
10921,4,5,1965,1965,960,960,0,960,1,0,3,1,6,0,1,432,120,0,Edwards,RL,1Fam,1Story,TA,CBlock,TA,TA,94750
9548,7,6,2003,2003,941,941,888,1829,2,1,3,1,7,1,2,613,192,39,CollgCr,RL,1Fam,2Story,Gd,PConc,Gd,Gd,237000
6000,3,7,1948,2002,649,679,504,1183,1,1,2,1,6,0,1,308,0,176,OldTown,RM,1Fam,1.5Fin,TA,CBlock,TA,TA,120000
8525,5,6,1911,1950,940,1024,940,1964,1,1,4,1,7,0,0,0,0,192,SWISU,RH,1Fam,2Story,TA,PConc,TA,TA,130000
8410,5,3,1910,1996,658,658,526,1184,1,0,5,1,8,0,0,0,0,151,Edwards,RL,1Fam,1.5Fin,TA,PConc,TA,TA,81000
10793,5,5,1969,1969,780,780,840,1620,2,1,4,1,7,0,2,462,208,0,NWAmes,RL,1Fam,2Story,TA,CBlock,TA,TA,152000
57200,5,5,1948,1950,747,1687,0,1687,1,0,3,1,7,2,2,572,0,0,Timber,RL,1Fam,1Story,TA,CBlock,TA,TA,160000
7024,5,5,2005,2006,1090,1090,0,1090,1,1,2,1,5,0,2,450,0,49,Edwards,RL,1Fam,1Story,TA,PConc,Ex,TA,157000
9337,6,5,1997,1997,824,905,881,1786,2,1,3,1,7,0,2,684,0,162,CollgCr,RL,1Fam,2Story,TA,PConc,Gd,Gd,204750
9000,7,9,1920,1988,650,832,650,1482,1,0,3,1,7,0,2,324,0,0,OldTown,RM,1Fam,2Story,TA,PConc,TA,TA,143000
4435,6,5,2003,2003,848,848,0,848,1,0,1,1,3,0,2,420,140,0,CollgCr,RM,TwnhsE,1Story,Gd,PConc,Gd,Gd,136500
36500,5,5,1964,1964,1624,1582,0,1582,2,0,4,1,7,0,2,390,168,198,ClearCr,RL,1Fam,1Story,TA,CBlock,TA,TA,190000
5362,5,6,1910,2003,661,661,589,1250,2,0,3,1,8,1,2,552,242,0,Crawfor,RL,1Fam,1.5Fin,TA,PConc,TA,TA,139000
11003,10,5,2008,2008,1017,1026,981,2007,2,1,3,1,10,1,3,812,168,52,Somerst,FV,1Fam,2Story,Ex,PConc,Ex,Ex,310000
1890,6,5,1973,1973,672,672,546,1218,1,1,3,1,7,0,1,264,144,28,BrDale,RM,Twnhs,2Story,TA,CBlock,TA,TA,113000
11988,6,6,1957,1957,1244,1244,0,1244,1,1,3,1,6,2,1,336,0,40,NAmes,RL,1Fam,1Story,TA,CBlock,TA,TA,150000
8892,5,5,1960,1960,1065,1065,0,1065,1,1,3,1,6,0,2,461,74,0,NAmes,RL,1Fam,1Story,TA,CBlock,TA,TA,126500
11070,7,5,1988,1989,1907,1959,0,1959,3,0,5,2,9,0,3,766,0,0,Mitchel,RL,Duplex,1Story,TA,CBlock,TA,TA,171000
1680,6,5,1972,1972,483,483,504,987,1,1,2,1,5,1,1,288,0,0,BrDale,RM,Twnhs,2Story,TA,CBlock,TA,TA,94500
9142,6,8,1910,1950,1020,908,1020,1928,2,0,4,2,9,0,1,440,0,60,OldTown,RM,2fmCon,2Story,TA,Stone,Fa,Fa,137000
5825,4,5,1926,1953,600,747,0,747,1,0,1,1,5,0,2,528,0,0,BrkSide,RL,1Fam,1Story,TA,PConc,Fa,TA,79900
8520,5,4,1952,1952,910,910,475,1385,2,0,4,1,6,0,2,720,0,0,NAmes,RL,1Fam,1.5Fin,TA,CBlock,TA,TA,166000
4403,7,5,2009,2009,1470,1478,0,1478,2,1,2,1,7,1,2,484,0,144,Somerst,FV,1Fam,1Story,Ex,PConc,Ex,Gd,222000
9742,8,5,2002,2002,1777,1795,0,1795,2,0,3,1,7,1,2,534,171,159,CollgCr,RL,1Fam,1Story,Gd,PConc,Gd,Gd,230000
9600,6,5,1924,1950,572,572,524,1096,1,0,2,1,5,0,0,0,0,8,Edwards,RL,1Fam,1.5Fin,TA,BrkTil,TA,TA,79000
7200,4,5,1950,1950,0,1040,0,1040,1,0,2,1,4,0,2,420,0,29,NAmes,RL,1Fam,1Story,TA,Slab,,TA,109900
7558,6,6,1928,1950,896,1172,741,1913,1,1,3,1,9,1,2,342,0,0,Crawfor,RL,1Fam,1.5Fin,TA,BrkTil,TA,TA,177000
8740,5,6,1982,1982,840,860,0,860,1,0,2,1,4,0,2,528,0,0,Sawyer,RL,1Fam,SFoyer,TA,CBlock,TA,TA,137000
10240,6,6,1980,1980,1686,1686,0,1686,2,0,3,1,7,1,2,612,384,131,NWAmes,RL,1Fam,1Story,TA,CBlock,Gd,TA,207500
5310,6,8,1910,2003,485,1001,634,1635,1,0,2,1,5,0,1,255,394,0,OldTown,RM,1Fam,1.5Fin,TA,CBlock,TA,Gd,117000
10769,8,5,2007,2007,866,866,902,1768,2,1,3,1,7,0,2,578,144,105,CollgCr,RL,1Fam,2Story,Gd,PConc,Gd,Gd,212000
12342,4,5,1940,1950,861,861,0,861,1,0,1,1,4,0,2,539,158,0,Edwards,RL,1Fam,1Story,TA,CBlock,TA,TA,82500
13517,6,8,1976,2005,725,725,754,1479,2,1,3,1,6,0,2,475,0,44,Sawyer,RL,1Fam,2Story,Gd,CBlock,TA,Gd,130500
8814,7,5,2006,2006,1604,1604,0,1604,2,1,3,1,8,1,2,660,123,110,CollgCr,RL,1Fam,1Story,Gd,PConc,Gd,Gd,220000
13125,5,4,1957,2000,1134,1803,0,1803,2,0,3,1,8,1,2,484,0,0,Sawyer,RL,1Fam,1Story,TA,CBlock,TA,TA,155000
11160,7,5,1968,1968,2110,2110,0,2110,2,1,3,1,8,2,2,522,0,0,NAmes,RL,1Fam,1Story,Gd,CBlock,TA,Ex,244000
11200,6,5,1985,1985,1298,1298,0,1298,2,0,3,1,5,1,2,403,165,26,SawyerW,RL,1Fam,1Story,Gd,CBlock,Gd,Gd,180000
7577,6,5,2005,2006,1362,1362,0,1362,2,0,2,1,6,1,2,460,192,28,NridgHt,RL,TwnhsE,1Story,Gd,PConc,Gd,Gd,194700
7931,5,6,1960,1960,1269,1269,0,1269,1,1,3,1,6,1,1,308,0,0,NAmes,RL,1Fam,1Story,TA,CBlock,TA,TA,155000
8544,5,6,1966,2006,1228,1228,0,1228,1,1,3,1,6,0,1,271,0,65,Sawyer,RL,1Fam,1Story,TA,CBlock,TA,Gd,149350
12546,6,7,1981,1981,1440,1440,0,1440,2,0,3,1,7,1,2,467,0,0,NWAmes,RL,1Fam,1Story,Gd,CBlock,Gd,Gd,182900
7500,7,5,2004,2005,1080,1080,0,1080,1,0,3,1,6,0,0,0,0,0,SawyerW,RL,1Fam,1Story,TA,PConc,Gd,Gd,141000
20781,7,7,1968,2003,1568,2156,0,2156,2,0,3,1,9,1,2,508,0,80,NWAmes,RL,1Fam,1Story,TA,CBlock,TA,TA,262500
5395,8,5,1993,1993,1337,1337,0,1337,2,0,2,1,5,1,2,462,96,0,StoneBr,RL,TwnhsE,1Story,Gd,PConc,Gd,Gd,180000
7861,6,5,2002,2003,783,807,702,1509,2,1,3,1,7,1,2,393,100,75,Gilbert,RL,1Fam,2Story,Gd,PConc,Gd,Gd,183200
8658,6,5,1965,1965,1088,1324,0,1324,2,0,3,1,6,1,2,440,0,138,NAmes,RL,1Fam,1Story,TA,CBlock,TA,TA,160000
12803,7,5,2002,2002,1494,1494,0,1494,2,0,3,1,6,1,2,530,192,36,CollgCr,RL,1Fam,1Story,Gd,PConc,Gd,Gd,221000
7943,4,5,1961,1961,1029,1029,0,1029,1,0,3,1,5,0,1,261,64,0,Sawyer,RL,1Fam,1Story,TA,CBlock,TA,TA,118500
9000,4,6,1971,1971,864,864,0,864,1,0,3,1,5,0,2,528,0,0,NAmes,RL,1Fam,1Story,TA,PConc,TA,TA,120500
6120,5,7,1925,1950,768,1015,0,1015,1,0,3,1,6,0,1,450,0,0,BrkSide,RM,1Fam,1Story,TA,BrkTil,TA,TA,88000
8777,5,7,1900,2003,1272,1272,928,2200,2,2,4,2,9,0,0,0,0,70,Edwards,RL,Duplex,1.5Fin,TA,CBlock,TA,TA,145900
9531,6,5,1998,1998,794,882,914,1796,2,1,3,1,7,0,2,546,0,36,CollgCr,RL,1Fam,2Story,TA,PConc,Gd,TA,211000
6292,6,5,1930,1950,768,790,0,790,1,0,2,1,4,0,1,160,0,141,SWISU,RL,1Fam,1Story,TA,BrkTil,Gd,TA,91000
10994,8,5,2005,2006,1844,1844,0,1844,2,0,2,1,7,1,2,620,165,44,SawyerW,RL,1Fam,1Story,Gd,PConc,Gd,Gd,257000
7350,5,7,1951,1951,952,952,0,952,1,0,2,1,4,0,2,840,0,0,NAmes,RL,1Fam,1Story,TA,CBlock,TA,TA,139000
10316,7,5,2000,2000,992,992,873,1865,2,1,3,1,7,1,3,839,0,184,CollgCr,RL,1Fam,2Story,Gd,PConc,Gd,Gd,235000
13600,5,5,1900,1950,662,1422,915,2337,2,0,5,2,10,0,2,560,0,57,OldTown,RM,2fmCon,2Story,TA,BrkTil,TA,TA,90000
9100,7,5,2004,2005,1860,1836,0,1836,2,0,3,1,8,1,2,484,120,33,CollgCr,RL,1Fam,1Story,Gd,PConc,Gd,Gd,216837
3735,7,5,1999,1999,691,713,739,1452,2,1,3,1,6,0,2,506,0,34,Somerst,FV,TwnhsE,2Story,Gd,PConc,Gd,Gd,183900
8724,5,5,1968,1968,894,894,0,894,1,0,3,1,5,1,2,450,0,0,Sawyer,RL,1Fam,1Story,TA,CBlock,Gd,TA,129000
6240,4,5,1947,1950,0,672,240,912,1,0,2,1,3,0,0,0,0,0,BrkSide,RM,1Fam,1.5Fin,TA,Slab,,TA,80500
15593,7,4,1953,1953,1304,1304,983,2287,2,0,3,1,7,1,2,667,0,21,ClearCr,RL,1Fam,1.5Fin,Gd,CBlock,TA,TA,225000
7750,7,5,2000,2000,384,774,656,1430,2,1,3,1,7,1,2,400,180,0,Gilbert,RL,1Fam,SLvl,TA,PConc,Gd,TA,180000
9100,7,5,2000,2000,1525,1525,0,1525,2,0,3,1,6,0,2,541,219,36,CollgCr,RL,1Fam,1Story,Gd,PConc,Gd,Gd,235000
5119,9,5,1999,2000,1698,1709,0,1709,2,0,2,1,5,1,2,506,97,65,Somerst,FV,TwnhsE,1Story,Gd,PConc,Ex,Gd,328900
10237,6,5,2005,2006,1316,1316,0,1316,2,0,3,1,6,1,2,397,100,0,Gilbert,RL,1Fam,1Story,Gd,PConc,Gd,Gd,169990
14191,8,5,2002,2002,967,993,915,1908,2,1,4,1,9,0,2,431,135,0,Timber,RL,1Fam,2Story,Gd,PConc,Gd,Gd,202900
4058,7,5,1998,1998,723,767,0,767,1,0,1,1,4,0,1,367,120,40,NAmes,RH,TwnhsE,SFoyer,TA,PConc,Gd,TA,133000
7200,6,6,1976,1976,1041,1125,0,1125,1,0,3,1,6,1,1,352,296,0,Edwards,RL,1Fam,SLvl,TA,CBlock,TA,TA,125000
10762,6,6,1980,1980,626,626,591,1217,1,1,3,1,6,1,1,288,0,28,SawyerW,RL,TwnhsE,2Story,TA,CBlock,Gd,TA,120000
8248,5,7,1918,1950,686,686,564,1250,1,1,3,1,7,0,1,280,207,0,Edwards,RL,1Fam,1.5Fin,TA,BrkTil,TA,Fa,116000
12090,8,5,1998,1998,1141,1165,1098,2263,2,1,4,1,10,1,2,420,144,123,NoRidge,RL,1Fam,2Story,Gd,PConc,Gd,Gd,258000
6155,6,8,1920,1999,611,751,611,1362,2,0,3,1,6,0,2,502,0,0,BrkSide,RM,1Fam,2Story,TA,BrkTil,Fa,TA,128000
9360,6,7,1972,2006,1161,1381,0,1381,1,1,3,1,5,1,2,676,0,0,NWAmes,RL,1Fam,1Story,TA,CBlock,TA,Gd,197500
16056,9,5,2005,2006,1992,1992,876,2868,3,1,4,1,11,1,3,716,214,108,StoneBr,RL,1Fam,2Story,Gd,PConc,Ex,Ex,556581
14803,6,5,1971,1971,825,1097,896,1993,2,1,4,1,8,1,2,495,0,66,NWAmes,RL,1Fam,2Story,TA,CBlock,TA,TA,190000
19296,6,5,1962,1962,1362,1382,0,1382,1,0,3,1,6,1,2,884,0,0,NAmes,RL,1Fam,SLvl,TA,CBlock,TA,TA,176000
14364,7,5,1988,1989,1157,1180,882,2062,2,1,3,1,7,1,2,454,60,55,SawyerW,RL,1Fam,2Story,Gd,CBlock,Gd,TA,277000
9900,7,5,1968,1968,832,1098,880,1978,2,1,4,1,9,1,2,486,0,43,NWAmes,RL,1Fam,2Story,TA,CBlock,TA,TA,176000
11423,8,5,2001,2002,1581,1601,0,1601,2,0,3,1,6,1,2,670,180,0,CollgCr,RL,1Fam,1Story,Gd,PConc,Gd,Gd,272000
11883,7,5,1996,1996,1504,1504,0,1504,2,0,3,1,6,1,2,478,115,66,CollgCr,RL,1Fam,1Story,Gd,PConc,Gd,Gd,203000
8536,5,5,2006,2007,1125,1125,0,1125,1,1,2,1,5,0,2,430,80,64,Edwards,RL,1Fam,1Story,TA,PConc,Gd,TA,155000
8640,7,5,2009,2009,756,764,783,1547,2,1,3,1,7,0,2,614,169,45,Somerst,FV,1Fam,2Story,TA,PConc,Gd,Gd,215200
8750,6,5,1998,1998,804,804,878,1682,2,1,3,1,7,0,2,523,0,77,CollgCr,RL,1Fam,2Story,TA,PConc,Gd,Gd,200500
7056,6,5,1963,1963,780,983,813,1796,1,1,4,1,8,1,2,483,0,50,NAmes,RL,1Fam,2Story,TA,CBlock,TA,TA,140000
8765,4,6,1936,1950,951,951,0,951,1,0,2,1,6,0,1,327,0,28,IDOTRR,RM,1Fam,1Story,TA,BrkTil,TA,TA,106500
6900,5,6,1940,1955,740,778,0,778,1,0,2,1,4,1,1,924,0,25,IDOTRR,RM,1Fam,1Story,TA,CBlock,TA,TA,120500
10364,6,5,1995,1996,806,806,766,1572,2,1,3,1,7,1,2,373,0,40,Gilbert,RL,1Fam,2Story,TA,PConc,Gd,TA,168000
5400,4,6,1920,1950,840,840,534,1374,1,0,2,1,6,0,1,338,0,0,OldTown,RL,1Fam,1.5Fin,Fa,PConc,TA,TA,105000
9600,6,6,1955,1996,992,1661,0,1661,1,0,3,1,8,1,1,377,0,28,NAmes,RL,1Fam,SLvl,TA,CBlock,TA,Gd,165500
6000,6,7,1926,2004,884,904,0,904,1,0,2,1,4,0,1,180,0,0,BrkSide,RM,1Fam,1.5Unf,Gd,PConc,TA,TA,119000
14892,9,5,2006,2007,1746,1746,0,1746,2,0,3,1,7,2,3,758,201,39,Gilbert,RL,1Fam,1Story,Ex,PConc,Ex,Ex,377500
11409,5,4,1949,2008,768,1148,568,1716,1,1,3,1,8,1,1,281,0,0,Edwards,RL,1Fam,1.5Fin,TA,CBlock,TA,TA,131000
10010,5,5,1974,1975,1389,1389,0,1389,1,0,2,1,6,1,2,418,240,38,Mitchel,RL,1Fam,1Story,TA,CBlock,Gd,TA,170000
8012,6,5,1992,1992,1575,1575,0,1575,2,0,2,1,5,0,2,529,0,0,SawyerW,RL,TwnhsE,1Story,Gd,PConc,Gd,Gd,179200
9170,5,7,1965,1965,1214,1214,0,1214,1,0,2,1,6,0,2,461,0,0,Edwards,RL,1Fam,1Story,TA,CBlock,TA,TA,140000
14572,7,5,2004,2004,1530,1530,0,1530,2,0,3,1,7,1,3,630,144,36,Gilbert,RL,1Fam,1Story,Gd,PConc,Gd,Gd,259000
8450,5,6,1968,1968,1056,1056,0,1056,1,0,3,1,6,1,1,304,0,85,NAmes,RL,1Fam,1Story,TA,CBlock,TA,TA,142000
2368,5,6,1970,1970,765,765,600,1365,1,1,3,1,7,0,2,440,0,36,BrDale,RM,TwnhsE,2Story,TA,CBlock,TA,TA,125000
10832,7,5,1994,1996,712,1086,809,1895,2,1,3,1,7,1,2,409,143,46,Gilbert,RL,1Fam,2Story,Gd,PConc,Gd,Gd,194500
7000,5,7,1910,1991,1117,820,527,1347,1,0,3,1,5,0,0,0,85,0,Edwards,RL,2fmCon,2Story,TA,CBlock,Gd,TA,107500
8450,7,5,2003,2003,856,856,854,1710,2,1,3,1,8,0,2,548,0,61,CollgCr,RL,1Fam,2Story,Gd,PConc,Gd,Gd,208500
11228,7,5,1993,1993,1080,1080,1017,2097,2,1,3,1,9,1,3,678,196,187,SawyerW,RL,1Fam,2Story,Gd,PConc,Gd,Gd,228000
11341,5,6,1957,1996,1392,1392,0,1392,1,1,3,1,5,1,2,528,0,0,Sawyer,RL,1Fam,1Story,TA,CBlock,Gd,TA,121500
8755,7,5,1999,1999,992,1022,1038,2060,2,1,3,1,8,1,2,390,0,0,Gilbert,RL,1Fam,2Story,Gd,PConc,Gd,Gd,214000
14850,5,5,1957,1957,1092,1092,0,1092,1,0,2,1,6,1,1,299,268,0,NAmes,RL,1Fam,1Story,TA,CBlock,TA,TA,141000
10125,6,6,1977,1977,1196,1279,0,1279,2,0,3,1,6,2,2,473,238,83,Mitchel,RL,1Fam,1Story,TA,CBlock,TA,TA,171500
4270,3,6,1931,2006,544,774,0,774,1,0,3,1,6,0,0,0,0,0,Edwards,RH,1Fam,1Story,TA,BrkTil,TA,Gd,79000
12886,5,6,1963,1999,520,1464,0,1464,2,0,3,1,6,1,2,480,302,0,Sawyer,RL,1Fam,SLvl,TA,CBlock,Gd,TA,175000
16226,8,5,1998,1999,1028,1210,1242,2452,2,1,4,1,9,1,2,683,208,50,CollgCr,RL,1Fam,2Story,Gd,PConc,Gd,Gd,267000
8004,8,5,2009,2009,832,832,1103,1935,2,1,3,1,8,0,2,552,0,150,Somerst,FV,1Fam,2Story,Gd,PConc,Gd,TA,263435
7500,7,5,2000,2000,814,814,860,1674,2,1,3,1,7,0,2,663,0,96,Somerst,FV,1Fam,2Story,Gd,PConc,Gd,Gd,216000
10542,7,5,1993,1994,1311,1325,1093,2418,2,1,3,1,9,1,3,983,250,154,NoRidge,RL,1Fam,2Story,Gd,PConc,Gd,Gd,341000
2280,6,6,1976,1976,855,855,601,1456,2,1,3,1,7,1,2,440,87,0,NPkVill,RL,Twnhs,2Story,TA,CBlock,Gd,TA,148500
6762,7,5,2007,2007,1208,1208,0,1208,2,0,2,1,6,0,2,628,105,54,CollgCr,RL,1Fam,1Story,Gd,PConc,Gd,Gd,195400
11846,9,5,2003,2004,1792,1792,0,1792,2,0,2,1,6,1,3,874,206,49,NridgHt,RL,1Fam,1Story,Gd,PConc,Ex,Ex,374000
8816,6,7,1971,1971,1010,1052,0,1052,1,0,3,1,6,0,2,440,0,0,ClearCr,RL,1Fam,SLvl,TA,CBlock,TA,TA,155000
11214,7,5,1998,1999,930,956,930,1886,2,1,4,1,10,1,2,431,89,0,Gilbert,RL,1Fam,2Story,Gd,PConc,Gd,Gd,199900
8471,6,7,1977,1995,506,1212,0,1212,1,0,3,1,6,1,2,492,292,12,Sawyer,RL,1Fam,SLvl,TA,CBlock,Gd,TA,151000
12203,8,5,1998,1999,1225,1276,1336,2612,2,1,4,1,8,1,3,676,250,0,NoRidge,RL,1Fam,2Story,Gd,PConc,Gd,Gd,336000
1300,6,6,1980,1980,561,561,668,1229,1,1,2,1,5,1,2,462,150,0,Blueste,RM,TwnhsE,2Story,TA,CBlock,Gd,TA,124000
9350,5,8,1965,1999,1219,1265,0,1265,2,0,3,1,6,1,2,502,0,92,NAmes,RL,1Fam,SLvl,TA,PConc,TA,Gd,179900
12150,5,5,1954,1954,1050,1050,745,1795,2,0,4,1,7,0,1,352,0,0,OldTown,RM,1Fam,1.5Fin,TA,BrkTil,TA,TA,131500
8366,6,5,2004,2004,798,798,842,1640,2,1,3,1,6,0,2,520,138,45,SawyerW,RL,1Fam,2Story,Gd,PConc,Gd,Gd,173000
11340,4,6,1885,1950,777,1246,1044,2290,2,0,4,2,11,0,2,560,0,0,OldTown,RM,2fmCon,2Story,TA,PConc,TA,TA,122500
9849,7,6,2007,2007,1689,1689,0,1689,2,0,3,1,7,0,3,954,0,56,Somerst,RL,1Fam,1Story,Gd,PConc,Gd,Gd,248328
12358,5,6,1941,1950,720,854,0,1382,1,1,2,1,7,0,2,660,237,0,OldTown,RM,1Fam,1.5Fin,TA,CBlock,TA,TA,128500
7332,6,6,1959,1959,864,864,0,864,1,0,2,1,4,0,1,288,168,0,NAmes,RL,1Fam,1Story,TA,CBlock,TA,Gd,120000
9986,8,5,2006,2007,1795,1795,0,1795,2,0,2,1,7,1,3,895,0,49,Somerst,RL,1Fam,1Story,Gd,PConc,Ex,Gd,147000
14115,5,5,1993,1995,796,796,566,1362,1,1,1,1,5,0,2,480,40,30,Mitchel,RL,1Fam,1.5Fin,TA,Wood,Gd,TA,143000
4130,3,6,1935,2003,270,729,0,729,1,0,2,1,5,0,0,0,0,0,BrkSide,RL,1Fam,1Story,Gd,CBlock,TA,TA,52000
10304,5,7,1976,1976,780,1088,780,1868,2,1,4,1,9,1,2,484,448,96,NWAmes,RL,1Fam,2Story,TA,CBlock,TA,Gd,197500
10029,6,5,1988,1989,1151,1164,896,2060,2,1,4,1,8,1,2,521,0,228,ClearCr,RL,1Fam,2Story,Gd,PConc,Gd,TA,211000
10625,5,5,1920,1950,458,835,0,835,1,0,2,1,5,0,1,366,0,0,Edwards,RL,1Fam,1Story,TA,BrkTil,TA,TA,83000
6858,6,4,1915,1950,806,841,806,1647,1,1,4,1,6,0,1,216,0,66,SWISU,RL,1Fam,2Story,TA,PConc,Gd,Fa,128000
9855,6,5,1956,1956,1436,1689,0,1689,1,0,3,1,7,1,2,480,0,0,Edwards,RL,1Fam,1Story,TA,CBlock,TA,TA,127500
7200,5,8,1950,2002,864,864,0,864,1,0,3,1,5,0,2,720,194,0,NAmes,RL,1Fam,1Story,TA,CBlock,TA,Gd,129000
9416,7,5,2007,2007,1726,1726,0,1726,2,0,3,1,8,1,3,786,171,138,Somerst,RL,1Fam,1Story,Ex,PConc,Ex,Ex,311872
8335,5,5,1954,1954,0,1124,0,1124,1,0,3,1,5,1,0,0,0,36,Edwards,RL,1Fam,1Story,TA,Slab,,TA,93000
9353,4,5,1970,1970,864,864,0,864,1,0,3,1,5,0,1,280,0,0,NAmes,RL,1Fam,1Story,TA,CBlock,TA,TA,116050
9560,5,7,1972,1972,864,864,0,864,1,0,3,1,5,0,1,288,0,0,CollgCr,RL,1Fam,1Story,TA,CBlock,TA,TA,128500
6000,6,7,1929,1950,862,950,208,1158,1,0,3,1,5,1,1,208,0,0,BrkSide,RM,1Fam,1.5Fin,TA,BrkTil,TA,TA,120000
8730,6,7,1915,2003,698,698,698,1396,1,0,3,1,7,0,1,384,0,0,BrkSide,RL,1Fam,2Story,TA,BrkTil,TA,TA,153575
7599,4,6,1982,2006,845,845,0,845,1,0,2,1,4,0,2,360,0,0,Mitchel,RL,1Fam,1Story,TA,CBlock,TA,TA,129500
4435,6,5,2003,2004,848,848,0,848,1,0,1,1,4,0,2,420,140,0,CollgCr,RM,TwnhsE,1Story,Gd,PConc,Gd,Gd,144000
13265,8,5,2002,2002,1568,1689,0,1689,2,0,3,1,7,2,3,857,150,59,Mitchel,RL,1Fam,1Story,Gd,PConc,Gd,Gd,271000
6442,8,5,2006,2006,1370,1370,0,1370,2,0,2,1,6,1,2,484,120,49,NridgHt,RL,TwnhsE,1Story,Gd,PConc,Gd,Gd,202500
9375,8,5,2002,2002,1284,1284,885,2169,2,1,3,1,7,1,2,647,192,87,CollgCr,RL,1Fam,2Story,Gd,PConc,Gd,Gd,228500
7588,7,6,1920,1950,793,901,901,1802,1,1,4,1,9,1,1,216,0,0,Crawfor,RL,1Fam,2Story,TA,BrkTil,Fa,TA,200100
13758,7,5,1990,1991,1156,1187,530,1717,2,1,3,1,7,1,2,400,168,36,Timber,RL,1Fam,1.5Fin,Gd,CBlock,Gd,Gd,187500
8556,7,5,2006,2006,1240,1240,0,1240,2,0,2,1,5,0,3,826,140,93,CollgCr,RL,1Fam,1Story,Gd,PConc,Gd,Gd,194000
12274,7,5,2008,2008,1417,1428,0,1428,2,0,3,1,6,0,2,554,0,60,Somerst,RL,1Fam,1Story,Gd,PConc,Gd,Ex,227680
16033,9,5,2004,2005,1833,1850,0,1850,2,0,3,1,8,1,3,772,519,112,NridgHt,RL,1Fam,1Story,Gd,PConc,Ex,Gd,326000
16381,6,5,1969,1969,1844,1844,0,1844,2,0,3,1,7,1,2,540,0,73,Crawfor,RL,1Fam,1Story,Gd,CBlock,TA,Gd,223000
5389,8,5,1995,1996,1595,1616,0,1616,2,0,2,1,5,1,2,608,237,152,StoneBr,RL,TwnhsE,1Story,Gd,PConc,Gd,Gd,236500
8780,5,5,1985,1985,833,833,0,833,1,0,3,1,5,0,0,0,0,0,Mitchel,RL,1Fam,1Story,TA,CBlock,TA,TA,112000
12936,6,6,1972,1972,723,735,660,1395,1,1,3,1,6,1,2,497,294,116,NWAmes,RL,1Fam,2Story,TA,CBlock,TA,TA,162000
10041,8,5,1992,1992,908,927,988,1915,2,1,3,1,8,1,2,506,120,150,SawyerW,RL,1Fam,2Story,Gd,PConc,Gd,Gd,220000
10998,5,5,1941,1960,984,984,620,1604,2,0,3,1,6,0,2,660,0,68,Edwards,RL,1Fam,1.5Fin,TA,CBlock,TA,TA,117000
9600,6,6,1955,1972,1156,1520,0,1520,1,0,3,1,7,2,1,364,0,0,NAmes,RL,1Fam,SLvl,TA,CBlock,TA,TA,153000
8924,7,5,1998,1999,880,880,844,1724,2,1,3,1,8,0,2,527,120,155,CollgCr,RL,1Fam,2Story,TA,PConc,Gd,Gd,188000
8125,4,4,1971,1971,858,858,0,858,1,0,3,1,5,0,0,0,0,0,NAmes,RL,1Fam,1Story,TA,CBlock,TA,TA,88000
10652,7,5,2006,2007,1494,1494,0,1494,2,0,3,1,7,1,3,840,160,33,CollgCr,RL,1Fam,1Story,Gd,PConc,Gd,Gd,279500
11787,7,5,1996,1997,1379,1383,1015,2398,2,1,3,1,8,1,3,834,239,60,NoRidge,RL,1Fam,2Story,Gd,PConc,Gd,Gd,315750
14331,8,5,2002,2002,1800,1800,0,1800,2,0,3,1,7,1,3,765,270,78,Timber,RL,1Fam,1Story,Gd,PConc,Ex,Gd,312500
8846,5,5,1996,1996,870,914,0,914,1,0,2,1,5,0,2,576,0,0,CollgCr,RL,1Fam,SFoyer,Gd,PConc,Gd,TA,148000
7390,5,7,1955,1955,1098,1098,0,1098,1,0,3,1,6,0,1,260,0,0,NAmes,RL,1Fam,1Story,TA,CBlock,TA,TA,135000
6951,5,5,1984,1985,876,923,0,923,1,0,3,1,5,0,1,264,362,0,Mitchel,RL,1Fam,1Story,TA,CBlock,TA,TA,119500
10846,8,5,1993,1993,1719,1719,0,1719,1,1,1,1,6,2,2,473,122,30,Veenker,RL,TwnhsE,1Story,Gd,PConc,Gd,Gd,324000
8910,6,6,1959,1959,655,1194,0,1194,1,0,3,1,6,1,2,539,0,0,NAmes,RL,1Fam,1Story,TA,CBlock,TA,TA,159500
8930,6,5,1978,1978,0,1318,584,1902,2,0,4,2,8,0,2,539,0,0,Sawyer,RM,Duplex,1.5Fin,TA,Slab,,TA,112000
7800,5,5,1964,1964,912,912,0,912,1,0,2,1,5,0,1,288,0,0,NAmes,RL,1Fam,1Story,TA,CBlock,TA,TA,115000
11500,4,3,1957,1957,0,845,0,845,1,0,3,1,5,0,1,290,186,0,Edwards,RL,1Fam,1Story,TA,Slab,,TA,84000
3922,7,5,2006,2007,1258,1258,0,1258,2,0,2,1,6,1,3,648,144,16,Blmngtn,RL,TwnhsE,1Story,Gd,PConc,Ex,Gd,172500
7590,5,5,1962,1962,864,876,936,1812,2,0,4,1,8,1,1,264,0,168,NAmes,RL,1Fam,2Story,TA,CBlock,TA,TA,169500
3182,8,5,2004,2005,1256,1269,0,1269,2,0,2,1,6,1,2,430,146,20,Blmngtn,RL,TwnhsE,1Story,Gd,PConc,Gd,Gd,192000
16669,8,6,1981,1981,1686,1707,0,1707,2,1,2,1,6,1,2,511,574,64,Timber,RL,1Fam,1Story,Gd,CBlock,Gd,TA,228000
11475,5,5,1958,1958,1584,1776,0,1776,2,0,4,2,9,0,3,888,0,25,NAmes,RL,Duplex,1Story,TA,CBlock,TA,TA,110000
7540,6,6,1978,1978,888,912,0,912,1,0,2,1,5,1,2,470,0,0,Mitchel,RL,1Fam,SFoyer,TA,CBlock,Gd,TA,156000
11606,5,5,1969,1969,1040,1040,1040,2080,1,2,5,1,9,2,2,504,335,0,NAmes,RL,1Fam,2Story,TA,PConc,Gd,Fa,135000
9591,8,5,2004,2005,1713,1713,0,1713,2,0,3,1,7,1,3,856,0,26,NridgHt,RL,1Fam,1Story,Gd,PConc,Ex,Ex,274900
9375,7,5,1997,1998,1057,1057,977,2034,2,1,3,1,8,0,2,645,576,36,CollgCr,RL,1Fam,2Story,TA,PConc,Gd,Gd,219500
8450,7,5,2004,2004,1436,1436,0,1436,2,0,3,1,8,0,2,484,139,98,CollgCr,RL,1Fam,1Story,Gd,PConc,Gd,Gd,210000
12919,9,5,2009,2010,2330,2364,0,2364,2,1,2,1,11,2,3,820,0,67,NridgHt,RL,1Fam,1Story,Ex,PConc,Ex,Ex,611657
8400,5,8,1939,1997,720,1052,720,2192,2,1,4,1,8,1,1,240,262,24,SWISU,RL,1Fam,2.5Fin,TA,PConc,TA,Gd,179500
9790,6,5,1967,1967,1372,1342,0,1342,2,0,3,1,7,1,2,457,0,0,NWAmes,RL,1Fam,1Story,TA,CBlock,TA,TA,161500
25419,8,4,1918,1990,1360,1360,1360,3112,2,0,4,1,8,1,2,795,0,16,NAmes,RL,1Fam,2Story,Gd,PConc,TA,Gd,235000
11584,7,6,1979,1979,539,1040,685,1725,2,1,3,1,6,1,2,550,0,88,NWAmes,RL,1Fam,SLvl,TA,CBlock,TA,TA,197000
10624,5,4,1964,1964,1728,1728,0,1728,2,0,6,2,10,0,1,352,155,0,NAmes,RL,Duplex,1Story,TA,CBlock,TA,TA,119000
13600,7,6,1965,1990,768,1186,800,1986,2,1,3,1,7,3,2,486,0,42,NAmes,RL,1Fam,2Story,TA,CBlock,TA,TA,205000
13650,5,5,1958,1958,1052,1252,668,1920,2,0,4,1,8,1,2,451,0,0,Sawyer,RL,1Fam,1.5Fin,Gd,CBlock,TA,Gd,172500
10603,6,7,1977,2001,1610,1610,0,1610,2,0,3,1,6,2,2,480,168,68,NWAmes,RL,1Fam,1Story,TA,PConc,TA,Gd,205000
11851,7,5,1990,1990,1424,1442,0,1442,2,0,3,1,5,0,2,500,0,34,Gilbert,RL,1Fam,1Story,TA,PConc,Gd,TA,180500
5400,6,7,1926,2004,1149,1149,467,1616,2,0,3,1,5,0,1,216,0,0,OldTown,RM,1Fam,1Story,TA,BrkTil,TA,Gd,152000
1680,5,5,1971,1971,630,630,672,1302,2,1,3,1,6,0,1,280,0,0,BrDale,RM,Twnhs,2Story,TA,CBlock,TA,TA,112000
7630,5,9,1900,1996,360,1032,780,1812,2,0,4,2,8,1,2,672,344,0,OldTown,RM,2fmCon,2Story,TA,BrkTil,Gd,Gd,140000
3982,8,5,2006,2006,1520,1567,0,1567,2,0,1,1,7,1,3,648,312,0,Blmngtn,RL,TwnhsE,1Story,Gd,PConc,Gd,Ex,264561
10410,3,4,1915,1950,672,694,520,1214,1,0,3,1,6,0,3,936,216,0,OldTown,RL,1Fam,1.5Fin,TA,PConc,TA,TA,105000
12182,7,5,2005,2005,1541,1541,0,1541,2,0,3,1,7,1,2,532,0,70,NridgHt,RL,1Fam,1Story,Gd,PConc,Gd,Gd,220000
3010,7,5,2005,2006,1248,1248,0,1248,2,0,2,1,5,0,2,438,108,0,Blmngtn,RL,TwnhsE,1Story,Gd,PConc,Gd,Gd,167240
3182,7,5,2005,2006,1346,1504,0,1504,2,0,1,1,7,1,2,457,156,0,Blmngtn,RL,TwnhsE,1Story,Gd,PConc,Gd,Gd,181000
7875,5,6,1961,1961,1144,1144,0,1144,1,0,3,1,6,0,2,456,0,0,NAmes,RL,1Fam,1Story,TA,CBlock,TA,TA,139950
10400,7,5,1988,1988,1845,1872,0,1872,2,0,3,1,6,1,2,604,197,39,NWAmes,RL,1Fam,1Story,TA,CBlock,Gd,TA,241500
11625,5,4,1965,1965,1039,1039,0,1039,1,1,3,1,6,0,2,504,0,0,Sawyer,RL,2fmCon,1Story,TA,PConc,TA,TA,131500
8121,6,5,2000,2000,953,953,711,1664,2,1,3,1,7,1,2,460,100,40,Gilbert,RL,1Fam,2Story,TA,PConc,Gd,TA,172400
9819,5,5,1967,1967,882,900,0,900,1,0,3,1,5,0,1,280,0,0,Sawyer,RL,1Fam,1Story,TA,CBlock,TA,TA,122000
7415,6,5,2004,2004,839,864,729,1593,2,1,3,1,8,1,2,398,100,75,Gilbert,RL,1Fam,2Story,TA,PConc,TA,TA,193000
9084,7,5,1998,1998,935,955,677,1632,2,1,3,1,8,1,2,462,0,28,Gilbert,RL,1Fam,2Story,TA,PConc,Gd,TA,176500
9503,5,5,1958,1983,1024,1344,0,1344,1,0,2,1,6,1,1,484,316,28,NAmes,RL,1Fam,1Story,TA,CBlock,TA,TA,144000
17217,5,5,2006,2006,1140,1140,0,1140,1,0,3,1,6,0,0,0,36,56,Mitchel,RL,1Fam,1Story,TA,PConc,Gd,TA,84500
7406,7,5,2006,2006,1199,1220,0,1220,2,0,2,1,6,0,2,632,105,54,CollgCr,RL,1Fam,1Story,Gd,PConc,Gd,Gd,194000
9675,7,5,2005,2005,1113,1113,858,1971,2,1,3,1,8,1,2,689,0,48,Somerst,RL,1Fam,2Story,Gd,PConc,Gd,Gd,253000
11767,5,6,1946,1995,768,768,432,1200,1,0,3,1,6,0,1,240,0,0,Edwards,RL,1Fam,1.5Fin,TA,CBlock,TA,TA,130500
11250,7,5,2001,2002,920,920,866,1786,2,1,3,1,6,1,2,608,0,42,CollgCr,RL,1Fam,2Story,Gd,PConc,Gd,Gd,223500
6371,7,5,2009,2010,1358,1358,0,1358,2,0,2,1,6,1,2,484,192,35,NridgHt,RL,TwnhsE,1Story,Gd,PConc,Gd,Gd,224000
9300,5,5,1960,1960,1268,1264,0,1264,1,0,3,1,6,2,2,461,0,0,NAmes,RL,1Fam,1Story,TA,CBlock,TA,TA,167500
10800,4,6,1927,2007,656,968,0,968,2,0,4,1,5,0,1,216,0,0,OldTown,RL,1Fam,1Story,TA,BrkTil,TA,TA,64500
7050,7,5,2001,2001,1057,1057,872,1929,2,1,3,1,7,1,2,650,0,235,Somerst,FV,1Fam,2Story,Gd,PConc,Gd,Gd,226000
14442,6,7,1957,2004,1477,1839,0,1839,2,0,3,1,7,2,2,416,0,87,Crawfor,RL,1Fam,1Story,TA,PConc,TA,Gd,257500
11302,8,5,2005,2006,1814,1826,0,1826,2,0,3,1,7,1,3,758,180,75,StoneBr,RL,1Fam,1Story,Gd,PConc,Gd,Gd,319000
6820,8,5,1985,1985,1488,1502,0,1502,1,1,1,1,4,0,2,528,0,54,StoneBr,RL,TwnhsE,1Story,Gd,PConc,Gd,Gd,212000
3604,7,5,2007,2007,689,703,689,1392,2,0,2,1,5,0,2,540,0,102,Somerst,FV,TwnhsE,2Story,Gd,PConc,Gd,Gd,146000
17755,5,4,1959,1959,1466,1466,0,1466,1,1,3,1,6,2,2,528,0,140,Edwards,RL,1Fam,1Story,TA,CBlock,TA,Fa,149900
11198,9,5,2005,2007,1122,1134,1370,2504,2,1,4,1,11,1,3,656,144,39,StoneBr,RL,1Fam,2Story,Gd,PConc,Gd,Ex,325000
11250,6,6,1977,1977,1208,1208,0,1208,1,1,3,1,6,1,2,546,198,42,Veenker,RL,1Fam,1Story,Gd,CBlock,Gd,TA,165000
9873,4,5,1970,1970,960,960,0,960,1,0,3,1,6,0,2,576,0,288,BrkSide,RL,2fmCon,1Story,TA,CBlock,TA,TA,129000
4118,4,4,1941,1950,693,693,0,693,1,0,2,1,4,0,0,0,0,20,OldTown,RM,1Fam,1Story,TA,CBlock,TA,Fa,52500
3675,6,5,2005,2006,547,1072,0,1072,2,0,2,1,5,0,2,525,0,44,Edwards,RM,TwnhsE,SFoyer,TA,PConc,Gd,TA,140000
11075,5,4,1969,1969,784,1168,800,1968,2,1,4,1,7,1,2,530,305,189,Mitchel,RL,1Fam,2Story,TA,CBlock,TA,TA,172000
11426,7,5,2003,2003,1362,1362,720,2082,2,1,3,1,6,0,2,484,280,238,OldTown,RM,1Fam,1.5Fin,TA,PConc,Gd,Gd,200000
2544,7,5,2005,2005,600,520,623,1223,2,1,2,1,4,0,2,480,0,166,Somerst,FV,Twnhs,2Story,Gd,PConc,Gd,Gd,147400
3951,6,5,2009,2009,612,612,612,1224,2,1,2,1,4,0,2,528,0,234,Somerst,FV,TwnhsE,2Story,Gd,PConc,Gd,Gd,164500
8767,7,5,2005,2005,1310,1310,0,1310,2,0,3,1,6,1,2,400,0,0,CollgCr,RL,1Fam,1Story,Gd,PConc,Gd,Gd,164990
10500,4,6,1971,1971,864,864,0,864,1,0,2,1,4,0,2,576,216,0,NAmes,RL,1Fam,1Story,TA,CBlock,TA,TA,97000
4928,6,6,1976,1976,958,958,0,958,2,0,2,1,5,0,2,440,0,60,NPkVill,RL,TwnhsE,1Story,TA,CBlock,Gd,TA,143750
3964,6,4,1973,1973,942,1291,1230,2521,2,1,5,1,10,1,2,576,728,20,MeadowV,RM,TwnhsE,2Story,TA,CBlock,Gd,TA,151400
16770,7,5,1998,1998,1195,1195,644,1839,2,1,4,1,7,0,2,486,0,81,NoRidge,RL,1Fam,2Story,Gd,PConc,Gd,TA,221000
45600,6,8,1908,1997,907,1307,1051,2358,3,0,5,1,10,1,2,360,486,40,ClearCr,RL,1Fam,1.5Fin,TA,BrkTil,TA,TA,240000
7301,7,5,2003,2003,0,495,1427,1922,3,0,4,1,7,1,2,672,0,0,Edwards,RL,1Fam,SFoyer,Gd,Slab,,Gd,198500
9612,8,5,2008,2009,1468,1468,0,1468,2,0,3,1,6,1,3,898,210,150,Somerst,RL,1Fam,1Story,Gd,PConc,Gd,Gd,244600
7917,6,7,1976,1976,1143,1113,0,1113,1,1,3,1,6,1,1,504,370,30,Edwards,RL,1Fam,1Story,TA,CBlock,TA,TA,148000
25286,4,5,1963,1963,1064,1040,0,1040,1,0,3,1,5,0,2,648,0,0,Mitchel,RL,1Fam,1Story,TA,PConc,TA,TA,132250
6600,5,9,1982,2008,816,816,0,816,1,0,3,1,5,1,1,264,0,0,Mitchel,RL,1Fam,1Story,Gd,CBlock,TA,Gd,130500
10500,4,5,1971,1971,864,864,0,864,1,0,3,1,5,1,0,0,0,0,NAmes,RL,1Fam,1Story,TA,CBlock,TA,TA,115000
8520,6,7,1916,1950,714,1664,862,2526,2,0,5,1,10,1,1,216,88,15,OldTown,RM,1Fam,1.5Fin,TA,BrkTil,TA,Gd,136000
9240,8,5,2001,2002,1055,1055,1208,2263,2,1,3,1,7,1,2,905,0,45,CollgCr,RL,1Fam,2Story,Gd,PConc,Gd,Gd,287000
3600,6,7,1910,1993,684,684,684,1368,1,0,3,1,7,0,1,216,0,158,OldTown,RM,1Fam,2Story,TA,CBlock,TA,TA,114504
3000,6,5,2009,2009,612,612,612,1224,2,1,2,1,4,0,2,528,0,234,Somerst,FV,TwnhsE,2Story,Gd,PConc,Gd,Gd,173733
2289,6,6,1978,1978,855,855,586,1441,2,1,3,1,7,1,2,440,28,0,NPkVill,RL,Twnhs,2Story,TA,CBlock,TA,TA,148500
11500,5,6,1976,1976,1680,1680,0,1680,2,0,4,2,8,0,2,528,0,0,NWAmes,RL,Duplex,1Story,TA,CBlock,TA,TA,136905
14112,5,7,1964,1964,1152,1152,0,1152,1,0,3,1,6,1,2,484,227,0,NAmes,RL,1Fam,SLvl,TA,PConc,TA,TA,180500
8393,5,5,1959,2005,1626,1712,0,1712,2,0,4,2,8,0,2,588,272,54,NAmes,RL,Duplex,1Story,TA,CBlock,TA,TA,145000
7875,7,5,1995,1996,1237,1253,0,1253,2,0,3,1,6,1,2,402,220,21,Gilbert,RL,1Fam,1Story,TA,PConc,Gd,TA,176000
9600,6,6,1958,1988,1240,1632,0,1632,2,0,3,1,6,1,1,338,289,0,NAmes,RL,1Fam,1Story,TA,CBlock,TA,TA,139000
4435,6,5,2003,2003,848,848,0,848,1,0,1,1,3,0,2,420,140,0,CollgCr,RM,TwnhsE,1Story,Gd,PConc,Gd,Gd,131500
8850,7,6,1916,1950,815,815,875,1690,1,0,3,1,7,1,1,225,0,0,OldTown,RM,1Fam,2.5Unf,TA,BrkTil,TA,TA,144000
14977,8,5,2006,2007,1976,1976,0,1976,2,0,2,1,7,1,3,908,250,63,NridgHt,RL,1Fam,1Story,Gd,PConc,Ex,Gd,440000
3180,7,5,2005,2005,600,520,600,1200,2,1,2,1,4,0,2,480,0,166,Somerst,FV,TwnhsE,2Story,Gd,PConc,Gd,Gd,144152
9600,7,9,1928,2005,689,689,689,1378,2,0,3,1,7,1,2,360,0,0,OldTown,RM,1Fam,2Story,TA,BrkTil,TA,Gd,161000
13688,9,5,2003,2004,1572,1572,1096,2668,2,1,3,1,10,2,3,726,400,0,NridgHt,RL,1Fam,2Story,Gd,PConc,Ex,Ex,412500
7711,4,3,1977,1977,1440,1440,0,1440,2,0,4,2,8,0,0,0,321,0,Edwards,RL,Duplex,1Story,TA,PConc,Gd,TA,150000
8199,7,5,2005,2005,728,728,728,1456,2,1,3,1,7,1,2,410,36,18,CollgCr,RL,1Fam,2Story,Gd,PConc,Gd,Gd,189000
10400,7,6,1970,1970,1304,1682,0,1682,2,0,3,1,7,1,2,530,98,0,NWAmes,RL,1Fam,1Story,TA,PConc,TA,TA,174000
9735,5,5,2006,2007,384,754,640,1394,2,1,3,1,7,0,2,400,100,0,Timber,RL,1Fam,SLvl,TA,PConc,Gd,Gd,167500
3842,8,5,2004,2005,1594,1646,0,1646,2,0,2,1,5,1,2,482,128,53,Crawfor,RM,TwnhsE,1Story,Gd,PConc,Ex,Gd,275000
13284,5,5,1954,1954,1383,1383,0,1383,1,0,3,1,6,1,1,354,511,116,Sawyer,RL,1Fam,1Story,TA,PConc,Gd,TA,165000
25095,5,8,1968,2003,1437,1473,0,1473,1,0,1,1,5,2,1,452,0,48,ClearCr,RL,1Fam,1Story,TA,CBlock,TA,Ex,143000
10496,6,6,1949,1950,1040,1168,678,1846,2,0,3,1,7,1,1,315,0,0,NAmes,RL,1Fam,1.5Fin,TA,CBlock,TA,TA,143000
12227,6,7,1977,1995,1330,1542,1330,2872,2,1,4,1,11,1,2,619,550,282,NWAmes,RL,1Fam,2Story,TA,CBlock,Gd,TA,272000
11616,6,5,1978,1978,672,672,714,1386,2,1,3,1,6,1,2,440,335,0,Sawyer,RL,1Fam,2Story,TA,CBlock,TA,TA,158900
4750,8,5,2006,2007,1573,1625,0,1625,2,0,2,1,5,1,2,538,123,0,Crawfor,RM,TwnhsE,1Story,Gd,PConc,Gd,Gd,235000
11394,9,2,2010,2010,1856,1856,0,1856,1,1,1,1,8,1,3,834,113,0,StoneBr,RL,1Fam,1Story,Gd,PConc,Ex,Ex,394432
8885,5,5,1983,1983,864,902,0,902,1,0,2,1,5,0,2,484,164,0,Mitchel,RL,1Fam,1Story,TA,CBlock,Gd,TA,131000
12589,6,5,2005,2005,742,742,742,1484,2,1,3,1,8,1,2,390,36,24,Gilbert,RL,1Fam,2Story,Gd,PConc,Gd,Gd,174000
4500,6,5,1999,1999,1224,1224,0,1224,2,0,2,1,5,0,2,402,0,304,Mitchel,RM,TwnhsE,1Story,TA,PConc,Ex,TA,165000
7407,6,7,1957,1996,912,1236,0,1236,1,0,2,1,6,0,2,923,0,158,OldTown,RM,1Fam,1Story,TA,CBlock,TA,TA,149700
6853,8,5,2001,2002,1267,1296,0,1296,2,0,2,1,6,0,2,471,192,25,Timber,RL,1Fam,1Story,Gd,PConc,Ex,Gd,220000
7862,6,5,2009,2009,1218,1218,0,1218,2,0,2,1,4,0,2,676,0,102,Somerst,FV,1Fam,1Story,Gd,PConc,Gd,Gd,208300
8125,6,5,1994,1995,702,702,779,1481,2,1,3,1,6,1,2,343,0,36,Gilbert,RL,1Fam,2Story,TA,PConc,Gd,TA,174000
10920,6,5,1960,1960,1253,1253,0,1253,1,1,2,1,5,1,1,352,0,213,NAmes,RL,1Fam,1Story,TA,CBlock,TA,TA,157000
7259,6,8,1945,2002,1028,1436,884,2320,2,1,3,1,9,1,1,180,224,0,Crawfor,RL,1Fam,2Story,TA,CBlock,TA,Gd,259500
8777,5,7,1910,1950,796,796,0,796,1,0,2,1,4,0,0,0,328,0,Edwards,RL,1Fam,1Story,TA,CBlock,Fa,TA,85000
10356,5,6,1975,1975,969,969,0,969,1,1,3,1,5,0,2,440,0,0,CollgCr,RL,1Fam,1Story,TA,CBlock,TA,TA,122000
5350,3,2,1940,1966,728,1306,0,1306,1,0,3,1,6,0,0,0,263,0,BrkSide,RL,1Fam,1Story,TA,CBlock,TA,Fa,76500
16321,5,6,1957,1997,1484,1600,0,1600,1,0,2,1,6,2,1,319,288,258,NAmes,RL,1Fam,1Story,TA,CBlock,TA,TA,207500
11404,7,5,1998,1999,1153,1153,878,2031,2,1,3,1,8,1,2,541,192,84,CollgCr,RL,1Fam,2Story,Gd,PConc,Gd,Gd,222500
8530,7,5,1995,1996,384,804,670,1474,2,1,3,1,7,1,2,400,120,72,Gilbert,RL,1Fam,SLvl,TA,PConc,Gd,TA,168500
8800,5,7,1977,2008,1040,1040,0,1040,2,0,3,1,5,0,2,484,0,0,CollgCr,RL,1Fam,1Story,TA,CBlock,Gd,Gd,150500
14375,6,6,1958,1958,819,1344,0,1344,1,0,3,1,7,1,2,525,0,118,Timber,RL,1Fam,SLvl,TA,CBlock,TA,Gd,137500
8400,4,4,1950,1950,721,841,0,841,1,0,2,1,4,0,1,294,250,0,SawyerW,RH,1Fam,1Story,Fa,CBlock,TA,TA,82000
15578,6,5,2006,2006,728,728,728,1456,2,1,3,1,8,0,2,429,0,0,Gilbert,RL,1Fam,2Story,Gd,PConc,Gd,TA,172785
16492,6,6,1966,2002,1517,1888,0,1888,2,1,2,1,6,1,2,578,0,0,NAmes,RL,1Fam,1Story,Gd,CBlock,TA,Gd,190000
11218,6,5,1992,1992,1055,1055,790,1845,2,1,3,1,8,1,2,462,635,104,SawyerW,RL,1Fam,2Story,Gd,PConc,Gd,Gd,189000
6627,3,6,1949,1950,0,720,0,720,1,0,2,1,4,0,1,287,0,0,BrkSide,RL,1Fam,1Story,TA,CBlock,,TA,72500
12474,10,5,2007,2008,1682,1742,590,2332,2,1,3,1,9,1,3,846,196,134,NridgHt,RL,1Fam,2Story,Ex,PConc,Ex,Ex,426000
9571,5,6,1956,1956,1144,1144,0,1144,1,0,3,1,6,0,1,596,44,0,Edwards,RL,1Fam,1Story,TA,CBlock,TA,TA,129000
7200,7,6,1931,2000,776,851,651,1502,1,1,3,1,6,1,1,270,0,0,Crawfor,RL,1Fam,2Story,TA,BrkTil,Gd,TA,149000
8480,5,5,1947,1950,832,832,384,1216,1,0,2,1,6,0,1,336,158,0,NAmes,RL,1Fam,1.5Fin,TA,CBlock,TA,TA,118500
16659,7,7,1977,1994,795,1468,795,2263,2,1,3,1,9,1,2,539,0,250,NWAmes,RL,1Fam,2Story,TA,CBlock,TA,Gd,235000
5687,5,6,1912,2000,780,936,780,1716,2,0,6,1,9,0,0,0,0,184,SWISU,RL,2fmCon,2Story,TA,PConc,TA,Fa,135900
8190,4,6,1954,1954,948,948,0,948,1,0,3,1,5,1,1,280,0,36,Edwards,RL,1Fam,1Story,TA,CBlock,TA,TA,119000
7227,6,6,1954,1954,832,832,0,832,1,0,2,1,4,0,2,528,0,0,NAmes,RL,1Fam,1.5Unf,TA,CBlock,TA,Gd,105500
6970,4,5,1961,1961,1040,1120,0,1120,1,1,3,1,5,0,2,544,168,0,Sawyer,RL,1Fam,1Story,TA,CBlock,TA,Fa,129000
4712,4,7,1946,1950,747,774,456,1230,1,1,3,1,5,0,1,305,0,57,BrkSide,RL,1Fam,1.5Fin,TA,CBlock,TA,TA,121600
8700,5,6,1963,1963,1120,1128,0,1128,2,0,3,1,6,0,2,525,192,20,NAmes,RL,1Fam,1Story,TA,CBlock,TA,TA,155000
4435,6,5,2003,2003,848,848,0,848,1,0,1,1,4,0,2,420,140,0,CollgCr,RM,TwnhsE,1Story,Gd,PConc,Gd,Gd,140000
9947,7,5,1990,1991,1188,1217,0,1217,2,0,3,1,6,0,2,497,168,27,Mitchel,RL,1Fam,SLvl,TA,PConc,Gd,Gd,173000
8480,5,6,1963,1963,970,970,0,970,1,0,2,1,5,0,2,624,0,24,Sawyer,RL,1Fam,1Story,TA,CBlock,TA,TA,132500
9950,7,5,1995,1995,1203,1214,1306,2520,2,1,4,1,9,1,3,721,224,114,NoRidge,RL,1Fam,2Story,Gd,PConc,Gd,Gd,290000
3182,7,5,2005,2006,1373,1555,0,1555,2,0,2,1,7,1,2,430,143,20,Blmngtn,RL,TwnhsE,1Story,Gd,PConc,Gd,Gd,192500
4608,4,6,1945,1950,747,747,0,747,1,0,2,1,4,0,1,220,0,0,OldTown,RM,1Fam,1Story,TA,CBlock,TA,TA,80000
2522,7,5,2004,2004,970,970,739,1709,2,0,3,1,7,0,2,380,0,40,Edwards,RM,Twnhs,2Story,Gd,PConc,Gd,Gd,130000
4251,7,5,2006,2007,625,625,625,1250,2,1,2,1,5,0,2,528,0,54,Somerst,FV,TwnhsE,2Story,Gd,PConc,Gd,Gd,164700
5400,5,7,1954,2000,833,833,0,833,1,0,2,1,4,0,1,326,0,0,OldTown,RL,1Fam,1Story,TA,CBlock,TA,Gd,117000
8172,5,7,1955,1990,864,864,0,864,1,0,2,1,5,0,2,572,0,0,Edwards,RL,1Fam,1Story,TA,CBlock,TA,TA,115000
12134,8,7,1988,2005,559,1080,672,1752,2,0,4,1,8,0,2,492,325,12,Gilbert,RL,1Fam,1.5Fin,Gd,Wood,Gd,TA,164000
9400,6,5,1971,1971,912,912,912,1824,2,2,4,2,8,0,0,0,128,0,Mitchel,RL,Duplex,2Story,TA,CBlock,TA,TA,139000
4282,7,5,2004,2004,1391,1391,0,1391,2,0,2,1,5,0,2,530,156,158,Somerst,FV,TwnhsE,1Story,Gd,PConc,Gd,Gd,196000
10570,8,8,1932,1994,853,1549,1178,2727,2,1,3,1,10,2,2,440,0,74,Crawfor,RL,1Fam,2Story,Gd,CBlock,Gd,Gd,315000
7446,4,5,1941,1950,788,788,0,788,1,0,2,1,4,2,0,0,0,0,BrkSide,RL,1Fam,1Story,TA,CBlock,TA,TA,100000
11200,5,5,1965,1965,1040,1040,0,1040,1,0,3,1,5,0,1,384,0,0,Sawyer,RL,1Fam,1Story,TA,CBlock,TA,TA,129500
6240,5,6,1928,1950,1042,1042,534,1576,1,0,3,1,8,1,1,225,0,0,BrkSide,RM,1Fam,1.5Fin,TA,BrkTil,TA,TA,149000
6897,5,8,1962,2010,1040,1040,0,1040,1,1,3,1,6,0,1,260,0,104,Sawyer,RL,1Fam,1Story,TA,CBlock,TA,TA,127000
8926,4,3,1956,1956,672,960,0,960,1,0,3,1,5,0,1,288,64,0,Edwards,RL,1Fam,1Story,TA,CBlock,TA,TA,112000
6000,5,6,1957,1957,928,928,0,928,1,0,3,1,5,0,1,288,0,0,OldTown,RM,1Fam,1Story,TA,CBlock,TA,TA,112500
9790,6,5,1963,1963,1328,1328,0,1328,1,1,3,1,6,2,2,528,0,26,NWAmes,RL,1Fam,1Story,TA,CBlock,TA,TA,143000
8877,4,5,1951,1951,836,1220,0,1220,1,0,2,1,6,0,2,396,0,0,Edwards,RL,1Fam,1Story,TA,CBlock,Fa,TA,102000
3684,7,5,2007,2007,1373,1555,0,1555,2,0,2,1,7,1,3,660,143,20,Blmngtn,RL,TwnhsE,1Story,Gd,PConc,Gd,Gd,174000
21384,5,6,1923,2004,1324,1072,504,1576,1,1,3,1,6,1,2,528,0,312,BrkSide,RL,1Fam,2Story,TA,CBlock,TA,Gd,223500
16059,8,5,1991,1992,1288,1301,1116,2417,2,1,4,1,9,1,2,462,127,82,NoRidge,RL,1Fam,2Story,Gd,CBlock,Gd,Gd,260000
6300,6,6,1914,2001,742,742,742,1484,2,0,3,1,9,1,0,0,0,291,OldTown,RM,1Fam,2.5Unf,TA,CBlock,TA,TA,128000
13214,9,5,2008,2009,2002,2018,0,2018,2,0,3,1,10,1,3,746,144,76,Timber,RL,1Fam,1Story,Ex,PConc,Ex,Ex,378500
6171,6,6,1925,1990,976,1160,448,1608,2,1,3,1,7,1,1,216,147,16,SWISU,RL,1Fam,1.5Fin,TA,BrkTil,TA,Gd,137450
7000,5,8,1978,2005,864,864,0,864,1,0,3,1,6,0,1,336,0,0,CollgCr,RL,1Fam,1Story,Gd,CBlock,TA,TA,136500
7100,5,7,1957,1957,816,816,0,816,1,0,2,1,5,0,1,308,0,0,NAmes,RL,1Fam,1Story,TA,CBlock,TA,TA,129900
14774,9,5,1999,1999,1393,1422,1177,2599,2,1,4,1,10,1,3,779,668,30,NoRidge,RL,1Fam,2Story,Gd,PConc,Gd,Gd,333168
17140,4,6,1956,1956,1134,1229,0,1229,1,0,3,1,6,0,1,284,0,0,Edwards,RL,1Fam,1Story,TA,CBlock,TA,TA,135000
20896,8,5,2005,2006,2077,2097,0,2097,1,1,1,1,8,1,3,1134,192,267,Somerst,RL,1Fam,1Story,Gd,PConc,Ex,Ex,423000
1890,4,7,1972,1972,630,630,0,630,1,0,1,1,3,0,0,0,88,0,MeadowV,RM,Twnhs,SFoyer,TA,CBlock,Gd,TA,81000
8487,7,5,2004,2004,1500,1500,0,1500,2,0,3,1,6,0,2,570,192,36,CollgCr,RL,1Fam,1Story,Gd,PConc,Gd,Gd,190000
7052,7,5,2005,2005,1364,1364,0,1364,2,0,2,1,6,1,2,484,192,36,NridgHt,RL,TwnhsE,1Story,Gd,PConc,Gd,Gd,185850
6000,4,4,1920,1950,960,960,0,960,1,0,2,1,5,0,1,308,0,0,OldTown,RM,1Fam,1Story,TA,PConc,TA,Fa,108500
8125,7,6,2007,2007,813,822,843,1665,2,1,3,1,7,0,2,562,0,0,Somerst,FV,1Fam,2Story,Gd,PConc,Gd,Gd,205950
6130,5,6,1924,1950,784,784,0,784,1,0,2,1,5,0,0,0,0,0,BrkSide,RM,1Fam,1.5Unf,TA,BrkTil,TA,Gd,109500
19690,6,7,1966,1966,697,1575,626,2201,2,0,4,1,8,1,2,432,586,236,Edwards,RL,1Fam,SLvl,Gd,CBlock,Gd,Gd,274970
8072,5,5,1994,1995,990,990,0,990,1,0,3,1,5,0,2,480,0,64,CollgCr,RL,1Fam,1Story,TA,PConc,Gd,TA,138000
5600,4,5,1930,1950,0,372,720,1092,2,0,3,2,7,0,0,0,0,0,IDOTRR,RM,2fmCon,2Story,Fa,Slab,,Fa,55000
4500,6,5,1998,1998,1216,1216,0,1216,2,0,2,1,5,0,2,402,0,125,Mitchel,RM,Twnhs,1Story,TA,PConc,Ex,TA,164000
9000,5,6,1880,1991,636,1089,661,1750,1,0,3,1,8,0,1,240,0,0,OldTown,RM,1Fam,2Story,TA,BrkTil,Fa,Ex,124000
10625,7,5,2005,2005,1026,1026,932,1958,2,1,3,1,9,1,3,936,154,210,Somerst,FV,1Fam,2Story,Gd,PConc,Gd,Gd,250000
12011,8,5,1998,1998,1086,1086,838,1924,2,1,3,1,7,1,2,592,208,75,NoRidge,RL,1Fam,2Story,Gd,PConc,Gd,Gd,280000
7128,7,5,1941,1950,918,918,728,1646,2,0,4,1,7,2,1,240,0,0,Crawfor,RL,1Fam,2.5Unf,TA,CBlock,TA,TA,164000
7200,7,9,1936,2007,560,575,560,1135,1,0,3,1,6,0,2,576,256,0,SWISU,RL,1Fam,2Story,Gd,PConc,Gd,Gd,155000
12493,4,5,1960,1960,1100,1100,0,1100,1,0,3,1,6,1,1,312,355,0,NAmes,RL,1Fam,1Story,TA,PConc,TA,TA,141000
9505,7,5,2001,2001,884,884,1151,2035,2,1,3,1,8,1,2,434,144,48,Gilbert,RL,1Fam,2Story,Gd,PConc,Gd,Gd,222500
9187,6,5,1983,1983,1084,1080,0,1080,1,1,3,1,5,0,2,484,120,0,Mitchel,RL,1Fam,1Story,TA,PConc,TA,TA,134000
7596,5,5,1952,1952,960,960,1000,1960,2,0,4,2,10,0,2,400,0,0,OldTown,RM,Duplex,2Story,TA,CBlock,TA,TA,124500
9600,4,7,1950,1995,1067,1067,0,1067,2,0,2,1,4,0,2,436,290,0,Sawyer,RL,1Fam,1Story,TA,CBlock,Gd,Gd,128000
7851,6,5,2002,2002,860,860,1100,1960,2,1,4,1,8,2,2,440,288,48,Gilbert,RL,1Fam,2Story,Gd,PConc,Gd,Gd,216500
10784,7,5,1991,1992,384,802,670,1472,2,1,3,1,7,1,2,402,164,0,Gilbert,RL,1Fam,SLvl,Gd,PConc,Gd,Gd,160000
10852,6,5,2000,2000,959,959,712,1671,2,1,3,1,7,1,2,472,0,38,Gilbert,RL,1Fam,2Story,TA,PConc,Gd,TA,173000
4017,7,5,2006,2007,625,625,625,1250,2,1,2,1,5,0,2,625,0,54,Somerst,FV,TwnhsE,2Story,Gd,PConc,Gd,Gd,171900
10635,8,5,2003,2003,1657,1668,0,1668,2,0,3,1,8,1,2,502,0,262,CollgCr,RL,1Fam,1Story,Gd,PConc,Gd,Gd,232000
8339,5,7,1959,1959,0,882,0,882,1,0,3,1,5,0,1,294,0,0,NAmes,RL,1Fam,1Story,TA,Slab,,TA,106500
13125,7,5,1991,1991,1104,912,1215,2127,2,1,4,1,8,1,3,833,72,192,SawyerW,RL,1Fam,2Story,Gd,PConc,Ex,Gd,238000
9100,6,6,1959,1959,864,864,0,864,1,0,2,1,5,0,1,300,0,0,NAmes,RL,1Fam,1Story,TA,CBlock,TA,TA,127500
7472,7,9,1972,2004,725,725,754,1479,1,1,4,1,7,0,2,484,0,32,NAmes,RL,1Fam,2Story,TA,CBlock,TA,Gd,184000
159000,6,7,1958,2006,1444,1444,700,2144,2,0,4,1,7,2,2,389,0,98,ClearCr,RL,1Fam,1.5Fin,Gd,CBlock,Gd,Gd,277000
8849,9,5,2005,2005,1684,1684,0,1684,2,0,2,1,6,1,2,564,495,72,NridgHt,RL,TwnhsE,1Story,Ex,PConc,Ex,Ex,266000
10475,8,5,2008,2008,1694,1694,0,1694,2,0,3,1,7,0,3,776,160,33,CollgCr,RL,1Fam,1Story,Gd,PConc,Gd,Gd,245350
7892,6,5,1979,1979,918,918,0,918,2,0,2,1,5,1,1,264,28,0,SawyerW,RL,TwnhsE,1Story,TA,CBlock,Gd,TA,99500
10400,7,5,1998,1998,866,866,913,1779,2,1,3,1,6,0,2,546,198,36,CollgCr,RL,1Fam,2Story,TA,PConc,Gd,Gd,197900
8462,6,5,1994,1994,928,936,785,1721,2,1,3,1,7,0,2,471,300,87,SawyerW,RL,1Fam,2Story,Gd,PConc,Gd,Gd,201000
35760,10,5,1995,1996,1930,1831,1796,3627,3,1,4,1,10,1,3,807,361,76,NoRidge,RL,1Fam,2Story,Gd,PConc,Ex,Gd,625000
13159,7,5,2009,2009,846,846,846,1692,2,1,3,1,6,0,2,650,208,114,Timber,RL,1Fam,2Story,TA,PConc,Ex,Gd,224500
9900,7,5,1993,1993,1347,1372,1274,2646,2,1,4,1,9,1,3,656,340,60,NoRidge,RL,1Fam,2Story,Gd,PConc,Gd,Gd,260000
7175,6,5,1984,1984,744,752,0,752,1,0,2,1,4,0,1,264,353,0,SawyerW,RL,TwnhsE,1Story,TA,CBlock,Gd,TA,125000
8963,8,9,1976,1996,1142,1175,1540,2715,3,1,4,1,11,2,2,831,0,204,NWAmes,RL,1Fam,2Story,Ex,CBlock,TA,Gd,299800
9554,8,5,1993,1994,777,1065,846,1911,2,1,3,1,8,1,2,471,182,81,SawyerW,RL,1Fam,2Story,Gd,PConc,Gd,Gd,215000
11700,6,6,1968,1968,708,708,708,1416,2,1,3,1,7,1,2,776,0,169,NWAmes,RL,1Fam,2Story,TA,CBlock,TA,TA,179900
13560,6,3,1968,1968,1392,1392,0,1392,1,0,2,1,5,2,2,576,0,0,NAmes,RL,1Fam,1Story,TA,CBlock,Fa,TA,110000
13526,5,6,1965,1965,935,935,0,935,1,0,3,1,5,0,1,288,180,0,Sawyer,RL,1Fam,1Story,TA,CBlock,TA,TA,137000
6563,8,5,1985,1985,1742,1742,0,1742,2,0,2,1,5,1,2,564,114,28,StoneBr,RL,1Fam,1Story,Gd,PConc,Gd,Gd,275000
9248,6,6,1992,1992,1158,1167,0,1167,2,0,3,1,6,0,2,400,120,26,Gilbert,RL,1Fam,1Story,TA,PConc,Gd,Gd,173000
7990,5,6,1975,1975,924,924,0,924,1,0,3,1,5,0,1,280,0,0,CollgCr,RL,1Fam,1Story,TA,CBlock,Gd,TA,110000
5330,8,5,2000,2000,1494,1652,0,1652,2,0,2,1,6,0,2,499,96,48,StoneBr,RL,TwnhsE,1Story,Gd,PConc,Gd,Ex,251000
3636,4,4,1922,1950,796,796,0,796,1,0,2,1,5,0,0,0,0,0,IDOTRR,RM,1Fam,1Story,TA,BrkTil,TA,TA,55000
7200,5,7,1951,2000,900,900,0,900,1,0,3,1,5,0,2,576,222,32,NAmes,RL,1Fam,1Story,TA,CBlock,TA,Gd,134800
7064,5,6,1977,1977,980,980,0,980,1,0,3,1,6,0,2,484,192,0,Sawyer,RL,1Fam,1Story,TA,CBlock,TA,TA,135000
11120,6,6,1984,1984,1232,1232,0,1232,2,0,3,1,6,0,2,516,0,0,Veenker,RL,1Fam,1Story,TA,PConc,Gd,TA,162500
7750,7,5,2003,2003,660,660,660,1320,2,1,3,1,6,0,2,400,0,48,Gilbert,RL,1Fam,2Story,Gd,PConc,Gd,Gd,162000
9600,6,8,1950,2005,856,1112,556,1668,1,1,3,1,6,0,1,271,0,0,NAmes,RL,1Fam,1.5Fin,TA,CBlock,TA,TA,140000
11040,4,6,1920,1950,637,897,439,1336,1,1,3,1,7,0,1,570,0,47,IDOTRR,C (all),1Fam,1.5Fin,TA,CBlock,TA,TA,108000
11999,8,5,2003,2004,1181,1234,1140,2374,2,1,4,1,10,1,3,656,104,100,NridgHt,RL,1Fam,2Story,Gd,PConc,Gd,Ex,285000
6979,6,5,1980,1980,1056,1056,0,1056,0,0,0,2,4,0,2,576,264,56,OldTown,RL,Duplex,SFoyer,TA,CBlock,TA,TA,144000
8877,4,6,1938,1958,816,816,0,816,1,0,2,1,3,1,1,288,0,0,Edwards,RL,1Fam,1Story,TA,CBlock,TA,TA,100000
7200,5,7,1950,1950,0,1040,0,1040,1,0,2,1,5,0,2,625,0,0,NAmes,RL,1Fam,1Story,TA,CBlock,,TA,109500
8520,6,8,1928,2003,624,720,0,720,1,0,2,1,5,0,2,484,106,0,OldTown,RM,1Fam,1Story,TA,BrkTil,TA,TA,105900
9060,5,6,1957,2006,0,1340,0,1340,1,0,3,1,7,1,1,252,116,0,Edwards,RL,1Fam,1Story,TA,PConc,,TA,120000
13350,5,5,1974,1974,864,894,0,894,1,0,3,1,5,1,2,440,241,0,Sawyer,RL,1Fam,1Story,TA,CBlock,TA,TA,142500
10421,7,5,1988,1988,980,980,734,1714,2,1,3,1,7,1,2,496,228,66,NWAmes,RL,1Fam,2Story,TA,CBlock,Gd,TA,196500
13518,9,5,2008,2009,1926,1966,1174,3140,3,1,4,1,11,2,3,820,144,78,NridgHt,RL,1Fam,2Story,Ex,PConc,Ex,Ex,485000
9196,7,5,2003,2003,1560,1560,0,1560,2,0,3,1,7,0,2,573,100,150,Mitchel,RL,1Fam,1Story,Gd,PConc,Ex,Gd,201000
10420,6,5,2009,2009,1212,1212,0,1212,2,0,3,1,6,0,2,460,100,22,Edwards,RL,1Fam,1Story,TA,PConc,Gd,Gd,186000
12665,8,5,2005,2006,1094,1133,1349,2482,2,1,4,1,9,1,3,642,144,39,Timber,RL,1Fam,2Story,Gd,PConc,Gd,Gd,281213
6960,4,6,1970,1970,864,864,0,864,1,0,3,1,5,0,2,660,96,0,NAmes,RL,1Fam,1Story,TA,CBlock,TA,Gd,120500
10226,8,5,2008,2008,1622,1630,0,1630,2,0,3,1,8,1,3,860,172,42,CollgCr,RL,1Fam,1Story,Gd,PConc,Ex,Ex,295493
9340,4,6,1941,1950,672,672,0,672,1,0,2,1,4,0,1,234,0,113,Edwards,RL,1Fam,1Story,TA,CBlock,TA,TA,113000
12822,7,5,2003,2003,1434,1518,631,2149,1,1,1,1,6,1,2,670,168,43,Mitchel,RL,1Fam,1.5Fin,Gd,PConc,Ex,Gd,239686
8925,8,5,2007,2007,1466,1466,0,1466,2,0,3,1,7,0,3,610,100,18,Timber,RL,1Fam,1Story,Gd,PConc,Gd,Gd,201000
9600,7,5,1969,1969,1164,1164,0,1164,1,1,3,1,6,0,2,528,0,0,NWAmes,RL,1Fam,1Story,TA,CBlock,TA,TA,140000
11900,6,5,1957,1957,1392,1392,0,1392,1,1,3,1,6,2,2,458,0,0,NAmes,RL,1Fam,1Story,TA,CBlock,TA,TA,166000
8472,5,5,1963,1963,816,816,0,816,1,0,2,1,5,0,2,516,106,0,IDOTRR,RM,Duplex,1Story,Fa,CBlock,Gd,TA,110000
6955,7,5,2005,2006,1368,1368,0,1368,2,0,2,1,6,1,2,474,132,35,NridgHt,RL,TwnhsE,1Story,Gd,PConc,Gd,Gd,202500
8100,5,6,1948,1973,1559,1559,0,1559,1,0,2,1,5,0,2,812,0,116,OldTown,RM,1Fam,1Story,TA,BrkTil,TA,TA,153500
9765,6,8,1993,1993,680,680,790,1470,2,1,3,1,6,1,2,420,232,63,Gilbert,RL,1Fam,2Story,Ex,PConc,Gd,TA,185000
8760,6,6,1959,1959,1194,1194,0,1194,1,0,3,1,6,0,1,312,0,0,NAmes,RL,1Fam,1Story,TA,CBlock,TA,TA,148000
6768,6,8,1961,1996,912,912,0,912,1,0,3,1,5,0,1,288,168,0,Sawyer,RL,1Fam,1Story,TA,CBlock,TA,Gd,142000
10335,5,6,1968,1993,1461,1721,0,1721,2,1,3,1,7,1,2,440,0,96,Sawyer,RL,1Fam,1Story,TA,CBlock,TA,TA,180000
