RegionID,SizeRank,RegionName,RegionType,StateName,Date,ZHVI
394347,9,"Atlanta, GA",msa,GA,2000-01-31,149854.04571328606
394347,9,"Atlanta, GA",msa,GA,2000-02-29,150199.4336009715
394347,9,"Atlanta, GA",msa,GA,2000-03-31,150606.3644691397
394347,9,"Atlanta, GA",msa,GA,2000-04-30,151471.86149622276
394347,9,"Atlanta, GA",msa,GA,2000-05-31,152438.7735127322
394347,9,"Atlanta, GA",msa,GA,2000-06-30,153468.17190220175
394347,9,"Atlanta, GA",msa,GA,2000-07-31,154495.5579251826
394347,9,"Atlanta, GA",msa,GA,2000-08-31,155587.08765898753
394347,9,"Atlanta, GA",msa,GA,2000-09-30,156702.75496922052
394347,9,"Atlanta, GA",msa,GA,2000-10-31,157869.33879589403
394347,9,"Atlanta, GA",msa,GA,2000-11-30,158938.2201756217
394347,9,"Atlanta, GA",msa,GA,2000-12-31,160029.07944013484
394347,9,"Atlanta, GA",msa,GA,2001-01-31,160976.6885376016
394347,9,"Atlanta, GA",msa,GA,2001-02-28,161854.19455309294
394347,9,"Atlanta, GA",msa,GA,2001-03-31,162602.90240056053
394347,9,"Atlanta, GA",msa,GA,2001-04-30,163364.19394570446
394347,9,"Atlanta, GA",msa,GA,2001-05-31,164180.9418495836
394347,9,"Atlanta, GA",msa,GA,2001-06-30,165002.11216652242
394347,9,"Atlanta, GA",msa,GA,2001-07-31,165824.8877655186
394347,9,"Atlanta, GA",msa,GA,2001-08-31,166661.61949683327
394347,9,"Atlanta, GA",msa,GA,2001-09-30,167504.10939175345
394347,9,"Atlanta, GA",msa,GA,2001-10-31,168324.9512315001
394347,9,"Atlanta, GA",msa,GA,2001-11-30,169077.74910973676
394347,9,"Atlanta, GA",msa,GA,2001-12-31,169796.61193494665
394347,9,"Atlanta, GA",msa,GA,2002-01-31,170413.4681748046
394347,9,"Atlanta, GA",msa,GA,2002-02-28,171008.61278448443
394347,9,"Atlanta, GA",msa,GA,2002-03-31,171516.7255749548
394347,9,"Atlanta, GA",msa,GA,2002-04-30,172081.71998501755
394347,9,"Atlanta, GA",msa,GA,2002-05-31,172613.95175891754
394347,9,"Atlanta, GA",msa,GA,2002-06-30,173160.63001139628
394347,9,"Atlanta, GA",msa,GA,2002-07-31,173648.85629051286
394347,9,"Atlanta, GA",msa,GA,2002-08-31,174138.46423513527
394347,9,"Atlanta, GA",msa,GA,2002-09-30,174630.38171519866
394347,9,"Atlanta, GA",msa,GA,2002-10-31,175144.34869592663
394347,9,"Atlanta, GA",msa,GA,2002-11-30,175603.79955222574
394347,9,"Atlanta, GA",msa,GA,2002-12-31,175987.11863834225
394347,9,"Atlanta, GA",msa,GA,2003-01-31,176293.83474603892
394347,9,"Atlanta, GA",msa,GA,2003-02-28,176551.24314262418
394347,9,"Atlanta, GA",msa,GA,2003-03-31,176835.51549311235
394347,9,"Atlanta, GA",msa,GA,2003-04-30,177138.73257181083
394347,9,"Atlanta, GA",msa,GA,2003-05-31,177466.20787519286
394347,9,"Atlanta, GA",msa,GA,2003-06-30,177799.96756288732
394347,9,"Atlanta, GA",msa,GA,2003-07-31,178127.48910350786
394347,9,"Atlanta, GA",msa,GA,2003-08-31,178526.11246368548
394347,9,"Atlanta, GA",msa,GA,2003-09-30,178931.58698874307
394347,9,"Atlanta, GA",msa,GA,2003-10-31,179327.52181791063
394347,9,"Atlanta, GA",msa,GA,2003-11-30,179655.25640312998
394347,9,"Atlanta, GA",msa,GA,2003-12-31,180004.86220254624
394347,9,"Atlanta, GA",msa,GA,2004-01-31,180249.175192976
394347,9,"Atlanta, GA",msa,GA,2004-02-29,180486.48782765493
394347,9,"Atlanta, GA",msa,GA,2004-03-31,180699.23526078905
394347,9,"Atlanta, GA",msa,GA,2004-04-30,181105.9249047218
394347,9,"Atlanta, GA",msa,GA,2004-05-31,181554.85693748973
394347,9,"Atlanta, GA",msa,GA,2004-06-30,181993.8948325925
394347,9,"Atlanta, GA",msa,GA,2004-07-31,182404.0105600023
394347,9,"Atlanta, GA",msa,GA,2004-08-31,182910.1909417862
394347,9,"Atlanta, GA",msa,GA,2004-09-30,183463.955436844
394347,9,"Atlanta, GA",msa,GA,2004-10-31,184037.69836056215
394347,9,"Atlanta, GA",msa,GA,2004-11-30,184504.35945576648
394347,9,"Atlanta, GA",msa,GA,2004-12-31,184947.02779448367
394347,9,"Atlanta, GA",msa,GA,2005-01-31,185367.9663669624
394347,9,"Atlanta, GA",msa,GA,2005-02-28,185837.30092886512
394347,9,"Atlanta, GA",msa,GA,2005-03-31,186294.7098611067
394347,9,"Atlanta, GA",msa,GA,2005-04-30,186832.0154719984
394347,9,"Atlanta, GA",msa,GA,2005-05-31,187472.8455395761
394347,9,"Atlanta, GA",msa,GA,2005-06-30,188210.6023221832
394347,9,"Atlanta, GA",msa,GA,2005-07-31,188888.74972775244
394347,9,"Atlanta, GA",msa,GA,2005-08-31,189529.47661664343
394347,9,"Atlanta, GA",msa,GA,2005-09-30,190155.7837056334
394347,9,"Atlanta, GA",msa,GA,2005-10-31,190799.8047605269
394347,9,"Atlanta, GA",msa,GA,2005-11-30,191427.23791293587
394347,9,"Atlanta, GA",msa,GA,2005-12-31,192049.5438424812
394347,9,"Atlanta, GA",msa,GA,2006-01-31,192637.76831784003
394347,9,"Atlanta, GA",msa,GA,2006-02-28,193192.24153982263
394347,9,"Atlanta, GA",msa,GA,2006-03-31,193660.8898657816
394347,9,"Atlanta, GA",msa,GA,2006-04-30,194165.3648706097
394347,9,"Atlanta, GA",msa,GA,2006-05-31,194689.1390790107
394347,9,"Atlanta, GA",msa,GA,2006-06-30,195307.3969874736
394347,9,"Atlanta, GA",msa,GA,2006-07-31,196008.53984453715
394347,9,"Atlanta, GA",msa,GA,2006-08-31,196691.7406970372
394347,9,"Atlanta, GA",msa,GA,2006-09-30,197258.19051039385
394347,9,"Atlanta, GA",msa,GA,2006-10-31,197672.742456284
394347,9,"Atlanta, GA",msa,GA,2006-11-30,197956.02006432693
394347,9,"Atlanta, GA",msa,GA,2006-12-31,198292.65195534503
394347,9,"Atlanta, GA",msa,GA,2007-01-31,198580.5897628274
394347,9,"Atlanta, GA",msa,GA,2007-02-28,198904.5858318905
394347,9,"Atlanta, GA",msa,GA,2007-03-31,199251.1571510996
394347,9,"Atlanta, GA",msa,GA,2007-04-30,199664.0176353058
394347,9,"Atlanta, GA",msa,GA,2007-05-31,200083.2180955537
394347,9,"Atlanta, GA",msa,GA,2007-06-30,200376.96007910764
394347,9,"Atlanta, GA",msa,GA,2007-07-31,200574.21931096588
394347,9,"Atlanta, GA",msa,GA,2007-08-31,200590.91546709428
394347,9,"Atlanta, GA",msa,GA,2007-09-30,200345.58622095332
394347,9,"Atlanta, GA",msa,GA,2007-10-31,199868.4076967145
394347,9,"Atlanta, GA",msa,GA,2007-11-30,199124.90617002067
394347,9,"Atlanta, GA",msa,GA,2007-12-31,198389.786794276
394347,9,"Atlanta, GA",msa,GA,2008-01-31,197286.3453419403
394347,9,"Atlanta, GA",msa,GA,2008-02-29,196041.68512548064
394347,9,"Atlanta, GA",msa,GA,2008-03-31,194546.099771179
394347,9,"Atlanta, GA",msa,GA,2008-04-30,193355.1132579966
394347,9,"Atlanta, GA",msa,GA,2008-05-31,192318.28917495685
394347,9,"Atlanta, GA",msa,GA,2008-06-30,191308.93076933944
394347,9,"Atlanta, GA",msa,GA,2008-07-31,190101.05863809487
394347,9,"Atlanta, GA",msa,GA,2008-08-31,188701.6929120641
394347,9,"Atlanta, GA",msa,GA,2008-09-30,187187.08762880656
394347,9,"Atlanta, GA",msa,GA,2008-10-31,185463.31337057924
394347,9,"Atlanta, GA",msa,GA,2008-11-30,183247.3565862619
394347,9,"Atlanta, GA",msa,GA,2008-12-31,180431.0956890227
394347,9,"Atlanta, GA",msa,GA,2009-01-31,177450.70435781626
394347,9,"Atlanta, GA",msa,GA,2009-02-28,174688.17356218086
394347,9,"Atlanta, GA",msa,GA,2009-03-31,172275.23593349764
394347,9,"Atlanta, GA",msa,GA,2009-04-30,169907.69634147655
394347,9,"Atlanta, GA",msa,GA,2009-05-31,167620.64457036852
394347,9,"Atlanta, GA",msa,GA,2009-06-30,165594.49635615305
394347,9,"Atlanta, GA",msa,GA,2009-07-31,164017.08483020685
394347,9,"Atlanta, GA",msa,GA,2009-08-31,162768.65693672883
394347,9,"Atlanta, GA",msa,GA,2009-09-30,161573.62790158993
394347,9,"Atlanta, GA",msa,GA,2009-10-31,160323.92945607824
394347,9,"Atlanta, GA",msa,GA,2009-11-30,159221.80144228865
394347,9,"Atlanta, GA",msa,GA,2009-12-31,158471.4710041324
394347,9,"Atlanta, GA",msa,GA,2010-01-31,157770.70722913172
394347,9,"Atlanta, GA",msa,GA,2010-02-28,157146.94332056592
394347,9,"Atlanta, GA",msa,GA,2010-03-31,156602.1157301669
394347,9,"Atlanta, GA",msa,GA,2010-04-30,156494.7297649986
394347,9,"Atlanta, GA",msa,GA,2010-05-31,156471.86386582014
394347,9,"Atlanta, GA",msa,GA,2010-06-30,156249.03334744376
394347,9,"Atlanta, GA",msa,GA,2010-07-31,155160.48339013834
394347,9,"Atlanta, GA",msa,GA,2010-08-31,153492.13416868754
394347,9,"Atlanta, GA",msa,GA,2010-09-30,151265.82803209548
394347,9,"Atlanta, GA",msa,GA,2010-10-31,149222.25469154716
394347,9,"Atlanta, GA",msa,GA,2010-11-30,147222.80388589273
394347,9,"Atlanta, GA",msa,GA,2010-12-31,145440.58966952984
394347,9,"Atlanta, GA",msa,GA,2011-01-31,143682.90290241077
394347,9,"Atlanta, GA",msa,GA,2011-02-28,142214.54603276393
394347,9,"Atlanta, GA",msa,GA,2011-03-31,140737.71468939914
394347,9,"Atlanta, GA",msa,GA,2011-04-30,139113.1882420942
394347,9,"Atlanta, GA",msa,GA,2011-05-31,137020.03945554697
394347,9,"Atlanta, GA",msa,GA,2011-06-30,134906.16868096948
394347,9,"Atlanta, GA",msa,GA,2011-07-31,133121.23659042406
394347,9,"Atlanta, GA",msa,GA,2011-08-31,132031.53135258437
394347,9,"Atlanta, GA",msa,GA,2011-09-30,131541.68249069215
394347,9,"Atlanta, GA",msa,GA,2011-10-31,131313.95181709054
394347,9,"Atlanta, GA",msa,GA,2011-11-30,131067.06589866248
394347,9,"Atlanta, GA",msa,GA,2011-12-31,130263.99761169509
394347,9,"Atlanta, GA",msa,GA,2012-01-31,129587.67843276764
394347,9,"Atlanta, GA",msa,GA,2012-02-29,129078.50659698514
394347,9,"Atlanta, GA",msa,GA,2012-03-31,129311.62586145772
394347,9,"Atlanta, GA",msa,GA,2012-04-30,129688.42884513891
394347,9,"Atlanta, GA",msa,GA,2012-05-31,130175.02936927188
394347,9,"Atlanta, GA",msa,GA,2012-06-30,130773.68787525654
394347,9,"Atlanta, GA",msa,GA,2012-07-31,131502.38509873816
394347,9,"Atlanta, GA",msa,GA,2012-08-31,132046.34105008244
394347,9,"Atlanta, GA",msa,GA,2012-09-30,132586.7687691982
394347,9,"Atlanta, GA",msa,GA,2012-10-31,133019.29273412933
394347,9,"Atlanta, GA",msa,GA,2012-11-30,133694.51397762928
394347,9,"Atlanta, GA",msa,GA,2012-12-31,134447.611666341
394347,9,"Atlanta, GA",msa,GA,2013-01-31,135341.28165666238
394347,9,"Atlanta, GA",msa,GA,2013-02-28,136429.5894016753
394347,9,"Atlanta, GA",msa,GA,2013-03-31,137983.9922383145
394347,9,"Atlanta, GA",msa,GA,2013-04-30,139983.1516044713
394347,9,"Atlanta, GA",msa,GA,2013-05-31,142486.34666183646
394347,9,"Atlanta, GA",msa,GA,2013-06-30,145082.312285748
394347,9,"Atlanta, GA",msa,GA,2013-07-31,147577.39542823145
394347,9,"Atlanta, GA",msa,GA,2013-08-31,149888.4749715442
394347,9,"Atlanta, GA",msa,GA,2013-09-30,151880.27401817357
394347,9,"Atlanta, GA",msa,GA,2013-10-31,153933.43093907626
394347,9,"Atlanta, GA",msa,GA,2013-11-30,155764.05635311958
394347,9,"Atlanta, GA",msa,GA,2013-12-31,157714.93128499424
394347,9,"Atlanta, GA",msa,GA,2014-01-31,159437.60688489492
394347,9,"Atlanta, GA",msa,GA,2014-02-28,161176.81860995275
394347,9,"Atlanta, GA",msa,GA,2014-03-31,162828.02038102542
394347,9,"Atlanta, GA",msa,GA,2014-04-30,164508.0000519406
394347,9,"Atlanta, GA",msa,GA,2014-05-31,166202.16051911298
394347,9,"Atlanta, GA",msa,GA,2014-06-30,167591.4955866142
394347,9,"Atlanta, GA",msa,GA,2014-07-31,168805.37026828458
394347,9,"Atlanta, GA",msa,GA,2014-08-31,169772.2710621272
394347,9,"Atlanta, GA",msa,GA,2014-09-30,170689.66566346597
394347,9,"Atlanta, GA",msa,GA,2014-10-31,171523.1516756102
394347,9,"Atlanta, GA",msa,GA,2014-11-30,172516.91069172588
394347,9,"Atlanta, GA",msa,GA,2014-12-31,173549.90342182203
394347,9,"Atlanta, GA",msa,GA,2015-01-31,174543.8810105752
394347,9,"Atlanta, GA",msa,GA,2015-02-28,175457.8906896557
394347,9,"Atlanta, GA",msa,GA,2015-03-31,176411.669647313
394347,9,"Atlanta, GA",msa,GA,2015-04-30,177476.15546772032
394347,9,"Atlanta, GA",msa,GA,2015-05-31,178649.70007004566
394347,9,"Atlanta, GA",msa,GA,2015-06-30,179788.48887214097
394347,9,"Atlanta, GA",msa,GA,2015-07-31,181044.16849339413
394347,9,"Atlanta, GA",msa,GA,2015-08-31,182301.91580232463
394347,9,"Atlanta, GA",msa,GA,2015-09-30,183649.17050938983
394347,9,"Atlanta, GA",msa,GA,2015-10-31,184937.08738034373
394347,9,"Atlanta, GA",msa,GA,2015-11-30,186194.6714305071
394347,9,"Atlanta, GA",msa,GA,2015-12-31,187527.3613482231
394347,9,"Atlanta, GA",msa,GA,2016-01-31,189038.74811920244
394347,9,"Atlanta, GA",msa,GA,2016-02-29,190558.29478289167
394347,9,"Atlanta, GA",msa,GA,2016-03-31,191779.49668180896
394347,9,"Atlanta, GA",msa,GA,2016-04-30,193027.92776742316
394347,9,"Atlanta, GA",msa,GA,2016-05-31,194196.8132105032
394347,9,"Atlanta, GA",msa,GA,2016-06-30,195353.23942192143
394347,9,"Atlanta, GA",msa,GA,2016-07-31,196073.5741765293
394347,9,"Atlanta, GA",msa,GA,2016-08-31,196646.86787512072
394347,9,"Atlanta, GA",msa,GA,2016-09-30,197432.18593325876
394347,9,"Atlanta, GA",msa,GA,2016-10-31,198599.70029688263
394347,9,"Atlanta, GA",msa,GA,2016-11-30,200080.0380640585
394347,9,"Atlanta, GA",msa,GA,2016-12-31,201733.0160617097
394347,9,"Atlanta, GA",msa,GA,2017-01-31,203260.04940675883
394347,9,"Atlanta, GA",msa,GA,2017-02-28,204792.74985523635
394347,9,"Atlanta, GA",msa,GA,2017-03-31,206285.02888671053
394347,9,"Atlanta, GA",msa,GA,2017-04-30,207803.97275963737
394347,9,"Atlanta, GA",msa,GA,2017-05-31,209117.9911054732
394347,9,"Atlanta, GA",msa,GA,2017-06-30,210252.8521106724
394347,9,"Atlanta, GA",msa,GA,2017-07-31,211393.084997906
394347,9,"Atlanta, GA",msa,GA,2017-08-31,212547.1840122753
394347,9,"Atlanta, GA",msa,GA,2017-09-30,213786.1182595621
394347,9,"Atlanta, GA",msa,GA,2017-10-31,215116.41335627213
394347,9,"Atlanta, GA",msa,GA,2017-11-30,216748.74981719744
394347,9,"Atlanta, GA",msa,GA,2017-12-31,218749.3293207104
394347,9,"Atlanta, GA",msa,GA,2018-01-31,220834.89196975125
394347,9,"Atlanta, GA",msa,GA,2018-02-28,222828.0969212354
394347,9,"Atlanta, GA",msa,GA,2018-03-31,224727.1458720992
394347,9,"Atlanta, GA",msa,GA,2018-04-30,226323.96945686397
394347,9,"Atlanta, GA",msa,GA,2018-05-31,227838.32855240093
394347,9,"Atlanta, GA",msa,GA,2018-06-30,228974.2131830232
394347,9,"Atlanta, GA",msa,GA,2018-07-31,230461.30482161127
394347,9,"Atlanta, GA",msa,GA,2018-08-31,231925.21338293448
394347,9,"Atlanta, GA",msa,GA,2018-09-30,233609.1627410325
394347,9,"Atlanta, GA",msa,GA,2018-10-31,235073.4781151856
394347,9,"Atlanta, GA",msa,GA,2018-11-30,236629.63767976128
394347,9,"Atlanta, GA",msa,GA,2018-12-31,238270.758127068
394347,9,"Atlanta, GA",msa,GA,2019-01-31,239929.7854377936
394347,9,"Atlanta, GA",msa,GA,2019-02-28,241459.61021028715
394347,9,"Atlanta, GA",msa,GA,2019-03-31,242750.19390950064
394347,9,"Atlanta, GA",msa,GA,2019-04-30,243770.2788096809
394347,9,"Atlanta, GA",msa,GA,2019-05-31,244568.56459204204
394347,9,"Atlanta, GA",msa,GA,2019-06-30,245168.48189756772
394347,9,"Atlanta, GA",msa,GA,2019-07-31,245766.65754927625
394347,9,"Atlanta, GA",msa,GA,2019-08-31,246454.3984606228
394347,9,"Atlanta, GA",msa,GA,2019-09-30,247170.53924510183
394347,9,"Atlanta, GA",msa,GA,2019-10-31,248098.0533448901
394347,9,"Atlanta, GA",msa,GA,2019-11-30,249351.2371077291
394347,9,"Atlanta, GA",msa,GA,2019-12-31,250985.78050275563
394347,9,"Atlanta, GA",msa,GA,2020-01-31,252897.12276185723
394347,9,"Atlanta, GA",msa,GA,2020-02-29,254771.77842769364
394347,9,"Atlanta, GA",msa,GA,2020-03-31,256456.36260933685
394347,9,"Atlanta, GA",msa,GA,2020-04-30,257628.26229561932
394347,9,"Atlanta, GA",msa,GA,2020-05-31,258025.5456289236
394347,9,"Atlanta, GA",msa,GA,2020-06-30,258228.3769236883
394347,9,"Atlanta, GA",msa,GA,2020-07-31,258885.12989058488
394347,9,"Atlanta, GA",msa,GA,2020-08-31,260664.47504646456
394347,9,"Atlanta, GA",msa,GA,2020-09-30,263556.27591229527
394347,9,"Atlanta, GA",msa,GA,2020-10-31,267247.83552139794
394347,9,"Atlanta, GA",msa,GA,2020-11-30,271498.1145027092
394347,9,"Atlanta, GA",msa,GA,2020-12-31,275823.8199155271
394347,9,"Atlanta, GA",msa,GA,2021-01-31,280237.02113571606
394347,9,"Atlanta, GA",msa,GA,2021-02-28,284905.3409387278
394347,9,"Atlanta, GA",msa,GA,2021-03-31,289876.99931948475
394347,9,"Atlanta, GA",msa,GA,2021-04-30,295037.48676863586
394347,9,"Atlanta, GA",msa,GA,2021-05-31,300620.23248253413
394347,9,"Atlanta, GA",msa,GA,2021-06-30,306615.00533729955
394347,9,"Atlanta, GA",msa,GA,2021-07-31,312196.95373134903
394347,9,"Atlanta, GA",msa,GA,2021-08-31,316803.63564460847
394347,9,"Atlanta, GA",msa,GA,2021-09-30,320722.6287957661
394347,9,"Atlanta, GA",msa,GA,2021-10-31,325228.60280532495
394347,9,"Atlanta, GA",msa,GA,2021-11-30,330705.9891915039
394347,9,"Atlanta, GA",msa,GA,2021-12-31,336879.2981275518
394347,9,"Atlanta, GA",msa,GA,2022-01-31,344416.88961586653
394347,9,"Atlanta, GA",msa,GA,2022-02-28,352569.6947335936
394347,9,"Atlanta, GA",msa,GA,2022-03-31,361267.1215153676
394347,9,"Atlanta, GA",msa,GA,2022-04-30,369336.47652135626
394347,9,"Atlanta, GA",msa,GA,2022-05-31,376431.6487410141
394347,9,"Atlanta, GA",msa,GA,2022-06-30,382199.0225459258
394347,9,"Atlanta, GA",msa,GA,2022-07-31,385400.1428825087
394347,9,"Atlanta, GA",msa,GA,2022-08-31,386197.9106702285
394347,9,"Atlanta, GA",msa,GA,2022-09-30,385115.4653986227
394347,9,"Atlanta, GA",msa,GA,2022-10-31,383749.770638073
394347,9,"Atlanta, GA",msa,GA,2022-11-30,382313.4560813019
394347,9,"Atlanta, GA",msa,GA,2022-12-31,380705.5989508877
394347,9,"Atlanta, GA",msa,GA,2023-01-31,378948.3942339719
394347,9,"Atlanta, GA",msa,GA,2023-02-28,377633.4839484329
394347,9,"Atlanta, GA",msa,GA,2023-03-31,377296.2567076572
394347,9,"Atlanta, GA",msa,GA,2023-04-30,377712.7056639848
394347,9,"Atlanta, GA",msa,GA,2023-05-31,379017.7573990992
394347,9,"Atlanta, GA",msa,GA,2023-06-30,380796.0844741774
394347,9,"Atlanta, GA",msa,GA,2023-07-31,382818.0926346305
394347,9,"Atlanta, GA",msa,GA,2023-08-31,384747.6426040852
394347,9,"Atlanta, GA",msa,GA,2023-09-30,386401.2822978993
394347,9,"Atlanta, GA",msa,GA,2023-10-31,387707.75969026965
394347,9,"Atlanta, GA",msa,GA,2023-11-30,388685.5411361605
394347,9,"Atlanta, GA",msa,GA,2023-12-31,389381.8143390098
394347,9,"Atlanta, GA",msa,GA,2024-01-31,389947.098151878
394347,9,"Atlanta, GA",msa,GA,2024-02-29,390904.9673645531
394347,9,"Atlanta, GA",msa,GA,2024-03-31,392485.4346777932
394347,9,"Atlanta, GA",msa,GA,2024-04-30,394313.1737214267
394347,9,"Atlanta, GA",msa,GA,2024-05-31,395491.895358135
394347,9,"Atlanta, GA",msa,GA,2024-06-30,395721.951836478
394347,9,"Atlanta, GA",msa,GA,2024-07-31,395512.3659609387
394347,9,"Atlanta, GA",msa,GA,2024-08-31,395364.8329176569
394347,9,"Atlanta, GA",msa,GA,2024-09-30,395187.70323367225
394347,9,"Atlanta, GA",msa,GA,2024-10-31,394714.1136878749
394347,9,"Atlanta, GA",msa,GA,2024-11-30,393860.6488229499
394347,9,"Atlanta, GA",msa,GA,2024-12-31,392981.2600748226
394347,9,"Atlanta, GA",msa,GA,2025-01-31,392152.659813924
394347,9,"Atlanta, GA",msa,GA,2025-02-28,391296.6229643478
394347,9,"Atlanta, GA",msa,GA,2025-03-31,389944.7840921261
394347,9,"Atlanta, GA",msa,GA,2025-04-30,388560.5045430292
394347,9,"Atlanta, GA",msa,GA,2025-05-31,387017.80332970014
394347,9,"Atlanta, GA",msa,GA,2025-06-30,385647.0615418468
394347,9,"Atlanta, GA",msa,GA,2025-07-31,384351.47033128585
394347,9,"Atlanta, GA",msa,GA,2025-08-31,383482.176625287
394347,9,"Atlanta, GA",msa,GA,2025-09-30,383101.5369309282
394347,9,"Atlanta, GA",msa,GA,2025-10-31,382806.99643018487
394347,9,"Atlanta, GA",msa,GA,2025-11-30,382364.5512918185
394347,9,"Atlanta, GA",msa,GA,2025-12-31,381844.3206329154
394347,9,"Atlanta, GA",msa,GA,2026-01-31,381318.6756961758
394347,9,"Atlanta, GA",msa,GA,2026-02-28,380949.9739144007
394347,9,"Atlanta, GA",msa,GA,2026-03-31,380360.3694053837
394347,9,"Atlanta, GA",msa,GA,2026-04-30,379648.11952093407
394347,9,"Atlanta, GA",msa,GA,2026-05-31,378747.6721286659
394347,9,"Atlanta, GA",msa,GA,2026-06-30,378028.64398231
394347,9,"Atlanta, GA",msa,GA,2026-07-31,377627.7202413026
394347,9,"Atlanta, GA",msa,GA,2026-08-31,377428.3976413579
394355,29,"Austin, TX",msa,TX,2000-01-31,176532.14654262215
394355,29,"Austin, TX",msa,TX,2000-02-29,177112.63569152943
394355,29,"Austin, TX",msa,TX,2000-03-31,177644.15200438254
394355,29,"Austin, TX",msa,TX,2000-04-30,178489.23071561384
394355,29,"Austin, TX",msa,TX,2000-05-31,179127.40556595827
394355,29,"Austin, TX",msa,TX,2000-06-30,179411.90088272854
394355,29,"Austin, TX",msa,TX,2000-07-31,179522.39915885904
394355,29,"Austin, TX",msa,TX,2000-08-31,180150.3371633952
394355,29,"Austin, TX",msa,TX,2000-09-30,180838.61741271152
394355,29,"Austin, TX",msa,TX,2000-10-31,181920.97533248816
394355,29,"Austin, TX",msa,TX,2000-11-30,182636.4211051997
394355,29,"Austin, TX",msa,TX,2000-12-31,183239.8856827473
394355,29,"Austin, TX",msa,TX,2001-01-31,183446.41626392948
394355,29,"Austin, TX",msa,TX,2001-02-28,183462.3859041989
394355,29,"Austin, TX",msa,TX,2001-03-31,183793.57604469344
394355,29,"Austin, TX",msa,TX,2001-04-30,184441.18900976947
394355,29,"Austin, TX",msa,TX,2001-05-31,185014.47687373197
394355,29,"Austin, TX",msa,TX,2001-06-30,185395.6384750436
394355,29,"Austin, TX",msa,TX,2001-07-31,185584.15872975544
394355,29,"Austin, TX",msa,TX,2001-08-31,185853.55506381375
394355,29,"Austin, TX",msa,TX,2001-09-30,185917.82186458373
394355,29,"Austin, TX",msa,TX,2001-10-31,185928.4072637788
394355,29,"Austin, TX",msa,TX,2001-11-30,185906.31705822155
394355,29,"Austin, TX",msa,TX,2001-12-31,185760.97672110764
394355,29,"Austin, TX",msa,TX,2002-01-31,185713.8081760287
394355,29,"Austin, TX",msa,TX,2002-02-28,185368.807446416
394355,29,"Austin, TX",msa,TX,2002-03-31,185214.2234727884
394355,29,"Austin, TX",msa,TX,2002-04-30,185002.4539768412
394355,29,"Austin, TX",msa,TX,2002-05-31,184847.06638025717
394355,29,"Austin, TX",msa,TX,2002-06-30,184601.1097491309
394355,29,"Austin, TX",msa,TX,2002-07-31,184255.6386940095
394355,29,"Austin, TX",msa,TX,2002-08-31,184065.1537248571
394355,29,"Austin, TX",msa,TX,2002-09-30,184132.6450220928
394355,29,"Austin, TX",msa,TX,2002-10-31,184151.4288764825
394355,29,"Austin, TX",msa,TX,2002-11-30,184090.5676647725
394355,29,"Austin, TX",msa,TX,2002-12-31,183697.10958277155
394355,29,"Austin, TX",msa,TX,2003-01-31,183374.24296658047
394355,29,"Austin, TX",msa,TX,2003-02-28,183312.00761836988
394355,29,"Austin, TX",msa,TX,2003-03-31,183609.99276153347
394355,29,"Austin, TX",msa,TX,2003-04-30,183963.91212261983
394355,29,"Austin, TX",msa,TX,2003-05-31,184164.22296458995
394355,29,"Austin, TX",msa,TX,2003-06-30,184179.80508890175
394355,29,"Austin, TX",msa,TX,2003-07-31,184402.5988458502
394355,29,"Austin, TX",msa,TX,2003-08-31,184639.38590506595
394355,29,"Austin, TX",msa,TX,2003-09-30,184712.20850623577
394355,29,"Austin, TX",msa,TX,2003-10-31,184591.83575822445
394355,29,"Austin, TX",msa,TX,2003-11-30,184361.91932436236
394355,29,"Austin, TX",msa,TX,2003-12-31,184278.7220718962
394355,29,"Austin, TX",msa,TX,2004-01-31,184218.9846593314
394355,29,"Austin, TX",msa,TX,2004-02-29,184741.31650276147
394355,29,"Austin, TX",msa,TX,2004-03-31,185534.62806990347
394355,29,"Austin, TX",msa,TX,2004-04-30,186436.0174967188
394355,29,"Austin, TX",msa,TX,2004-05-31,186964.15792493653
394355,29,"Austin, TX",msa,TX,2004-06-30,187211.06509452764
394355,29,"Austin, TX",msa,TX,2004-07-31,187552.54210810884
394355,29,"Austin, TX",msa,TX,2004-08-31,188164.2667939775
394355,29,"Austin, TX",msa,TX,2004-09-30,189231.12979615096
394355,29,"Austin, TX",msa,TX,2004-10-31,190197.7441514902
394355,29,"Austin, TX",msa,TX,2004-11-30,190866.0538888237
394355,29,"Austin, TX",msa,TX,2004-12-31,191280.5072435605
394355,29,"Austin, TX",msa,TX,2005-01-31,191582.72729640547
394355,29,"Austin, TX",msa,TX,2005-02-28,191805.00839664837
394355,29,"Austin, TX",msa,TX,2005-03-31,191959.6840048946
394355,29,"Austin, TX",msa,TX,2005-04-30,192394.7572184832
394355,29,"Austin, TX",msa,TX,2005-05-31,193047.1047892121
394355,29,"Austin, TX",msa,TX,2005-06-30,193964.5376712372
394355,29,"Austin, TX",msa,TX,2005-07-31,194850.720797164
394355,29,"Austin, TX",msa,TX,2005-08-31,195592.60170135036
394355,29,"Austin, TX",msa,TX,2005-09-30,196223.5268951876
394355,29,"Austin, TX",msa,TX,2005-10-31,196561.3016117044
394355,29,"Austin, TX",msa,TX,2005-11-30,197018.98968328364
394355,29,"Austin, TX",msa,TX,2005-12-31,197510.01174902476
394355,29,"Austin, TX",msa,TX,2006-01-31,198033.0817655706
394355,29,"Austin, TX",msa,TX,2006-02-28,198350.94848750124
394355,29,"Austin, TX",msa,TX,2006-03-31,198364.99638529445
394355,29,"Austin, TX",msa,TX,2006-04-30,198453.0071042312
394355,29,"Austin, TX",msa,TX,2006-05-31,198658.15219432325
394355,29,"Austin, TX",msa,TX,2006-06-30,199204.45351634952
394355,29,"Austin, TX",msa,TX,2006-07-31,199948.80560721783
394355,29,"Austin, TX",msa,TX,2006-08-31,200856.18166036252
394355,29,"Austin, TX",msa,TX,2006-09-30,201877.6654051569
394355,29,"Austin, TX",msa,TX,2006-10-31,202699.99074886937
394355,29,"Austin, TX",msa,TX,2006-11-30,203466.83642442813
394355,29,"Austin, TX",msa,TX,2006-12-31,204185.48549681008
394355,29,"Austin, TX",msa,TX,2007-01-31,204980.31286112225
394355,29,"Austin, TX",msa,TX,2007-02-28,205611.7450454321
394355,29,"Austin, TX",msa,TX,2007-03-31,206086.8728292237
394355,29,"Austin, TX",msa,TX,2007-04-30,206675.58396465064
394355,29,"Austin, TX",msa,TX,2007-05-31,207305.45920163617
394355,29,"Austin, TX",msa,TX,2007-06-30,207974.93611835656
394355,29,"Austin, TX",msa,TX,2007-07-31,208631.7638293533
394355,29,"Austin, TX",msa,TX,2007-08-31,209374.4461419968
394355,29,"Austin, TX",msa,TX,2007-09-30,210054.78928609405
394355,29,"Austin, TX",msa,TX,2007-10-31,210682.8348733577
394355,29,"Austin, TX",msa,TX,2007-11-30,211342.4868284893
394355,29,"Austin, TX",msa,TX,2007-12-31,212048.8888294964
394355,29,"Austin, TX",msa,TX,2008-01-31,212549.1629773856
394355,29,"Austin, TX",msa,TX,2008-02-29,212649.46713024843
394355,29,"Austin, TX",msa,TX,2008-03-31,212751.35701345405
394355,29,"Austin, TX",msa,TX,2008-04-30,212889.41063768545
394355,29,"Austin, TX",msa,TX,2008-05-31,213146.54075356424
394355,29,"Austin, TX",msa,TX,2008-06-30,212964.19608329216
394355,29,"Austin, TX",msa,TX,2008-07-31,212651.06643500936
394355,29,"Austin, TX",msa,TX,2008-08-31,212055.02989991225
394355,29,"Austin, TX",msa,TX,2008-09-30,211485.78668489435
394355,29,"Austin, TX",msa,TX,2008-10-31,210679.85577458667
394355,29,"Austin, TX",msa,TX,2008-11-30,209357.3326291276
394355,29,"Austin, TX",msa,TX,2008-12-31,208066.40731754573
394355,29,"Austin, TX",msa,TX,2009-01-31,206938.5755234935
394355,29,"Austin, TX",msa,TX,2009-02-28,206307.5992384049
394355,29,"Austin, TX",msa,TX,2009-03-31,205607.266010568
394355,29,"Austin, TX",msa,TX,2009-04-30,204928.26477874373
394355,29,"Austin, TX",msa,TX,2009-05-31,204409.3593764077
394355,29,"Austin, TX",msa,TX,2009-06-30,204269.61541291265
394355,29,"Austin, TX",msa,TX,2009-07-31,204218.9736311054
394355,29,"Austin, TX",msa,TX,2009-08-31,204150.67485851853
394355,29,"Austin, TX",msa,TX,2009-09-30,203919.6145252245
394355,29,"Austin, TX",msa,TX,2009-10-31,203572.52212446896
394355,29,"Austin, TX",msa,TX,2009-11-30,203585.78057365143
394355,29,"Austin, TX",msa,TX,2009-12-31,203584.68667006088
394355,29,"Austin, TX",msa,TX,2010-01-31,203383.8490928771
394355,29,"Austin, TX",msa,TX,2010-02-28,203155.97172654452
394355,29,"Austin, TX",msa,TX,2010-03-31,203007.30615892864
394355,29,"Austin, TX",msa,TX,2010-04-30,203239.7444796004
394355,29,"Austin, TX",msa,TX,2010-05-31,203637.02027977468
394355,29,"Austin, TX",msa,TX,2010-06-30,203936.4742947916
394355,29,"Austin, TX",msa,TX,2010-07-31,203577.4736860064
394355,29,"Austin, TX",msa,TX,2010-08-31,202664.77828404165
394355,29,"Austin, TX",msa,TX,2010-09-30,201460.23978549984
394355,29,"Austin, TX",msa,TX,2010-10-31,200319.3752933082
394355,29,"Austin, TX",msa,TX,2010-11-30,199219.7856364144
394355,29,"Austin, TX",msa,TX,2010-12-31,198118.0057753852
394355,29,"Austin, TX",msa,TX,2011-01-31,197260.2954101601
394355,29,"Austin, TX",msa,TX,2011-02-28,196251.82119014228
394355,29,"Austin, TX",msa,TX,2011-03-31,195647.4890361993
394355,29,"Austin, TX",msa,TX,2011-04-30,195537.08505678267
394355,29,"Austin, TX",msa,TX,2011-05-31,195657.6466550592
394355,29,"Austin, TX",msa,TX,2011-06-30,195494.1402438624
394355,29,"Austin, TX",msa,TX,2011-07-31,195179.54433338917
394355,29,"Austin, TX",msa,TX,2011-08-31,195175.4363039092
394355,29,"Austin, TX",msa,TX,2011-09-30,195399.33700106893
394355,29,"Austin, TX",msa,TX,2011-10-31,195409.0311843053
394355,29,"Austin, TX",msa,TX,2011-11-30,195163.8148686064
394355,29,"Austin, TX",msa,TX,2011-12-31,194962.40668031105
394355,29,"Austin, TX",msa,TX,2012-01-31,195180.9375515637
394355,29,"Austin, TX",msa,TX,2012-02-29,195574.02658725475
394355,29,"Austin, TX",msa,TX,2012-03-31,196158.3053979888
394355,29,"Austin, TX",msa,TX,2012-04-30,196685.5143346203
394355,29,"Austin, TX",msa,TX,2012-05-31,197316.06095640076
394355,29,"Austin, TX",msa,TX,2012-06-30,198179.64074119544
394355,29,"Austin, TX",msa,TX,2012-07-31,199214.2127481429
394355,29,"Austin, TX",msa,TX,2012-08-31,200389.93465899315
394355,29,"Austin, TX",msa,TX,2012-09-30,201581.62885529024
394355,29,"Austin, TX",msa,TX,2012-10-31,202817.6416145075
394355,29,"Austin, TX",msa,TX,2012-11-30,204134.52308246255
394355,29,"Austin, TX",msa,TX,2012-12-31,205396.23994393577
394355,29,"Austin, TX",msa,TX,2013-01-31,206855.24216318232
394355,29,"Austin, TX",msa,TX,2013-02-28,208496.75999165783
394355,29,"Austin, TX",msa,TX,2013-03-31,210264.22394403795
394355,29,"Austin, TX",msa,TX,2013-04-30,212039.22154922152
394355,29,"Austin, TX",msa,TX,2013-05-31,213778.68073722877
394355,29,"Austin, TX",msa,TX,2013-06-30,215940.16662695448
394355,29,"Austin, TX",msa,TX,2013-07-31,218113.57638866903
394355,29,"Austin, TX",msa,TX,2013-08-31,220298.57712877705
394355,29,"Austin, TX",msa,TX,2013-09-30,222220.5584926666
394355,29,"Austin, TX",msa,TX,2013-10-31,224053.94114463497
394355,29,"Austin, TX",msa,TX,2013-11-30,225824.5973929832
394355,29,"Austin, TX",msa,TX,2013-12-31,227548.0360381064
394355,29,"Austin, TX",msa,TX,2014-01-31,229487.70804850105
394355,29,"Austin, TX",msa,TX,2014-02-28,231513.93968311776
394355,29,"Austin, TX",msa,TX,2014-03-31,233667.81293601217
394355,29,"Austin, TX",msa,TX,2014-04-30,235852.3510345895
394355,29,"Austin, TX",msa,TX,2014-05-31,238215.54158691317
394355,29,"Austin, TX",msa,TX,2014-06-30,240569.95930066705
394355,29,"Austin, TX",msa,TX,2014-07-31,242958.10798945677
394355,29,"Austin, TX",msa,TX,2014-08-31,245095.1654386716
394355,29,"Austin, TX",msa,TX,2014-09-30,247061.30120651293
394355,29,"Austin, TX",msa,TX,2014-10-31,248704.7381168131
394355,29,"Austin, TX",msa,TX,2014-11-30,250579.042345234
394355,29,"Austin, TX",msa,TX,2014-12-31,252606.41619503908
394355,29,"Austin, TX",msa,TX,2015-01-31,255120.5984608472
394355,29,"Austin, TX",msa,TX,2015-02-28,257694.3095360913
394355,29,"Austin, TX",msa,TX,2015-03-31,260287.196048586
394355,29,"Austin, TX",msa,TX,2015-04-30,262353.71449105133
394355,29,"Austin, TX",msa,TX,2015-05-31,264201.66709043673
394355,29,"Austin, TX",msa,TX,2015-06-30,265890.8392619318
394355,29,"Austin, TX",msa,TX,2015-07-31,267700.20597866864
394355,29,"Austin, TX",msa,TX,2015-08-31,269476.8444687277
394355,29,"Austin, TX",msa,TX,2015-09-30,271235.3336555749
394355,29,"Austin, TX",msa,TX,2015-10-31,272916.012143136
394355,29,"Austin, TX",msa,TX,2015-11-30,274691.86752358987
394355,29,"Austin, TX",msa,TX,2015-12-31,276467.14124781167
394355,29,"Austin, TX",msa,TX,2016-01-31,278554.9535158002
394355,29,"Austin, TX",msa,TX,2016-02-29,280596.960667998
394355,29,"Austin, TX",msa,TX,2016-03-31,282295.032648541
394355,29,"Austin, TX",msa,TX,2016-04-30,283786.1338192977
394355,29,"Austin, TX",msa,TX,2016-05-31,285229.6945313034
394355,29,"Austin, TX",msa,TX,2016-06-30,286852.5349881674
394355,29,"Austin, TX",msa,TX,2016-07-31,288159.9894963344
394355,29,"Austin, TX",msa,TX,2016-08-31,289012.3451439014
394355,29,"Austin, TX",msa,TX,2016-09-30,289648.7778926596
394355,29,"Austin, TX",msa,TX,2016-10-31,290529.7975224645
394355,29,"Austin, TX",msa,TX,2016-11-30,291943.4675801016
394355,29,"Austin, TX",msa,TX,2016-12-31,293746.98329308524
394355,29,"Austin, TX",msa,TX,2017-01-31,295558.12512621254
394355,29,"Austin, TX",msa,TX,2017-02-28,297168.1873729305
394355,29,"Austin, TX",msa,TX,2017-03-31,298571.07127189473
394355,29,"Austin, TX",msa,TX,2017-04-30,299938.5396499233
394355,29,"Austin, TX",msa,TX,2017-05-31,300798.6431838361
394355,29,"Austin, TX",msa,TX,2017-06-30,301305.18485463323
394355,29,"Austin, TX",msa,TX,2017-07-31,301506.62098949257
394355,29,"Austin, TX",msa,TX,2017-08-31,301940.39106556977
394355,29,"Austin, TX",msa,TX,2017-09-30,302587.6857760068
394355,29,"Austin, TX",msa,TX,2017-10-31,303466.3259607295
394355,29,"Austin, TX",msa,TX,2017-11-30,304458.44259142224
394355,29,"Austin, TX",msa,TX,2017-12-31,305675.930183271
394355,29,"Austin, TX",msa,TX,2018-01-31,306760.35640500585
394355,29,"Austin, TX",msa,TX,2018-02-28,307696.3613188536
394355,29,"Austin, TX",msa,TX,2018-03-31,308726.6826503905
394355,29,"Austin, TX",msa,TX,2018-04-30,309552.2636826514
394355,29,"Austin, TX",msa,TX,2018-05-31,310419.85594999563
394355,29,"Austin, TX",msa,TX,2018-06-30,311039.7551595227
394355,29,"Austin, TX",msa,TX,2018-07-31,311972.63207761635
394355,29,"Austin, TX",msa,TX,2018-08-31,312783.23091471166
394355,29,"Austin, TX",msa,TX,2018-09-30,313537.6270784511
394355,29,"Austin, TX",msa,TX,2018-10-31,314162.7503531784
394355,29,"Austin, TX",msa,TX,2018-11-30,314949.3069472563
394355,29,"Austin, TX",msa,TX,2018-12-31,315857.4483505611
394355,29,"Austin, TX",msa,TX,2019-01-31,316486.85156638146
394355,29,"Austin, TX",msa,TX,2019-02-28,317000.5459910041
394355,29,"Austin, TX",msa,TX,2019-03-31,317409.6737363978
394355,29,"Austin, TX",msa,TX,2019-04-30,317879.62589426694
394355,29,"Austin, TX",msa,TX,2019-05-31,318449.76330266334
394355,29,"Austin, TX",msa,TX,2019-06-30,319093.06583574705
394355,29,"Austin, TX",msa,TX,2019-07-31,319862.5975887221
394355,29,"Austin, TX",msa,TX,2019-08-31,320824.5785391223
394355,29,"Austin, TX",msa,TX,2019-09-30,322022.5537135424
394355,29,"Austin, TX",msa,TX,2019-10-31,323741.01566358266
394355,29,"Austin, TX",msa,TX,2019-11-30,325823.1359994484
394355,29,"Austin, TX",msa,TX,2019-12-31,328204.12903735513
394355,29,"Austin, TX",msa,TX,2020-01-31,330865.20520789176
394355,29,"Austin, TX",msa,TX,2020-02-29,333614.7257953346
394355,29,"Austin, TX",msa,TX,2020-03-31,336424.1706541203
394355,29,"Austin, TX",msa,TX,2020-04-30,338720.3986373824
394355,29,"Austin, TX",msa,TX,2020-05-31,340042.8861838164
394355,29,"Austin, TX",msa,TX,2020-06-30,340853.52387625724
394355,29,"Austin, TX",msa,TX,2020-07-31,342226.73554145725
394355,29,"Austin, TX",msa,TX,2020-08-31,345122.9770491648
394355,29,"Austin, TX",msa,TX,2020-09-30,349821.7852000853
394355,29,"Austin, TX",msa,TX,2020-10-31,355529.8376738641
394355,29,"Austin, TX",msa,TX,2020-11-30,362110.1396516457
394355,29,"Austin, TX",msa,TX,2020-12-31,368958.5940827999
394355,29,"Austin, TX",msa,TX,2021-01-31,376463.6549977872
394355,29,"Austin, TX",msa,TX,2021-02-28,385528.2990299272
394355,29,"Austin, TX",msa,TX,2021-03-31,398150.6917802887
394355,29,"Austin, TX",msa,TX,2021-04-30,415831.0050963314
394355,29,"Austin, TX",msa,TX,2021-05-31,437530.8723033436
394355,29,"Austin, TX",msa,TX,2021-06-30,458976.92285246094
394355,29,"Austin, TX",msa,TX,2021-07-31,475049.15639557457
394355,29,"Austin, TX",msa,TX,2021-08-31,484251.658080277
394355,29,"Austin, TX",msa,TX,2021-09-30,487995.9583870864
394355,29,"Austin, TX",msa,TX,2021-10-31,490472.95790637104
394355,29,"Austin, TX",msa,TX,2021-11-30,493917.0557555354
394355,29,"Austin, TX",msa,TX,2021-12-31,499310.88857476827
394355,29,"Austin, TX",msa,TX,2022-01-31,508525.4058846552
394355,29,"Austin, TX",msa,TX,2022-02-28,520636.1862011954
394355,29,"Austin, TX",msa,TX,2022-03-31,535872.8296775391
394355,29,"Austin, TX",msa,TX,2022-04-30,550874.8539130732
394355,29,"Austin, TX",msa,TX,2022-05-31,563541.3237314724
394355,29,"Austin, TX",msa,TX,2022-06-30,571023.4484583241
394355,29,"Austin, TX",msa,TX,2022-07-31,570129.7006152018
394355,29,"Austin, TX",msa,TX,2022-08-31,562307.2188398726
394355,29,"Austin, TX",msa,TX,2022-09-30,550298.4176242192
394355,29,"Austin, TX",msa,TX,2022-10-31,539207.3985581273
394355,29,"Austin, TX",msa,TX,2022-11-30,529564.1960134419
394355,29,"Austin, TX",msa,TX,2022-12-31,520974.2916480426
394355,29,"Austin, TX",msa,TX,2023-01-31,512755.2640562836
394355,29,"Austin, TX",msa,TX,2023-02-28,505252.6828557683
394355,29,"Austin, TX",msa,TX,2023-03-31,499178.06531147286
394355,29,"Austin, TX",msa,TX,2023-04-30,494741.9857085483
394355,29,"Austin, TX",msa,TX,2023-05-31,492382.2353870436
394355,29,"Austin, TX",msa,TX,2023-06-30,491355.4592432278
394355,29,"Austin, TX",msa,TX,2023-07-31,490402.7351110506
394355,29,"Austin, TX",msa,TX,2023-08-31,488920.5759197687
394355,29,"Austin, TX",msa,TX,2023-09-30,486624.654347068
394355,29,"Austin, TX",msa,TX,2023-10-31,483888.3217369526
394355,29,"Austin, TX",msa,TX,2023-11-30,480818.52372646425
394355,29,"Austin, TX",msa,TX,2023-12-31,477746.0165245528
394355,29,"Austin, TX",msa,TX,2024-01-31,475243.36117233295
394355,29,"Austin, TX",msa,TX,2024-02-29,473494.0849669133
394355,29,"Austin, TX",msa,TX,2024-03-31,472909.7504876209
394355,29,"Austin, TX",msa,TX,2024-04-30,472859.3675285079
394355,29,"Austin, TX",msa,TX,2024-05-31,472143.33970094513
394355,29,"Austin, TX",msa,TX,2024-06-30,470243.3502028948
394355,29,"Austin, TX",msa,TX,2024-07-31,467917.27045591385
394355,29,"Austin, TX",msa,TX,2024-08-31,465984.18445768114
394355,29,"Austin, TX",msa,TX,2024-09-30,465049.8545975227
394355,29,"Austin, TX",msa,TX,2024-10-31,464280.8800113502
394355,29,"Austin, TX",msa,TX,2024-11-30,463363.6536205462
394355,29,"Austin, TX",msa,TX,2024-12-31,461734.21862570144
394355,29,"Austin, TX",msa,TX,2025-01-31,459571.4956014259
394355,29,"Austin, TX",msa,TX,2025-02-28,457270.8735471168
394355,29,"Austin, TX",msa,TX,2025-03-31,454517.33418932674
394355,29,"Austin, TX",msa,TX,2025-04-30,451627.7799495474
394355,29,"Austin, TX",msa,TX,2025-05-31,448202.20004697767
394355,29,"Austin, TX",msa,TX,2025-06-30,444530.4157215036
394355,29,"Austin, TX",msa,TX,2025-07-31,441092.12823895
394355,29,"Austin, TX",msa,TX,2025-08-31,438738.9194027535
394355,29,"Austin, TX",msa,TX,2025-09-30,437445.756251378
394355,29,"Austin, TX",msa,TX,2025-10-31,436501.95933171967
394355,29,"Austin, TX",msa,TX,2025-11-30,435336.30600473896
394355,29,"Austin, TX",msa,TX,2025-12-31,433920.0855353343
394355,29,"Austin, TX",msa,TX,2026-01-31,432196.6497882656
394355,29,"Austin, TX",msa,TX,2026-02-28,430169.4820769671
394355,29,"Austin, TX",msa,TX,2026-03-31,427497.337818916
394355,29,"Austin, TX",msa,TX,2026-04-30,424495.2457978653
394355,29,"Austin, TX",msa,TX,2026-05-31,421509.438457705
394355,29,"Austin, TX",msa,TX,2026-06-30,419153.9845976913
394355,29,"Austin, TX",msa,TX,2026-07-31,418045.8259624545
394355,29,"Austin, TX",msa,TX,2026-08-31,417976.8590272206
394358,20,"Baltimore, MD",msa,MD,2000-01-31,143480.985474549
394358,20,"Baltimore, MD",msa,MD,2000-02-29,143554.08283452402
394358,20,"Baltimore, MD",msa,MD,2000-03-31,143749.44916909875
394358,20,"Baltimore, MD",msa,MD,2000-04-30,144160.51298146145
394358,20,"Baltimore, MD",msa,MD,2000-05-31,144719.0667814569
394358,20,"Baltimore, MD",msa,MD,2000-06-30,145330.6044080394
394358,20,"Baltimore, MD",msa,MD,2000-07-31,145931.6697865898
394358,20,"Baltimore, MD",msa,MD,2000-08-31,146625.66730793344
394358,20,"Baltimore, MD",msa,MD,2000-09-30,147323.94341604074
394358,20,"Baltimore, MD",msa,MD,2000-10-31,148066.67706815223
394358,20,"Baltimore, MD",msa,MD,2000-11-30,148649.00197532383
394358,20,"Baltimore, MD",msa,MD,2000-12-31,149213.1467949604
394358,20,"Baltimore, MD",msa,MD,2001-01-31,149722.9841632083
394358,20,"Baltimore, MD",msa,MD,2001-02-28,150170.05588699112
394358,20,"Baltimore, MD",msa,MD,2001-03-31,150512.23588044304
394358,20,"Baltimore, MD",msa,MD,2001-04-30,150971.73768613787
394358,20,"Baltimore, MD",msa,MD,2001-05-31,151551.28720552966
394358,20,"Baltimore, MD",msa,MD,2001-06-30,152356.24396725977
394358,20,"Baltimore, MD",msa,MD,2001-07-31,153217.02706583435
394358,20,"Baltimore, MD",msa,MD,2001-08-31,154261.12344863827
394358,20,"Baltimore, MD",msa,MD,2001-09-30,155344.58622139043
394358,20,"Baltimore, MD",msa,MD,2001-10-31,156343.6575799565
394358,20,"Baltimore, MD",msa,MD,2001-11-30,157204.41938685524
394358,20,"Baltimore, MD",msa,MD,2001-12-31,158047.79052855467
394358,20,"Baltimore, MD",msa,MD,2002-01-31,159022.10622436096
394358,20,"Baltimore, MD",msa,MD,2002-02-28,160138.94690886946
394358,20,"Baltimore, MD",msa,MD,2002-03-31,161248.91536728395
394358,20,"Baltimore, MD",msa,MD,2002-04-30,162357.80769641462
394358,20,"Baltimore, MD",msa,MD,2002-05-31,163683.68961594268
394358,20,"Baltimore, MD",msa,MD,2002-06-30,165267.60766957444
394358,20,"Baltimore, MD",msa,MD,2002-07-31,167008.2849832591
394358,20,"Baltimore, MD",msa,MD,2002-08-31,168763.4089442348
394358,20,"Baltimore, MD",msa,MD,2002-09-30,170503.7355112514
394358,20,"Baltimore, MD",msa,MD,2002-10-31,172265.0377442952
394358,20,"Baltimore, MD",msa,MD,2002-11-30,173992.50440879387
394358,20,"Baltimore, MD",msa,MD,2002-12-31,175754.8248206672
394358,20,"Baltimore, MD",msa,MD,2003-01-31,177398.97445859175
394358,20,"Baltimore, MD",msa,MD,2003-02-28,178968.96681772187
394358,20,"Baltimore, MD",msa,MD,2003-03-31,180495.59121335912
394358,20,"Baltimore, MD",msa,MD,2003-04-30,182189.85044113972
394358,20,"Baltimore, MD",msa,MD,2003-05-31,184017.13519338588
394358,20,"Baltimore, MD",msa,MD,2003-06-30,186148.84593528067
394358,20,"Baltimore, MD",msa,MD,2003-07-31,188486.47790229012
394358,20,"Baltimore, MD",msa,MD,2003-08-31,190989.80222527412
394358,20,"Baltimore, MD",msa,MD,2003-09-30,193454.05523661975
394358,20,"Baltimore, MD",msa,MD,2003-10-31,195884.1766085203
394358,20,"Baltimore, MD",msa,MD,2003-11-30,198257.24691801425
394358,20,"Baltimore, MD",msa,MD,2003-12-31,200641.99042962663
394358,20,"Baltimore, MD",msa,MD,2004-01-31,202893.4872557053
394358,20,"Baltimore, MD",msa,MD,2004-02-29,205042.28370499663
394358,20,"Baltimore, MD",msa,MD,2004-03-31,207094.39684264493
394358,20,"Baltimore, MD",msa,MD,2004-04-30,209590.84391703628
394358,20,"Baltimore, MD",msa,MD,2004-05-31,212702.552360136
394358,20,"Baltimore, MD",msa,MD,2004-06-30,216289.91664421643
394358,20,"Baltimore, MD",msa,MD,2004-07-31,219786.2078535432
394358,20,"Baltimore, MD",msa,MD,2004-08-31,223755.9822235219
394358,20,"Baltimore, MD",msa,MD,2004-09-30,227833.76495409172
394358,20,"Baltimore, MD",msa,MD,2004-10-31,232050.01649187008
394358,20,"Baltimore, MD",msa,MD,2004-11-30,236040.52606620465
394358,20,"Baltimore, MD",msa,MD,2004-12-31,239813.96271435704
394358,20,"Baltimore, MD",msa,MD,2005-01-31,243318.01897852603
394358,20,"Baltimore, MD",msa,MD,2005-02-28,246131.2433694252
394358,20,"Baltimore, MD",msa,MD,2005-03-31,249139.2899822885
394358,20,"Baltimore, MD",msa,MD,2005-04-30,252742.4727573221
394358,20,"Baltimore, MD",msa,MD,2005-05-31,257052.71051540916
394358,20,"Baltimore, MD",msa,MD,2005-06-30,261901.98232523352
394358,20,"Baltimore, MD",msa,MD,2005-07-31,267167.9817934548
394358,20,"Baltimore, MD",msa,MD,2005-08-31,272837.94085936673
394358,20,"Baltimore, MD",msa,MD,2005-09-30,277539.7506038335
394358,20,"Baltimore, MD",msa,MD,2005-10-31,281658.9777414158
394358,20,"Baltimore, MD",msa,MD,2005-11-30,284856.8963211216
394358,20,"Baltimore, MD",msa,MD,2005-12-31,288135.2731601836
394358,20,"Baltimore, MD",msa,MD,2006-01-31,290948.8537736653
394358,20,"Baltimore, MD",msa,MD,2006-02-28,293896.22321732924
394358,20,"Baltimore, MD",msa,MD,2006-03-31,296782.19278638385
394358,20,"Baltimore, MD",msa,MD,2006-04-30,300101.0844818906
394358,20,"Baltimore, MD",msa,MD,2006-05-31,303299.15927196323
394358,20,"Baltimore, MD",msa,MD,2006-06-30,306372.6962098971
394358,20,"Baltimore, MD",msa,MD,2006-07-31,308861.99401705177
394358,20,"Baltimore, MD",msa,MD,2006-08-31,310404.442345328
394358,20,"Baltimore, MD",msa,MD,2006-09-30,311588.03991678264
394358,20,"Baltimore, MD",msa,MD,2006-10-31,312246.41234298155
394358,20,"Baltimore, MD",msa,MD,2006-11-30,312477.1860026173
394358,20,"Baltimore, MD",msa,MD,2006-12-31,312253.9684576871
394358,20,"Baltimore, MD",msa,MD,2007-01-31,312184.78746769816
394358,20,"Baltimore, MD",msa,MD,2007-02-28,312573.62988716824
394358,20,"Baltimore, MD",msa,MD,2007-03-31,313096.960406753
394358,20,"Baltimore, MD",msa,MD,2007-04-30,313574.81481962174
394358,20,"Baltimore, MD",msa,MD,2007-05-31,313881.906475709
394358,20,"Baltimore, MD",msa,MD,2007-06-30,314079.17746514635
394358,20,"Baltimore, MD",msa,MD,2007-07-31,313992.0296180588
394358,20,"Baltimore, MD",msa,MD,2007-08-31,313870.7645202833
394358,20,"Baltimore, MD",msa,MD,2007-09-30,313534.8143617772
394358,20,"Baltimore, MD",msa,MD,2007-10-31,312936.38807175
394358,20,"Baltimore, MD",msa,MD,2007-11-30,311332.1604938298
394358,20,"Baltimore, MD",msa,MD,2007-12-31,309348.3491565341
394358,20,"Baltimore, MD",msa,MD,2008-01-31,307557.13706037955
394358,20,"Baltimore, MD",msa,MD,2008-02-29,306599.23663905624
394358,20,"Baltimore, MD",msa,MD,2008-03-31,305982.7012163911
394358,20,"Baltimore, MD",msa,MD,2008-04-30,304733.68737343786
394358,20,"Baltimore, MD",msa,MD,2008-05-31,302940.8833097054
394358,20,"Baltimore, MD",msa,MD,2008-06-30,300628.0228341514
394358,20,"Baltimore, MD",msa,MD,2008-07-31,297906.5230271131
394358,20,"Baltimore, MD",msa,MD,2008-08-31,294796.22206762846
394358,20,"Baltimore, MD",msa,MD,2008-09-30,291660.7347069302
394358,20,"Baltimore, MD",msa,MD,2008-10-31,288805.3840796433
394358,20,"Baltimore, MD",msa,MD,2008-11-30,286493.7540884935
394358,20,"Baltimore, MD",msa,MD,2008-12-31,284122.5942615797
394358,20,"Baltimore, MD",msa,MD,2009-01-31,281787.7903302226
394358,20,"Baltimore, MD",msa,MD,2009-02-28,279555.14371353574
394358,20,"Baltimore, MD",msa,MD,2009-03-31,277450.33156879304
394358,20,"Baltimore, MD",msa,MD,2009-04-30,275142.2386093938
394358,20,"Baltimore, MD",msa,MD,2009-05-31,272392.82100889506
394358,20,"Baltimore, MD",msa,MD,2009-06-30,270059.78819146607
394358,20,"Baltimore, MD",msa,MD,2009-07-31,268266.63550765073
394358,20,"Baltimore, MD",msa,MD,2009-08-31,267040.4843709851
394358,20,"Baltimore, MD",msa,MD,2009-09-30,265612.7740685714
394358,20,"Baltimore, MD",msa,MD,2009-10-31,264322.8392488645
394358,20,"Baltimore, MD",msa,MD,2009-11-30,263203.76283287536
394358,20,"Baltimore, MD",msa,MD,2009-12-31,262371.0344820839
394358,20,"Baltimore, MD",msa,MD,2010-01-31,261817.95555991863
394358,20,"Baltimore, MD",msa,MD,2010-02-28,261442.1857673239
394358,20,"Baltimore, MD",msa,MD,2010-03-31,261267.6295490172
394358,20,"Baltimore, MD",msa,MD,2010-04-30,261476.4662725272
394358,20,"Baltimore, MD",msa,MD,2010-05-31,261968.6044594194
394358,20,"Baltimore, MD",msa,MD,2010-06-30,262201.4473650005
394358,20,"Baltimore, MD",msa,MD,2010-07-31,261640.89104092005
394358,20,"Baltimore, MD",msa,MD,2010-08-31,259849.98307103437
394358,20,"Baltimore, MD",msa,MD,2010-09-30,257558.3110560462
394358,20,"Baltimore, MD",msa,MD,2010-10-31,255131.5909143852
394358,20,"Baltimore, MD",msa,MD,2010-11-30,252851.58543578663
394358,20,"Baltimore, MD",msa,MD,2010-12-31,250495.3499136695
394358,20,"Baltimore, MD",msa,MD,2011-01-31,248453.92182593665
394358,20,"Baltimore, MD",msa,MD,2011-02-28,247066.34499607212
394358,20,"Baltimore, MD",msa,MD,2011-03-31,246221.43617826907
394358,20,"Baltimore, MD",msa,MD,2011-04-30,245239.47101281537
394358,20,"Baltimore, MD",msa,MD,2011-05-31,244264.3078751829
394358,20,"Baltimore, MD",msa,MD,2011-06-30,243325.4918047736
394358,20,"Baltimore, MD",msa,MD,2011-07-31,242177.54919081015
394358,20,"Baltimore, MD",msa,MD,2011-08-31,240740.74674733495
394358,20,"Baltimore, MD",msa,MD,2011-09-30,239181.5411599289
394358,20,"Baltimore, MD",msa,MD,2011-10-31,238007.344893191
394358,20,"Baltimore, MD",msa,MD,2011-11-30,236949.2040164231
394358,20,"Baltimore, MD",msa,MD,2011-12-31,236136.3960880445
394358,20,"Baltimore, MD",msa,MD,2012-01-31,235278.67709273845
394358,20,"Baltimore, MD",msa,MD,2012-02-29,235175.6192695482
394358,20,"Baltimore, MD",msa,MD,2012-03-31,235711.5763430085
394358,20,"Baltimore, MD",msa,MD,2012-04-30,237002.06767017688
394358,20,"Baltimore, MD",msa,MD,2012-05-31,238060.59454211485
394358,20,"Baltimore, MD",msa,MD,2012-06-30,238747.8484367413
394358,20,"Baltimore, MD",msa,MD,2012-07-31,239169.0978931421
394358,20,"Baltimore, MD",msa,MD,2012-08-31,239400.5110818949
394358,20,"Baltimore, MD",msa,MD,2012-09-30,239968.9113892739
394358,20,"Baltimore, MD",msa,MD,2012-10-31,240452.28267382176
394358,20,"Baltimore, MD",msa,MD,2012-11-30,241436.52725225996
394358,20,"Baltimore, MD",msa,MD,2012-12-31,242245.6110556106
394358,20,"Baltimore, MD",msa,MD,2013-01-31,243499.8351582733
394358,20,"Baltimore, MD",msa,MD,2013-02-28,244730.89929769325
394358,20,"Baltimore, MD",msa,MD,2013-03-31,245978.210396377
394358,20,"Baltimore, MD",msa,MD,2013-04-30,247142.3496640167
394358,20,"Baltimore, MD",msa,MD,2013-05-31,248552.03549288143
394358,20,"Baltimore, MD",msa,MD,2013-06-30,249979.3441977196
394358,20,"Baltimore, MD",msa,MD,2013-07-31,251023.93842832456
394358,20,"Baltimore, MD",msa,MD,2013-08-31,251551.919067855
394358,20,"Baltimore, MD",msa,MD,2013-09-30,252063.1955348138
394358,20,"Baltimore, MD",msa,MD,2013-10-31,252746.2559984539
394358,20,"Baltimore, MD",msa,MD,2013-11-30,253762.6203859953
394358,20,"Baltimore, MD",msa,MD,2013-12-31,254948.90781614665
394358,20,"Baltimore, MD",msa,MD,2014-01-31,256196.942692518
394358,20,"Baltimore, MD",msa,MD,2014-02-28,257360.2063835007
394358,20,"Baltimore, MD",msa,MD,2014-03-31,258572.486292887
394358,20,"Baltimore, MD",msa,MD,2014-04-30,259836.0684792516
394358,20,"Baltimore, MD",msa,MD,2014-05-31,260889.4453757538
394358,20,"Baltimore, MD",msa,MD,2014-06-30,261258.12675038213
394358,20,"Baltimore, MD",msa,MD,2014-07-31,261166.92141461236
394358,20,"Baltimore, MD",msa,MD,2014-08-31,261010.1648147632
394358,20,"Baltimore, MD",msa,MD,2014-09-30,261210.0341251852
394358,20,"Baltimore, MD",msa,MD,2014-10-31,261451.80897165768
394358,20,"Baltimore, MD",msa,MD,2014-11-30,261900.29000445045
394358,20,"Baltimore, MD",msa,MD,2014-12-31,262078.037362202
394358,20,"Baltimore, MD",msa,MD,2015-01-31,261962.68483090412
394358,20,"Baltimore, MD",msa,MD,2015-02-28,261765.42681743563
394358,20,"Baltimore, MD",msa,MD,2015-03-31,261978.00886896404
394358,20,"Baltimore, MD",msa,MD,2015-04-30,262649.55363432
394358,20,"Baltimore, MD",msa,MD,2015-05-31,263313.5007676589
394358,20,"Baltimore, MD",msa,MD,2015-06-30,263582.0150268112
394358,20,"Baltimore, MD",msa,MD,2015-07-31,263814.8899828875
394358,20,"Baltimore, MD",msa,MD,2015-08-31,264023.0977477745
394358,20,"Baltimore, MD",msa,MD,2015-09-30,264549.42153505347
394358,20,"Baltimore, MD",msa,MD,2015-10-31,265177.6520803919
394358,20,"Baltimore, MD",msa,MD,2015-11-30,266053.6839694579
394358,20,"Baltimore, MD",msa,MD,2015-12-31,267021.33479116904
394358,20,"Baltimore, MD",msa,MD,2016-01-31,267904.17872618843
394358,20,"Baltimore, MD",msa,MD,2016-02-29,268297.6984268785
394358,20,"Baltimore, MD",msa,MD,2016-03-31,268084.60484511295
394358,20,"Baltimore, MD",msa,MD,2016-04-30,268038.78429576656
394358,20,"Baltimore, MD",msa,MD,2016-05-31,268310.85320747696
394358,20,"Baltimore, MD",msa,MD,2016-06-30,269070.6925465216
394358,20,"Baltimore, MD",msa,MD,2016-07-31,269686.2620806517
394358,20,"Baltimore, MD",msa,MD,2016-08-31,269993.1186078268
394358,20,"Baltimore, MD",msa,MD,2016-09-30,270303.9645243412
394358,20,"Baltimore, MD",msa,MD,2016-10-31,270801.1060133607
394358,20,"Baltimore, MD",msa,MD,2016-11-30,271864.7758853669
394358,20,"Baltimore, MD",msa,MD,2016-12-31,273112.50505680835
394358,20,"Baltimore, MD",msa,MD,2017-01-31,274303.0526809627
394358,20,"Baltimore, MD",msa,MD,2017-02-28,275225.4183046284
394358,20,"Baltimore, MD",msa,MD,2017-03-31,275877.2123126635
394358,20,"Baltimore, MD",msa,MD,2017-04-30,276748.6699393383
394358,20,"Baltimore, MD",msa,MD,2017-05-31,277469.56631626195
394358,20,"Baltimore, MD",msa,MD,2017-06-30,277840.16703308
394358,20,"Baltimore, MD",msa,MD,2017-07-31,277819.0830332549
394358,20,"Baltimore, MD",msa,MD,2017-08-31,277831.21509879414
394358,20,"Baltimore, MD",msa,MD,2017-09-30,278346.9720267292
394358,20,"Baltimore, MD",msa,MD,2017-10-31,279086.00819854817
394358,20,"Baltimore, MD",msa,MD,2017-11-30,280044.69035275985
394358,20,"Baltimore, MD",msa,MD,2017-12-31,281131.4249860232
394358,20,"Baltimore, MD",msa,MD,2018-01-31,282332.1613602975
394358,20,"Baltimore, MD",msa,MD,2018-02-28,283394.14040455874
394358,20,"Baltimore, MD",msa,MD,2018-03-31,284616.8839432705
394358,20,"Baltimore, MD",msa,MD,2018-04-30,285457.58290252567
394358,20,"Baltimore, MD",msa,MD,2018-05-31,286265.0809220202
394358,20,"Baltimore, MD",msa,MD,2018-06-30,286571.3320279327
394358,20,"Baltimore, MD",msa,MD,2018-07-31,287239.66573982616
394358,20,"Baltimore, MD",msa,MD,2018-08-31,287841.8697113607
394358,20,"Baltimore, MD",msa,MD,2018-09-30,288507.9176982148
394358,20,"Baltimore, MD",msa,MD,2018-10-31,288746.62895361707
394358,20,"Baltimore, MD",msa,MD,2018-11-30,289068.3082317964
394358,20,"Baltimore, MD",msa,MD,2018-12-31,289343.5530475878
394358,20,"Baltimore, MD",msa,MD,2019-01-31,289925.56637830264
394358,20,"Baltimore, MD",msa,MD,2019-02-28,290892.90111940284
394358,20,"Baltimore, MD",msa,MD,2019-03-31,292338.53758926
394358,20,"Baltimore, MD",msa,MD,2019-04-30,293861.09229932545
394358,20,"Baltimore, MD",msa,MD,2019-05-31,294858.4494560922
394358,20,"Baltimore, MD",msa,MD,2019-06-30,295444.8740322537
394358,20,"Baltimore, MD",msa,MD,2019-07-31,295781.9933529308
394358,20,"Baltimore, MD",msa,MD,2019-08-31,296135.7507660783
394358,20,"Baltimore, MD",msa,MD,2019-09-30,296345.1728114495
394358,20,"Baltimore, MD",msa,MD,2019-10-31,296570.4622201495
394358,20,"Baltimore, MD",msa,MD,2019-11-30,297232.6784968022
394358,20,"Baltimore, MD",msa,MD,2019-12-31,298338.8550563334
394358,20,"Baltimore, MD",msa,MD,2020-01-31,299748.6492970442
394358,20,"Baltimore, MD",msa,MD,2020-02-29,301184.3591570276
394358,20,"Baltimore, MD",msa,MD,2020-03-31,302711.483429422
394358,20,"Baltimore, MD",msa,MD,2020-04-30,304148.5985357882
394358,20,"Baltimore, MD",msa,MD,2020-05-31,304683.3010032191
394358,20,"Baltimore, MD",msa,MD,2020-06-30,304521.1757958347
394358,20,"Baltimore, MD",msa,MD,2020-07-31,304509.6439149802
394358,20,"Baltimore, MD",msa,MD,2020-08-31,305637.8627593214
394358,20,"Baltimore, MD",msa,MD,2020-09-30,308181.3249632024
394358,20,"Baltimore, MD",msa,MD,2020-10-31,311505.2806226446
394358,20,"Baltimore, MD",msa,MD,2020-11-30,315420.32214971486
394358,20,"Baltimore, MD",msa,MD,2020-12-31,319182.78056428354
394358,20,"Baltimore, MD",msa,MD,2021-01-31,322667.49869589816
394358,20,"Baltimore, MD",msa,MD,2021-02-28,326388.96330106515
394358,20,"Baltimore, MD",msa,MD,2021-03-31,330483.2718189851
394358,20,"Baltimore, MD",msa,MD,2021-04-30,334876.62208548235
394358,20,"Baltimore, MD",msa,MD,2021-05-31,339151.9371918345
394358,20,"Baltimore, MD",msa,MD,2021-06-30,342959.897328184
394358,20,"Baltimore, MD",msa,MD,2021-07-31,345641.3796374654
394358,20,"Baltimore, MD",msa,MD,2021-08-31,346902.96897689084
394358,20,"Baltimore, MD",msa,MD,2021-09-30,346888.53446213115
394358,20,"Baltimore, MD",msa,MD,2021-10-31,347016.3660005591
394358,20,"Baltimore, MD",msa,MD,2021-11-30,347844.3655969686
394358,20,"Baltimore, MD",msa,MD,2021-12-31,349712.0508467347
394358,20,"Baltimore, MD",msa,MD,2022-01-31,352603.3142347659
394358,20,"Baltimore, MD",msa,MD,2022-02-28,356044.7834137444
394358,20,"Baltimore, MD",msa,MD,2022-03-31,360055.49083897047
394358,20,"Baltimore, MD",msa,MD,2022-04-30,364070.7094622042
394358,20,"Baltimore, MD",msa,MD,2022-05-31,367873.6954824843
394358,20,"Baltimore, MD",msa,MD,2022-06-30,370759.2002961912
394358,20,"Baltimore, MD",msa,MD,2022-07-31,371550.548246101
394358,20,"Baltimore, MD",msa,MD,2022-08-31,370413.6126966065
394358,20,"Baltimore, MD",msa,MD,2022-09-30,368255.5579905097
394358,20,"Baltimore, MD",msa,MD,2022-10-31,366979.59587640624
394358,20,"Baltimore, MD",msa,MD,2022-11-30,366395.9204694759
394358,20,"Baltimore, MD",msa,MD,2022-12-31,366540.9201991633
394358,20,"Baltimore, MD",msa,MD,2023-01-31,367160.8765669968
394358,20,"Baltimore, MD",msa,MD,2023-02-28,368308.6478337888
394358,20,"Baltimore, MD",msa,MD,2023-03-31,369806.7549265369
394358,20,"Baltimore, MD",msa,MD,2023-04-30,371635.1999732181
394358,20,"Baltimore, MD",msa,MD,2023-05-31,373919.4208308272
394358,20,"Baltimore, MD",msa,MD,2023-06-30,376411.11898962455
394358,20,"Baltimore, MD",msa,MD,2023-07-31,378348.5120500025
394358,20,"Baltimore, MD",msa,MD,2023-08-31,379751.6818941275
394358,20,"Baltimore, MD",msa,MD,2023-09-30,380512.6976098521
394358,20,"Baltimore, MD",msa,MD,2023-10-31,381042.1109116708
394358,20,"Baltimore, MD",msa,MD,2023-11-30,381202.288068379
394358,20,"Baltimore, MD",msa,MD,2023-12-31,381307.9358808798
394358,20,"Baltimore, MD",msa,MD,2024-01-31,381553.928483335
394358,20,"Baltimore, MD",msa,MD,2024-02-29,382769.2175567386
394358,20,"Baltimore, MD",msa,MD,2024-03-31,385264.22078903
394358,20,"Baltimore, MD",msa,MD,2024-04-30,388043.48908207176
394358,20,"Baltimore, MD",msa,MD,2024-05-31,390001.2373515407
394358,20,"Baltimore, MD",msa,MD,2024-06-30,390305.4108194532
394358,20,"Baltimore, MD",msa,MD,2024-07-31,389890.9221184233
394358,20,"Baltimore, MD",msa,MD,2024-08-31,389543.2005776288
394358,20,"Baltimore, MD",msa,MD,2024-09-30,390092.677820572
394358,20,"Baltimore, MD",msa,MD,2024-10-31,391282.627315029
394358,20,"Baltimore, MD",msa,MD,2024-11-30,392631.63042519777
394358,20,"Baltimore, MD",msa,MD,2024-12-31,394001.4353242686
394358,20,"Baltimore, MD",msa,MD,2025-01-31,395255.8100523784
394358,20,"Baltimore, MD",msa,MD,2025-02-28,396316.88604766055
394358,20,"Baltimore, MD",msa,MD,2025-03-31,396796.9561292056
394358,20,"Baltimore, MD",msa,MD,2025-04-30,397116.7379928168
394358,20,"Baltimore, MD",msa,MD,2025-05-31,397279.5426956925
394358,20,"Baltimore, MD",msa,MD,2025-06-30,397415.5551132769
394358,20,"Baltimore, MD",msa,MD,2025-07-31,397666.635219226
394358,20,"Baltimore, MD",msa,MD,2025-08-31,397884.6859637136
394358,20,"Baltimore, MD",msa,MD,2025-09-30,398133.15936151287
394358,20,"Baltimore, MD",msa,MD,2025-10-31,398233.0583519382
394358,20,"Baltimore, MD",msa,MD,2025-11-30,398322.104453943
394358,20,"Baltimore, MD",msa,MD,2025-12-31,398676.847962623
394358,20,"Baltimore, MD",msa,MD,2026-01-31,398982.2406153549
394358,20,"Baltimore, MD",msa,MD,2026-02-28,399589.161474254
394358,20,"Baltimore, MD",msa,MD,2026-03-31,400133.4596746668
394358,20,"Baltimore, MD",msa,MD,2026-04-30,400436.4544029134
394358,20,"Baltimore, MD",msa,MD,2026-05-31,400417.90051227127
394358,20,"Baltimore, MD",msa,MD,2026-06-30,400316.7806964316
394358,20,"Baltimore, MD",msa,MD,2026-07-31,400310.1491973414
394358,20,"Baltimore, MD",msa,MD,2026-08-31,400262.6070148884
394404,10,"Boston, MA",msa,MA,2000-01-31,220726.08900245943
394404,10,"Boston, MA",msa,MA,2000-02-29,221615.86197853403
394404,10,"Boston, MA",msa,MA,2000-03-31,222589.34963858945
394404,10,"Boston, MA",msa,MA,2000-04-30,224385.9883682581
394404,10,"Boston, MA",msa,MA,2000-05-31,226315.69743974123
394404,10,"Boston, MA",msa,MA,2000-06-30,228460.85995227276
394404,10,"Boston, MA",msa,MA,2000-07-31,231206.2754690875
394404,10,"Boston, MA",msa,MA,2000-08-31,234523.3870658964
394404,10,"Boston, MA",msa,MA,2000-09-30,238164.9725181333
394404,10,"Boston, MA",msa,MA,2000-10-31,241948.5608555036
394404,10,"Boston, MA",msa,MA,2000-11-30,245710.71830829047
394404,10,"Boston, MA",msa,MA,2000-12-31,249496.88094455455
394404,10,"Boston, MA",msa,MA,2001-01-31,252877.1942629568
394404,10,"Boston, MA",msa,MA,2001-02-28,255875.37083147853
394404,10,"Boston, MA",msa,MA,2001-03-31,258741.4894991881
394404,10,"Boston, MA",msa,MA,2001-04-30,261756.78731074496
394404,10,"Boston, MA",msa,MA,2001-05-31,264786.160588838
394404,10,"Boston, MA",msa,MA,2001-06-30,267866.5461227235
394404,10,"Boston, MA",msa,MA,2001-07-31,271072.7498246523
394404,10,"Boston, MA",msa,MA,2001-08-31,274506.10053319763
394404,10,"Boston, MA",msa,MA,2001-09-30,277954.9332152856
394404,10,"Boston, MA",msa,MA,2001-10-31,281668.0512807464
394404,10,"Boston, MA",msa,MA,2001-11-30,285300.27421985724
394404,10,"Boston, MA",msa,MA,2001-12-31,288599.4369600395
394404,10,"Boston, MA",msa,MA,2002-01-31,291140.5430647543
394404,10,"Boston, MA",msa,MA,2002-02-28,293291.2885843553
394404,10,"Boston, MA",msa,MA,2002-03-31,295456.88865737227
394404,10,"Boston, MA",msa,MA,2002-04-30,297760.2630535992
394404,10,"Boston, MA",msa,MA,2002-05-31,300134.09515141294
394404,10,"Boston, MA",msa,MA,2002-06-30,302577.2237241941
394404,10,"Boston, MA",msa,MA,2002-07-31,305240.70606862684
394404,10,"Boston, MA",msa,MA,2002-08-31,308236.6847819808
394404,10,"Boston, MA",msa,MA,2002-09-30,311614.11219458515
394404,10,"Boston, MA",msa,MA,2002-10-31,315851.8203795412
394404,10,"Boston, MA",msa,MA,2002-11-30,320170.14659601776
394404,10,"Boston, MA",msa,MA,2002-12-31,324290.54666636017
394404,10,"Boston, MA",msa,MA,2003-01-31,327528.667974682
394404,10,"Boston, MA",msa,MA,2003-02-28,330572.5696243691
394404,10,"Boston, MA",msa,MA,2003-03-31,333683.84494244965
394404,10,"Boston, MA",msa,MA,2003-04-30,337063.88366508245
394404,10,"Boston, MA",msa,MA,2003-05-31,340387.73410150973
394404,10,"Boston, MA",msa,MA,2003-06-30,343276.0215760567
394404,10,"Boston, MA",msa,MA,2003-07-31,345282.8454495165
394404,10,"Boston, MA",msa,MA,2003-08-31,347087.38505698973
394404,10,"Boston, MA",msa,MA,2003-09-30,349041.45179312327
394404,10,"Boston, MA",msa,MA,2003-10-31,351313.5007421121
394404,10,"Boston, MA",msa,MA,2003-11-30,353698.37336562126
394404,10,"Boston, MA",msa,MA,2003-12-31,356049.9388457365
394404,10,"Boston, MA",msa,MA,2004-01-31,358415.7629730397
394404,10,"Boston, MA",msa,MA,2004-02-29,360854.9203363836
394404,10,"Boston, MA",msa,MA,2004-03-31,363381.178725484
394404,10,"Boston, MA",msa,MA,2004-04-30,366074.6748286882
394404,10,"Boston, MA",msa,MA,2004-05-31,368667.4573193074
394404,10,"Boston, MA",msa,MA,2004-06-30,371095.1099088972
394404,10,"Boston, MA",msa,MA,2004-07-31,373531.54618073296
394404,10,"Boston, MA",msa,MA,2004-08-31,376028.1022388512
394404,10,"Boston, MA",msa,MA,2004-09-30,379057.8063894911
394404,10,"Boston, MA",msa,MA,2004-10-31,382182.9359112874
394404,10,"Boston, MA",msa,MA,2004-11-30,385294.97634962416
394404,10,"Boston, MA",msa,MA,2004-12-31,387845.6251134106
394404,10,"Boston, MA",msa,MA,2005-01-31,390063.1366126147
394404,10,"Boston, MA",msa,MA,2005-02-28,392773.80998086487
394404,10,"Boston, MA",msa,MA,2005-03-31,395575.6437710959
394404,10,"Boston, MA",msa,MA,2005-04-30,398678.6467614335
394404,10,"Boston, MA",msa,MA,2005-05-31,401395.58725093165
394404,10,"Boston, MA",msa,MA,2005-06-30,403016.7218351524
394404,10,"Boston, MA",msa,MA,2005-07-31,403950.6116870559
394404,10,"Boston, MA",msa,MA,2005-08-31,404082.0046803868
394404,10,"Boston, MA",msa,MA,2005-09-30,404965.244551502
394404,10,"Boston, MA",msa,MA,2005-10-31,405822.1876088987
394404,10,"Boston, MA",msa,MA,2005-11-30,406615.8366336318
394404,10,"Boston, MA",msa,MA,2005-12-31,406561.94070551294
394404,10,"Boston, MA",msa,MA,2006-01-31,406235.9117311843
394404,10,"Boston, MA",msa,MA,2006-02-28,405255.8890084592
394404,10,"Boston, MA",msa,MA,2006-03-31,404369.6175835138
394404,10,"Boston, MA",msa,MA,2006-04-30,403619.21944579744
394404,10,"Boston, MA",msa,MA,2006-05-31,402902.4929031005
394404,10,"Boston, MA",msa,MA,2006-06-30,401847.7654374054
394404,10,"Boston, MA",msa,MA,2006-07-31,399624.587811954
394404,10,"Boston, MA",msa,MA,2006-08-31,397253.4063832481
394404,10,"Boston, MA",msa,MA,2006-09-30,394374.8712948528
394404,10,"Boston, MA",msa,MA,2006-10-31,391710.9745269828
394404,10,"Boston, MA",msa,MA,2006-11-30,388872.1694073359
394404,10,"Boston, MA",msa,MA,2006-12-31,386630.69697782473
394404,10,"Boston, MA",msa,MA,2007-01-31,385060.6546710741
394404,10,"Boston, MA",msa,MA,2007-02-28,383961.278583124
394404,10,"Boston, MA",msa,MA,2007-03-31,383197.9095129738
394404,10,"Boston, MA",msa,MA,2007-04-30,382385.7387173869
394404,10,"Boston, MA",msa,MA,2007-05-31,381535.4960164593
394404,10,"Boston, MA",msa,MA,2007-06-30,380399.4410425083
394404,10,"Boston, MA",msa,MA,2007-07-31,379045.2453876822
394404,10,"Boston, MA",msa,MA,2007-08-31,377678.1501634496
394404,10,"Boston, MA",msa,MA,2007-09-30,376312.3167286034
394404,10,"Boston, MA",msa,MA,2007-10-31,374662.2005856663
394404,10,"Boston, MA",msa,MA,2007-11-30,372810.0761990187
394404,10,"Boston, MA",msa,MA,2007-12-31,370894.5912254016
394404,10,"Boston, MA",msa,MA,2008-01-31,369038.1943497732
394404,10,"Boston, MA",msa,MA,2008-02-29,366929.6934223877
394404,10,"Boston, MA",msa,MA,2008-03-31,364886.9269606766
394404,10,"Boston, MA",msa,MA,2008-04-30,362926.2370379156
394404,10,"Boston, MA",msa,MA,2008-05-31,361246.9949434131
394404,10,"Boston, MA",msa,MA,2008-06-30,359500.6977862956
394404,10,"Boston, MA",msa,MA,2008-07-31,357506.653862496
394404,10,"Boston, MA",msa,MA,2008-08-31,355329.290172197
394404,10,"Boston, MA",msa,MA,2008-09-30,352803.88111660926
394404,10,"Boston, MA",msa,MA,2008-10-31,349924.05996013223
394404,10,"Boston, MA",msa,MA,2008-11-30,347090.4858649519
394404,10,"Boston, MA",msa,MA,2008-12-31,344476.8720837261
394404,10,"Boston, MA",msa,MA,2009-01-31,342437.8533399184
394404,10,"Boston, MA",msa,MA,2009-02-28,340581.00388108013
394404,10,"Boston, MA",msa,MA,2009-03-31,338442.6974391297
394404,10,"Boston, MA",msa,MA,2009-04-30,336621.1525251079
394404,10,"Boston, MA",msa,MA,2009-05-31,335456.93589784025
394404,10,"Boston, MA",msa,MA,2009-06-30,335113.61136776913
394404,10,"Boston, MA",msa,MA,2009-07-31,334935.5155401327
394404,10,"Boston, MA",msa,MA,2009-08-31,334651.9567982359
394404,10,"Boston, MA",msa,MA,2009-09-30,334281.2117571663
394404,10,"Boston, MA",msa,MA,2009-10-31,333949.0562836515
394404,10,"Boston, MA",msa,MA,2009-11-30,333943.7340689359
394404,10,"Boston, MA",msa,MA,2009-12-31,334713.3928081336
394404,10,"Boston, MA",msa,MA,2010-01-31,335959.99459937384
394404,10,"Boston, MA",msa,MA,2010-02-28,337489.0971463699
394404,10,"Boston, MA",msa,MA,2010-03-31,338752.8382395454
394404,10,"Boston, MA",msa,MA,2010-04-30,339925.327170796
394404,10,"Boston, MA",msa,MA,2010-05-31,340724.0883939188
394404,10,"Boston, MA",msa,MA,2010-06-30,341251.33493529056
394404,10,"Boston, MA",msa,MA,2010-07-31,341192.7953168688
394404,10,"Boston, MA",msa,MA,2010-08-31,340733.2205312596
394404,10,"Boston, MA",msa,MA,2010-09-30,339275.830280785
394404,10,"Boston, MA",msa,MA,2010-10-31,337634.6970437121
394404,10,"Boston, MA",msa,MA,2010-11-30,336034.1878001135
394404,10,"Boston, MA",msa,MA,2010-12-31,335344.72488370485
394404,10,"Boston, MA",msa,MA,2011-01-31,334839.8673919873
394404,10,"Boston, MA",msa,MA,2011-02-28,333924.9266605144
394404,10,"Boston, MA",msa,MA,2011-03-31,332459.05033857987
394404,10,"Boston, MA",msa,MA,2011-04-30,331240.04514803365
394404,10,"Boston, MA",msa,MA,2011-05-31,330191.9027757713
394404,10,"Boston, MA",msa,MA,2011-06-30,329712.47096515883
394404,10,"Boston, MA",msa,MA,2011-07-31,328831.84091808525
394404,10,"Boston, MA",msa,MA,2011-08-31,327823.37573995045
394404,10,"Boston, MA",msa,MA,2011-09-30,326283.4406536219
394404,10,"Boston, MA",msa,MA,2011-10-31,324616.1245664788
394404,10,"Boston, MA",msa,MA,2011-11-30,323000.14734708896
394404,10,"Boston, MA",msa,MA,2011-12-31,321767.19419977063
394404,10,"Boston, MA",msa,MA,2012-01-31,320738.3733262453
394404,10,"Boston, MA",msa,MA,2012-02-29,320341.80368364585
394404,10,"Boston, MA",msa,MA,2012-03-31,320515.5843329861
394404,10,"Boston, MA",msa,MA,2012-04-30,321317.02982297225
394404,10,"Boston, MA",msa,MA,2012-05-31,322629.7357403157
394404,10,"Boston, MA",msa,MA,2012-06-30,324157.7758842678
394404,10,"Boston, MA",msa,MA,2012-07-31,325817.79040286207
394404,10,"Boston, MA",msa,MA,2012-08-31,327216.25556780666
394404,10,"Boston, MA",msa,MA,2012-09-30,328471.0699591518
394404,10,"Boston, MA",msa,MA,2012-10-31,329756.9337271541
394404,10,"Boston, MA",msa,MA,2012-11-30,331389.5081040803
394404,10,"Boston, MA",msa,MA,2012-12-31,333494.9588357619
394404,10,"Boston, MA",msa,MA,2013-01-31,335955.2677073343
394404,10,"Boston, MA",msa,MA,2013-02-28,338524.31088071567
394404,10,"Boston, MA",msa,MA,2013-03-31,340276.1487623471
394404,10,"Boston, MA",msa,MA,2013-04-30,341780.81013524643
394404,10,"Boston, MA",msa,MA,2013-05-31,343347.43536165816
394404,10,"Boston, MA",msa,MA,2013-06-30,345662.34129136615
394404,10,"Boston, MA",msa,MA,2013-07-31,348120.0386131247
394404,10,"Boston, MA",msa,MA,2013-08-31,350507.25884758617
394404,10,"Boston, MA",msa,MA,2013-09-30,352929.8237904839
394404,10,"Boston, MA",msa,MA,2013-10-31,355654.8990657988
394404,10,"Boston, MA",msa,MA,2013-11-30,358491.4460533488
394404,10,"Boston, MA",msa,MA,2013-12-31,361245.3661911495
394404,10,"Boston, MA",msa,MA,2014-01-31,363719.3335590844
394404,10,"Boston, MA",msa,MA,2014-02-28,365761.9302239243
394404,10,"Boston, MA",msa,MA,2014-03-31,367582.33443027
394404,10,"Boston, MA",msa,MA,2014-04-30,369541.9729800096
394404,10,"Boston, MA",msa,MA,2014-05-31,371699.17688573175
394404,10,"Boston, MA",msa,MA,2014-06-30,373324.2329324999
394404,10,"Boston, MA",msa,MA,2014-07-31,374484.889013072
394404,10,"Boston, MA",msa,MA,2014-08-31,375025.3452061708
394404,10,"Boston, MA",msa,MA,2014-09-30,375975.2506553602
394404,10,"Boston, MA",msa,MA,2014-10-31,376654.6395144765
394404,10,"Boston, MA",msa,MA,2014-11-30,378043.6911432307
394404,10,"Boston, MA",msa,MA,2014-12-31,379773.7304795157
394404,10,"Boston, MA",msa,MA,2015-01-31,382374.2533297863
394404,10,"Boston, MA",msa,MA,2015-02-28,385084.14590420766
394404,10,"Boston, MA",msa,MA,2015-03-31,387606.4422451384
394404,10,"Boston, MA",msa,MA,2015-04-30,389513.3837967084
394404,10,"Boston, MA",msa,MA,2015-05-31,391126.8292326498
394404,10,"Boston, MA",msa,MA,2015-06-30,392401.6485182874
394404,10,"Boston, MA",msa,MA,2015-07-31,393869.8268316782
394404,10,"Boston, MA",msa,MA,2015-08-31,395969.4856255113
394404,10,"Boston, MA",msa,MA,2015-09-30,398791.15022574336
394404,10,"Boston, MA",msa,MA,2015-10-31,401825.2450341507
394404,10,"Boston, MA",msa,MA,2015-11-30,404606.716317098
394404,10,"Boston, MA",msa,MA,2015-12-31,407465.7230320196
394404,10,"Boston, MA",msa,MA,2016-01-31,410416.1290244432
394404,10,"Boston, MA",msa,MA,2016-02-29,412997.6391234666
394404,10,"Boston, MA",msa,MA,2016-03-31,414952.27520801575
394404,10,"Boston, MA",msa,MA,2016-04-30,417009.57764723705
394404,10,"Boston, MA",msa,MA,2016-05-31,419195.5296828567
394404,10,"Boston, MA",msa,MA,2016-06-30,421262.7161999084
394404,10,"Boston, MA",msa,MA,2016-07-31,422682.99129544897
394404,10,"Boston, MA",msa,MA,2016-08-31,423662.5504073229
394404,10,"Boston, MA",msa,MA,2016-09-30,425117.4283555621
394404,10,"Boston, MA",msa,MA,2016-10-31,427370.2110274857
394404,10,"Boston, MA",msa,MA,2016-11-30,430558.2893840689
394404,10,"Boston, MA",msa,MA,2016-12-31,433739.4131876116
394404,10,"Boston, MA",msa,MA,2017-01-31,436582.7467026352
394404,10,"Boston, MA",msa,MA,2017-02-28,438896.601034314
394404,10,"Boston, MA",msa,MA,2017-03-31,441572.1663106654
394404,10,"Boston, MA",msa,MA,2017-04-30,444689.3333018765
394404,10,"Boston, MA",msa,MA,2017-05-31,447933.51516804827
394404,10,"Boston, MA",msa,MA,2017-06-30,450764.5920175188
394404,10,"Boston, MA",msa,MA,2017-07-31,453164.83041729854
394404,10,"Boston, MA",msa,MA,2017-08-31,455107.1759062757
394404,10,"Boston, MA",msa,MA,2017-09-30,457342.9658521428
394404,10,"Boston, MA",msa,MA,2017-10-31,459387.3961002415
394404,10,"Boston, MA",msa,MA,2017-11-30,461586.8609422346
394404,10,"Boston, MA",msa,MA,2017-12-31,463636.35743996897
394404,10,"Boston, MA",msa,MA,2018-01-31,466064.9625469821
394404,10,"Boston, MA",msa,MA,2018-02-28,468762.1418858497
394404,10,"Boston, MA",msa,MA,2018-03-31,471917.4059745334
394404,10,"Boston, MA",msa,MA,2018-04-30,475014.0756712355
394404,10,"Boston, MA",msa,MA,2018-05-31,478264.4814855082
394404,10,"Boston, MA",msa,MA,2018-06-30,480944.89956386393
394404,10,"Boston, MA",msa,MA,2018-07-31,483652.4574269981
394404,10,"Boston, MA",msa,MA,2018-08-31,485789.4102668245
394404,10,"Boston, MA",msa,MA,2018-09-30,487616.2767513211
394404,10,"Boston, MA",msa,MA,2018-10-31,488298.22841500194
394404,10,"Boston, MA",msa,MA,2018-11-30,488592.5341639913
394404,10,"Boston, MA",msa,MA,2018-12-31,488234.6949946767
394404,10,"Boston, MA",msa,MA,2019-01-31,488067.8345881042
394404,10,"Boston, MA",msa,MA,2019-02-28,488329.7162728338
394404,10,"Boston, MA",msa,MA,2019-03-31,489301.70648282085
394404,10,"Boston, MA",msa,MA,2019-04-30,490971.5874478401
394404,10,"Boston, MA",msa,MA,2019-05-31,492229.9752439838
394404,10,"Boston, MA",msa,MA,2019-06-30,493315.8664896828
394404,10,"Boston, MA",msa,MA,2019-07-31,493775.23952585313
394404,10,"Boston, MA",msa,MA,2019-08-31,493923.2723066357
394404,10,"Boston, MA",msa,MA,2019-09-30,493785.1582089342
394404,10,"Boston, MA",msa,MA,2019-10-31,494443.77475778153
394404,10,"Boston, MA",msa,MA,2019-11-30,496032.2933942347
394404,10,"Boston, MA",msa,MA,2019-12-31,497838.6576563338
394404,10,"Boston, MA",msa,MA,2020-01-31,500286.2494731534
394404,10,"Boston, MA",msa,MA,2020-02-29,503140.9315205238
394404,10,"Boston, MA",msa,MA,2020-03-31,506779.2348027057
394404,10,"Boston, MA",msa,MA,2020-04-30,509849.2368084903
394404,10,"Boston, MA",msa,MA,2020-05-31,511719.9619872728
394404,10,"Boston, MA",msa,MA,2020-06-30,512582.53048970347
394404,10,"Boston, MA",msa,MA,2020-07-31,513465.5178322571
394404,10,"Boston, MA",msa,MA,2020-08-31,516159.689800171
394404,10,"Boston, MA",msa,MA,2020-09-30,521347.2569806256
394404,10,"Boston, MA",msa,MA,2020-10-31,528265.6116219317
394404,10,"Boston, MA",msa,MA,2020-11-30,536215.531130002
394404,10,"Boston, MA",msa,MA,2020-12-31,544094.5584528843
394404,10,"Boston, MA",msa,MA,2021-01-31,551157.0986225927
394404,10,"Boston, MA",msa,MA,2021-02-28,558173.3006672575
394404,10,"Boston, MA",msa,MA,2021-03-31,565316.6509133292
394404,10,"Boston, MA",msa,MA,2021-04-30,573158.2296884725
394404,10,"Boston, MA",msa,MA,2021-05-31,581306.4492560555
394404,10,"Boston, MA",msa,MA,2021-06-30,588797.9237553417
394404,10,"Boston, MA",msa,MA,2021-07-31,593665.9075751576
394404,10,"Boston, MA",msa,MA,2021-08-31,594893.2029518539
394404,10,"Boston, MA",msa,MA,2021-09-30,593738.0451193341
394404,10,"Boston, MA",msa,MA,2021-10-31,592999.9711732658
394404,10,"Boston, MA",msa,MA,2021-11-30,593847.5275457618
394404,10,"Boston, MA",msa,MA,2021-12-31,596059.1055346042
394404,10,"Boston, MA",msa,MA,2022-01-31,601590.725907357
394404,10,"Boston, MA",msa,MA,2022-02-28,610410.0566260982
394404,10,"Boston, MA",msa,MA,2022-03-31,622475.6873168373
394404,10,"Boston, MA",msa,MA,2022-04-30,634032.5751295993
394404,10,"Boston, MA",msa,MA,2022-05-31,643990.6689734949
394404,10,"Boston, MA",msa,MA,2022-06-30,651062.8822155799
394404,10,"Boston, MA",msa,MA,2022-07-31,653691.5464822276
394404,10,"Boston, MA",msa,MA,2022-08-31,651456.4601808792
394404,10,"Boston, MA",msa,MA,2022-09-30,645885.3008587341
394404,10,"Boston, MA",msa,MA,2022-10-31,641285.1879739714
394404,10,"Boston, MA",msa,MA,2022-11-30,638728.7684567211
394404,10,"Boston, MA",msa,MA,2022-12-31,637983.1815632026
394404,10,"Boston, MA",msa,MA,2023-01-31,636709.6078234158
394404,10,"Boston, MA",msa,MA,2023-02-28,635532.236370521
394404,10,"Boston, MA",msa,MA,2023-03-31,635746.2808738797
394404,10,"Boston, MA",msa,MA,2023-04-30,639337.8134618863
394404,10,"Boston, MA",msa,MA,2023-05-31,645351.1277977066
394404,10,"Boston, MA",msa,MA,2023-06-30,652342.7600944462
394404,10,"Boston, MA",msa,MA,2023-07-31,659103.5057795212
394404,10,"Boston, MA",msa,MA,2023-08-31,665664.37780328
394404,10,"Boston, MA",msa,MA,2023-09-30,671417.0560197165
394404,10,"Boston, MA",msa,MA,2023-10-31,676129.09553988
394404,10,"Boston, MA",msa,MA,2023-11-30,679652.9987373821
394404,10,"Boston, MA",msa,MA,2023-12-31,682466.2710485547
394404,10,"Boston, MA",msa,MA,2024-01-31,684489.9077979699
394404,10,"Boston, MA",msa,MA,2024-02-29,687230.3111341688
394404,10,"Boston, MA",msa,MA,2024-03-31,691960.3638744907
394404,10,"Boston, MA",msa,MA,2024-04-30,698094.855481212
394404,10,"Boston, MA",msa,MA,2024-05-31,703307.1402815003
394404,10,"Boston, MA",msa,MA,2024-06-30,706089.1507700657
394404,10,"Boston, MA",msa,MA,2024-07-31,707720.0104639969
394404,10,"Boston, MA",msa,MA,2024-08-31,709437.3694757681
394404,10,"Boston, MA",msa,MA,2024-09-30,711545.2595487767
394404,10,"Boston, MA",msa,MA,2024-10-31,713380.9735016245
394404,10,"Boston, MA",msa,MA,2024-11-30,714965.9215935945
394404,10,"Boston, MA",msa,MA,2024-12-31,716744.2513262982
394404,10,"Boston, MA",msa,MA,2025-01-31,718407.7937366134
394404,10,"Boston, MA",msa,MA,2025-02-28,720060.2211181443
394404,10,"Boston, MA",msa,MA,2025-03-31,720469.8912606818
394404,10,"Boston, MA",msa,MA,2025-04-30,720604.2008336155
394404,10,"Boston, MA",msa,MA,2025-05-31,719595.9998157605
394404,10,"Boston, MA",msa,MA,2025-06-30,718611.6480298765
394404,10,"Boston, MA",msa,MA,2025-07-31,718031.9461248368
394404,10,"Boston, MA",msa,MA,2025-08-31,718286.2104772044
394404,10,"Boston, MA",msa,MA,2025-09-30,719722.619159699
394404,10,"Boston, MA",msa,MA,2025-10-31,722289.9144520876
394404,10,"Boston, MA",msa,MA,2025-11-30,725335.7915776364
394404,10,"Boston, MA",msa,MA,2025-12-31,728312.71776095
394404,10,"Boston, MA",msa,MA,2026-01-31,730290.3553279609
394404,10,"Boston, MA",msa,MA,2026-02-28,731398.9275305686
394404,10,"Boston, MA",msa,MA,2026-03-31,731956.9542661133
394404,10,"Boston, MA",msa,MA,2026-04-30,731390.7863063494
394404,10,"Boston, MA",msa,MA,2026-05-31,730930.5410987275
394404,10,"Boston, MA",msa,MA,2026-06-30,730752.4039599923
394404,10,"Boston, MA",msa,MA,2026-07-31,731725.6383065162
394404,10,"Boston, MA",msa,MA,2026-08-31,733574.1688299979
394458,23,"Charlotte, NC",msa,NC,2000-01-31,145185.87495682258
394458,23,"Charlotte, NC",msa,NC,2000-02-29,145385.8706639624
394458,23,"Charlotte, NC",msa,NC,2000-03-31,145649.84007091794
394458,23,"Charlotte, NC",msa,NC,2000-04-30,146166.52945967726
394458,23,"Charlotte, NC",msa,NC,2000-05-31,146761.9302697297
394458,23,"Charlotte, NC",msa,NC,2000-06-30,147324.54522166133
394458,23,"Charlotte, NC",msa,NC,2000-07-31,147884.70460294167
394458,23,"Charlotte, NC",msa,NC,2000-08-31,148438.8174559995
394458,23,"Charlotte, NC",msa,NC,2000-09-30,149001.08992136832
394458,23,"Charlotte, NC",msa,NC,2000-10-31,149543.7718382088
394458,23,"Charlotte, NC",msa,NC,2000-11-30,150085.46031326396
394458,23,"Charlotte, NC",msa,NC,2000-12-31,150577.2761271553
394458,23,"Charlotte, NC",msa,NC,2001-01-31,151192.52255982874
394458,23,"Charlotte, NC",msa,NC,2001-02-28,151724.62836331042
394458,23,"Charlotte, NC",msa,NC,2001-03-31,152234.13949711696
394458,23,"Charlotte, NC",msa,NC,2001-04-30,152556.31692259817
394458,23,"Charlotte, NC",msa,NC,2001-05-31,152854.80731681094
394458,23,"Charlotte, NC",msa,NC,2001-06-30,153113.74082684616
394458,23,"Charlotte, NC",msa,NC,2001-07-31,153330.8879552757
394458,23,"Charlotte, NC",msa,NC,2001-08-31,153618.4413632889
394458,23,"Charlotte, NC",msa,NC,2001-09-30,153968.76723292348
394458,23,"Charlotte, NC",msa,NC,2001-10-31,154343.27892642023
394458,23,"Charlotte, NC",msa,NC,2001-11-30,154628.0638409932
394458,23,"Charlotte, NC",msa,NC,2001-12-31,154793.53954179314
394458,23,"Charlotte, NC",msa,NC,2002-01-31,155025.42214450627
394458,23,"Charlotte, NC",msa,NC,2002-02-28,155245.23274838983
394458,23,"Charlotte, NC",msa,NC,2002-03-31,155506.98774926705
394458,23,"Charlotte, NC",msa,NC,2002-04-30,155673.05324159504
394458,23,"Charlotte, NC",msa,NC,2002-05-31,155774.76361416248
394458,23,"Charlotte, NC",msa,NC,2002-06-30,155866.08849765811
394458,23,"Charlotte, NC",msa,NC,2002-07-31,155945.80011787207
394458,23,"Charlotte, NC",msa,NC,2002-08-31,156097.169077643
394458,23,"Charlotte, NC",msa,NC,2002-09-30,156271.44674029536
394458,23,"Charlotte, NC",msa,NC,2002-10-31,156459.32912006855
394458,23,"Charlotte, NC",msa,NC,2002-11-30,156578.37476681892
394458,23,"Charlotte, NC",msa,NC,2002-12-31,156668.1704305937
394458,23,"Charlotte, NC",msa,NC,2003-01-31,156772.10317890137
394458,23,"Charlotte, NC",msa,NC,2003-02-28,156959.45760438623
394458,23,"Charlotte, NC",msa,NC,2003-03-31,157172.42615805645
394458,23,"Charlotte, NC",msa,NC,2003-04-30,157316.48449506212
394458,23,"Charlotte, NC",msa,NC,2003-05-31,157445.06031423455
394458,23,"Charlotte, NC",msa,NC,2003-06-30,157544.81997262666
394458,23,"Charlotte, NC",msa,NC,2003-07-31,157696.6222182538
394458,23,"Charlotte, NC",msa,NC,2003-08-31,157882.09124805793
394458,23,"Charlotte, NC",msa,NC,2003-09-30,158086.29056236843
394458,23,"Charlotte, NC",msa,NC,2003-10-31,158323.53058948755
394458,23,"Charlotte, NC",msa,NC,2003-11-30,158541.15684596964
394458,23,"Charlotte, NC",msa,NC,2003-12-31,158767.92197259198
394458,23,"Charlotte, NC",msa,NC,2004-01-31,159027.01909092642
394458,23,"Charlotte, NC",msa,NC,2004-02-29,159261.3835305347
394458,23,"Charlotte, NC",msa,NC,2004-03-31,159483.06414569842
394458,23,"Charlotte, NC",msa,NC,2004-04-30,159648.39127901196
394458,23,"Charlotte, NC",msa,NC,2004-05-31,159829.9935100521
394458,23,"Charlotte, NC",msa,NC,2004-06-30,160105.57841269043
394458,23,"Charlotte, NC",msa,NC,2004-07-31,160407.5799607541
394458,23,"Charlotte, NC",msa,NC,2004-08-31,160700.76929527812
394458,23,"Charlotte, NC",msa,NC,2004-09-30,160952.78643738187
394458,23,"Charlotte, NC",msa,NC,2004-10-31,161188.8758019867
394458,23,"Charlotte, NC",msa,NC,2004-11-30,161432.07120713362
394458,23,"Charlotte, NC",msa,NC,2004-12-31,161610.35835774822
394458,23,"Charlotte, NC",msa,NC,2005-01-31,161843.70401996712
394458,23,"Charlotte, NC",msa,NC,2005-02-28,162150.39960454477
394458,23,"Charlotte, NC",msa,NC,2005-03-31,162555.27566233286
394458,23,"Charlotte, NC",msa,NC,2005-04-30,162926.02231568622
394458,23,"Charlotte, NC",msa,NC,2005-05-31,163227.96771028813
394458,23,"Charlotte, NC",msa,NC,2005-06-30,163620.91393990672
394458,23,"Charlotte, NC",msa,NC,2005-07-31,164070.6656255269
394458,23,"Charlotte, NC",msa,NC,2005-08-31,164611.74993821248
394458,23,"Charlotte, NC",msa,NC,2005-09-30,165130.5846974821
394458,23,"Charlotte, NC",msa,NC,2005-10-31,165699.03747021238
394458,23,"Charlotte, NC",msa,NC,2005-11-30,166281.82161278394
394458,23,"Charlotte, NC",msa,NC,2005-12-31,166844.04952913476
394458,23,"Charlotte, NC",msa,NC,2006-01-31,167386.63063954405
394458,23,"Charlotte, NC",msa,NC,2006-02-28,167903.87155838343
394458,23,"Charlotte, NC",msa,NC,2006-03-31,168396.85503600503
394458,23,"Charlotte, NC",msa,NC,2006-04-30,168991.88781960812
394458,23,"Charlotte, NC",msa,NC,2006-05-31,169706.18917155845
394458,23,"Charlotte, NC",msa,NC,2006-06-30,170591.8479970344
394458,23,"Charlotte, NC",msa,NC,2006-07-31,171517.61294830474
394458,23,"Charlotte, NC",msa,NC,2006-08-31,172476.2003846968
394458,23,"Charlotte, NC",msa,NC,2006-09-30,173346.96787683805
394458,23,"Charlotte, NC",msa,NC,2006-10-31,174087.71678424045
394458,23,"Charlotte, NC",msa,NC,2006-11-30,174717.33806791724
394458,23,"Charlotte, NC",msa,NC,2006-12-31,175339.64184954818
394458,23,"Charlotte, NC",msa,NC,2007-01-31,175934.73382257696
394458,23,"Charlotte, NC",msa,NC,2007-02-28,176426.9773519073
394458,23,"Charlotte, NC",msa,NC,2007-03-31,177075.83838925438
394458,23,"Charlotte, NC",msa,NC,2007-04-30,177956.8452304562
394458,23,"Charlotte, NC",msa,NC,2007-05-31,179022.46851663452
394458,23,"Charlotte, NC",msa,NC,2007-06-30,180044.052690853
394458,23,"Charlotte, NC",msa,NC,2007-07-31,181034.9031244453
394458,23,"Charlotte, NC",msa,NC,2007-08-31,181975.50424879763
394458,23,"Charlotte, NC",msa,NC,2007-09-30,182743.95465825568
394458,23,"Charlotte, NC",msa,NC,2007-10-31,183157.8532191732
394458,23,"Charlotte, NC",msa,NC,2007-11-30,183419.40295662367
394458,23,"Charlotte, NC",msa,NC,2007-12-31,183493.75393562345
394458,23,"Charlotte, NC",msa,NC,2008-01-31,183695.92174275537
394458,23,"Charlotte, NC",msa,NC,2008-02-29,183753.39887077184
394458,23,"Charlotte, NC",msa,NC,2008-03-31,183838.6876040774
394458,23,"Charlotte, NC",msa,NC,2008-04-30,183664.34225872636
394458,23,"Charlotte, NC",msa,NC,2008-05-31,183464.09611511676
394458,23,"Charlotte, NC",msa,NC,2008-06-30,182967.34036286653
394458,23,"Charlotte, NC",msa,NC,2008-07-31,182237.89646811367
394458,23,"Charlotte, NC",msa,NC,2008-08-31,181384.82831361788
394458,23,"Charlotte, NC",msa,NC,2008-09-30,180605.7057592325
394458,23,"Charlotte, NC",msa,NC,2008-10-31,179972.25048073227
394458,23,"Charlotte, NC",msa,NC,2008-11-30,179032.73935572116
394458,23,"Charlotte, NC",msa,NC,2008-12-31,177646.38658619183
394458,23,"Charlotte, NC",msa,NC,2009-01-31,175803.21785269634
394458,23,"Charlotte, NC",msa,NC,2009-02-28,174435.43727578133
394458,23,"Charlotte, NC",msa,NC,2009-03-31,173670.45657011148
394458,23,"Charlotte, NC",msa,NC,2009-04-30,173135.8677315374
394458,23,"Charlotte, NC",msa,NC,2009-05-31,172279.25044007783
394458,23,"Charlotte, NC",msa,NC,2009-06-30,171212.69120118875
394458,23,"Charlotte, NC",msa,NC,2009-07-31,170285.35402202755
394458,23,"Charlotte, NC",msa,NC,2009-08-31,169364.2004266001
394458,23,"Charlotte, NC",msa,NC,2009-09-30,168545.76365171283
394458,23,"Charlotte, NC",msa,NC,2009-10-31,167865.61385916636
394458,23,"Charlotte, NC",msa,NC,2009-11-30,167588.02195809156
394458,23,"Charlotte, NC",msa,NC,2009-12-31,167444.21294430763
394458,23,"Charlotte, NC",msa,NC,2010-01-31,167353.60330062566
394458,23,"Charlotte, NC",msa,NC,2010-02-28,166989.6450503714
394458,23,"Charlotte, NC",msa,NC,2010-03-31,166366.34732365096
394458,23,"Charlotte, NC",msa,NC,2010-04-30,165843.71844650153
394458,23,"Charlotte, NC",msa,NC,2010-05-31,165513.237298871
394458,23,"Charlotte, NC",msa,NC,2010-06-30,165099.58229059723
394458,23,"Charlotte, NC",msa,NC,2010-07-31,164338.67082032704
394458,23,"Charlotte, NC",msa,NC,2010-08-31,163368.2085932063
394458,23,"Charlotte, NC",msa,NC,2010-09-30,162265.90665935457
394458,23,"Charlotte, NC",msa,NC,2010-10-31,161165.25565273562
394458,23,"Charlotte, NC",msa,NC,2010-11-30,159878.83569212825
394458,23,"Charlotte, NC",msa,NC,2010-12-31,158772.75697311456
394458,23,"Charlotte, NC",msa,NC,2011-01-31,157676.67961280455
394458,23,"Charlotte, NC",msa,NC,2011-02-28,156771.54251482518
394458,23,"Charlotte, NC",msa,NC,2011-03-31,155856.3183594259
394458,23,"Charlotte, NC",msa,NC,2011-04-30,154926.191940182
394458,23,"Charlotte, NC",msa,NC,2011-05-31,153939.67103879005
394458,23,"Charlotte, NC",msa,NC,2011-06-30,153064.05043305806
394458,23,"Charlotte, NC",msa,NC,2011-07-31,152307.6628848312
394458,23,"Charlotte, NC",msa,NC,2011-08-31,151582.19092728713
394458,23,"Charlotte, NC",msa,NC,2011-09-30,150819.63836587334
394458,23,"Charlotte, NC",msa,NC,2011-10-31,150038.43712591784
394458,23,"Charlotte, NC",msa,NC,2011-11-30,149257.91795049488
394458,23,"Charlotte, NC",msa,NC,2011-12-31,148835.14559602473
394458,23,"Charlotte, NC",msa,NC,2012-01-31,148549.6942115882
394458,23,"Charlotte, NC",msa,NC,2012-02-29,148579.8657589012
394458,23,"Charlotte, NC",msa,NC,2012-03-31,148704.56889751556
394458,23,"Charlotte, NC",msa,NC,2012-04-30,149086.39466047534
394458,23,"Charlotte, NC",msa,NC,2012-05-31,149523.62888517763
394458,23,"Charlotte, NC",msa,NC,2012-06-30,149929.33412227177
394458,23,"Charlotte, NC",msa,NC,2012-07-31,150281.90908845662
394458,23,"Charlotte, NC",msa,NC,2012-08-31,150598.1589258482
394458,23,"Charlotte, NC",msa,NC,2012-09-30,150975.15570379337
394458,23,"Charlotte, NC",msa,NC,2012-10-31,151421.1794374972
394458,23,"Charlotte, NC",msa,NC,2012-11-30,151891.40708949804
394458,23,"Charlotte, NC",msa,NC,2012-12-31,152312.97575777737
394458,23,"Charlotte, NC",msa,NC,2013-01-31,152686.4361409161
394458,23,"Charlotte, NC",msa,NC,2013-02-28,153122.5215944984
394458,23,"Charlotte, NC",msa,NC,2013-03-31,153687.48469665454
394458,23,"Charlotte, NC",msa,NC,2013-04-30,154448.6702970824
394458,23,"Charlotte, NC",msa,NC,2013-05-31,155542.34030428113
394458,23,"Charlotte, NC",msa,NC,2013-06-30,156876.0244556847
394458,23,"Charlotte, NC",msa,NC,2013-07-31,158229.84753991803
394458,23,"Charlotte, NC",msa,NC,2013-08-31,159406.28101675946
394458,23,"Charlotte, NC",msa,NC,2013-09-30,160378.0709766236
394458,23,"Charlotte, NC",msa,NC,2013-10-31,161353.6993402942
394458,23,"Charlotte, NC",msa,NC,2013-11-30,162210.48359648537
394458,23,"Charlotte, NC",msa,NC,2013-12-31,163038.77748966406
394458,23,"Charlotte, NC",msa,NC,2014-01-31,163846.16128924562
394458,23,"Charlotte, NC",msa,NC,2014-02-28,164749.43097966572
394458,23,"Charlotte, NC",msa,NC,2014-03-31,165556.56763593806
394458,23,"Charlotte, NC",msa,NC,2014-04-30,166240.2551622514
394458,23,"Charlotte, NC",msa,NC,2014-05-31,166871.0066713836
394458,23,"Charlotte, NC",msa,NC,2014-06-30,167427.53843432313
394458,23,"Charlotte, NC",msa,NC,2014-07-31,167899.54983073464
394458,23,"Charlotte, NC",msa,NC,2014-08-31,168229.4504582625
394458,23,"Charlotte, NC",msa,NC,2014-09-30,168568.72215015665
394458,23,"Charlotte, NC",msa,NC,2014-10-31,168884.97557051646
394458,23,"Charlotte, NC",msa,NC,2014-11-30,169459.57509921826
394458,23,"Charlotte, NC",msa,NC,2014-12-31,170212.44576356513
394458,23,"Charlotte, NC",msa,NC,2015-01-31,171239.00372581815
394458,23,"Charlotte, NC",msa,NC,2015-02-28,172220.28262496542
394458,23,"Charlotte, NC",msa,NC,2015-03-31,173144.98789124002
394458,23,"Charlotte, NC",msa,NC,2015-04-30,173885.1880768824
394458,23,"Charlotte, NC",msa,NC,2015-05-31,174723.296442538
394458,23,"Charlotte, NC",msa,NC,2015-06-30,175582.27116113517
394458,23,"Charlotte, NC",msa,NC,2015-07-31,176598.46988242143
394458,23,"Charlotte, NC",msa,NC,2015-08-31,177679.72693700358
394458,23,"Charlotte, NC",msa,NC,2015-09-30,178898.75490841985
394458,23,"Charlotte, NC",msa,NC,2015-10-31,180293.85478981872
394458,23,"Charlotte, NC",msa,NC,2015-11-30,181747.3883047425
394458,23,"Charlotte, NC",msa,NC,2015-12-31,183249.34014080444
394458,23,"Charlotte, NC",msa,NC,2016-01-31,184832.3944162856
394458,23,"Charlotte, NC",msa,NC,2016-02-29,186294.9936695652
394458,23,"Charlotte, NC",msa,NC,2016-03-31,187468.96750642828
394458,23,"Charlotte, NC",msa,NC,2016-04-30,188498.7081433792
394458,23,"Charlotte, NC",msa,NC,2016-05-31,189416.62220343077
394458,23,"Charlotte, NC",msa,NC,2016-06-30,190496.7629885254
394458,23,"Charlotte, NC",msa,NC,2016-07-31,191444.87730908548
394458,23,"Charlotte, NC",msa,NC,2016-08-31,192552.5661290584
394458,23,"Charlotte, NC",msa,NC,2016-09-30,193807.95871365225
394458,23,"Charlotte, NC",msa,NC,2016-10-31,195262.10537905345
394458,23,"Charlotte, NC",msa,NC,2016-11-30,196774.71188995367
394458,23,"Charlotte, NC",msa,NC,2016-12-31,198283.28402243144
394458,23,"Charlotte, NC",msa,NC,2017-01-31,199705.13041299183
394458,23,"Charlotte, NC",msa,NC,2017-02-28,200928.4541360135
394458,23,"Charlotte, NC",msa,NC,2017-03-31,202132.4437496409
394458,23,"Charlotte, NC",msa,NC,2017-04-30,203514.921305001
394458,23,"Charlotte, NC",msa,NC,2017-05-31,204862.93550457785
394458,23,"Charlotte, NC",msa,NC,2017-06-30,206162.5839097247
394458,23,"Charlotte, NC",msa,NC,2017-07-31,207327.8545246969
394458,23,"Charlotte, NC",msa,NC,2017-08-31,208633.13887815937
394458,23,"Charlotte, NC",msa,NC,2017-09-30,209971.15719017087
394458,23,"Charlotte, NC",msa,NC,2017-10-31,211468.8245111644
394458,23,"Charlotte, NC",msa,NC,2017-11-30,213157.8399517655
394458,23,"Charlotte, NC",msa,NC,2017-12-31,214916.70235249196
394458,23,"Charlotte, NC",msa,NC,2018-01-31,216663.51348770352
394458,23,"Charlotte, NC",msa,NC,2018-02-28,218301.17930031152
394458,23,"Charlotte, NC",msa,NC,2018-03-31,219979.3680077729
394458,23,"Charlotte, NC",msa,NC,2018-04-30,221310.3381663136
394458,23,"Charlotte, NC",msa,NC,2018-05-31,222471.5236893377
394458,23,"Charlotte, NC",msa,NC,2018-06-30,223399.52718214772
394458,23,"Charlotte, NC",msa,NC,2018-07-31,224538.3674919548
394458,23,"Charlotte, NC",msa,NC,2018-08-31,225730.1995105605
394458,23,"Charlotte, NC",msa,NC,2018-09-30,227041.73484501964
394458,23,"Charlotte, NC",msa,NC,2018-10-31,228110.10999919855
394458,23,"Charlotte, NC",msa,NC,2018-11-30,229208.5941610007
394458,23,"Charlotte, NC",msa,NC,2018-12-31,230233.72341148596
394458,23,"Charlotte, NC",msa,NC,2019-01-31,231479.3540740914
394458,23,"Charlotte, NC",msa,NC,2019-02-28,232646.79599367056
394458,23,"Charlotte, NC",msa,NC,2019-03-31,233797.34463659915
394458,23,"Charlotte, NC",msa,NC,2019-04-30,234818.07830267015
394458,23,"Charlotte, NC",msa,NC,2019-05-31,235829.5492171032
394458,23,"Charlotte, NC",msa,NC,2019-06-30,236721.07436881436
394458,23,"Charlotte, NC",msa,NC,2019-07-31,237608.4408178609
394458,23,"Charlotte, NC",msa,NC,2019-08-31,238536.51594033695
394458,23,"Charlotte, NC",msa,NC,2019-09-30,239414.8430435882
394458,23,"Charlotte, NC",msa,NC,2019-10-31,240496.8137809316
394458,23,"Charlotte, NC",msa,NC,2019-11-30,241855.60779067676
394458,23,"Charlotte, NC",msa,NC,2019-12-31,243435.99591398952
394458,23,"Charlotte, NC",msa,NC,2020-01-31,245094.5362238542
394458,23,"Charlotte, NC",msa,NC,2020-02-29,246730.2314381505
394458,23,"Charlotte, NC",msa,NC,2020-03-31,248529.97938198157
394458,23,"Charlotte, NC",msa,NC,2020-04-30,250180.8328093056
394458,23,"Charlotte, NC",msa,NC,2020-05-31,251286.1076160615
394458,23,"Charlotte, NC",msa,NC,2020-06-30,252170.13270681244
394458,23,"Charlotte, NC",msa,NC,2020-07-31,253451.4152739595
394458,23,"Charlotte, NC",msa,NC,2020-08-31,255762.9884166181
394458,23,"Charlotte, NC",msa,NC,2020-09-30,259175.624174337
394458,23,"Charlotte, NC",msa,NC,2020-10-31,263244.9369195806
394458,23,"Charlotte, NC",msa,NC,2020-11-30,267747.6658373621
394458,23,"Charlotte, NC",msa,NC,2020-12-31,272274.919624055
394458,23,"Charlotte, NC",msa,NC,2021-01-31,276688.1769533527
394458,23,"Charlotte, NC",msa,NC,2021-02-28,281233.4596335569
394458,23,"Charlotte, NC",msa,NC,2021-03-31,285975.3387825214
394458,23,"Charlotte, NC",msa,NC,2021-04-30,291110.36822087393
394458,23,"Charlotte, NC",msa,NC,2021-05-31,296747.86921831226
394458,23,"Charlotte, NC",msa,NC,2021-06-30,302969.7420343333
394458,23,"Charlotte, NC",msa,NC,2021-07-31,309067.54336523
394458,23,"Charlotte, NC",msa,NC,2021-08-31,314275.2090120562
394458,23,"Charlotte, NC",msa,NC,2021-09-30,318657.5119422001
394458,23,"Charlotte, NC",msa,NC,2021-10-31,322958.47274521115
394458,23,"Charlotte, NC",msa,NC,2021-11-30,327975.76576100633
394458,23,"Charlotte, NC",msa,NC,2021-12-31,333318.38634683355
394458,23,"Charlotte, NC",msa,NC,2022-01-31,339654.75078403665
394458,23,"Charlotte, NC",msa,NC,2022-02-28,346550.230099119
394458,23,"Charlotte, NC",msa,NC,2022-03-31,354285.8237156137
394458,23,"Charlotte, NC",msa,NC,2022-04-30,362242.3195220109
394458,23,"Charlotte, NC",msa,NC,2022-05-31,369766.2562020873
394458,23,"Charlotte, NC",msa,NC,2022-06-30,376468.0348145098
394458,23,"Charlotte, NC",msa,NC,2022-07-31,380588.9034680045
394458,23,"Charlotte, NC",msa,NC,2022-08-31,381913.3290584514
394458,23,"Charlotte, NC",msa,NC,2022-09-30,380744.5466420206
394458,23,"Charlotte, NC",msa,NC,2022-10-31,379221.5685904954
394458,23,"Charlotte, NC",msa,NC,2022-11-30,377654.8926343207
394458,23,"Charlotte, NC",msa,NC,2022-12-31,375827.20631282375
394458,23,"Charlotte, NC",msa,NC,2023-01-31,373315.79549919633
394458,23,"Charlotte, NC",msa,NC,2023-02-28,371060.1942420246
394458,23,"Charlotte, NC",msa,NC,2023-03-31,369842.2169983927
394458,23,"Charlotte, NC",msa,NC,2023-04-30,369829.11113904574
394458,23,"Charlotte, NC",msa,NC,2023-05-31,370645.90812697314
394458,23,"Charlotte, NC",msa,NC,2023-06-30,372296.8652511202
394458,23,"Charlotte, NC",msa,NC,2023-07-31,374304.4010500784
394458,23,"Charlotte, NC",msa,NC,2023-08-31,376673.3503998978
394458,23,"Charlotte, NC",msa,NC,2023-09-30,378727.4353867253
394458,23,"Charlotte, NC",msa,NC,2023-10-31,380505.9907453088
394458,23,"Charlotte, NC",msa,NC,2023-11-30,381910.353055312
394458,23,"Charlotte, NC",msa,NC,2023-12-31,382746.9635563444
394458,23,"Charlotte, NC",msa,NC,2024-01-31,383392.0134283059
394458,23,"Charlotte, NC",msa,NC,2024-02-29,384382.7281069541
394458,23,"Charlotte, NC",msa,NC,2024-03-31,386413.0993153099
394458,23,"Charlotte, NC",msa,NC,2024-04-30,388557.63424865325
394458,23,"Charlotte, NC",msa,NC,2024-05-31,390195.482287193
394458,23,"Charlotte, NC",msa,NC,2024-06-30,390537.23204586114
394458,23,"Charlotte, NC",msa,NC,2024-07-31,390336.5642202291
394458,23,"Charlotte, NC",msa,NC,2024-08-31,389861.27279084566
394458,23,"Charlotte, NC",msa,NC,2024-09-30,389675.81636669085
394458,23,"Charlotte, NC",msa,NC,2024-10-31,389685.3704189725
394458,23,"Charlotte, NC",msa,NC,2024-11-30,389797.0521867625
394458,23,"Charlotte, NC",msa,NC,2024-12-31,390031.1283848935
394458,23,"Charlotte, NC",msa,NC,2025-01-31,390394.60154898046
394458,23,"Charlotte, NC",msa,NC,2025-02-28,390573.39293369575
394458,23,"Charlotte, NC",msa,NC,2025-03-31,390258.46071135
394458,23,"Charlotte, NC",msa,NC,2025-04-30,389478.2864401674
394458,23,"Charlotte, NC",msa,NC,2025-05-31,388603.297017381
394458,23,"Charlotte, NC",msa,NC,2025-06-30,387642.250018572
394458,23,"Charlotte, NC",msa,NC,2025-07-31,386925.6378408048
394458,23,"Charlotte, NC",msa,NC,2025-08-31,386491.01007199753
394458,23,"Charlotte, NC",msa,NC,2025-09-30,386661.2363671654
394458,23,"Charlotte, NC",msa,NC,2025-10-31,386900.02854155167
394458,23,"Charlotte, NC",msa,NC,2025-11-30,387141.9569282693
394458,23,"Charlotte, NC",msa,NC,2025-12-31,387195.4876238904
394458,23,"Charlotte, NC",msa,NC,2026-01-31,387380.3217023916
394458,23,"Charlotte, NC",msa,NC,2026-02-28,387639.4615641826
394458,23,"Charlotte, NC",msa,NC,2026-03-31,387842.7102594248
394458,23,"Charlotte, NC",msa,NC,2026-04-30,387613.4223965803
394458,23,"Charlotte, NC",msa,NC,2026-05-31,386950.9275545474
394458,23,"Charlotte, NC",msa,NC,2026-06-30,386028.5317990507
394458,23,"Charlotte, NC",msa,NC,2026-07-31,385162.2944338494
394458,23,"Charlotte, NC",msa,NC,2026-08-31,384458.199833478
394463,3,"Chicago, IL",msa,IL,2000-01-31,156387.25390884417
394463,3,"Chicago, IL",msa,IL,2000-02-29,156532.02294879293
394463,3,"Chicago, IL",msa,IL,2000-03-31,156807.73813531606
394463,3,"Chicago, IL",msa,IL,2000-04-30,157493.6489998397
394463,3,"Chicago, IL",msa,IL,2000-05-31,158318.7172675313
394463,3,"Chicago, IL",msa,IL,2000-06-30,159244.6670920654
394463,3,"Chicago, IL",msa,IL,2000-07-31,160230.2162571212
394463,3,"Chicago, IL",msa,IL,2000-08-31,161620.86154030464
394463,3,"Chicago, IL",msa,IL,2000-09-30,163253.807064538
394463,3,"Chicago, IL",msa,IL,2000-10-31,165134.8999879589
394463,3,"Chicago, IL",msa,IL,2000-11-30,166561.89641304704
394463,3,"Chicago, IL",msa,IL,2000-12-31,167727.76745843198
394463,3,"Chicago, IL",msa,IL,2001-01-31,168569.56165662868
394463,3,"Chicago, IL",msa,IL,2001-02-28,169394.85196099055
394463,3,"Chicago, IL",msa,IL,2001-03-31,170262.72228866458
394463,3,"Chicago, IL",msa,IL,2001-04-30,171183.7327737603
394463,3,"Chicago, IL",msa,IL,2001-05-31,172291.8872408586
394463,3,"Chicago, IL",msa,IL,2001-06-30,173446.6135544542
394463,3,"Chicago, IL",msa,IL,2001-07-31,174579.9269257638
394463,3,"Chicago, IL",msa,IL,2001-08-31,175979.40484863924
394463,3,"Chicago, IL",msa,IL,2001-09-30,177547.98073996906
394463,3,"Chicago, IL",msa,IL,2001-10-31,179397.37610006146
394463,3,"Chicago, IL",msa,IL,2001-11-30,180769.7815967345
394463,3,"Chicago, IL",msa,IL,2001-12-31,181829.94081895569
394463,3,"Chicago, IL",msa,IL,2002-01-31,182519.75632240303
394463,3,"Chicago, IL",msa,IL,2002-02-28,183343.29872008917
394463,3,"Chicago, IL",msa,IL,2002-03-31,184310.43464602463
394463,3,"Chicago, IL",msa,IL,2002-04-30,185235.6215780262
394463,3,"Chicago, IL",msa,IL,2002-05-31,186235.67803192875
394463,3,"Chicago, IL",msa,IL,2002-06-30,187246.05211529057
394463,3,"Chicago, IL",msa,IL,2002-07-31,188462.70997137684
394463,3,"Chicago, IL",msa,IL,2002-08-31,190004.0356065224
394463,3,"Chicago, IL",msa,IL,2002-09-30,191685.7261882037
394463,3,"Chicago, IL",msa,IL,2002-10-31,193489.06612801045
394463,3,"Chicago, IL",msa,IL,2002-11-30,194707.90850768052
394463,3,"Chicago, IL",msa,IL,2002-12-31,195791.16019053376
394463,3,"Chicago, IL",msa,IL,2003-01-31,196645.6478255448
394463,3,"Chicago, IL",msa,IL,2003-02-28,197721.4058317896
394463,3,"Chicago, IL",msa,IL,2003-03-31,198741.49734130455
394463,3,"Chicago, IL",msa,IL,2003-04-30,199904.2675807496
394463,3,"Chicago, IL",msa,IL,2003-05-31,200984.4400251537
394463,3,"Chicago, IL",msa,IL,2003-06-30,202022.490589272
394463,3,"Chicago, IL",msa,IL,2003-07-31,202956.8757035729
394463,3,"Chicago, IL",msa,IL,2003-08-31,204279.40798131167
394463,3,"Chicago, IL",msa,IL,2003-09-30,205896.35699029625
394463,3,"Chicago, IL",msa,IL,2003-10-31,207696.15427709915
394463,3,"Chicago, IL",msa,IL,2003-11-30,209095.48293424892
394463,3,"Chicago, IL",msa,IL,2003-12-31,210207.18945232173
394463,3,"Chicago, IL",msa,IL,2004-01-31,211233.43296159944
394463,3,"Chicago, IL",msa,IL,2004-02-29,212318.0996425664
394463,3,"Chicago, IL",msa,IL,2004-03-31,213408.0067999002
394463,3,"Chicago, IL",msa,IL,2004-04-30,214648.11336389655
394463,3,"Chicago, IL",msa,IL,2004-05-31,216033.5210416131
394463,3,"Chicago, IL",msa,IL,2004-06-30,217679.63101624267
394463,3,"Chicago, IL",msa,IL,2004-07-31,219248.65532547663
394463,3,"Chicago, IL",msa,IL,2004-08-31,221036.68474396027
394463,3,"Chicago, IL",msa,IL,2004-09-30,222778.26735965893
394463,3,"Chicago, IL",msa,IL,2004-10-31,224693.48897367492
394463,3,"Chicago, IL",msa,IL,2004-11-30,226320.32570046865
394463,3,"Chicago, IL",msa,IL,2004-12-31,227921.68363530407
394463,3,"Chicago, IL",msa,IL,2005-01-31,229281.6217376207
394463,3,"Chicago, IL",msa,IL,2005-02-28,230806.7403441737
394463,3,"Chicago, IL",msa,IL,2005-03-31,232341.5471414056
394463,3,"Chicago, IL",msa,IL,2005-04-30,234042.63576277223
394463,3,"Chicago, IL",msa,IL,2005-05-31,235793.30875617824
394463,3,"Chicago, IL",msa,IL,2005-06-30,237604.9600974421
394463,3,"Chicago, IL",msa,IL,2005-07-31,239315.44907918503
394463,3,"Chicago, IL",msa,IL,2005-08-31,241154.13132120497
394463,3,"Chicago, IL",msa,IL,2005-09-30,243186.24384298397
394463,3,"Chicago, IL",msa,IL,2005-10-31,245409.277897328
394463,3,"Chicago, IL",msa,IL,2005-11-30,247160.08689525028
394463,3,"Chicago, IL",msa,IL,2005-12-31,248653.61878689923
394463,3,"Chicago, IL",msa,IL,2006-01-31,249897.380637996
394463,3,"Chicago, IL",msa,IL,2006-02-28,251260.09229791127
394463,3,"Chicago, IL",msa,IL,2006-03-31,252671.60737346532
394463,3,"Chicago, IL",msa,IL,2006-04-30,253961.7799413042
394463,3,"Chicago, IL",msa,IL,2006-05-31,255290.5937319021
394463,3,"Chicago, IL",msa,IL,2006-06-30,256216.0076221928
394463,3,"Chicago, IL",msa,IL,2006-07-31,256917.61211451484
394463,3,"Chicago, IL",msa,IL,2006-08-31,257407.6860814361
394463,3,"Chicago, IL",msa,IL,2006-09-30,257794.82360038595
394463,3,"Chicago, IL",msa,IL,2006-10-31,258092.00232639303
394463,3,"Chicago, IL",msa,IL,2006-11-30,258348.89083309285
394463,3,"Chicago, IL",msa,IL,2006-12-31,258725.8867424186
394463,3,"Chicago, IL",msa,IL,2007-01-31,259319.21144974616
394463,3,"Chicago, IL",msa,IL,2007-02-28,259956.902785921
394463,3,"Chicago, IL",msa,IL,2007-03-31,260476.51946355123
394463,3,"Chicago, IL",msa,IL,2007-04-30,260676.0418290849
394463,3,"Chicago, IL",msa,IL,2007-05-31,260595.9257499393
394463,3,"Chicago, IL",msa,IL,2007-06-30,260303.7912154831
394463,3,"Chicago, IL",msa,IL,2007-07-31,259834.50093574493
394463,3,"Chicago, IL",msa,IL,2007-08-31,259281.2139402562
394463,3,"Chicago, IL",msa,IL,2007-09-30,258428.10639919693
394463,3,"Chicago, IL",msa,IL,2007-10-31,257498.9287459933
394463,3,"Chicago, IL",msa,IL,2007-11-30,256578.39549367863
394463,3,"Chicago, IL",msa,IL,2007-12-31,255536.8258269721
394463,3,"Chicago, IL",msa,IL,2008-01-31,254452.9703253455
394463,3,"Chicago, IL",msa,IL,2008-02-29,252270.18005485972
394463,3,"Chicago, IL",msa,IL,2008-03-31,251340.11970522595
394463,3,"Chicago, IL",msa,IL,2008-04-30,249459.72702581304
394463,3,"Chicago, IL",msa,IL,2008-05-31,248866.2716414203
394463,3,"Chicago, IL",msa,IL,2008-06-30,246643.42605648751
394463,3,"Chicago, IL",msa,IL,2008-07-31,245296.90509782516
394463,3,"Chicago, IL",msa,IL,2008-08-31,242662.626325801
394463,3,"Chicago, IL",msa,IL,2008-09-30,240486.1406812834
394463,3,"Chicago, IL",msa,IL,2008-10-31,237436.326924186
394463,3,"Chicago, IL",msa,IL,2008-11-30,234568.91083349075
394463,3,"Chicago, IL",msa,IL,2008-12-31,231137.54928429725
394463,3,"Chicago, IL",msa,IL,2009-01-31,227298.27085766476
394463,3,"Chicago, IL",msa,IL,2009-02-28,224259.11384058848
394463,3,"Chicago, IL",msa,IL,2009-03-31,221293.25821831272
394463,3,"Chicago, IL",msa,IL,2009-04-30,219608.83435228825
394463,3,"Chicago, IL",msa,IL,2009-05-31,217556.4293001464
394463,3,"Chicago, IL",msa,IL,2009-06-30,216014.80873440937
394463,3,"Chicago, IL",msa,IL,2009-07-31,214391.2324324125
394463,3,"Chicago, IL",msa,IL,2009-08-31,212922.4497327844
394463,3,"Chicago, IL",msa,IL,2009-09-30,210816.40784471377
394463,3,"Chicago, IL",msa,IL,2009-10-31,208783.31684706887
394463,3,"Chicago, IL",msa,IL,2009-11-30,206758.1286317181
394463,3,"Chicago, IL",msa,IL,2009-12-31,205748.3837716365
394463,3,"Chicago, IL",msa,IL,2010-01-31,204765.7942867577
394463,3,"Chicago, IL",msa,IL,2010-02-28,204399.59329462613
394463,3,"Chicago, IL",msa,IL,2010-03-31,203375.6581446796
394463,3,"Chicago, IL",msa,IL,2010-04-30,203534.53073074215
394463,3,"Chicago, IL",msa,IL,2010-05-31,203058.3505961481
394463,3,"Chicago, IL",msa,IL,2010-06-30,203436.4309004154
394463,3,"Chicago, IL",msa,IL,2010-07-31,201828.6864338012
394463,3,"Chicago, IL",msa,IL,2010-08-31,200442.64086986572
394463,3,"Chicago, IL",msa,IL,2010-09-30,198220.38184602305
394463,3,"Chicago, IL",msa,IL,2010-10-31,196453.2312948393
394463,3,"Chicago, IL",msa,IL,2010-11-30,193983.26053041304
394463,3,"Chicago, IL",msa,IL,2010-12-31,191589.49224512235
394463,3,"Chicago, IL",msa,IL,2011-01-31,189409.49988090104
394463,3,"Chicago, IL",msa,IL,2011-02-28,187689.9060637868
394463,3,"Chicago, IL",msa,IL,2011-03-31,186509.8728614164
394463,3,"Chicago, IL",msa,IL,2011-04-30,185159.61767720076
394463,3,"Chicago, IL",msa,IL,2011-05-31,184277.35963053865
394463,3,"Chicago, IL",msa,IL,2011-06-30,183039.7021783901
394463,3,"Chicago, IL",msa,IL,2011-07-31,182356.3690059031
394463,3,"Chicago, IL",msa,IL,2011-08-31,181262.51736020643
394463,3,"Chicago, IL",msa,IL,2011-09-30,180199.26321167545
394463,3,"Chicago, IL",msa,IL,2011-10-31,178287.00972739994
394463,3,"Chicago, IL",msa,IL,2011-11-30,176779.6906007908
394463,3,"Chicago, IL",msa,IL,2011-12-31,174838.37282707045
394463,3,"Chicago, IL",msa,IL,2012-01-31,173576.79190330263
394463,3,"Chicago, IL",msa,IL,2012-02-29,172245.57074167547
394463,3,"Chicago, IL",msa,IL,2012-03-31,171451.21035994776
394463,3,"Chicago, IL",msa,IL,2012-04-30,170727.42372938734
394463,3,"Chicago, IL",msa,IL,2012-05-31,170124.71247552408
394463,3,"Chicago, IL",msa,IL,2012-06-30,169968.89570951264
394463,3,"Chicago, IL",msa,IL,2012-07-31,170100.92333228138
394463,3,"Chicago, IL",msa,IL,2012-08-31,170188.3096214391
394463,3,"Chicago, IL",msa,IL,2012-09-30,170195.61130475052
394463,3,"Chicago, IL",msa,IL,2012-10-31,169998.205085467
394463,3,"Chicago, IL",msa,IL,2012-11-30,169662.24688173278
394463,3,"Chicago, IL",msa,IL,2012-12-31,169510.53161681097
394463,3,"Chicago, IL",msa,IL,2013-01-31,169904.75404008155
394463,3,"Chicago, IL",msa,IL,2013-02-28,171033.3032864616
394463,3,"Chicago, IL",msa,IL,2013-03-31,172292.92807465533
394463,3,"Chicago, IL",msa,IL,2013-04-30,173918.112583305
394463,3,"Chicago, IL",msa,IL,2013-05-31,175324.324487997
394463,3,"Chicago, IL",msa,IL,2013-06-30,177092.4320861967
394463,3,"Chicago, IL",msa,IL,2013-07-31,178572.08211131996
394463,3,"Chicago, IL",msa,IL,2013-08-31,180301.37354510627
394463,3,"Chicago, IL",msa,IL,2013-09-30,181913.8956324577
394463,3,"Chicago, IL",msa,IL,2013-10-31,183859.45492651264
394463,3,"Chicago, IL",msa,IL,2013-11-30,185708.13574525737
394463,3,"Chicago, IL",msa,IL,2013-12-31,187515.9375622091
394463,3,"Chicago, IL",msa,IL,2014-01-31,188955.0875147224
394463,3,"Chicago, IL",msa,IL,2014-02-28,190403.8603770616
394463,3,"Chicago, IL",msa,IL,2014-03-31,191752.60338239008
394463,3,"Chicago, IL",msa,IL,2014-04-30,192988.81536307232
394463,3,"Chicago, IL",msa,IL,2014-05-31,194216.2560560192
394463,3,"Chicago, IL",msa,IL,2014-06-30,195233.3195026276
394463,3,"Chicago, IL",msa,IL,2014-07-31,196264.28309600777
394463,3,"Chicago, IL",msa,IL,2014-08-31,197035.59249186784
394463,3,"Chicago, IL",msa,IL,2014-09-30,197676.73840202315
394463,3,"Chicago, IL",msa,IL,2014-10-31,198193.34036504343
394463,3,"Chicago, IL",msa,IL,2014-11-30,198738.7105074952
394463,3,"Chicago, IL",msa,IL,2014-12-31,199296.3704627668
394463,3,"Chicago, IL",msa,IL,2015-01-31,199795.00142712216
394463,3,"Chicago, IL",msa,IL,2015-02-28,200115.9453536923
394463,3,"Chicago, IL",msa,IL,2015-03-31,200669.9374409375
394463,3,"Chicago, IL",msa,IL,2015-04-30,201212.82466291392
394463,3,"Chicago, IL",msa,IL,2015-05-31,202113.5620848896
394463,3,"Chicago, IL",msa,IL,2015-06-30,202842.52982807037
394463,3,"Chicago, IL",msa,IL,2015-07-31,203661.98421847832
394463,3,"Chicago, IL",msa,IL,2015-08-31,204356.9114554373
394463,3,"Chicago, IL",msa,IL,2015-09-30,205178.52402988053
394463,3,"Chicago, IL",msa,IL,2015-10-31,206304.41433186436
394463,3,"Chicago, IL",msa,IL,2015-11-30,207486.80310266023
394463,3,"Chicago, IL",msa,IL,2015-12-31,208703.976346694
394463,3,"Chicago, IL",msa,IL,2016-01-31,209899.26828533653
394463,3,"Chicago, IL",msa,IL,2016-02-29,211124.7209059254
394463,3,"Chicago, IL",msa,IL,2016-03-31,211941.177060066
394463,3,"Chicago, IL",msa,IL,2016-04-30,212707.1924447169
394463,3,"Chicago, IL",msa,IL,2016-05-31,213373.16867760243
394463,3,"Chicago, IL",msa,IL,2016-06-30,214176.43588002093
394463,3,"Chicago, IL",msa,IL,2016-07-31,214612.8604755903
394463,3,"Chicago, IL",msa,IL,2016-08-31,215003.35026102324
394463,3,"Chicago, IL",msa,IL,2016-09-30,215446.23581613027
394463,3,"Chicago, IL",msa,IL,2016-10-31,216258.42979931555
394463,3,"Chicago, IL",msa,IL,2016-11-30,217211.18248352897
394463,3,"Chicago, IL",msa,IL,2016-12-31,218471.6184074692
394463,3,"Chicago, IL",msa,IL,2017-01-31,219775.0784839177
394463,3,"Chicago, IL",msa,IL,2017-02-28,221195.31158048476
394463,3,"Chicago, IL",msa,IL,2017-03-31,222786.7000976785
394463,3,"Chicago, IL",msa,IL,2017-04-30,224127.7187402684
394463,3,"Chicago, IL",msa,IL,2017-05-31,225197.6034707864
394463,3,"Chicago, IL",msa,IL,2017-06-30,225578.5226370647
394463,3,"Chicago, IL",msa,IL,2017-07-31,225809.0323916853
394463,3,"Chicago, IL",msa,IL,2017-08-31,226000.1533025997
394463,3,"Chicago, IL",msa,IL,2017-09-30,226700.1031320386
394463,3,"Chicago, IL",msa,IL,2017-10-31,227682.39937767512
394463,3,"Chicago, IL",msa,IL,2017-11-30,228899.99497896736
394463,3,"Chicago, IL",msa,IL,2017-12-31,230189.71851881768
394463,3,"Chicago, IL",msa,IL,2018-01-31,231631.72733743244
394463,3,"Chicago, IL",msa,IL,2018-02-28,233015.3930153929
394463,3,"Chicago, IL",msa,IL,2018-03-31,234613.76870872112
394463,3,"Chicago, IL",msa,IL,2018-04-30,235863.01524511364
394463,3,"Chicago, IL",msa,IL,2018-05-31,236840.6530649589
394463,3,"Chicago, IL",msa,IL,2018-06-30,236949.0254046616
394463,3,"Chicago, IL",msa,IL,2018-07-31,236990.93862426825
394463,3,"Chicago, IL",msa,IL,2018-08-31,236905.88456112397
394463,3,"Chicago, IL",msa,IL,2018-09-30,237006.89930740732
394463,3,"Chicago, IL",msa,IL,2018-10-31,237151.88829606344
394463,3,"Chicago, IL",msa,IL,2018-11-30,237466.9188564436
394463,3,"Chicago, IL",msa,IL,2018-12-31,238068.63445653504
394463,3,"Chicago, IL",msa,IL,2019-01-31,238975.6527491831
394463,3,"Chicago, IL",msa,IL,2019-02-28,240207.83021716969
394463,3,"Chicago, IL",msa,IL,2019-03-31,241371.08531361868
394463,3,"Chicago, IL",msa,IL,2019-04-30,242302.3067645089
394463,3,"Chicago, IL",msa,IL,2019-05-31,242725.38875357955
394463,3,"Chicago, IL",msa,IL,2019-06-30,242938.01201768257
394463,3,"Chicago, IL",msa,IL,2019-07-31,242752.7075146525
394463,3,"Chicago, IL",msa,IL,2019-08-31,242531.60000239123
394463,3,"Chicago, IL",msa,IL,2019-09-30,242067.51481054883
394463,3,"Chicago, IL",msa,IL,2019-10-31,241954.2604313013
394463,3,"Chicago, IL",msa,IL,2019-11-30,242156.77799882847
394463,3,"Chicago, IL",msa,IL,2019-12-31,242801.8261678496
394463,3,"Chicago, IL",msa,IL,2020-01-31,243955.28530954733
394463,3,"Chicago, IL",msa,IL,2020-02-29,245329.3097377699
394463,3,"Chicago, IL",msa,IL,2020-03-31,246770.911898372
394463,3,"Chicago, IL",msa,IL,2020-04-30,247671.5313113068
394463,3,"Chicago, IL",msa,IL,2020-05-31,247767.31405316875
394463,3,"Chicago, IL",msa,IL,2020-06-30,247294.98122207436
394463,3,"Chicago, IL",msa,IL,2020-07-31,246807.37480242192
394463,3,"Chicago, IL",msa,IL,2020-08-31,247142.1804003548
394463,3,"Chicago, IL",msa,IL,2020-09-30,248753.3427247
394463,3,"Chicago, IL",msa,IL,2020-10-31,251258.35908145804
394463,3,"Chicago, IL",msa,IL,2020-11-30,254361.6245855764
394463,3,"Chicago, IL",msa,IL,2020-12-31,257447.67544585
394463,3,"Chicago, IL",msa,IL,2021-01-31,260514.1588727438
394463,3,"Chicago, IL",msa,IL,2021-02-28,263845.98050082684
394463,3,"Chicago, IL",msa,IL,2021-03-31,267308.07747227856
394463,3,"Chicago, IL",msa,IL,2021-04-30,270631.48334183363
394463,3,"Chicago, IL",msa,IL,2021-05-31,273679.7035374684
394463,3,"Chicago, IL",msa,IL,2021-06-30,276616.7165473896
394463,3,"Chicago, IL",msa,IL,2021-07-31,279068.8605603793
394463,3,"Chicago, IL",msa,IL,2021-08-31,280504.78734055866
394463,3,"Chicago, IL",msa,IL,2021-09-30,280774.2805778274
394463,3,"Chicago, IL",msa,IL,2021-10-31,280922.7200085056
394463,3,"Chicago, IL",msa,IL,2021-11-30,281609.3505286873
394463,3,"Chicago, IL",msa,IL,2021-12-31,283118.577474796
394463,3,"Chicago, IL",msa,IL,2022-01-31,285800.33198956965
394463,3,"Chicago, IL",msa,IL,2022-02-28,289706.746865977
394463,3,"Chicago, IL",msa,IL,2022-03-31,294577.8174319288
394463,3,"Chicago, IL",msa,IL,2022-04-30,299290.3953815593
394463,3,"Chicago, IL",msa,IL,2022-05-31,302576.5973250613
394463,3,"Chicago, IL",msa,IL,2022-06-30,304796.81746636034
394463,3,"Chicago, IL",msa,IL,2022-07-31,305335.6837092478
394463,3,"Chicago, IL",msa,IL,2022-08-31,304704.47068345227
394463,3,"Chicago, IL",msa,IL,2022-09-30,302986.27276694233
394463,3,"Chicago, IL",msa,IL,2022-10-31,301604.4879472836
394463,3,"Chicago, IL",msa,IL,2022-11-30,300814.349126792
394463,3,"Chicago, IL",msa,IL,2022-12-31,300384.1313699836
394463,3,"Chicago, IL",msa,IL,2023-01-31,299761.00267295004
394463,3,"Chicago, IL",msa,IL,2023-02-28,299603.7997131776
394463,3,"Chicago, IL",msa,IL,2023-03-31,300264.38886875863
394463,3,"Chicago, IL",msa,IL,2023-04-30,301997.8836306751
394463,3,"Chicago, IL",msa,IL,2023-05-31,304243.1736935701
394463,3,"Chicago, IL",msa,IL,2023-06-30,306867.3624904923
394463,3,"Chicago, IL",msa,IL,2023-07-31,309471.45396340423
394463,3,"Chicago, IL",msa,IL,2023-08-31,311985.79821430147
394463,3,"Chicago, IL",msa,IL,2023-09-30,313859.8163817176
394463,3,"Chicago, IL",msa,IL,2023-10-31,315255.06825264817
394463,3,"Chicago, IL",msa,IL,2023-11-30,316190.1054431131
394463,3,"Chicago, IL",msa,IL,2023-12-31,316838.8714078577
394463,3,"Chicago, IL",msa,IL,2024-01-31,317513.6850070122
394463,3,"Chicago, IL",msa,IL,2024-02-29,318929.71434004424
394463,3,"Chicago, IL",msa,IL,2024-03-31,321391.19895898155
394463,3,"Chicago, IL",msa,IL,2024-04-30,324321.2190107856
394463,3,"Chicago, IL",msa,IL,2024-05-31,326484.72674403
394463,3,"Chicago, IL",msa,IL,2024-06-30,327733.0726679216
394463,3,"Chicago, IL",msa,IL,2024-07-31,328484.2206250585
394463,3,"Chicago, IL",msa,IL,2024-08-31,329425.1882122852
394463,3,"Chicago, IL",msa,IL,2024-09-30,330449.2048133638
394463,3,"Chicago, IL",msa,IL,2024-10-31,331447.109020196
394463,3,"Chicago, IL",msa,IL,2024-11-30,332507.0223844624
394463,3,"Chicago, IL",msa,IL,2024-12-31,333780.10503575247
394463,3,"Chicago, IL",msa,IL,2025-01-31,335151.0989233363
394463,3,"Chicago, IL",msa,IL,2025-02-28,336523.62862259545
394463,3,"Chicago, IL",msa,IL,2025-03-31,337385.8023292661
394463,3,"Chicago, IL",msa,IL,2025-04-30,337998.296989076
394463,3,"Chicago, IL",msa,IL,2025-05-31,338294.47640508926
394463,3,"Chicago, IL",msa,IL,2025-06-30,338662.3521008421
394463,3,"Chicago, IL",msa,IL,2025-07-31,339517.76953167986
394463,3,"Chicago, IL",msa,IL,2025-08-31,340532.629425028
394463,3,"Chicago, IL",msa,IL,2025-09-30,341891.23313015094
394463,3,"Chicago, IL",msa,IL,2025-10-31,343221.049511222
394463,3,"Chicago, IL",msa,IL,2025-11-30,344798.36111705337
394463,3,"Chicago, IL",msa,IL,2025-12-31,346563.956713149
394463,3,"Chicago, IL",msa,IL,2026-01-31,348215.0632789977
394463,3,"Chicago, IL",msa,IL,2026-02-28,349995.1822966908
394463,3,"Chicago, IL",msa,IL,2026-03-31,351427.852617053
394463,3,"Chicago, IL",msa,IL,2026-04-30,352446.01767800585
394463,3,"Chicago, IL",msa,IL,2026-05-31,353069.5213992949
394463,3,"Chicago, IL",msa,IL,2026-06-30,353938.4328844195
394463,3,"Chicago, IL",msa,IL,2026-07-31,355375.9315625255
394463,3,"Chicago, IL",msa,IL,2026-08-31,357264.93540396687
394466,28,"Cincinnati, OH",msa,OH,2000-01-31,129471.6038886132
394466,28,"Cincinnati, OH",msa,OH,2000-02-29,129432.77546366472
394466,28,"Cincinnati, OH",msa,OH,2000-03-31,129371.33635840824
394466,28,"Cincinnati, OH",msa,OH,2000-04-30,129660.10769222288
394466,28,"Cincinnati, OH",msa,OH,2000-05-31,130220.55707489996
394466,28,"Cincinnati, OH",msa,OH,2000-06-30,131129.61835182025
394466,28,"Cincinnati, OH",msa,OH,2000-07-31,131850.00947427508
394466,28,"Cincinnati, OH",msa,OH,2000-08-31,132565.08454738543
394466,28,"Cincinnati, OH",msa,OH,2000-09-30,133182.7231252631
394466,28,"Cincinnati, OH",msa,OH,2000-10-31,133808.80296115438
394466,28,"Cincinnati, OH",msa,OH,2000-11-30,134324.4780477671
394466,28,"Cincinnati, OH",msa,OH,2000-12-31,134781.8658588496
394466,28,"Cincinnati, OH",msa,OH,2001-01-31,135178.69600296745
394466,28,"Cincinnati, OH",msa,OH,2001-02-28,135584.53678042095
394466,28,"Cincinnati, OH",msa,OH,2001-03-31,136013.64891026597
394466,28,"Cincinnati, OH",msa,OH,2001-04-30,136487.7611463242
394466,28,"Cincinnati, OH",msa,OH,2001-05-31,136969.91875154644
394466,28,"Cincinnati, OH",msa,OH,2001-06-30,137401.82940706072
394466,28,"Cincinnati, OH",msa,OH,2001-07-31,137845.7521900053
394466,28,"Cincinnati, OH",msa,OH,2001-08-31,138313.72835722557
394466,28,"Cincinnati, OH",msa,OH,2001-09-30,138849.6961282095
394466,28,"Cincinnati, OH",msa,OH,2001-10-31,139347.7859875567
394466,28,"Cincinnati, OH",msa,OH,2001-11-30,139763.0823108776
394466,28,"Cincinnati, OH",msa,OH,2001-12-31,140111.58181661702
394466,28,"Cincinnati, OH",msa,OH,2002-01-31,140431.9032749123
394466,28,"Cincinnati, OH",msa,OH,2002-02-28,140803.2518212522
394466,28,"Cincinnati, OH",msa,OH,2002-03-31,141205.67040037762
394466,28,"Cincinnati, OH",msa,OH,2002-04-30,141612.2804530172
394466,28,"Cincinnati, OH",msa,OH,2002-05-31,142008.5834878427
394466,28,"Cincinnati, OH",msa,OH,2002-06-30,142437.07605541646
394466,28,"Cincinnati, OH",msa,OH,2002-07-31,142929.4451893134
394466,28,"Cincinnati, OH",msa,OH,2002-08-31,143444.77671736182
394466,28,"Cincinnati, OH",msa,OH,2002-09-30,143921.56971690527
394466,28,"Cincinnati, OH",msa,OH,2002-10-31,144355.97582361774
394466,28,"Cincinnati, OH",msa,OH,2002-11-30,144794.05719834103
394466,28,"Cincinnati, OH",msa,OH,2002-12-31,145212.1139010368
394466,28,"Cincinnati, OH",msa,OH,2003-01-31,145598.02495855594
394466,28,"Cincinnati, OH",msa,OH,2003-02-28,146000.99489781432
394466,28,"Cincinnati, OH",msa,OH,2003-03-31,146481.10663827427
394466,28,"Cincinnati, OH",msa,OH,2003-04-30,146962.31019589695
394466,28,"Cincinnati, OH",msa,OH,2003-05-31,147416.64336587943
394466,28,"Cincinnati, OH",msa,OH,2003-06-30,147823.22770679204
394466,28,"Cincinnati, OH",msa,OH,2003-07-31,148346.78748139727
394466,28,"Cincinnati, OH",msa,OH,2003-08-31,148910.3609792541
394466,28,"Cincinnati, OH",msa,OH,2003-09-30,149463.5734508061
394466,28,"Cincinnati, OH",msa,OH,2003-10-31,149928.7173673358
394466,28,"Cincinnati, OH",msa,OH,2003-11-30,150342.46018438626
394466,28,"Cincinnati, OH",msa,OH,2003-12-31,150753.24748694574
394466,28,"Cincinnati, OH",msa,OH,2004-01-31,151169.07570680976
394466,28,"Cincinnati, OH",msa,OH,2004-02-29,151601.051324687
394466,28,"Cincinnati, OH",msa,OH,2004-03-31,152062.40700197508
394466,28,"Cincinnati, OH",msa,OH,2004-04-30,152525.16144836627
394466,28,"Cincinnati, OH",msa,OH,2004-05-31,152957.25798270295
394466,28,"Cincinnati, OH",msa,OH,2004-06-30,153350.10270685345
394466,28,"Cincinnati, OH",msa,OH,2004-07-31,153759.89567564844
394466,28,"Cincinnati, OH",msa,OH,2004-08-31,154166.53061431763
394466,28,"Cincinnati, OH",msa,OH,2004-09-30,154572.5621082099
394466,28,"Cincinnati, OH",msa,OH,2004-10-31,154929.32998018808
394466,28,"Cincinnati, OH",msa,OH,2004-11-30,155283.58352225053
394466,28,"Cincinnati, OH",msa,OH,2004-12-31,155628.57454585424
394466,28,"Cincinnati, OH",msa,OH,2005-01-31,156000.20019827914
394466,28,"Cincinnati, OH",msa,OH,2005-02-28,156419.45268317292
394466,28,"Cincinnati, OH",msa,OH,2005-03-31,156889.18107401024
394466,28,"Cincinnati, OH",msa,OH,2005-04-30,157327.7900220553
394466,28,"Cincinnati, OH",msa,OH,2005-05-31,157725.4136759726
394466,28,"Cincinnati, OH",msa,OH,2005-06-30,158103.98956531248
394466,28,"Cincinnati, OH",msa,OH,2005-07-31,158514.37436486452
394466,28,"Cincinnati, OH",msa,OH,2005-08-31,158970.2921069255
394466,28,"Cincinnati, OH",msa,OH,2005-09-30,159424.56514212055
394466,28,"Cincinnati, OH",msa,OH,2005-10-31,159839.61644659657
394466,28,"Cincinnati, OH",msa,OH,2005-11-30,160236.49716163927
394466,28,"Cincinnati, OH",msa,OH,2005-12-31,160594.48063814465
394466,28,"Cincinnati, OH",msa,OH,2006-01-31,160988.04145933068
394466,28,"Cincinnati, OH",msa,OH,2006-02-28,161402.6349721789
394466,28,"Cincinnati, OH",msa,OH,2006-03-31,161872.58310178935
394466,28,"Cincinnati, OH",msa,OH,2006-04-30,162269.81564019667
394466,28,"Cincinnati, OH",msa,OH,2006-05-31,162595.25339471785
394466,28,"Cincinnati, OH",msa,OH,2006-06-30,162848.90865266346
394466,28,"Cincinnati, OH",msa,OH,2006-07-31,163171.33449573297
394466,28,"Cincinnati, OH",msa,OH,2006-08-31,163434.11212044556
394466,28,"Cincinnati, OH",msa,OH,2006-09-30,163618.48093017197
394466,28,"Cincinnati, OH",msa,OH,2006-10-31,163648.9361486191
394466,28,"Cincinnati, OH",msa,OH,2006-11-30,163585.25641303902
394466,28,"Cincinnati, OH",msa,OH,2006-12-31,163426.8602782901
394466,28,"Cincinnati, OH",msa,OH,2007-01-31,163292.38316607891
394466,28,"Cincinnati, OH",msa,OH,2007-02-28,163262.1996227936
394466,28,"Cincinnati, OH",msa,OH,2007-03-31,163266.6839261855
394466,28,"Cincinnati, OH",msa,OH,2007-04-30,163158.6399838082
394466,28,"Cincinnati, OH",msa,OH,2007-05-31,162970.4188916992
394466,28,"Cincinnati, OH",msa,OH,2007-06-30,162760.96421609368
394466,28,"Cincinnati, OH",msa,OH,2007-07-31,162572.6646639529
394466,28,"Cincinnati, OH",msa,OH,2007-08-31,162387.74740486298
394466,28,"Cincinnati, OH",msa,OH,2007-09-30,162165.4412747235
394466,28,"Cincinnati, OH",msa,OH,2007-10-31,161917.33033173377
394466,28,"Cincinnati, OH",msa,OH,2007-11-30,161559.1932529416
394466,28,"Cincinnati, OH",msa,OH,2007-12-31,161223.78567069754
394466,28,"Cincinnati, OH",msa,OH,2008-01-31,160809.8468195259
394466,28,"Cincinnati, OH",msa,OH,2008-02-29,160517.4166955614
394466,28,"Cincinnati, OH",msa,OH,2008-03-31,160287.9120827096
394466,28,"Cincinnati, OH",msa,OH,2008-04-30,160024.18299453484
394466,28,"Cincinnati, OH",msa,OH,2008-05-31,159760.15263619545
394466,28,"Cincinnati, OH",msa,OH,2008-06-30,159409.74037409588
394466,28,"Cincinnati, OH",msa,OH,2008-07-31,159218.45877551232
394466,28,"Cincinnati, OH",msa,OH,2008-08-31,158721.43022150485
394466,28,"Cincinnati, OH",msa,OH,2008-09-30,158023.34892931167
394466,28,"Cincinnati, OH",msa,OH,2008-10-31,156922.0398213396
394466,28,"Cincinnati, OH",msa,OH,2008-11-30,155941.96043996906
394466,28,"Cincinnati, OH",msa,OH,2008-12-31,154812.8303572112
394466,28,"Cincinnati, OH",msa,OH,2009-01-31,153293.5037661169
394466,28,"Cincinnati, OH",msa,OH,2009-02-28,151326.40857170816
394466,28,"Cincinnati, OH",msa,OH,2009-03-31,149916.9917835827
394466,28,"Cincinnati, OH",msa,OH,2009-04-30,149306.39856552973
394466,28,"Cincinnati, OH",msa,OH,2009-05-31,149182.10566108444
394466,28,"Cincinnati, OH",msa,OH,2009-06-30,148940.4967858855
394466,28,"Cincinnati, OH",msa,OH,2009-07-31,148887.23620323828
394466,28,"Cincinnati, OH",msa,OH,2009-08-31,148844.0647978813
394466,28,"Cincinnati, OH",msa,OH,2009-09-30,148809.3901870307
394466,28,"Cincinnati, OH",msa,OH,2009-10-31,148741.8264708288
394466,28,"Cincinnati, OH",msa,OH,2009-11-30,148883.6049896408
394466,28,"Cincinnati, OH",msa,OH,2009-12-31,149075.09896751703
394466,28,"Cincinnati, OH",msa,OH,2010-01-31,149295.156737883
394466,28,"Cincinnati, OH",msa,OH,2010-02-28,149756.50660327353
394466,28,"Cincinnati, OH",msa,OH,2010-03-31,150108.32133989385
394466,28,"Cincinnati, OH",msa,OH,2010-04-30,150519.2835470577
394466,28,"Cincinnati, OH",msa,OH,2010-05-31,150754.27377487227
394466,28,"Cincinnati, OH",msa,OH,2010-06-30,150921.47106776174
394466,28,"Cincinnati, OH",msa,OH,2010-07-31,150522.04848205438
394466,28,"Cincinnati, OH",msa,OH,2010-08-31,149804.44696706196
394466,28,"Cincinnati, OH",msa,OH,2010-09-30,148981.10555654796
394466,28,"Cincinnati, OH",msa,OH,2010-10-31,148239.69306304547
394466,28,"Cincinnati, OH",msa,OH,2010-11-30,147218.28807617203
394466,28,"Cincinnati, OH",msa,OH,2010-12-31,146036.03486257748
394466,28,"Cincinnati, OH",msa,OH,2011-01-31,144923.29105353556
394466,28,"Cincinnati, OH",msa,OH,2011-02-28,144002.04654121198
394466,28,"Cincinnati, OH",msa,OH,2011-03-31,143175.81041328955
394466,28,"Cincinnati, OH",msa,OH,2011-04-30,142308.68421447653
394466,28,"Cincinnati, OH",msa,OH,2011-05-31,141385.88777214434
394466,28,"Cincinnati, OH",msa,OH,2011-06-30,140607.69586222366
394466,28,"Cincinnati, OH",msa,OH,2011-07-31,140037.28985729933
394466,28,"Cincinnati, OH",msa,OH,2011-08-31,139605.3669542946
394466,28,"Cincinnati, OH",msa,OH,2011-09-30,139092.77997079605
394466,28,"Cincinnati, OH",msa,OH,2011-10-31,138580.01194678934
394466,28,"Cincinnati, OH",msa,OH,2011-11-30,138156.4517688814
394466,28,"Cincinnati, OH",msa,OH,2011-12-31,137961.0435098964
394466,28,"Cincinnati, OH",msa,OH,2012-01-31,137737.36533904416
394466,28,"Cincinnati, OH",msa,OH,2012-02-29,137638.1769922464
394466,28,"Cincinnati, OH",msa,OH,2012-03-31,137597.64202917775
394466,28,"Cincinnati, OH",msa,OH,2012-04-30,137733.58663723603
394466,28,"Cincinnati, OH",msa,OH,2012-05-31,137998.5414212875
394466,28,"Cincinnati, OH",msa,OH,2012-06-30,138233.29057798718
394466,28,"Cincinnati, OH",msa,OH,2012-07-31,138442.02816331378
394466,28,"Cincinnati, OH",msa,OH,2012-08-31,138503.7839740785
394466,28,"Cincinnati, OH",msa,OH,2012-09-30,138572.5723751806
394466,28,"Cincinnati, OH",msa,OH,2012-10-31,138589.9840901507
394466,28,"Cincinnati, OH",msa,OH,2012-11-30,138645.80187030937
394466,28,"Cincinnati, OH",msa,OH,2012-12-31,138795.9368714106
394466,28,"Cincinnati, OH",msa,OH,2013-01-31,139043.36678768884
394466,28,"Cincinnati, OH",msa,OH,2013-02-28,139270.41194632277
394466,28,"Cincinnati, OH",msa,OH,2013-03-31,139522.44220188723
394466,28,"Cincinnati, OH",msa,OH,2013-04-30,139941.60822638086
394466,28,"Cincinnati, OH",msa,OH,2013-05-31,140734.70389581175
394466,28,"Cincinnati, OH",msa,OH,2013-06-30,141674.84182349022
394466,28,"Cincinnati, OH",msa,OH,2013-07-31,142581.82573445243
394466,28,"Cincinnati, OH",msa,OH,2013-08-31,143378.68682579705
394466,28,"Cincinnati, OH",msa,OH,2013-09-30,144014.76355924396
394466,28,"Cincinnati, OH",msa,OH,2013-10-31,144574.52408814372
394466,28,"Cincinnati, OH",msa,OH,2013-11-30,144894.34645453838
394466,28,"Cincinnati, OH",msa,OH,2013-12-31,145314.79823223656
394466,28,"Cincinnati, OH",msa,OH,2014-01-31,145631.0692859311
394466,28,"Cincinnati, OH",msa,OH,2014-02-28,145921.9652380688
394466,28,"Cincinnati, OH",msa,OH,2014-03-31,146080.42860559604
394466,28,"Cincinnati, OH",msa,OH,2014-04-30,146413.920021468
394466,28,"Cincinnati, OH",msa,OH,2014-05-31,147148.6788712742
394466,28,"Cincinnati, OH",msa,OH,2014-06-30,147968.224217825
394466,28,"Cincinnati, OH",msa,OH,2014-07-31,148719.96230275356
394466,28,"Cincinnati, OH",msa,OH,2014-08-31,149128.2247839641
394466,28,"Cincinnati, OH",msa,OH,2014-09-30,149360.93643528246
394466,28,"Cincinnati, OH",msa,OH,2014-10-31,149406.4775573659
394466,28,"Cincinnati, OH",msa,OH,2014-11-30,149512.3310753533
394466,28,"Cincinnati, OH",msa,OH,2014-12-31,149797.86649925404
394466,28,"Cincinnati, OH",msa,OH,2015-01-31,150231.54864148793
394466,28,"Cincinnati, OH",msa,OH,2015-02-28,150674.70686233684
394466,28,"Cincinnati, OH",msa,OH,2015-03-31,151115.56115495315
394466,28,"Cincinnati, OH",msa,OH,2015-04-30,151606.02412069737
394466,28,"Cincinnati, OH",msa,OH,2015-05-31,152313.16714641335
394466,28,"Cincinnati, OH",msa,OH,2015-06-30,152957.37936841193
394466,28,"Cincinnati, OH",msa,OH,2015-07-31,153665.80774597204
394466,28,"Cincinnati, OH",msa,OH,2015-08-31,154440.7209558421
394466,28,"Cincinnati, OH",msa,OH,2015-09-30,155326.00293588327
394466,28,"Cincinnati, OH",msa,OH,2015-10-31,156153.47442154054
394466,28,"Cincinnati, OH",msa,OH,2015-11-30,156715.27479938488
394466,28,"Cincinnati, OH",msa,OH,2015-12-31,157409.74566087153
394466,28,"Cincinnati, OH",msa,OH,2016-01-31,158354.14617696506
394466,28,"Cincinnati, OH",msa,OH,2016-02-29,159387.27988871807
394466,28,"Cincinnati, OH",msa,OH,2016-03-31,159959.9138919849
394466,28,"Cincinnati, OH",msa,OH,2016-04-30,160307.25742795973
394466,28,"Cincinnati, OH",msa,OH,2016-05-31,160560.87771245945
394466,28,"Cincinnati, OH",msa,OH,2016-06-30,161120.84477161113
394466,28,"Cincinnati, OH",msa,OH,2016-07-31,161456.06821571488
394466,28,"Cincinnati, OH",msa,OH,2016-08-31,161928.81829153557
394466,28,"Cincinnati, OH",msa,OH,2016-09-30,162531.60916146173
394466,28,"Cincinnati, OH",msa,OH,2016-10-31,163526.38759533947
394466,28,"Cincinnati, OH",msa,OH,2016-11-30,164543.8413856609
394466,28,"Cincinnati, OH",msa,OH,2016-12-31,165534.6443291386
394466,28,"Cincinnati, OH",msa,OH,2017-01-31,166414.72716269668
394466,28,"Cincinnati, OH",msa,OH,2017-02-28,167255.3954306542
394466,28,"Cincinnati, OH",msa,OH,2017-03-31,168147.78198705634
394466,28,"Cincinnati, OH",msa,OH,2017-04-30,169142.6890273243
394466,28,"Cincinnati, OH",msa,OH,2017-05-31,170104.3387599005
394466,28,"Cincinnati, OH",msa,OH,2017-06-30,170952.01291986942
394466,28,"Cincinnati, OH",msa,OH,2017-07-31,171633.9704616965
394466,28,"Cincinnati, OH",msa,OH,2017-08-31,172329.12505547726
394466,28,"Cincinnati, OH",msa,OH,2017-09-30,172985.4902570223
394466,28,"Cincinnati, OH",msa,OH,2017-10-31,173690.13335123452
394466,28,"Cincinnati, OH",msa,OH,2017-11-30,174355.2366769338
394466,28,"Cincinnati, OH",msa,OH,2017-12-31,175024.93991265516
394466,28,"Cincinnati, OH",msa,OH,2018-01-31,175635.03853188004
394466,28,"Cincinnati, OH",msa,OH,2018-02-28,176373.54952112967
394466,28,"Cincinnati, OH",msa,OH,2018-03-31,177513.39272456753
394466,28,"Cincinnati, OH",msa,OH,2018-04-30,178759.49775019856
394466,28,"Cincinnati, OH",msa,OH,2018-05-31,180120.38094926244
394466,28,"Cincinnati, OH",msa,OH,2018-06-30,181090.5094999188
394466,28,"Cincinnati, OH",msa,OH,2018-07-31,182306.774922407
394466,28,"Cincinnati, OH",msa,OH,2018-08-31,183385.62139035607
394466,28,"Cincinnati, OH",msa,OH,2018-09-30,184515.7062896873
394466,28,"Cincinnati, OH",msa,OH,2018-10-31,185282.17924013815
394466,28,"Cincinnati, OH",msa,OH,2018-11-30,186065.6205592124
394466,28,"Cincinnati, OH",msa,OH,2018-12-31,186828.59248142285
394466,28,"Cincinnati, OH",msa,OH,2019-01-31,187862.6632748104
394466,28,"Cincinnati, OH",msa,OH,2019-02-28,189119.6377609614
394466,28,"Cincinnati, OH",msa,OH,2019-03-31,190536.1448470519
394466,28,"Cincinnati, OH",msa,OH,2019-04-30,191725.20855253152
394466,28,"Cincinnati, OH",msa,OH,2019-05-31,192498.29550904376
394466,28,"Cincinnati, OH",msa,OH,2019-06-30,193135.68023689176
394466,28,"Cincinnati, OH",msa,OH,2019-07-31,193722.2071659432
394466,28,"Cincinnati, OH",msa,OH,2019-08-31,194418.84054920563
394466,28,"Cincinnati, OH",msa,OH,2019-09-30,195117.1133678977
394466,28,"Cincinnati, OH",msa,OH,2019-10-31,195983.67402758988
394466,28,"Cincinnati, OH",msa,OH,2019-11-30,197075.7327425163
394466,28,"Cincinnati, OH",msa,OH,2019-12-31,198218.33641887535
394466,28,"Cincinnati, OH",msa,OH,2020-01-31,199540.9707290527
394466,28,"Cincinnati, OH",msa,OH,2020-02-29,200803.92000394117
394466,28,"Cincinnati, OH",msa,OH,2020-03-31,202257.95814131532
394466,28,"Cincinnati, OH",msa,OH,2020-04-30,203538.86857627952
394466,28,"Cincinnati, OH",msa,OH,2020-05-31,204530.517677633
394466,28,"Cincinnati, OH",msa,OH,2020-06-30,205358.45287528748
394466,28,"Cincinnati, OH",msa,OH,2020-07-31,206554.41685877412
394466,28,"Cincinnati, OH",msa,OH,2020-08-31,208583.806620458
394466,28,"Cincinnati, OH",msa,OH,2020-09-30,211508.52624402355
394466,28,"Cincinnati, OH",msa,OH,2020-10-31,214889.57222294112
394466,28,"Cincinnati, OH",msa,OH,2020-11-30,218492.7990427868
394466,28,"Cincinnati, OH",msa,OH,2020-12-31,221928.1878365463
394466,28,"Cincinnati, OH",msa,OH,2021-01-31,225062.8917075884
394466,28,"Cincinnati, OH",msa,OH,2021-02-28,228105.52457629095
394466,28,"Cincinnati, OH",msa,OH,2021-03-31,231211.52053338825
394466,28,"Cincinnati, OH",msa,OH,2021-04-30,234520.38114716392
394466,28,"Cincinnati, OH",msa,OH,2021-05-31,237964.3634004375
394466,28,"Cincinnati, OH",msa,OH,2021-06-30,241329.31541032356
394466,28,"Cincinnati, OH",msa,OH,2021-07-31,243640.9449670745
394466,28,"Cincinnati, OH",msa,OH,2021-08-31,244547.8498449048
394466,28,"Cincinnati, OH",msa,OH,2021-09-30,244358.27633184867
394466,28,"Cincinnati, OH",msa,OH,2021-10-31,244629.39302839505
394466,28,"Cincinnati, OH",msa,OH,2021-11-30,245713.0956091724
394466,28,"Cincinnati, OH",msa,OH,2021-12-31,247471.6990194801
394466,28,"Cincinnati, OH",msa,OH,2022-01-31,250310.30498946476
394466,28,"Cincinnati, OH",msa,OH,2022-02-28,254038.92215048405
394466,28,"Cincinnati, OH",msa,OH,2022-03-31,258316.6327761622
394466,28,"Cincinnati, OH",msa,OH,2022-04-30,262573.1262459467
394466,28,"Cincinnati, OH",msa,OH,2022-05-31,266229.0984150539
394466,28,"Cincinnati, OH",msa,OH,2022-06-30,269500.90976202715
394466,28,"Cincinnati, OH",msa,OH,2022-07-31,271074.8765309395
394466,28,"Cincinnati, OH",msa,OH,2022-08-31,271068.560721068
394466,28,"Cincinnati, OH",msa,OH,2022-09-30,269908.4343744598
394466,28,"Cincinnati, OH",msa,OH,2022-10-31,269102.83376185625
394466,28,"Cincinnati, OH",msa,OH,2022-11-30,269083.86809130985
394466,28,"Cincinnati, OH",msa,OH,2022-12-31,269357.77671436383
394466,28,"Cincinnati, OH",msa,OH,2023-01-31,269258.1169801646
394466,28,"Cincinnati, OH",msa,OH,2023-02-28,269296.58905516163
394466,28,"Cincinnati, OH",msa,OH,2023-03-31,270090.6412775649
394466,28,"Cincinnati, OH",msa,OH,2023-04-30,271897.9933797535
394466,28,"Cincinnati, OH",msa,OH,2023-05-31,274506.793725606
394466,28,"Cincinnati, OH",msa,OH,2023-06-30,277187.99778792186
394466,28,"Cincinnati, OH",msa,OH,2023-07-31,279581.4233650355
394466,28,"Cincinnati, OH",msa,OH,2023-08-31,281327.80400618754
394466,28,"Cincinnati, OH",msa,OH,2023-09-30,282414.52462679247
394466,28,"Cincinnati, OH",msa,OH,2023-10-31,282923.1322569264
394466,28,"Cincinnati, OH",msa,OH,2023-11-30,283199.920043879
394466,28,"Cincinnati, OH",msa,OH,2023-12-31,283451.18990851
394466,28,"Cincinnati, OH",msa,OH,2024-01-31,284022.86588951846
394466,28,"Cincinnati, OH",msa,OH,2024-02-29,285041.17421323986
394466,28,"Cincinnati, OH",msa,OH,2024-03-31,286937.209945976
394466,28,"Cincinnati, OH",msa,OH,2024-04-30,289068.3703340776
394466,28,"Cincinnati, OH",msa,OH,2024-05-31,290899.1643886611
394466,28,"Cincinnati, OH",msa,OH,2024-06-30,291961.2030919495
394466,28,"Cincinnati, OH",msa,OH,2024-07-31,292752.3451987737
394466,28,"Cincinnati, OH",msa,OH,2024-08-31,293353.3935780515
394466,28,"Cincinnati, OH",msa,OH,2024-09-30,293771.36977685575
394466,28,"Cincinnati, OH",msa,OH,2024-10-31,294148.90615711926
394466,28,"Cincinnati, OH",msa,OH,2024-11-30,294680.19552083826
394466,28,"Cincinnati, OH",msa,OH,2024-12-31,295827.3159234395
394466,28,"Cincinnati, OH",msa,OH,2025-01-31,297395.96209833387
394466,28,"Cincinnati, OH",msa,OH,2025-02-28,298977.05303434265
394466,28,"Cincinnati, OH",msa,OH,2025-03-31,299830.1002201684
394466,28,"Cincinnati, OH",msa,OH,2025-04-30,300129.1613356022
394466,28,"Cincinnati, OH",msa,OH,2025-05-31,300245.48554167844
394466,28,"Cincinnati, OH",msa,OH,2025-06-30,300433.1922371157
394466,28,"Cincinnati, OH",msa,OH,2025-07-31,300858.7230117587
394466,28,"Cincinnati, OH",msa,OH,2025-08-31,301271.3566334367
394466,28,"Cincinnati, OH",msa,OH,2025-09-30,302017.3606887784
394466,28,"Cincinnati, OH",msa,OH,2025-10-31,302713.2871738694
394466,28,"Cincinnati, OH",msa,OH,2025-11-30,303676.5947331207
394466,28,"Cincinnati, OH",msa,OH,2025-12-31,304667.2653881022
394466,28,"Cincinnati, OH",msa,OH,2026-01-31,305694.49064905336
394466,28,"Cincinnati, OH",msa,OH,2026-02-28,306673.2313717318
394466,28,"Cincinnati, OH",msa,OH,2026-03-31,307473.9388359771
394466,28,"Cincinnati, OH",msa,OH,2026-04-30,307857.15637976606
394466,28,"Cincinnati, OH",msa,OH,2026-05-31,307865.8403184077
394466,28,"Cincinnati, OH",msa,OH,2026-06-30,307830.0183450351
394466,28,"Cincinnati, OH",msa,OH,2026-07-31,307996.3664883034
394466,28,"Cincinnati, OH",msa,OH,2026-08-31,308426.23086944484
394475,35,"Cleveland, OH",msa,OH,2000-01-31,120156.22910248568
394475,35,"Cleveland, OH",msa,OH,2000-02-29,120332.41819143368
394475,35,"Cleveland, OH",msa,OH,2000-03-31,120512.44816516158
394475,35,"Cleveland, OH",msa,OH,2000-04-30,120888.08674661625
394475,35,"Cleveland, OH",msa,OH,2000-05-31,121467.39169534243
394475,35,"Cleveland, OH",msa,OH,2000-06-30,122147.09352234362
394475,35,"Cleveland, OH",msa,OH,2000-07-31,122893.91810508564
394475,35,"Cleveland, OH",msa,OH,2000-08-31,123494.43348946371
394475,35,"Cleveland, OH",msa,OH,2000-09-30,124064.6306854438
394475,35,"Cleveland, OH",msa,OH,2000-10-31,124581.3612363307
394475,35,"Cleveland, OH",msa,OH,2000-11-30,125099.09243248608
394475,35,"Cleveland, OH",msa,OH,2000-12-31,125628.80167244388
394475,35,"Cleveland, OH",msa,OH,2001-01-31,126147.84137219108
394475,35,"Cleveland, OH",msa,OH,2001-02-28,126560.61807664052
394475,35,"Cleveland, OH",msa,OH,2001-03-31,126887.52905640406
394475,35,"Cleveland, OH",msa,OH,2001-04-30,127240.1912785964
394475,35,"Cleveland, OH",msa,OH,2001-05-31,127607.27266822266
394475,35,"Cleveland, OH",msa,OH,2001-06-30,127981.65217293856
394475,35,"Cleveland, OH",msa,OH,2001-07-31,128337.58676712468
394475,35,"Cleveland, OH",msa,OH,2001-08-31,128755.91767983227
394475,35,"Cleveland, OH",msa,OH,2001-09-30,129143.88349543438
394475,35,"Cleveland, OH",msa,OH,2001-10-31,129475.94910949224
394475,35,"Cleveland, OH",msa,OH,2001-11-30,129782.9540627472
394475,35,"Cleveland, OH",msa,OH,2001-12-31,130135.88796212268
394475,35,"Cleveland, OH",msa,OH,2002-01-31,130536.52283588436
394475,35,"Cleveland, OH",msa,OH,2002-02-28,130873.64575460964
394475,35,"Cleveland, OH",msa,OH,2002-03-31,131088.05926891495
394475,35,"Cleveland, OH",msa,OH,2002-04-30,131218.44907208157
394475,35,"Cleveland, OH",msa,OH,2002-05-31,131341.18289956043
394475,35,"Cleveland, OH",msa,OH,2002-06-30,131552.70643931438
394475,35,"Cleveland, OH",msa,OH,2002-07-31,131835.2089291029
394475,35,"Cleveland, OH",msa,OH,2002-08-31,132177.63879702275
394475,35,"Cleveland, OH",msa,OH,2002-09-30,132539.71160792917
394475,35,"Cleveland, OH",msa,OH,2002-10-31,132903.41571521733
394475,35,"Cleveland, OH",msa,OH,2002-11-30,133248.45182777554
394475,35,"Cleveland, OH",msa,OH,2002-12-31,133597.09862267962
394475,35,"Cleveland, OH",msa,OH,2003-01-31,133907.27485561604
394475,35,"Cleveland, OH",msa,OH,2003-02-28,134175.8920172622
394475,35,"Cleveland, OH",msa,OH,2003-03-31,134377.1269654598
394475,35,"Cleveland, OH",msa,OH,2003-04-30,134643.6456577155
394475,35,"Cleveland, OH",msa,OH,2003-05-31,135009.4795843766
394475,35,"Cleveland, OH",msa,OH,2003-06-30,135510.01549515256
394475,35,"Cleveland, OH",msa,OH,2003-07-31,136055.16462944154
394475,35,"Cleveland, OH",msa,OH,2003-08-31,136722.7478652303
394475,35,"Cleveland, OH",msa,OH,2003-09-30,137389.56796091163
394475,35,"Cleveland, OH",msa,OH,2003-10-31,138039.35183809383
394475,35,"Cleveland, OH",msa,OH,2003-11-30,138574.1212325669
394475,35,"Cleveland, OH",msa,OH,2003-12-31,139080.82559297295
394475,35,"Cleveland, OH",msa,OH,2004-01-31,139525.0056259982
394475,35,"Cleveland, OH",msa,OH,2004-02-29,139927.9891156699
394475,35,"Cleveland, OH",msa,OH,2004-03-31,140312.47274781458
394475,35,"Cleveland, OH",msa,OH,2004-04-30,140701.85893567395
394475,35,"Cleveland, OH",msa,OH,2004-05-31,141076.9687870281
394475,35,"Cleveland, OH",msa,OH,2004-06-30,141456.98417346014
394475,35,"Cleveland, OH",msa,OH,2004-07-31,141842.9544207119
394475,35,"Cleveland, OH",msa,OH,2004-08-31,142207.86135781402
394475,35,"Cleveland, OH",msa,OH,2004-09-30,142541.9999088118
394475,35,"Cleveland, OH",msa,OH,2004-10-31,142876.95990354905
394475,35,"Cleveland, OH",msa,OH,2004-11-30,143267.55701737988
394475,35,"Cleveland, OH",msa,OH,2004-12-31,143688.91642739406
394475,35,"Cleveland, OH",msa,OH,2005-01-31,144084.8229423246
394475,35,"Cleveland, OH",msa,OH,2005-02-28,144512.35375374145
394475,35,"Cleveland, OH",msa,OH,2005-03-31,144900.2522888356
394475,35,"Cleveland, OH",msa,OH,2005-04-30,145313.15225805764
394475,35,"Cleveland, OH",msa,OH,2005-05-31,145634.8908239926
394475,35,"Cleveland, OH",msa,OH,2005-06-30,145975.49614957196
394475,35,"Cleveland, OH",msa,OH,2005-07-31,146320.97367856264
394475,35,"Cleveland, OH",msa,OH,2005-08-31,146716.17802640362
394475,35,"Cleveland, OH",msa,OH,2005-09-30,147091.48363901165
394475,35,"Cleveland, OH",msa,OH,2005-10-31,147446.61449001238
394475,35,"Cleveland, OH",msa,OH,2005-11-30,147783.36618767082
394475,35,"Cleveland, OH",msa,OH,2005-12-31,148110.71225893867
394475,35,"Cleveland, OH",msa,OH,2006-01-31,148353.4468167023
394475,35,"Cleveland, OH",msa,OH,2006-02-28,148592.83091810334
394475,35,"Cleveland, OH",msa,OH,2006-03-31,148842.73514501797
394475,35,"Cleveland, OH",msa,OH,2006-04-30,149142.69350128612
394475,35,"Cleveland, OH",msa,OH,2006-05-31,149350.7288483689
394475,35,"Cleveland, OH",msa,OH,2006-06-30,149460.68364039785
394475,35,"Cleveland, OH",msa,OH,2006-07-31,149446.70929231597
394475,35,"Cleveland, OH",msa,OH,2006-08-31,149350.6497420525
394475,35,"Cleveland, OH",msa,OH,2006-09-30,149177.6669126434
394475,35,"Cleveland, OH",msa,OH,2006-10-31,149044.24444457647
394475,35,"Cleveland, OH",msa,OH,2006-11-30,148801.23025272242
394475,35,"Cleveland, OH",msa,OH,2006-12-31,148418.12048046014
394475,35,"Cleveland, OH",msa,OH,2007-01-31,147900.72442755676
394475,35,"Cleveland, OH",msa,OH,2007-02-28,147474.72643231862
394475,35,"Cleveland, OH",msa,OH,2007-03-31,146953.62499351348
394475,35,"Cleveland, OH",msa,OH,2007-04-30,146584.05649909677
394475,35,"Cleveland, OH",msa,OH,2007-05-31,146373.98244209995
394475,35,"Cleveland, OH",msa,OH,2007-06-30,146268.0807561451
394475,35,"Cleveland, OH",msa,OH,2007-07-31,145915.6999373976
394475,35,"Cleveland, OH",msa,OH,2007-08-31,145346.03265508448
394475,35,"Cleveland, OH",msa,OH,2007-09-30,144968.51049448794
394475,35,"Cleveland, OH",msa,OH,2007-10-31,144585.61403126884
394475,35,"Cleveland, OH",msa,OH,2007-11-30,143924.23035406545
394475,35,"Cleveland, OH",msa,OH,2007-12-31,143102.7672219551
394475,35,"Cleveland, OH",msa,OH,2008-01-31,142341.54797194092
394475,35,"Cleveland, OH",msa,OH,2008-02-29,141688.888684169
394475,35,"Cleveland, OH",msa,OH,2008-03-31,141328.75482372905
394475,35,"Cleveland, OH",msa,OH,2008-04-30,141035.10659013214
394475,35,"Cleveland, OH",msa,OH,2008-05-31,140616.34900503836
394475,35,"Cleveland, OH",msa,OH,2008-06-30,139926.8338315521
394475,35,"Cleveland, OH",msa,OH,2008-07-31,139180.47930713228
394475,35,"Cleveland, OH",msa,OH,2008-08-31,138645.64944082792
394475,35,"Cleveland, OH",msa,OH,2008-09-30,137922.9022922441
394475,35,"Cleveland, OH",msa,OH,2008-10-31,137020.95055867225
394475,35,"Cleveland, OH",msa,OH,2008-11-30,136022.6675101876
394475,35,"Cleveland, OH",msa,OH,2008-12-31,135019.43802625028
394475,35,"Cleveland, OH",msa,OH,2009-01-31,133897.5322052337
394475,35,"Cleveland, OH",msa,OH,2009-02-28,132795.26177162924
394475,35,"Cleveland, OH",msa,OH,2009-03-31,131830.1321791308
394475,35,"Cleveland, OH",msa,OH,2009-04-30,131316.29726357994
394475,35,"Cleveland, OH",msa,OH,2009-05-31,131179.6112431143
394475,35,"Cleveland, OH",msa,OH,2009-06-30,131164.01093350785
394475,35,"Cleveland, OH",msa,OH,2009-07-31,130971.31054137716
394475,35,"Cleveland, OH",msa,OH,2009-08-31,130533.62203190646
394475,35,"Cleveland, OH",msa,OH,2009-09-30,130117.66217630882
394475,35,"Cleveland, OH",msa,OH,2009-10-31,129812.74935429147
394475,35,"Cleveland, OH",msa,OH,2009-11-30,129442.04836017206
394475,35,"Cleveland, OH",msa,OH,2009-12-31,128975.08660365304
394475,35,"Cleveland, OH",msa,OH,2010-01-31,128388.47019385196
394475,35,"Cleveland, OH",msa,OH,2010-02-28,128051.62663175994
394475,35,"Cleveland, OH",msa,OH,2010-03-31,127847.49860608822
394475,35,"Cleveland, OH",msa,OH,2010-04-30,128012.76844646403
394475,35,"Cleveland, OH",msa,OH,2010-05-31,128021.51690570712
394475,35,"Cleveland, OH",msa,OH,2010-06-30,127832.95197267104
394475,35,"Cleveland, OH",msa,OH,2010-07-31,127256.98424540184
394475,35,"Cleveland, OH",msa,OH,2010-08-31,126763.51263839193
394475,35,"Cleveland, OH",msa,OH,2010-09-30,126266.26753689414
394475,35,"Cleveland, OH",msa,OH,2010-10-31,125621.89106575922
394475,35,"Cleveland, OH",msa,OH,2010-11-30,124842.81564896162
394475,35,"Cleveland, OH",msa,OH,2010-12-31,123944.80112466012
394475,35,"Cleveland, OH",msa,OH,2011-01-31,123102.49989494044
394475,35,"Cleveland, OH",msa,OH,2011-02-28,122188.25234038488
394475,35,"Cleveland, OH",msa,OH,2011-03-31,121481.1648944983
394475,35,"Cleveland, OH",msa,OH,2011-04-30,120832.34956188795
394475,35,"Cleveland, OH",msa,OH,2011-05-31,120201.3159203396
394475,35,"Cleveland, OH",msa,OH,2011-06-30,119460.74169634156
394475,35,"Cleveland, OH",msa,OH,2011-07-31,118837.18466323552
394475,35,"Cleveland, OH",msa,OH,2011-08-31,118345.76758752442
394475,35,"Cleveland, OH",msa,OH,2011-09-30,117826.31760487644
394475,35,"Cleveland, OH",msa,OH,2011-10-31,117317.5849332107
394475,35,"Cleveland, OH",msa,OH,2011-11-30,116747.71103964654
394475,35,"Cleveland, OH",msa,OH,2011-12-31,116359.890489137
394475,35,"Cleveland, OH",msa,OH,2012-01-31,115972.82287951629
394475,35,"Cleveland, OH",msa,OH,2012-02-29,115768.66157365896
394475,35,"Cleveland, OH",msa,OH,2012-03-31,115788.42818822476
394475,35,"Cleveland, OH",msa,OH,2012-04-30,115883.48513383964
394475,35,"Cleveland, OH",msa,OH,2012-05-31,116138.08181061894
394475,35,"Cleveland, OH",msa,OH,2012-06-30,116350.17155705308
394475,35,"Cleveland, OH",msa,OH,2012-07-31,116681.96132310976
394475,35,"Cleveland, OH",msa,OH,2012-08-31,116802.40398326232
394475,35,"Cleveland, OH",msa,OH,2012-09-30,116972.97161586868
394475,35,"Cleveland, OH",msa,OH,2012-10-31,117139.02460563157
394475,35,"Cleveland, OH",msa,OH,2012-11-30,117466.50547422945
394475,35,"Cleveland, OH",msa,OH,2012-12-31,117726.3810317425
394475,35,"Cleveland, OH",msa,OH,2013-01-31,117904.62752735717
394475,35,"Cleveland, OH",msa,OH,2013-02-28,118026.5549895465
394475,35,"Cleveland, OH",msa,OH,2013-03-31,118332.60432568355
394475,35,"Cleveland, OH",msa,OH,2013-04-30,118844.10763909748
394475,35,"Cleveland, OH",msa,OH,2013-05-31,119474.95390855016
394475,35,"Cleveland, OH",msa,OH,2013-06-30,120023.42942215104
394475,35,"Cleveland, OH",msa,OH,2013-07-31,120473.88581043464
394475,35,"Cleveland, OH",msa,OH,2013-08-31,120909.9518712788
394475,35,"Cleveland, OH",msa,OH,2013-09-30,121217.3721050041
394475,35,"Cleveland, OH",msa,OH,2013-10-31,121533.91307176804
394475,35,"Cleveland, OH",msa,OH,2013-11-30,121587.46836074178
394475,35,"Cleveland, OH",msa,OH,2013-12-31,121669.33542418492
394475,35,"Cleveland, OH",msa,OH,2014-01-31,121509.11239535664
394475,35,"Cleveland, OH",msa,OH,2014-02-28,121325.91455531184
394475,35,"Cleveland, OH",msa,OH,2014-03-31,121073.2279341111
394475,35,"Cleveland, OH",msa,OH,2014-04-30,121110.2776428263
394475,35,"Cleveland, OH",msa,OH,2014-05-31,121597.5183878022
394475,35,"Cleveland, OH",msa,OH,2014-06-30,122163.56032676174
394475,35,"Cleveland, OH",msa,OH,2014-07-31,122696.82508578165
394475,35,"Cleveland, OH",msa,OH,2014-08-31,122929.0350634414
394475,35,"Cleveland, OH",msa,OH,2014-09-30,123035.49292352266
394475,35,"Cleveland, OH",msa,OH,2014-10-31,122873.33779104707
394475,35,"Cleveland, OH",msa,OH,2014-11-30,122790.43155764502
394475,35,"Cleveland, OH",msa,OH,2014-12-31,122958.66645064938
394475,35,"Cleveland, OH",msa,OH,2015-01-31,123334.11656366404
394475,35,"Cleveland, OH",msa,OH,2015-02-28,123743.11196951462
394475,35,"Cleveland, OH",msa,OH,2015-03-31,124119.97479638374
394475,35,"Cleveland, OH",msa,OH,2015-04-30,124485.82327225518
394475,35,"Cleveland, OH",msa,OH,2015-05-31,125056.631912228
394475,35,"Cleveland, OH",msa,OH,2015-06-30,125664.78906538276
394475,35,"Cleveland, OH",msa,OH,2015-07-31,126513.93757118795
394475,35,"Cleveland, OH",msa,OH,2015-08-31,127289.66682087694
394475,35,"Cleveland, OH",msa,OH,2015-09-30,127964.28143066129
394475,35,"Cleveland, OH",msa,OH,2015-10-31,128591.12899166596
394475,35,"Cleveland, OH",msa,OH,2015-11-30,129034.91507043432
394475,35,"Cleveland, OH",msa,OH,2015-12-31,129556.68291217856
394475,35,"Cleveland, OH",msa,OH,2016-01-31,130187.03988721296
394475,35,"Cleveland, OH",msa,OH,2016-02-29,131030.33854258254
394475,35,"Cleveland, OH",msa,OH,2016-03-31,131666.8637072262
394475,35,"Cleveland, OH",msa,OH,2016-04-30,132158.5511875056
394475,35,"Cleveland, OH",msa,OH,2016-05-31,132516.858584999
394475,35,"Cleveland, OH",msa,OH,2016-06-30,132993.75817812103
394475,35,"Cleveland, OH",msa,OH,2016-07-31,133277.30018082832
394475,35,"Cleveland, OH",msa,OH,2016-08-31,133500.1306733899
394475,35,"Cleveland, OH",msa,OH,2016-09-30,133859.53328053275
394475,35,"Cleveland, OH",msa,OH,2016-10-31,134408.36778988733
394475,35,"Cleveland, OH",msa,OH,2016-11-30,135061.0648795416
394475,35,"Cleveland, OH",msa,OH,2016-12-31,135718.23692439866
394475,35,"Cleveland, OH",msa,OH,2017-01-31,136427.61342049367
394475,35,"Cleveland, OH",msa,OH,2017-02-28,137190.27848183204
394475,35,"Cleveland, OH",msa,OH,2017-03-31,137897.78412610388
394475,35,"Cleveland, OH",msa,OH,2017-04-30,138536.26291791667
394475,35,"Cleveland, OH",msa,OH,2017-05-31,139046.3155692848
394475,35,"Cleveland, OH",msa,OH,2017-06-30,139626.37635165735
394475,35,"Cleveland, OH",msa,OH,2017-07-31,140295.89144793546
394475,35,"Cleveland, OH",msa,OH,2017-08-31,140979.998248896
394475,35,"Cleveland, OH",msa,OH,2017-09-30,141505.6791263114
394475,35,"Cleveland, OH",msa,OH,2017-10-31,142032.05228367585
394475,35,"Cleveland, OH",msa,OH,2017-11-30,142759.50733362802
394475,35,"Cleveland, OH",msa,OH,2017-12-31,143591.34277076522
394475,35,"Cleveland, OH",msa,OH,2018-01-31,144393.15691669632
394475,35,"Cleveland, OH",msa,OH,2018-02-28,145054.08608774748
394475,35,"Cleveland, OH",msa,OH,2018-03-31,146016.4014016192
394475,35,"Cleveland, OH",msa,OH,2018-04-30,146924.19908623895
394475,35,"Cleveland, OH",msa,OH,2018-05-31,147850.40906598818
394475,35,"Cleveland, OH",msa,OH,2018-06-30,148374.65079963458
394475,35,"Cleveland, OH",msa,OH,2018-07-31,149026.5762804638
394475,35,"Cleveland, OH",msa,OH,2018-08-31,149579.73360306525
394475,35,"Cleveland, OH",msa,OH,2018-09-30,150241.5974107444
394475,35,"Cleveland, OH",msa,OH,2018-10-31,150762.1453392513
394475,35,"Cleveland, OH",msa,OH,2018-11-30,151467.25527237347
394475,35,"Cleveland, OH",msa,OH,2018-12-31,152216.17592333377
394475,35,"Cleveland, OH",msa,OH,2019-01-31,153141.8775614636
394475,35,"Cleveland, OH",msa,OH,2019-02-28,154231.0251700728
394475,35,"Cleveland, OH",msa,OH,2019-03-31,155344.34173923507
394475,35,"Cleveland, OH",msa,OH,2019-04-30,156078.28311723965
394475,35,"Cleveland, OH",msa,OH,2019-05-31,156441.3736919816
394475,35,"Cleveland, OH",msa,OH,2019-06-30,156643.79395903824
394475,35,"Cleveland, OH",msa,OH,2019-07-31,156888.22929460247
394475,35,"Cleveland, OH",msa,OH,2019-08-31,157095.8414088354
394475,35,"Cleveland, OH",msa,OH,2019-09-30,157392.8813219835
394475,35,"Cleveland, OH",msa,OH,2019-10-31,157798.0005920053
394475,35,"Cleveland, OH",msa,OH,2019-11-30,158434.47540328305
394475,35,"Cleveland, OH",msa,OH,2019-12-31,159106.8536149958
394475,35,"Cleveland, OH",msa,OH,2020-01-31,160066.69397498472
394475,35,"Cleveland, OH",msa,OH,2020-02-29,161068.63460052657
394475,35,"Cleveland, OH",msa,OH,2020-03-31,161957.96929908494
394475,35,"Cleveland, OH",msa,OH,2020-04-30,162511.28418069656
394475,35,"Cleveland, OH",msa,OH,2020-05-31,162622.3434814116
394475,35,"Cleveland, OH",msa,OH,2020-06-30,162651.04359144173
394475,35,"Cleveland, OH",msa,OH,2020-07-31,163060.2358561878
394475,35,"Cleveland, OH",msa,OH,2020-08-31,164288.83592169208
394475,35,"Cleveland, OH",msa,OH,2020-09-30,166354.22586975826
394475,35,"Cleveland, OH",msa,OH,2020-10-31,168970.00874643563
394475,35,"Cleveland, OH",msa,OH,2020-11-30,171969.80089126897
394475,35,"Cleveland, OH",msa,OH,2020-12-31,174948.963535112
394475,35,"Cleveland, OH",msa,OH,2021-01-31,177504.57593891278
394475,35,"Cleveland, OH",msa,OH,2021-02-28,179844.18216791796
394475,35,"Cleveland, OH",msa,OH,2021-03-31,182218.32216856373
394475,35,"Cleveland, OH",msa,OH,2021-04-30,184817.739486763
394475,35,"Cleveland, OH",msa,OH,2021-05-31,187528.6145851698
394475,35,"Cleveland, OH",msa,OH,2021-06-30,190228.38689130463
394475,35,"Cleveland, OH",msa,OH,2021-07-31,192123.28336791057
394475,35,"Cleveland, OH",msa,OH,2021-08-31,192772.0684327545
394475,35,"Cleveland, OH",msa,OH,2021-09-30,192226.15947258976
394475,35,"Cleveland, OH",msa,OH,2021-10-31,191723.3137010029
394475,35,"Cleveland, OH",msa,OH,2021-11-30,191712.86136529595
394475,35,"Cleveland, OH",msa,OH,2021-12-31,192238.8036765318
394475,35,"Cleveland, OH",msa,OH,2022-01-31,194013.7637351537
394475,35,"Cleveland, OH",msa,OH,2022-02-28,196780.0964681984
394475,35,"Cleveland, OH",msa,OH,2022-03-31,200341.71594771533
394475,35,"Cleveland, OH",msa,OH,2022-04-30,203762.53160248537
394475,35,"Cleveland, OH",msa,OH,2022-05-31,206720.3794473096
394475,35,"Cleveland, OH",msa,OH,2022-06-30,209383.651569613
394475,35,"Cleveland, OH",msa,OH,2022-07-31,210971.8781820881
394475,35,"Cleveland, OH",msa,OH,2022-08-31,211564.55615368168
394475,35,"Cleveland, OH",msa,OH,2022-09-30,211162.18066037065
394475,35,"Cleveland, OH",msa,OH,2022-10-31,210767.3717878909
394475,35,"Cleveland, OH",msa,OH,2022-11-30,210655.4702905237
394475,35,"Cleveland, OH",msa,OH,2022-12-31,210660.511355556
394475,35,"Cleveland, OH",msa,OH,2023-01-31,210235.26553821831
394475,35,"Cleveland, OH",msa,OH,2023-02-28,210057.02868197215
394475,35,"Cleveland, OH",msa,OH,2023-03-31,210360.632488004
394475,35,"Cleveland, OH",msa,OH,2023-04-30,211635.15729202912
394475,35,"Cleveland, OH",msa,OH,2023-05-31,213291.16812385817
394475,35,"Cleveland, OH",msa,OH,2023-06-30,215199.91439496088
394475,35,"Cleveland, OH",msa,OH,2023-07-31,217063.56640793403
394475,35,"Cleveland, OH",msa,OH,2023-08-31,218886.1121604538
394475,35,"Cleveland, OH",msa,OH,2023-09-30,220379.86310558603
394475,35,"Cleveland, OH",msa,OH,2023-10-31,221572.04225700695
394475,35,"Cleveland, OH",msa,OH,2023-11-30,222356.88697851085
394475,35,"Cleveland, OH",msa,OH,2023-12-31,223094.86422984127
394475,35,"Cleveland, OH",msa,OH,2024-01-31,223687.30588060687
394475,35,"Cleveland, OH",msa,OH,2024-02-29,224645.7642191341
394475,35,"Cleveland, OH",msa,OH,2024-03-31,226161.2688696445
394475,35,"Cleveland, OH",msa,OH,2024-04-30,228185.13702579527
394475,35,"Cleveland, OH",msa,OH,2024-05-31,230067.596293102
394475,35,"Cleveland, OH",msa,OH,2024-06-30,231571.5471502927
394475,35,"Cleveland, OH",msa,OH,2024-07-31,232741.38165627664
394475,35,"Cleveland, OH",msa,OH,2024-08-31,233642.9532877113
394475,35,"Cleveland, OH",msa,OH,2024-09-30,234323.0764752427
394475,35,"Cleveland, OH",msa,OH,2024-10-31,234994.9553899865
394475,35,"Cleveland, OH",msa,OH,2024-11-30,235812.58116913607
394475,35,"Cleveland, OH",msa,OH,2024-12-31,237070.4437524595
394475,35,"Cleveland, OH",msa,OH,2025-01-31,238324.4457905449
394475,35,"Cleveland, OH",msa,OH,2025-02-28,239511.05608084716
394475,35,"Cleveland, OH",msa,OH,2025-03-31,240157.06554163853
394475,35,"Cleveland, OH",msa,OH,2025-04-30,240712.0229392097
394475,35,"Cleveland, OH",msa,OH,2025-05-31,241340.7497618773
394475,35,"Cleveland, OH",msa,OH,2025-06-30,242086.19838185227
394475,35,"Cleveland, OH",msa,OH,2025-07-31,243197.29414649296
394475,35,"Cleveland, OH",msa,OH,2025-08-31,244112.10966071617
394475,35,"Cleveland, OH",msa,OH,2025-09-30,245129.39269926213
394475,35,"Cleveland, OH",msa,OH,2025-10-31,245848.988727935
394475,35,"Cleveland, OH",msa,OH,2025-11-30,246792.70215548025
394475,35,"Cleveland, OH",msa,OH,2025-12-31,247814.27178325443
394475,35,"Cleveland, OH",msa,OH,2026-01-31,248823.47260180264
394475,35,"Cleveland, OH",msa,OH,2026-02-28,249781.8078231792
394475,35,"Cleveland, OH",msa,OH,2026-03-31,250606.9959151472
394475,35,"Cleveland, OH",msa,OH,2026-04-30,251283.73288682333
394475,35,"Cleveland, OH",msa,OH,2026-05-31,251705.20165114943
394475,35,"Cleveland, OH",msa,OH,2026-06-30,252131.0796564012
394475,35,"Cleveland, OH",msa,OH,2026-07-31,252679.80074686545
394475,35,"Cleveland, OH",msa,OH,2026-08-31,253677.8382983335
394492,32,"Columbus, OH",msa,OH,2000-01-31,127958.90608872812
394492,32,"Columbus, OH",msa,OH,2000-02-29,128070.3507155741
394492,32,"Columbus, OH",msa,OH,2000-03-31,128250.2778212662
394492,32,"Columbus, OH",msa,OH,2000-04-30,128612.75475456116
394492,32,"Columbus, OH",msa,OH,2000-05-31,129051.44413763988
394492,32,"Columbus, OH",msa,OH,2000-06-30,129520.17553974228
394492,32,"Columbus, OH",msa,OH,2000-07-31,130061.9624380488
394492,32,"Columbus, OH",msa,OH,2000-08-31,130703.45044121018
394492,32,"Columbus, OH",msa,OH,2000-09-30,131356.11707231912
394492,32,"Columbus, OH",msa,OH,2000-10-31,131969.48970284805
394492,32,"Columbus, OH",msa,OH,2000-11-30,132519.9650319585
394492,32,"Columbus, OH",msa,OH,2000-12-31,133007.93001503157
394492,32,"Columbus, OH",msa,OH,2001-01-31,133255.34368369487
394492,32,"Columbus, OH",msa,OH,2001-02-28,133346.75455747356
394492,32,"Columbus, OH",msa,OH,2001-03-31,133592.59573756848
394492,32,"Columbus, OH",msa,OH,2001-04-30,134067.329396883
394492,32,"Columbus, OH",msa,OH,2001-05-31,134695.66959277264
394492,32,"Columbus, OH",msa,OH,2001-06-30,135190.34214877302
394492,32,"Columbus, OH",msa,OH,2001-07-31,135706.41351696858
394492,32,"Columbus, OH",msa,OH,2001-08-31,136280.83941959482
394492,32,"Columbus, OH",msa,OH,2001-09-30,136892.28817579415
394492,32,"Columbus, OH",msa,OH,2001-10-31,137548.74784691483
394492,32,"Columbus, OH",msa,OH,2001-11-30,138141.4452996353
394492,32,"Columbus, OH",msa,OH,2001-12-31,138627.32655554704
394492,32,"Columbus, OH",msa,OH,2002-01-31,138929.4404185488
394492,32,"Columbus, OH",msa,OH,2002-02-28,139183.32194047392
394492,32,"Columbus, OH",msa,OH,2002-03-31,139462.32231283194
394492,32,"Columbus, OH",msa,OH,2002-04-30,139843.00852603087
394492,32,"Columbus, OH",msa,OH,2002-05-31,140239.52333833845
394492,32,"Columbus, OH",msa,OH,2002-06-30,140678.59911321916
394492,32,"Columbus, OH",msa,OH,2002-07-31,141148.5411229524
394492,32,"Columbus, OH",msa,OH,2002-08-31,141623.7491912225
394492,32,"Columbus, OH",msa,OH,2002-09-30,142121.46902625452
394492,32,"Columbus, OH",msa,OH,2002-10-31,142629.2698387668
394492,32,"Columbus, OH",msa,OH,2002-11-30,143199.00429392132
394492,32,"Columbus, OH",msa,OH,2002-12-31,143752.67112869307
394492,32,"Columbus, OH",msa,OH,2003-01-31,144258.7586362228
394492,32,"Columbus, OH",msa,OH,2003-02-28,144697.87997378284
394492,32,"Columbus, OH",msa,OH,2003-03-31,145108.2956264352
394492,32,"Columbus, OH",msa,OH,2003-04-30,145519.99702686115
394492,32,"Columbus, OH",msa,OH,2003-05-31,145947.1039015023
394492,32,"Columbus, OH",msa,OH,2003-06-30,146427.3723588404
394492,32,"Columbus, OH",msa,OH,2003-07-31,147003.71427807328
394492,32,"Columbus, OH",msa,OH,2003-08-31,147618.51292883974
394492,32,"Columbus, OH",msa,OH,2003-09-30,148255.15726387664
394492,32,"Columbus, OH",msa,OH,2003-10-31,148786.83234925076
394492,32,"Columbus, OH",msa,OH,2003-11-30,149183.25172754112
394492,32,"Columbus, OH",msa,OH,2003-12-31,149462.77633438536
394492,32,"Columbus, OH",msa,OH,2004-01-31,149707.41105533225
394492,32,"Columbus, OH",msa,OH,2004-02-29,149988.03228243103
394492,32,"Columbus, OH",msa,OH,2004-03-31,150148.50374927418
394492,32,"Columbus, OH",msa,OH,2004-04-30,150396.49863225254
394492,32,"Columbus, OH",msa,OH,2004-05-31,150772.9831776256
394492,32,"Columbus, OH",msa,OH,2004-06-30,151357.7631205941
394492,32,"Columbus, OH",msa,OH,2004-07-31,151920.0804847983
394492,32,"Columbus, OH",msa,OH,2004-08-31,152443.478781188
394492,32,"Columbus, OH",msa,OH,2004-09-30,152981.64544938473
394492,32,"Columbus, OH",msa,OH,2004-10-31,153513.9019979687
394492,32,"Columbus, OH",msa,OH,2004-11-30,154024.2295842768
394492,32,"Columbus, OH",msa,OH,2004-12-31,154436.64142280657
394492,32,"Columbus, OH",msa,OH,2005-01-31,154837.09297178045
394492,32,"Columbus, OH",msa,OH,2005-02-28,155266.92110556315
394492,32,"Columbus, OH",msa,OH,2005-03-31,155735.4420912055
394492,32,"Columbus, OH",msa,OH,2005-04-30,156153.2182736726
394492,32,"Columbus, OH",msa,OH,2005-05-31,156452.88143014407
394492,32,"Columbus, OH",msa,OH,2005-06-30,156734.65049400073
394492,32,"Columbus, OH",msa,OH,2005-07-31,157043.33123067804
394492,32,"Columbus, OH",msa,OH,2005-08-31,157360.61218986168
394492,32,"Columbus, OH",msa,OH,2005-09-30,157721.2450482653
394492,32,"Columbus, OH",msa,OH,2005-10-31,158028.8156021428
394492,32,"Columbus, OH",msa,OH,2005-11-30,158397.52646835262
394492,32,"Columbus, OH",msa,OH,2005-12-31,158739.58264482976
394492,32,"Columbus, OH",msa,OH,2006-01-31,158969.11808123082
394492,32,"Columbus, OH",msa,OH,2006-02-28,159108.18331293785
394492,32,"Columbus, OH",msa,OH,2006-03-31,159099.2988200868
394492,32,"Columbus, OH",msa,OH,2006-04-30,159270.81309325647
394492,32,"Columbus, OH",msa,OH,2006-05-31,159508.2628816257
394492,32,"Columbus, OH",msa,OH,2006-06-30,159881.33918772847
394492,32,"Columbus, OH",msa,OH,2006-07-31,160183.68222736655
394492,32,"Columbus, OH",msa,OH,2006-08-31,160368.84426191496
394492,32,"Columbus, OH",msa,OH,2006-09-30,160400.37234826456
394492,32,"Columbus, OH",msa,OH,2006-10-31,160305.9979398379
394492,32,"Columbus, OH",msa,OH,2006-11-30,160165.73176841674
394492,32,"Columbus, OH",msa,OH,2006-12-31,159837.38407184716
394492,32,"Columbus, OH",msa,OH,2007-01-31,159562.5199583218
394492,32,"Columbus, OH",msa,OH,2007-02-28,159250.32309753585
394492,32,"Columbus, OH",msa,OH,2007-03-31,159040.43009593655
394492,32,"Columbus, OH",msa,OH,2007-04-30,158845.502864256
394492,32,"Columbus, OH",msa,OH,2007-05-31,158640.19245278405
394492,32,"Columbus, OH",msa,OH,2007-06-30,158466.9386208967
394492,32,"Columbus, OH",msa,OH,2007-07-31,158201.9765252118
394492,32,"Columbus, OH",msa,OH,2007-08-31,157985.48294823253
394492,32,"Columbus, OH",msa,OH,2007-09-30,157775.60410354644
394492,32,"Columbus, OH",msa,OH,2007-10-31,157654.5952992167
394492,32,"Columbus, OH",msa,OH,2007-11-30,157450.63104608722
394492,32,"Columbus, OH",msa,OH,2007-12-31,157146.39555022863
394492,32,"Columbus, OH",msa,OH,2008-01-31,156502.27449164237
394492,32,"Columbus, OH",msa,OH,2008-02-29,155827.4635339105
394492,32,"Columbus, OH",msa,OH,2008-03-31,155251.3210900871
394492,32,"Columbus, OH",msa,OH,2008-04-30,154828.23005733968
394492,32,"Columbus, OH",msa,OH,2008-05-31,154563.40020297034
394492,32,"Columbus, OH",msa,OH,2008-06-30,154417.6252797756
394492,32,"Columbus, OH",msa,OH,2008-07-31,154268.8815853193
394492,32,"Columbus, OH",msa,OH,2008-08-31,153982.2922731371
394492,32,"Columbus, OH",msa,OH,2008-09-30,153556.70575395785
394492,32,"Columbus, OH",msa,OH,2008-10-31,153064.5738793414
394492,32,"Columbus, OH",msa,OH,2008-11-30,152492.25860349846
394492,32,"Columbus, OH",msa,OH,2008-12-31,151897.1335581744
394492,32,"Columbus, OH",msa,OH,2009-01-31,151262.6023510583
394492,32,"Columbus, OH",msa,OH,2009-02-28,150576.9990038415
394492,32,"Columbus, OH",msa,OH,2009-03-31,149698.7448239356
394492,32,"Columbus, OH",msa,OH,2009-04-30,148897.1561838079
394492,32,"Columbus, OH",msa,OH,2009-05-31,148266.6099458442
394492,32,"Columbus, OH",msa,OH,2009-06-30,147787.60912941734
394492,32,"Columbus, OH",msa,OH,2009-07-31,147330.3765703702
394492,32,"Columbus, OH",msa,OH,2009-08-31,146797.75124013957
394492,32,"Columbus, OH",msa,OH,2009-09-30,146418.69716615477
394492,32,"Columbus, OH",msa,OH,2009-10-31,146251.8797519771
394492,32,"Columbus, OH",msa,OH,2009-11-30,146049.0237845738
394492,32,"Columbus, OH",msa,OH,2009-12-31,145825.82384305616
394492,32,"Columbus, OH",msa,OH,2010-01-31,145749.14503143475
394492,32,"Columbus, OH",msa,OH,2010-02-28,146033.93147949054
394492,32,"Columbus, OH",msa,OH,2010-03-31,146418.35674676907
394492,32,"Columbus, OH",msa,OH,2010-04-30,146568.419394653
394492,32,"Columbus, OH",msa,OH,2010-05-31,146552.48756260858
394492,32,"Columbus, OH",msa,OH,2010-06-30,146475.96287511633
394492,32,"Columbus, OH",msa,OH,2010-07-31,146240.27827532895
394492,32,"Columbus, OH",msa,OH,2010-08-31,145789.6606535837
394492,32,"Columbus, OH",msa,OH,2010-09-30,144988.88178549826
394492,32,"Columbus, OH",msa,OH,2010-10-31,144155.0671484991
394492,32,"Columbus, OH",msa,OH,2010-11-30,143412.11524692702
394492,32,"Columbus, OH",msa,OH,2010-12-31,142888.84169854957
394492,32,"Columbus, OH",msa,OH,2011-01-31,142484.21619676644
394492,32,"Columbus, OH",msa,OH,2011-02-28,141921.95158047564
394492,32,"Columbus, OH",msa,OH,2011-03-31,141360.4417939341
394492,32,"Columbus, OH",msa,OH,2011-04-30,140779.95034763022
394492,32,"Columbus, OH",msa,OH,2011-05-31,140308.59602473723
394492,32,"Columbus, OH",msa,OH,2011-06-30,139675.43823446808
394492,32,"Columbus, OH",msa,OH,2011-07-31,139065.32536425727
394492,32,"Columbus, OH",msa,OH,2011-08-31,138454.63578412277
394492,32,"Columbus, OH",msa,OH,2011-09-30,137939.9254078775
394492,32,"Columbus, OH",msa,OH,2011-10-31,137272.83839474
394492,32,"Columbus, OH",msa,OH,2011-11-30,136659.14132854814
394492,32,"Columbus, OH",msa,OH,2011-12-31,136085.54465254367
394492,32,"Columbus, OH",msa,OH,2012-01-31,135422.1715099395
394492,32,"Columbus, OH",msa,OH,2012-02-29,134784.23318638033
394492,32,"Columbus, OH",msa,OH,2012-03-31,134528.08138901356
394492,32,"Columbus, OH",msa,OH,2012-04-30,134696.72228963344
394492,32,"Columbus, OH",msa,OH,2012-05-31,134976.81680548922
394492,32,"Columbus, OH",msa,OH,2012-06-30,135121.38260241298
394492,32,"Columbus, OH",msa,OH,2012-07-31,135180.04822080003
394492,32,"Columbus, OH",msa,OH,2012-08-31,135145.36448083606
394492,32,"Columbus, OH",msa,OH,2012-09-30,135026.490420501
394492,32,"Columbus, OH",msa,OH,2012-10-31,134988.22591668542
394492,32,"Columbus, OH",msa,OH,2012-11-30,135059.91569077678
394492,32,"Columbus, OH",msa,OH,2012-12-31,135126.9550744571
394492,32,"Columbus, OH",msa,OH,2013-01-31,135347.1649605305
394492,32,"Columbus, OH",msa,OH,2013-02-28,135643.29973484142
394492,32,"Columbus, OH",msa,OH,2013-03-31,136239.1762097681
394492,32,"Columbus, OH",msa,OH,2013-04-30,136992.34857748065
394492,32,"Columbus, OH",msa,OH,2013-05-31,138039.59490304982
394492,32,"Columbus, OH",msa,OH,2013-06-30,139168.68504608533
394492,32,"Columbus, OH",msa,OH,2013-07-31,140156.44637902637
394492,32,"Columbus, OH",msa,OH,2013-08-31,141032.00480280558
394492,32,"Columbus, OH",msa,OH,2013-09-30,141731.6641706693
394492,32,"Columbus, OH",msa,OH,2013-10-31,142561.74277191778
394492,32,"Columbus, OH",msa,OH,2013-11-30,143191.0580649736
394492,32,"Columbus, OH",msa,OH,2013-12-31,143811.66328992252
394492,32,"Columbus, OH",msa,OH,2014-01-31,144403.9525324196
394492,32,"Columbus, OH",msa,OH,2014-02-28,145134.04070499272
394492,32,"Columbus, OH",msa,OH,2014-03-31,146093.81935614
394492,32,"Columbus, OH",msa,OH,2014-04-30,147031.54900470725
394492,32,"Columbus, OH",msa,OH,2014-05-31,148141.53466061907
394492,32,"Columbus, OH",msa,OH,2014-06-30,149072.49544096386
394492,32,"Columbus, OH",msa,OH,2014-07-31,150007.93222391777
394492,32,"Columbus, OH",msa,OH,2014-08-31,150737.50677730257
394492,32,"Columbus, OH",msa,OH,2014-09-30,151311.2997862359
394492,32,"Columbus, OH",msa,OH,2014-10-31,151604.86058753435
394492,32,"Columbus, OH",msa,OH,2014-11-30,151969.078075716
394492,32,"Columbus, OH",msa,OH,2014-12-31,152523.8338980937
394492,32,"Columbus, OH",msa,OH,2015-01-31,153467.63009585222
394492,32,"Columbus, OH",msa,OH,2015-02-28,154483.4714356728
394492,32,"Columbus, OH",msa,OH,2015-03-31,155658.10880611
394492,32,"Columbus, OH",msa,OH,2015-04-30,156791.51693714844
394492,32,"Columbus, OH",msa,OH,2015-05-31,157918.30263791702
394492,32,"Columbus, OH",msa,OH,2015-06-30,158841.48495614374
394492,32,"Columbus, OH",msa,OH,2015-07-31,159781.79300763135
394492,32,"Columbus, OH",msa,OH,2015-08-31,160819.68586138482
394492,32,"Columbus, OH",msa,OH,2015-09-30,161890.30494884297
394492,32,"Columbus, OH",msa,OH,2015-10-31,162845.62500309155
394492,32,"Columbus, OH",msa,OH,2015-11-30,163650.1503423856
394492,32,"Columbus, OH",msa,OH,2015-12-31,164495.8471925356
394492,32,"Columbus, OH",msa,OH,2016-01-31,165556.90249766686
394492,32,"Columbus, OH",msa,OH,2016-02-29,166706.64228762247
394492,32,"Columbus, OH",msa,OH,2016-03-31,167639.6279802817
394492,32,"Columbus, OH",msa,OH,2016-04-30,168411.00185888875
394492,32,"Columbus, OH",msa,OH,2016-05-31,168940.7813217093
394492,32,"Columbus, OH",msa,OH,2016-06-30,169629.39320303654
394492,32,"Columbus, OH",msa,OH,2016-07-31,170111.30585688687
394492,32,"Columbus, OH",msa,OH,2016-08-31,170618.32904269546
394492,32,"Columbus, OH",msa,OH,2016-09-30,171088.47041428773
394492,32,"Columbus, OH",msa,OH,2016-10-31,171719.08223069928
394492,32,"Columbus, OH",msa,OH,2016-11-30,172506.26822212327
394492,32,"Columbus, OH",msa,OH,2016-12-31,173358.90070008047
394492,32,"Columbus, OH",msa,OH,2017-01-31,174290.92739847384
394492,32,"Columbus, OH",msa,OH,2017-02-28,175224.62262880584
394492,32,"Columbus, OH",msa,OH,2017-03-31,176414.12111323685
394492,32,"Columbus, OH",msa,OH,2017-04-30,177752.90982875755
394492,32,"Columbus, OH",msa,OH,2017-05-31,179122.01445505177
394492,32,"Columbus, OH",msa,OH,2017-06-30,180316.0841203502
394492,32,"Columbus, OH",msa,OH,2017-07-31,181331.09288354413
394492,32,"Columbus, OH",msa,OH,2017-08-31,182350.3440635609
394492,32,"Columbus, OH",msa,OH,2017-09-30,183276.6056148368
394492,32,"Columbus, OH",msa,OH,2017-10-31,184274.9177606601
394492,32,"Columbus, OH",msa,OH,2017-11-30,185274.7392354244
394492,32,"Columbus, OH",msa,OH,2017-12-31,186398.1773708048
394492,32,"Columbus, OH",msa,OH,2018-01-31,187476.01647334264
394492,32,"Columbus, OH",msa,OH,2018-02-28,188569.8412120144
394492,32,"Columbus, OH",msa,OH,2018-03-31,189989.58414333907
394492,32,"Columbus, OH",msa,OH,2018-04-30,191528.68916133512
394492,32,"Columbus, OH",msa,OH,2018-05-31,193185.54040985357
394492,32,"Columbus, OH",msa,OH,2018-06-30,194366.20916666804
394492,32,"Columbus, OH",msa,OH,2018-07-31,195572.9846629436
394492,32,"Columbus, OH",msa,OH,2018-08-31,196687.1035578933
394492,32,"Columbus, OH",msa,OH,2018-09-30,197840.9885284741
394492,32,"Columbus, OH",msa,OH,2018-10-31,198695.65238468643
394492,32,"Columbus, OH",msa,OH,2018-11-30,199484.35380210145
394492,32,"Columbus, OH",msa,OH,2018-12-31,200305.797619032
394492,32,"Columbus, OH",msa,OH,2019-01-31,201279.7290376375
394492,32,"Columbus, OH",msa,OH,2019-02-28,202409.3265354696
394492,32,"Columbus, OH",msa,OH,2019-03-31,203737.98495497505
394492,32,"Columbus, OH",msa,OH,2019-04-30,205149.0881623172
394492,32,"Columbus, OH",msa,OH,2019-05-31,206610.7931137921
394492,32,"Columbus, OH",msa,OH,2019-06-30,208084.56173402912
394492,32,"Columbus, OH",msa,OH,2019-07-31,209398.10182080383
394492,32,"Columbus, OH",msa,OH,2019-08-31,210400.38212567745
394492,32,"Columbus, OH",msa,OH,2019-09-30,211129.15011452607
394492,32,"Columbus, OH",msa,OH,2019-10-31,212005.9859357062
394492,32,"Columbus, OH",msa,OH,2019-11-30,213136.7953560008
394492,32,"Columbus, OH",msa,OH,2019-12-31,214392.6188476564
394492,32,"Columbus, OH",msa,OH,2020-01-31,215707.28624355776
394492,32,"Columbus, OH",msa,OH,2020-02-29,217106.61706828512
394492,32,"Columbus, OH",msa,OH,2020-03-31,218780.4842857106
394492,32,"Columbus, OH",msa,OH,2020-04-30,220515.53627468855
394492,32,"Columbus, OH",msa,OH,2020-05-31,221816.10880991237
394492,32,"Columbus, OH",msa,OH,2020-06-30,222761.05677646352
394492,32,"Columbus, OH",msa,OH,2020-07-31,223797.00424813505
394492,32,"Columbus, OH",msa,OH,2020-08-31,225573.4655596226
394492,32,"Columbus, OH",msa,OH,2020-09-30,228331.9958194492
394492,32,"Columbus, OH",msa,OH,2020-10-31,231736.94705119345
394492,32,"Columbus, OH",msa,OH,2020-11-30,235501.5807800976
394492,32,"Columbus, OH",msa,OH,2020-12-31,239096.34810617412
394492,32,"Columbus, OH",msa,OH,2021-01-31,242428.35930659567
394492,32,"Columbus, OH",msa,OH,2021-02-28,245800.38420192248
394492,32,"Columbus, OH",msa,OH,2021-03-31,249513.59745293847
394492,32,"Columbus, OH",msa,OH,2021-04-30,253528.61915175055
394492,32,"Columbus, OH",msa,OH,2021-05-31,257648.7701123877
394492,32,"Columbus, OH",msa,OH,2021-06-30,261549.6784544701
394492,32,"Columbus, OH",msa,OH,2021-07-31,264230.7863801896
394492,32,"Columbus, OH",msa,OH,2021-08-31,265136.05869285937
394492,32,"Columbus, OH",msa,OH,2021-09-30,264707.51250065275
394492,32,"Columbus, OH",msa,OH,2021-10-31,264450.5249848107
394492,32,"Columbus, OH",msa,OH,2021-11-30,265232.92579770874
394492,32,"Columbus, OH",msa,OH,2021-12-31,266806.00750696287
394492,32,"Columbus, OH",msa,OH,2022-01-31,270273.71919650974
394492,32,"Columbus, OH",msa,OH,2022-02-28,275381.1093208725
394492,32,"Columbus, OH",msa,OH,2022-03-31,281648.2760728276
394492,32,"Columbus, OH",msa,OH,2022-04-30,287663.85393020976
394492,32,"Columbus, OH",msa,OH,2022-05-31,292746.6209449273
394492,32,"Columbus, OH",msa,OH,2022-06-30,296941.801521121
394492,32,"Columbus, OH",msa,OH,2022-07-31,299227.24305238714
394492,32,"Columbus, OH",msa,OH,2022-08-31,299860.2054689178
394492,32,"Columbus, OH",msa,OH,2022-09-30,299265.9909258895
394492,32,"Columbus, OH",msa,OH,2022-10-31,298680.8063405863
394492,32,"Columbus, OH",msa,OH,2022-11-30,298246.1409115111
394492,32,"Columbus, OH",msa,OH,2022-12-31,297804.36148163205
394492,32,"Columbus, OH",msa,OH,2023-01-31,296994.5413406206
394492,32,"Columbus, OH",msa,OH,2023-02-28,296735.3216415165
394492,32,"Columbus, OH",msa,OH,2023-03-31,297213.9015250385
394492,32,"Columbus, OH",msa,OH,2023-04-30,298847.7428355574
394492,32,"Columbus, OH",msa,OH,2023-05-31,301112.79566770414
394492,32,"Columbus, OH",msa,OH,2023-06-30,303716.7139105672
394492,32,"Columbus, OH",msa,OH,2023-07-31,306183.62774087605
394492,32,"Columbus, OH",msa,OH,2023-08-31,308404.5225990011
394492,32,"Columbus, OH",msa,OH,2023-09-30,310155.86523507023
394492,32,"Columbus, OH",msa,OH,2023-10-31,311415.3868252167
394492,32,"Columbus, OH",msa,OH,2023-11-30,312168.702921272
394492,32,"Columbus, OH",msa,OH,2023-12-31,312682.2195489654
394492,32,"Columbus, OH",msa,OH,2024-01-31,313383.3964714706
394492,32,"Columbus, OH",msa,OH,2024-02-29,314504.9741212912
394492,32,"Columbus, OH",msa,OH,2024-03-31,316482.9142149209
394492,32,"Columbus, OH",msa,OH,2024-04-30,318480.15278954926
394492,32,"Columbus, OH",msa,OH,2024-05-31,320022.43861602125
394492,32,"Columbus, OH",msa,OH,2024-06-30,320597.2530811353
394492,32,"Columbus, OH",msa,OH,2024-07-31,320979.60108156427
394492,32,"Columbus, OH",msa,OH,2024-08-31,321439.16183692106
394492,32,"Columbus, OH",msa,OH,2024-09-30,322000.5547130808
394492,32,"Columbus, OH",msa,OH,2024-10-31,322609.34534627973
394492,32,"Columbus, OH",msa,OH,2024-11-30,323131.1172485218
394492,32,"Columbus, OH",msa,OH,2024-12-31,324202.823895318
394492,32,"Columbus, OH",msa,OH,2025-01-31,325392.250032368
394492,32,"Columbus, OH",msa,OH,2025-02-28,326302.99861977785
394492,32,"Columbus, OH",msa,OH,2025-03-31,326347.4933678244
394492,32,"Columbus, OH",msa,OH,2025-04-30,325932.0098468934
394492,32,"Columbus, OH",msa,OH,2025-05-31,325540.3622601663
394492,32,"Columbus, OH",msa,OH,2025-06-30,325293.49360004097
394492,32,"Columbus, OH",msa,OH,2025-07-31,325452.7399789549
394492,32,"Columbus, OH",msa,OH,2025-08-31,325865.455216128
394492,32,"Columbus, OH",msa,OH,2025-09-30,326628.20400966564
394492,32,"Columbus, OH",msa,OH,2025-10-31,327243.92933573294
394492,32,"Columbus, OH",msa,OH,2025-11-30,327849.68591532164
394492,32,"Columbus, OH",msa,OH,2025-12-31,328483.7849620826
394492,32,"Columbus, OH",msa,OH,2026-01-31,329194.08960704133
394492,32,"Columbus, OH",msa,OH,2026-02-28,329839.8012845677
394492,32,"Columbus, OH",msa,OH,2026-03-31,330133.96866261953
394492,32,"Columbus, OH",msa,OH,2026-04-30,329947.1574456819
394492,32,"Columbus, OH",msa,OH,2026-05-31,329554.1977873037
394492,32,"Columbus, OH",msa,OH,2026-06-30,329381.3582657273
394492,32,"Columbus, OH",msa,OH,2026-07-31,329628.3523246684
394492,32,"Columbus, OH",msa,OH,2026-08-31,330327.3255306312
394514,4,"Dallas, TX",msa,TX,2000-01-31,129720.85783014512
394514,4,"Dallas, TX",msa,TX,2000-02-29,129778.63595335836
394514,4,"Dallas, TX",msa,TX,2000-03-31,129845.05782083714
394514,4,"Dallas, TX",msa,TX,2000-04-30,130017.54843378055
394514,4,"Dallas, TX",msa,TX,2000-05-31,130244.97258406218
394514,4,"Dallas, TX",msa,TX,2000-06-30,130475.17278200116
394514,4,"Dallas, TX",msa,TX,2000-07-31,130716.53454072618
394514,4,"Dallas, TX",msa,TX,2000-08-31,131078.09246144324
394514,4,"Dallas, TX",msa,TX,2000-09-30,131531.1996620138
394514,4,"Dallas, TX",msa,TX,2000-10-31,132046.69558372017
394514,4,"Dallas, TX",msa,TX,2000-11-30,132532.3475342969
394514,4,"Dallas, TX",msa,TX,2000-12-31,132999.15504759768
394514,4,"Dallas, TX",msa,TX,2001-01-31,133236.99730712318
394514,4,"Dallas, TX",msa,TX,2001-02-28,133041.93242963162
394514,4,"Dallas, TX",msa,TX,2001-03-31,132755.2840957058
394514,4,"Dallas, TX",msa,TX,2001-04-30,132593.88005556745
394514,4,"Dallas, TX",msa,TX,2001-05-31,132709.79882555935
394514,4,"Dallas, TX",msa,TX,2001-06-30,132811.88804627853
394514,4,"Dallas, TX",msa,TX,2001-07-31,132914.1251517419
394514,4,"Dallas, TX",msa,TX,2001-08-31,133171.65747440796
394514,4,"Dallas, TX",msa,TX,2001-09-30,133424.66958675082
394514,4,"Dallas, TX",msa,TX,2001-10-31,133645.31265093226
394514,4,"Dallas, TX",msa,TX,2001-11-30,133735.73624491575
394514,4,"Dallas, TX",msa,TX,2001-12-31,133841.71076837415
394514,4,"Dallas, TX",msa,TX,2002-01-31,133925.20636910407
394514,4,"Dallas, TX",msa,TX,2002-02-28,134118.44151510732
394514,4,"Dallas, TX",msa,TX,2002-03-31,134410.96350577785
394514,4,"Dallas, TX",msa,TX,2002-04-30,134889.1572072451
394514,4,"Dallas, TX",msa,TX,2002-05-31,135393.79984940344
394514,4,"Dallas, TX",msa,TX,2002-06-30,136047.55020517463
394514,4,"Dallas, TX",msa,TX,2002-07-31,136694.20205864377
394514,4,"Dallas, TX",msa,TX,2002-08-31,137356.19363601416
394514,4,"Dallas, TX",msa,TX,2002-09-30,137889.40418245
394514,4,"Dallas, TX",msa,TX,2002-10-31,138343.85050770428
394514,4,"Dallas, TX",msa,TX,2002-11-30,138744.6532012185
394514,4,"Dallas, TX",msa,TX,2002-12-31,139097.6476079936
394514,4,"Dallas, TX",msa,TX,2003-01-31,139351.05346090312
394514,4,"Dallas, TX",msa,TX,2003-02-28,139494.11022375288
394514,4,"Dallas, TX",msa,TX,2003-03-31,139645.90492364857
394514,4,"Dallas, TX",msa,TX,2003-04-30,139838.96348240305
394514,4,"Dallas, TX",msa,TX,2003-05-31,140037.63635111545
394514,4,"Dallas, TX",msa,TX,2003-06-30,140252.79167173695
394514,4,"Dallas, TX",msa,TX,2003-07-31,140381.68820316895
394514,4,"Dallas, TX",msa,TX,2003-08-31,140556.496981553
394514,4,"Dallas, TX",msa,TX,2003-09-30,140742.48538931634
394514,4,"Dallas, TX",msa,TX,2003-10-31,140992.12867012506
394514,4,"Dallas, TX",msa,TX,2003-11-30,141207.29112033287
394514,4,"Dallas, TX",msa,TX,2003-12-31,141261.80352948655
394514,4,"Dallas, TX",msa,TX,2004-01-31,141744.24043585753
394514,4,"Dallas, TX",msa,TX,2004-02-29,142855.61619653282
394514,4,"Dallas, TX",msa,TX,2004-04-30,146686.7897043931
394514,4,"Dallas, TX",msa,TX,2004-05-31,148009.92030158034
394514,4,"Dallas, TX",msa,TX,2004-06-30,148705.66455806568
394514,4,"Dallas, TX",msa,TX,2004-07-31,149067.2833497777
394514,4,"Dallas, TX",msa,TX,2004-08-31,149494.74063373098
394514,4,"Dallas, TX",msa,TX,2004-09-30,149907.87201634122
394514,4,"Dallas, TX",msa,TX,2004-10-31,150323.927347181
394514,4,"Dallas, TX",msa,TX,2004-11-30,150631.7862188255
394514,4,"Dallas, TX",msa,TX,2004-12-31,150856.71792567722
394514,4,"Dallas, TX",msa,TX,2005-01-31,151375.9674803492
394514,4,"Dallas, TX",msa,TX,2005-02-28,151705.33067667807
394514,4,"Dallas, TX",msa,TX,2005-03-31,151981.4022793326
394514,4,"Dallas, TX",msa,TX,2005-04-30,152124.8162909452
394514,4,"Dallas, TX",msa,TX,2005-05-31,152462.4600444798
394514,4,"Dallas, TX",msa,TX,2005-06-30,152900.0004163015
394514,4,"Dallas, TX",msa,TX,2005-07-31,153230.2753980868
394514,4,"Dallas, TX",msa,TX,2005-08-31,153566.68151191613
394514,4,"Dallas, TX",msa,TX,2005-09-30,153919.3093107785
394514,4,"Dallas, TX",msa,TX,2005-10-31,154049.57901521723
394514,4,"Dallas, TX",msa,TX,2005-11-30,154180.49408741773
394514,4,"Dallas, TX",msa,TX,2005-12-31,154139.0994388186
394514,4,"Dallas, TX",msa,TX,2006-01-31,154108.55528553858
394514,4,"Dallas, TX",msa,TX,2006-02-28,154226.31581777
394514,4,"Dallas, TX",msa,TX,2006-03-31,154414.01534069362
394514,4,"Dallas, TX",msa,TX,2006-04-30,154877.13143751957
394514,4,"Dallas, TX",msa,TX,2006-05-31,155462.08087910723
394514,4,"Dallas, TX",msa,TX,2006-06-30,156102.12859014317
394514,4,"Dallas, TX",msa,TX,2006-07-31,156546.8100149604
394514,4,"Dallas, TX",msa,TX,2006-08-31,156785.76543403848
394514,4,"Dallas, TX",msa,TX,2006-09-30,157048.68238578868
394514,4,"Dallas, TX",msa,TX,2006-10-31,157684.94825029015
394514,4,"Dallas, TX",msa,TX,2006-11-30,158232.00017763427
394514,4,"Dallas, TX",msa,TX,2006-12-31,158774.09450356814
394514,4,"Dallas, TX",msa,TX,2007-01-31,158676.87996624535
394514,4,"Dallas, TX",msa,TX,2007-02-28,158312.77943268206
394514,4,"Dallas, TX",msa,TX,2007-03-31,157816.54633067758
394514,4,"Dallas, TX",msa,TX,2007-04-30,157793.5128428023
394514,4,"Dallas, TX",msa,TX,2007-05-31,158104.98434425707
394514,4,"Dallas, TX",msa,TX,2007-06-30,158517.53317137822
394514,4,"Dallas, TX",msa,TX,2007-07-31,158921.11464535198
394514,4,"Dallas, TX",msa,TX,2007-08-31,159345.41089184652
394514,4,"Dallas, TX",msa,TX,2007-09-30,159902.00768756805
394514,4,"Dallas, TX",msa,TX,2007-10-31,160315.9506275371
394514,4,"Dallas, TX",msa,TX,2007-11-30,160595.42248124574
394514,4,"Dallas, TX",msa,TX,2007-12-31,160808.91347072317
394514,4,"Dallas, TX",msa,TX,2008-01-31,160223.72082966543
394514,4,"Dallas, TX",msa,TX,2008-02-29,159180.86594483504
394514,4,"Dallas, TX",msa,TX,2008-03-31,157752.89263815328
394514,4,"Dallas, TX",msa,TX,2008-04-30,156887.95716208886
394514,4,"Dallas, TX",msa,TX,2008-05-31,156313.84932288437
394514,4,"Dallas, TX",msa,TX,2008-06-30,155951.6282413481
394514,4,"Dallas, TX",msa,TX,2008-07-31,155757.75953089513
394514,4,"Dallas, TX",msa,TX,2008-08-31,155323.84865413312
394514,4,"Dallas, TX",msa,TX,2008-09-30,154589.85071464983
394514,4,"Dallas, TX",msa,TX,2008-10-31,153593.75561529482
394514,4,"Dallas, TX",msa,TX,2008-11-30,152702.03532275514
394514,4,"Dallas, TX",msa,TX,2008-12-31,152050.98679594896
394514,4,"Dallas, TX",msa,TX,2009-01-31,151571.4691360746
394514,4,"Dallas, TX",msa,TX,2009-02-28,151471.50200401503
394514,4,"Dallas, TX",msa,TX,2009-03-31,151524.6301514095
394514,4,"Dallas, TX",msa,TX,2009-04-30,151728.46267623472
394514,4,"Dallas, TX",msa,TX,2009-05-31,151898.82799723846
394514,4,"Dallas, TX",msa,TX,2009-06-30,151921.4823412906
394514,4,"Dallas, TX",msa,TX,2009-07-31,151971.3872674651
394514,4,"Dallas, TX",msa,TX,2009-08-31,151831.9275747009
394514,4,"Dallas, TX",msa,TX,2009-09-30,151780.74071654602
394514,4,"Dallas, TX",msa,TX,2009-10-31,151706.29173182315
394514,4,"Dallas, TX",msa,TX,2009-11-30,152051.88432174164
394514,4,"Dallas, TX",msa,TX,2009-12-31,152431.58958124756
394514,4,"Dallas, TX",msa,TX,2010-01-31,152527.84843674046
394514,4,"Dallas, TX",msa,TX,2010-02-28,152378.1295696092
394514,4,"Dallas, TX",msa,TX,2010-03-31,152141.17480678257
394514,4,"Dallas, TX",msa,TX,2010-04-30,152278.791662946
394514,4,"Dallas, TX",msa,TX,2010-05-31,152387.27972694227
394514,4,"Dallas, TX",msa,TX,2010-06-30,152466.31230502625
394514,4,"Dallas, TX",msa,TX,2010-07-31,152111.0173867507
394514,4,"Dallas, TX",msa,TX,2010-08-31,151451.28861319995
394514,4,"Dallas, TX",msa,TX,2010-09-30,150541.30470021677
394514,4,"Dallas, TX",msa,TX,2010-10-31,149660.78697752513
394514,4,"Dallas, TX",msa,TX,2010-11-30,148763.0961178815
394514,4,"Dallas, TX",msa,TX,2010-12-31,148146.91341127575
394514,4,"Dallas, TX",msa,TX,2011-01-31,147681.19716376808
394514,4,"Dallas, TX",msa,TX,2011-02-28,147191.06721186882
394514,4,"Dallas, TX",msa,TX,2011-03-31,146670.19032879057
394514,4,"Dallas, TX",msa,TX,2011-04-30,145987.98933325545
394514,4,"Dallas, TX",msa,TX,2011-05-31,145483.29458046856
394514,4,"Dallas, TX",msa,TX,2011-06-30,144933.09152905387
394514,4,"Dallas, TX",msa,TX,2011-07-31,144725.77906807954
394514,4,"Dallas, TX",msa,TX,2011-08-31,144580.00837415687
394514,4,"Dallas, TX",msa,TX,2011-09-30,144602.05904218846
394514,4,"Dallas, TX",msa,TX,2011-10-31,144530.02857801365
394514,4,"Dallas, TX",msa,TX,2011-11-30,144402.07070750798
394514,4,"Dallas, TX",msa,TX,2011-12-31,144095.2996950627
394514,4,"Dallas, TX",msa,TX,2012-01-31,143811.3070418324
394514,4,"Dallas, TX",msa,TX,2012-02-29,143983.05814378802
394514,4,"Dallas, TX",msa,TX,2012-03-31,144466.59554190977
394514,4,"Dallas, TX",msa,TX,2012-04-30,145116.57938959557
394514,4,"Dallas, TX",msa,TX,2012-05-31,145703.21981232
394514,4,"Dallas, TX",msa,TX,2012-06-30,146436.2282391869
394514,4,"Dallas, TX",msa,TX,2012-07-31,147282.58378220754
394514,4,"Dallas, TX",msa,TX,2012-08-31,148005.13245612298
394514,4,"Dallas, TX",msa,TX,2012-09-30,148727.06352728637
394514,4,"Dallas, TX",msa,TX,2012-10-31,149526.50631870562
394514,4,"Dallas, TX",msa,TX,2012-11-30,150420.0543089015
394514,4,"Dallas, TX",msa,TX,2012-12-31,151193.23928079542
394514,4,"Dallas, TX",msa,TX,2013-01-31,152018.35149868493
394514,4,"Dallas, TX",msa,TX,2013-02-28,152949.86326929534
394514,4,"Dallas, TX",msa,TX,2013-03-31,153911.46239149175
394514,4,"Dallas, TX",msa,TX,2013-04-30,154741.84804444163
394514,4,"Dallas, TX",msa,TX,2013-05-31,155679.5555554504
394514,4,"Dallas, TX",msa,TX,2013-06-30,156896.41324386888
394514,4,"Dallas, TX",msa,TX,2013-07-31,158170.65507980864
394514,4,"Dallas, TX",msa,TX,2013-08-31,159303.24081007962
394514,4,"Dallas, TX",msa,TX,2013-09-30,160283.71292856862
394514,4,"Dallas, TX",msa,TX,2013-10-31,161391.83796060583
394514,4,"Dallas, TX",msa,TX,2013-11-30,162525.43267425848
394514,4,"Dallas, TX",msa,TX,2013-12-31,163680.5289122967
394514,4,"Dallas, TX",msa,TX,2014-01-31,164858.03856127258
394514,4,"Dallas, TX",msa,TX,2014-02-28,166049.3982098168
394514,4,"Dallas, TX",msa,TX,2014-03-31,167174.4676737167
394514,4,"Dallas, TX",msa,TX,2014-04-30,168070.38553971204
394514,4,"Dallas, TX",msa,TX,2014-05-31,168998.3490854229
394514,4,"Dallas, TX",msa,TX,2014-06-30,170016.93515067722
394514,4,"Dallas, TX",msa,TX,2014-07-31,171275.72896211027
394514,4,"Dallas, TX",msa,TX,2014-08-31,172426.76048566157
394514,4,"Dallas, TX",msa,TX,2014-09-30,173510.83321788593
394514,4,"Dallas, TX",msa,TX,2014-10-31,174388.88138575174
394514,4,"Dallas, TX",msa,TX,2014-11-30,175548.39874364575
394514,4,"Dallas, TX",msa,TX,2014-12-31,176786.0842046377
394514,4,"Dallas, TX",msa,TX,2015-01-31,178272.01366762852
394514,4,"Dallas, TX",msa,TX,2015-02-28,179825.72746778326
394514,4,"Dallas, TX",msa,TX,2015-03-31,181362.3827041213
394514,4,"Dallas, TX",msa,TX,2015-04-30,182775.6351258762
394514,4,"Dallas, TX",msa,TX,2015-05-31,184254.8236129528
394514,4,"Dallas, TX",msa,TX,2015-06-30,185884.67439278308
394514,4,"Dallas, TX",msa,TX,2015-07-31,187761.25522997664
394514,4,"Dallas, TX",msa,TX,2015-08-31,189647.10323714337
394514,4,"Dallas, TX",msa,TX,2015-09-30,191620.84150420572
394514,4,"Dallas, TX",msa,TX,2015-10-31,193583.5160106391
394514,4,"Dallas, TX",msa,TX,2015-11-30,195526.64425038104
394514,4,"Dallas, TX",msa,TX,2015-12-31,197450.69107652936
394514,4,"Dallas, TX",msa,TX,2016-01-31,199484.5450554856
394514,4,"Dallas, TX",msa,TX,2016-02-29,201582.56357806677
394514,4,"Dallas, TX",msa,TX,2016-03-31,203413.23051479945
394514,4,"Dallas, TX",msa,TX,2016-04-30,205282.9098220135
394514,4,"Dallas, TX",msa,TX,2016-05-31,207064.93265382329
394514,4,"Dallas, TX",msa,TX,2016-06-30,208966.64603163576
394514,4,"Dallas, TX",msa,TX,2016-07-31,210592.42982389452
394514,4,"Dallas, TX",msa,TX,2016-08-31,212105.13884787573
394514,4,"Dallas, TX",msa,TX,2016-09-30,213760.06268037195
394514,4,"Dallas, TX",msa,TX,2016-10-31,215533.70471070788
394514,4,"Dallas, TX",msa,TX,2016-11-30,217542.00402786396
394514,4,"Dallas, TX",msa,TX,2016-12-31,219461.2950394576
394514,4,"Dallas, TX",msa,TX,2017-01-31,221405.83365713156
394514,4,"Dallas, TX",msa,TX,2017-02-28,223242.72744325612
394514,4,"Dallas, TX",msa,TX,2017-03-31,225208.03336189117
394514,4,"Dallas, TX",msa,TX,2017-04-30,227343.24352796905
394514,4,"Dallas, TX",msa,TX,2017-05-31,229358.0239332919
394514,4,"Dallas, TX",msa,TX,2017-06-30,231205.1627471872
394514,4,"Dallas, TX",msa,TX,2017-07-31,232621.28905651407
394514,4,"Dallas, TX",msa,TX,2017-08-31,233965.97004119807
394514,4,"Dallas, TX",msa,TX,2017-09-30,235364.4266264364
394514,4,"Dallas, TX",msa,TX,2017-10-31,236948.534408842
394514,4,"Dallas, TX",msa,TX,2017-11-30,238689.324114436
394514,4,"Dallas, TX",msa,TX,2017-12-31,240578.81899540263
394514,4,"Dallas, TX",msa,TX,2018-01-31,242522.0916237552
394514,4,"Dallas, TX",msa,TX,2018-02-28,244393.79688487863
394514,4,"Dallas, TX",msa,TX,2018-03-31,246283.86849750837
394514,4,"Dallas, TX",msa,TX,2018-04-30,247969.08074180127
394514,4,"Dallas, TX",msa,TX,2018-05-31,249553.00753415845
394514,4,"Dallas, TX",msa,TX,2018-06-30,250632.11342347076
394514,4,"Dallas, TX",msa,TX,2018-07-31,251741.72754083425
394514,4,"Dallas, TX",msa,TX,2018-08-31,252575.2875275773
394514,4,"Dallas, TX",msa,TX,2018-09-30,253334.7499703181
394514,4,"Dallas, TX",msa,TX,2018-10-31,253779.63158765924
394514,4,"Dallas, TX",msa,TX,2018-11-30,254274.2306613326
394514,4,"Dallas, TX",msa,TX,2018-12-31,254991.57010293915
394514,4,"Dallas, TX",msa,TX,2019-01-31,255927.76931398376
394514,4,"Dallas, TX",msa,TX,2019-02-28,256942.22174800877
394514,4,"Dallas, TX",msa,TX,2019-03-31,257814.72895955655
394514,4,"Dallas, TX",msa,TX,2019-04-30,258294.4025318966
394514,4,"Dallas, TX",msa,TX,2019-05-31,258491.4855586166
394514,4,"Dallas, TX",msa,TX,2019-06-30,258552.82179810252
394514,4,"Dallas, TX",msa,TX,2019-07-31,258650.6231877
394514,4,"Dallas, TX",msa,TX,2019-08-31,258896.207645006
394514,4,"Dallas, TX",msa,TX,2019-09-30,259284.26110713903
394514,4,"Dallas, TX",msa,TX,2019-10-31,259987.17365356
394514,4,"Dallas, TX",msa,TX,2019-11-30,260980.0335101341
394514,4,"Dallas, TX",msa,TX,2019-12-31,262209.2157490607
394514,4,"Dallas, TX",msa,TX,2020-01-31,263767.5967832741
394514,4,"Dallas, TX",msa,TX,2020-02-29,265348.9068160868
394514,4,"Dallas, TX",msa,TX,2020-03-31,266852.5345528662
394514,4,"Dallas, TX",msa,TX,2020-04-30,267644.05831831245
394514,4,"Dallas, TX",msa,TX,2020-05-31,267634.5497110635
394514,4,"Dallas, TX",msa,TX,2020-06-30,267414.6287335039
394514,4,"Dallas, TX",msa,TX,2020-07-31,267781.7106095062
394514,4,"Dallas, TX",msa,TX,2020-08-31,269234.1594114335
394514,4,"Dallas, TX",msa,TX,2020-09-30,271756.02925656
394514,4,"Dallas, TX",msa,TX,2020-10-31,274902.4463039823
394514,4,"Dallas, TX",msa,TX,2020-11-30,278583.1815000078
394514,4,"Dallas, TX",msa,TX,2020-12-31,282302.28550247336
394514,4,"Dallas, TX",msa,TX,2021-01-31,286235.3565138402
394514,4,"Dallas, TX",msa,TX,2021-02-28,290396.3712315417
394514,4,"Dallas, TX",msa,TX,2021-03-31,295034.10468026187
394514,4,"Dallas, TX",msa,TX,2021-04-30,300160.5536814353
394514,4,"Dallas, TX",msa,TX,2021-05-31,306067.0648347928
394514,4,"Dallas, TX",msa,TX,2021-06-30,312250.1695468079
394514,4,"Dallas, TX",msa,TX,2021-07-31,317852.3910949833
394514,4,"Dallas, TX",msa,TX,2021-08-31,322194.1999423768
394514,4,"Dallas, TX",msa,TX,2021-09-30,325591.1571068757
394514,4,"Dallas, TX",msa,TX,2021-10-31,329204.9592092581
394514,4,"Dallas, TX",msa,TX,2021-11-30,333664.0431131698
394514,4,"Dallas, TX",msa,TX,2021-12-31,338782.3944208739
394514,4,"Dallas, TX",msa,TX,2022-01-31,345895.11174889427
394514,4,"Dallas, TX",msa,TX,2022-02-28,354432.828073537
394514,4,"Dallas, TX",msa,TX,2022-03-31,364121.2916037321
394514,4,"Dallas, TX",msa,TX,2022-04-30,373692.59268278704
394514,4,"Dallas, TX",msa,TX,2022-05-31,382356.7728772965
394514,4,"Dallas, TX",msa,TX,2022-06-30,389783.9241466262
394514,4,"Dallas, TX",msa,TX,2022-07-31,393863.4806233256
394514,4,"Dallas, TX",msa,TX,2022-08-31,394540.8643128982
394514,4,"Dallas, TX",msa,TX,2022-09-30,392803.9238682166
394514,4,"Dallas, TX",msa,TX,2022-10-31,390697.3840683822
394514,4,"Dallas, TX",msa,TX,2022-11-30,388742.9121737378
394514,4,"Dallas, TX",msa,TX,2022-12-31,386709.005624721
394514,4,"Dallas, TX",msa,TX,2023-01-31,384088.2689378246
394514,4,"Dallas, TX",msa,TX,2023-02-28,381752.00193602574
394514,4,"Dallas, TX",msa,TX,2023-03-31,380167.1861603668
394514,4,"Dallas, TX",msa,TX,2023-04-30,379598.3760586656
394514,4,"Dallas, TX",msa,TX,2023-05-31,379893.2498063717
394514,4,"Dallas, TX",msa,TX,2023-06-30,380737.0990088911
394514,4,"Dallas, TX",msa,TX,2023-07-31,381744.8162175815
394514,4,"Dallas, TX",msa,TX,2023-08-31,382695.7007779295
394514,4,"Dallas, TX",msa,TX,2023-09-30,383123.7905570511
394514,4,"Dallas, TX",msa,TX,2023-10-31,383241.8884918427
394514,4,"Dallas, TX",msa,TX,2023-11-30,383098.80224260985
394514,4,"Dallas, TX",msa,TX,2023-12-31,382762.613963812
394514,4,"Dallas, TX",msa,TX,2024-01-31,382784.9378020034
394514,4,"Dallas, TX",msa,TX,2024-02-29,383281.1402950121
394514,4,"Dallas, TX",msa,TX,2024-03-31,384472.4991020317
394514,4,"Dallas, TX",msa,TX,2024-04-30,385469.2080461436
394514,4,"Dallas, TX",msa,TX,2024-05-31,385617.1733981821
394514,4,"Dallas, TX",msa,TX,2024-06-30,384933.6303131641
394514,4,"Dallas, TX",msa,TX,2024-07-31,383967.9621762728
394514,4,"Dallas, TX",msa,TX,2024-08-31,383297.939652066
394514,4,"Dallas, TX",msa,TX,2024-09-30,383094.46876569215
394514,4,"Dallas, TX",msa,TX,2024-10-31,382985.5733632473
394514,4,"Dallas, TX",msa,TX,2024-11-30,382689.057160343
394514,4,"Dallas, TX",msa,TX,2024-12-31,382150.1914831745
394514,4,"Dallas, TX",msa,TX,2025-01-31,381612.5522617744
394514,4,"Dallas, TX",msa,TX,2025-02-28,380812.2412850701
394514,4,"Dallas, TX",msa,TX,2025-03-31,379285.0980077126
394514,4,"Dallas, TX",msa,TX,2025-04-30,377123.2251688312
394514,4,"Dallas, TX",msa,TX,2025-05-31,374667.58654916025
394514,4,"Dallas, TX",msa,TX,2025-06-30,372264.9083037777
394514,4,"Dallas, TX",msa,TX,2025-07-31,370215.27933904575
394514,4,"Dallas, TX",msa,TX,2025-08-31,368830.912749537
394514,4,"Dallas, TX",msa,TX,2025-09-30,368173.2587385965
394514,4,"Dallas, TX",msa,TX,2025-10-31,367818.9635011096
394514,4,"Dallas, TX",msa,TX,2025-11-30,367550.9884976253
394514,4,"Dallas, TX",msa,TX,2025-12-31,367329.712410344
394514,4,"Dallas, TX",msa,TX,2026-01-31,366889.093928521
394514,4,"Dallas, TX",msa,TX,2026-02-28,366304.4824618821
394514,4,"Dallas, TX",msa,TX,2026-03-31,365232.417761809
394514,4,"Dallas, TX",msa,TX,2026-04-30,363899.14835042256
394514,4,"Dallas, TX",msa,TX,2026-05-31,362320.8085552982
394514,4,"Dallas, TX",msa,TX,2026-06-30,361073.95058933104
394514,4,"Dallas, TX",msa,TX,2026-07-31,360453.4979672074
394514,4,"Dallas, TX",msa,TX,2026-08-31,360436.81730485073
394530,19,"Denver, CO",msa,CO,2000-01-31,188488.48442482133
394530,19,"Denver, CO",msa,CO,2000-02-29,189435.6472792364
394530,19,"Denver, CO",msa,CO,2000-03-31,190402.26459374407
394530,19,"Denver, CO",msa,CO,2000-04-30,192537.4016416121
394530,19,"Denver, CO",msa,CO,2000-05-31,194812.59294084387
394530,19,"Denver, CO",msa,CO,2000-06-30,197154.1625651406
394530,19,"Denver, CO",msa,CO,2000-07-31,199406.1568102402
394530,19,"Denver, CO",msa,CO,2000-08-31,201782.13218138643
394530,19,"Denver, CO",msa,CO,2000-09-30,204356.84650001
394530,19,"Denver, CO",msa,CO,2000-10-31,206937.62800421347
394530,19,"Denver, CO",msa,CO,2000-11-30,209512.0756712923
394530,19,"Denver, CO",msa,CO,2000-12-31,211961.2681335345
394530,19,"Denver, CO",msa,CO,2001-01-31,214428.84674526157
394530,19,"Denver, CO",msa,CO,2001-02-28,216696.4916785737
394530,19,"Denver, CO",msa,CO,2001-03-31,218988.52090146343
394530,19,"Denver, CO",msa,CO,2001-04-30,221208.1554943993
394530,19,"Denver, CO",msa,CO,2001-05-31,223309.28958330143
394530,19,"Denver, CO",msa,CO,2001-06-30,225009.085657566
394530,19,"Denver, CO",msa,CO,2001-07-31,226630.21520975
394530,19,"Denver, CO",msa,CO,2001-08-31,228204.57962540808
394530,19,"Denver, CO",msa,CO,2001-09-30,229740.14131215785
394530,19,"Denver, CO",msa,CO,2001-10-31,231037.17301910653
394530,19,"Denver, CO",msa,CO,2001-11-30,232131.0957131548
394530,19,"Denver, CO",msa,CO,2001-12-31,232944.43850174904
394530,19,"Denver, CO",msa,CO,2002-01-31,233372.01511221632
394530,19,"Denver, CO",msa,CO,2002-02-28,233805.2832833857
394530,19,"Denver, CO",msa,CO,2002-03-31,234531.72326279615
394530,19,"Denver, CO",msa,CO,2002-04-30,235485.32557735857
394530,19,"Denver, CO",msa,CO,2002-05-31,236508.7543887914
394530,19,"Denver, CO",msa,CO,2002-06-30,237285.1188204987
394530,19,"Denver, CO",msa,CO,2002-07-31,238005.57505593132
394530,19,"Denver, CO",msa,CO,2002-08-31,238414.51203165692
394530,19,"Denver, CO",msa,CO,2002-09-30,238847.7313787144
394530,19,"Denver, CO",msa,CO,2002-10-31,239303.46061901576
394530,19,"Denver, CO",msa,CO,2002-11-30,239816.85404895755
394530,19,"Denver, CO",msa,CO,2002-12-31,240142.24249526125
394530,19,"Denver, CO",msa,CO,2003-01-31,240229.3161110601
394530,19,"Denver, CO",msa,CO,2003-02-28,240266.50391632333
394530,19,"Denver, CO",msa,CO,2003-03-31,240578.16864342065
394530,19,"Denver, CO",msa,CO,2003-04-30,240873.43109622507
394530,19,"Denver, CO",msa,CO,2003-05-31,240966.0134982512
394530,19,"Denver, CO",msa,CO,2003-06-30,240803.63723717
394530,19,"Denver, CO",msa,CO,2003-07-31,240736.8563989248
394530,19,"Denver, CO",msa,CO,2003-08-31,240755.5611444353
394530,19,"Denver, CO",msa,CO,2003-09-30,240956.49010237493
394530,19,"Denver, CO",msa,CO,2003-10-31,241207.09347220827
394530,19,"Denver, CO",msa,CO,2003-11-30,241777.3556526081
394530,19,"Denver, CO",msa,CO,2003-12-31,242387.8655340745
394530,19,"Denver, CO",msa,CO,2004-01-31,242827.60669087863
394530,19,"Denver, CO",msa,CO,2004-02-29,243007.15954588496
394530,19,"Denver, CO",msa,CO,2004-03-31,243187.54324076575
394530,19,"Denver, CO",msa,CO,2004-04-30,243655.81706901145
394530,19,"Denver, CO",msa,CO,2004-05-31,244287.72810696575
394530,19,"Denver, CO",msa,CO,2004-06-30,244911.6234312855
394530,19,"Denver, CO",msa,CO,2004-07-31,245456.15030416095
394530,19,"Denver, CO",msa,CO,2004-08-31,245979.1577224873
394530,19,"Denver, CO",msa,CO,2004-09-30,246227.61889344905
394530,19,"Denver, CO",msa,CO,2004-10-31,246518.5572238346
394530,19,"Denver, CO",msa,CO,2004-11-30,246746.81258823528
394530,19,"Denver, CO",msa,CO,2004-12-31,247391.3483080928
394530,19,"Denver, CO",msa,CO,2005-01-31,248110.9881796688
394530,19,"Denver, CO",msa,CO,2005-02-28,248652.179335682
394530,19,"Denver, CO",msa,CO,2005-03-31,249035.97682606228
394530,19,"Denver, CO",msa,CO,2005-04-30,249314.0836260169
394530,19,"Denver, CO",msa,CO,2005-05-31,249812.33230725687
394530,19,"Denver, CO",msa,CO,2005-06-30,250181.2399100135
394530,19,"Denver, CO",msa,CO,2005-07-31,250606.28381132684
394530,19,"Denver, CO",msa,CO,2005-08-31,250943.43435501383
394530,19,"Denver, CO",msa,CO,2005-09-30,251219.302583072
394530,19,"Denver, CO",msa,CO,2005-10-31,251574.8019093448
394530,19,"Denver, CO",msa,CO,2005-11-30,251931.67699964545
394530,19,"Denver, CO",msa,CO,2005-12-31,252390.19293153528
394530,19,"Denver, CO",msa,CO,2006-01-31,252841.1798632425
394530,19,"Denver, CO",msa,CO,2006-02-28,253083.22706403065
394530,19,"Denver, CO",msa,CO,2006-03-31,253306.2931067152
394530,19,"Denver, CO",msa,CO,2006-04-30,253397.5138998657
394530,19,"Denver, CO",msa,CO,2006-05-31,253762.6508155124
394530,19,"Denver, CO",msa,CO,2006-06-30,254017.2563411549
394530,19,"Denver, CO",msa,CO,2006-07-31,254044.08616028837
394530,19,"Denver, CO",msa,CO,2006-08-31,254029.28277511828
394530,19,"Denver, CO",msa,CO,2006-09-30,253637.6066711741
394530,19,"Denver, CO",msa,CO,2006-10-31,253136.9090898696
394530,19,"Denver, CO",msa,CO,2006-11-30,252468.8156267684
394530,19,"Denver, CO",msa,CO,2006-12-31,252103.4252303324
394530,19,"Denver, CO",msa,CO,2007-01-31,251817.88473174488
394530,19,"Denver, CO",msa,CO,2007-02-28,251208.7265156782
394530,19,"Denver, CO",msa,CO,2007-03-31,250753.82034873043
394530,19,"Denver, CO",msa,CO,2007-04-30,250560.8650869126
394530,19,"Denver, CO",msa,CO,2007-05-31,250845.3728295716
394530,19,"Denver, CO",msa,CO,2007-06-30,251091.6664921208
394530,19,"Denver, CO",msa,CO,2007-07-31,251261.5929374843
394530,19,"Denver, CO",msa,CO,2007-08-31,251216.13819339557
394530,19,"Denver, CO",msa,CO,2007-09-30,250735.84597321475
394530,19,"Denver, CO",msa,CO,2007-10-31,249836.45195777869
394530,19,"Denver, CO",msa,CO,2007-11-30,248579.91948214348
394530,19,"Denver, CO",msa,CO,2007-12-31,246974.29580481423
394530,19,"Denver, CO",msa,CO,2008-01-31,245509.6605800169
394530,19,"Denver, CO",msa,CO,2008-02-29,244240.97627287835
394530,19,"Denver, CO",msa,CO,2008-03-31,243325.3298944378
394530,19,"Denver, CO",msa,CO,2008-04-30,242464.32126113345
394530,19,"Denver, CO",msa,CO,2008-05-31,241552.57611919448
394530,19,"Denver, CO",msa,CO,2008-06-30,240789.29669969683
394530,19,"Denver, CO",msa,CO,2008-07-31,239644.1266171364
394530,19,"Denver, CO",msa,CO,2008-08-31,238520.35962057093
394530,19,"Denver, CO",msa,CO,2008-09-30,237561.1712863572
394530,19,"Denver, CO",msa,CO,2008-10-31,236898.3953794996
394530,19,"Denver, CO",msa,CO,2008-11-30,236220.0531945445
394530,19,"Denver, CO",msa,CO,2008-12-31,235376.11934382177
394530,19,"Denver, CO",msa,CO,2009-01-31,234510.57662499967
394530,19,"Denver, CO",msa,CO,2009-02-28,234001.84563558488
394530,19,"Denver, CO",msa,CO,2009-03-31,233810.9351338362
394530,19,"Denver, CO",msa,CO,2009-04-30,233730.099485759
394530,19,"Denver, CO",msa,CO,2009-05-31,233703.60627641756
394530,19,"Denver, CO",msa,CO,2009-06-30,233595.6193635039
394530,19,"Denver, CO",msa,CO,2009-07-31,233294.8594305355
394530,19,"Denver, CO",msa,CO,2009-08-31,232980.7310757124
394530,19,"Denver, CO",msa,CO,2009-09-30,232741.62187477257
394530,19,"Denver, CO",msa,CO,2009-10-31,232808.6092911745
394530,19,"Denver, CO",msa,CO,2009-11-30,232890.21122213145
394530,19,"Denver, CO",msa,CO,2009-12-31,233115.81246239823
394530,19,"Denver, CO",msa,CO,2010-01-31,233755.0986120248
394530,19,"Denver, CO",msa,CO,2010-02-28,234807.66800613535
394530,19,"Denver, CO",msa,CO,2010-03-31,235794.8530315256
394530,19,"Denver, CO",msa,CO,2010-04-30,236196.5173745195
394530,19,"Denver, CO",msa,CO,2010-05-31,235996.98982622428
394530,19,"Denver, CO",msa,CO,2010-06-30,235285.80481963
394530,19,"Denver, CO",msa,CO,2010-07-31,234325.50006104392
394530,19,"Denver, CO",msa,CO,2010-08-31,233122.74382390632
394530,19,"Denver, CO",msa,CO,2010-09-30,231844.5830903614
394530,19,"Denver, CO",msa,CO,2010-10-31,230545.07343863204
394530,19,"Denver, CO",msa,CO,2010-11-30,229473.4517138123
394530,19,"Denver, CO",msa,CO,2010-12-31,228599.89221559404
394530,19,"Denver, CO",msa,CO,2011-01-31,227866.98126335183
394530,19,"Denver, CO",msa,CO,2011-02-28,227025.53836377748
394530,19,"Denver, CO",msa,CO,2011-03-31,226137.92451844923
394530,19,"Denver, CO",msa,CO,2011-04-30,225438.53166438013
394530,19,"Denver, CO",msa,CO,2011-05-31,224454.76613474137
394530,19,"Denver, CO",msa,CO,2011-06-30,223609.1770296961
394530,19,"Denver, CO",msa,CO,2011-07-31,222805.13271868168
394530,19,"Denver, CO",msa,CO,2011-08-31,222425.94543501636
394530,19,"Denver, CO",msa,CO,2011-09-30,222273.2811676465
394530,19,"Denver, CO",msa,CO,2011-10-31,222196.8477591408
394530,19,"Denver, CO",msa,CO,2011-11-30,222198.87410064932
394530,19,"Denver, CO",msa,CO,2011-12-31,222171.69010042143
394530,19,"Denver, CO",msa,CO,2012-01-31,222312.8592382757
394530,19,"Denver, CO",msa,CO,2012-02-29,222594.79953966875
394530,19,"Denver, CO",msa,CO,2012-03-31,222896.63508208128
394530,19,"Denver, CO",msa,CO,2012-04-30,223072.87889498915
394530,19,"Denver, CO",msa,CO,2012-05-31,223548.9207503148
394530,19,"Denver, CO",msa,CO,2012-06-30,224713.2312108357
394530,19,"Denver, CO",msa,CO,2012-07-31,226557.99765324933
394530,19,"Denver, CO",msa,CO,2012-08-31,228901.58059523103
394530,19,"Denver, CO",msa,CO,2012-09-30,231581.6139297216
394530,19,"Denver, CO",msa,CO,2012-10-31,234259.9528667118
394530,19,"Denver, CO",msa,CO,2012-11-30,236806.1498536617
394530,19,"Denver, CO",msa,CO,2012-12-31,239047.08889232585
394530,19,"Denver, CO",msa,CO,2013-01-31,241274.31501332787
394530,19,"Denver, CO",msa,CO,2013-02-28,243322.4978821905
394530,19,"Denver, CO",msa,CO,2013-03-31,244919.701410929
394530,19,"Denver, CO",msa,CO,2013-04-30,246345.89160779223
394530,19,"Denver, CO",msa,CO,2013-05-31,247958.1598136568
394530,19,"Denver, CO",msa,CO,2013-06-30,250219.72574247455
394530,19,"Denver, CO",msa,CO,2013-07-31,252845.69123655604
394530,19,"Denver, CO",msa,CO,2013-08-31,255557.51755368683
394530,19,"Denver, CO",msa,CO,2013-09-30,258141.94256364112
394530,19,"Denver, CO",msa,CO,2013-10-31,260543.34621515885
394530,19,"Denver, CO",msa,CO,2013-11-30,262635.2893265234
394530,19,"Denver, CO",msa,CO,2013-12-31,264535.34077132266
394530,19,"Denver, CO",msa,CO,2014-01-31,266156.3712244642
394530,19,"Denver, CO",msa,CO,2014-02-28,267775.9281008905
394530,19,"Denver, CO",msa,CO,2014-03-31,269192.177747465
394530,19,"Denver, CO",msa,CO,2014-04-30,270851.26981398644
394530,19,"Denver, CO",msa,CO,2014-05-31,272608.87623294693
394530,19,"Denver, CO",msa,CO,2014-06-30,274516.15615130425
394530,19,"Denver, CO",msa,CO,2014-07-31,276492.8428443485
394530,19,"Denver, CO",msa,CO,2014-08-31,278487.7185148006
394530,19,"Denver, CO",msa,CO,2014-09-30,280907.8852233188
394530,19,"Denver, CO",msa,CO,2014-10-31,283550.8099145465
394530,19,"Denver, CO",msa,CO,2014-11-30,286549.10243797273
394530,19,"Denver, CO",msa,CO,2014-12-31,289822.85048719123
394530,19,"Denver, CO",msa,CO,2015-01-31,293551.6101093996
394530,19,"Denver, CO",msa,CO,2015-02-28,297750.6318651868
394530,19,"Denver, CO",msa,CO,2015-03-31,301759.4659633261
394530,19,"Denver, CO",msa,CO,2015-04-30,305465.2562143299
394530,19,"Denver, CO",msa,CO,2015-05-31,308896.65937124257
394530,19,"Denver, CO",msa,CO,2015-06-30,312243.5582319664
394530,19,"Denver, CO",msa,CO,2015-07-31,315683.50864562806
394530,19,"Denver, CO",msa,CO,2015-08-31,319083.76774811256
394530,19,"Denver, CO",msa,CO,2015-09-30,322631.30883599323
394530,19,"Denver, CO",msa,CO,2015-10-31,325951.6770155399
394530,19,"Denver, CO",msa,CO,2015-11-30,329203.80959811766
394530,19,"Denver, CO",msa,CO,2015-12-31,332321.6550714437
394530,19,"Denver, CO",msa,CO,2016-01-31,335525.2214804958
394530,19,"Denver, CO",msa,CO,2016-02-29,338630.5999676708
394530,19,"Denver, CO",msa,CO,2016-03-31,341712.9287886949
394530,19,"Denver, CO",msa,CO,2016-04-30,344993.8399204907
394530,19,"Denver, CO",msa,CO,2016-05-31,348112.16935322253
394530,19,"Denver, CO",msa,CO,2016-06-30,351013.57527881535
394530,19,"Denver, CO",msa,CO,2016-07-31,353382.58994839614
394530,19,"Denver, CO",msa,CO,2016-08-31,355226.737895316
394530,19,"Denver, CO",msa,CO,2016-09-30,356817.09723343275
394530,19,"Denver, CO",msa,CO,2016-10-31,358750.6994625667
394530,19,"Denver, CO",msa,CO,2016-11-30,361434.569177041
394530,19,"Denver, CO",msa,CO,2016-12-31,364787.2393961299
394530,19,"Denver, CO",msa,CO,2017-01-31,368068.6510285204
394530,19,"Denver, CO",msa,CO,2017-02-28,371560.0979900267
394530,19,"Denver, CO",msa,CO,2017-03-31,375041.64260086167
394530,19,"Denver, CO",msa,CO,2017-04-30,378578.97200675495
394530,19,"Denver, CO",msa,CO,2017-05-31,381460.46861256525
394530,19,"Denver, CO",msa,CO,2017-06-30,383400.9060823903
394530,19,"Denver, CO",msa,CO,2017-07-31,384332.755756462
394530,19,"Denver, CO",msa,CO,2017-08-31,384918.2314434782
394530,19,"Denver, CO",msa,CO,2017-09-30,385851.19816823583
394530,19,"Denver, CO",msa,CO,2017-10-31,387506.38244227896
394530,19,"Denver, CO",msa,CO,2017-11-30,389793.3203272698
394530,19,"Denver, CO",msa,CO,2017-12-31,392663.4887354377
394530,19,"Denver, CO",msa,CO,2018-01-31,395796.68776105606
394530,19,"Denver, CO",msa,CO,2018-02-28,398946.2539073844
394530,19,"Denver, CO",msa,CO,2018-03-31,401962.77736719634
394530,19,"Denver, CO",msa,CO,2018-04-30,404617.20566345146
394530,19,"Denver, CO",msa,CO,2018-05-31,407168.9660169653
394530,19,"Denver, CO",msa,CO,2018-06-30,408942.5579373748
394530,19,"Denver, CO",msa,CO,2018-07-31,410774.2631454209
394530,19,"Denver, CO",msa,CO,2018-08-31,412099.3826779304
394530,19,"Denver, CO",msa,CO,2018-09-30,413467.94447751855
394530,19,"Denver, CO",msa,CO,2018-10-31,414471.7643409646
394530,19,"Denver, CO",msa,CO,2018-11-30,415404.5576787313
394530,19,"Denver, CO",msa,CO,2018-12-31,416556.8684041282
394530,19,"Denver, CO",msa,CO,2019-01-31,418132.9312730783
394530,19,"Denver, CO",msa,CO,2019-02-28,420451.90282181575
394530,19,"Denver, CO",msa,CO,2019-03-31,422935.7793307547
394530,19,"Denver, CO",msa,CO,2019-04-30,424993.8255436718
394530,19,"Denver, CO",msa,CO,2019-05-31,425826.2161735089
394530,19,"Denver, CO",msa,CO,2019-06-30,426216.6363866349
394530,19,"Denver, CO",msa,CO,2019-07-31,426368.27762005496
394530,19,"Denver, CO",msa,CO,2019-08-31,427012.6696552741
394530,19,"Denver, CO",msa,CO,2019-09-30,427745.0606886595
394530,19,"Denver, CO",msa,CO,2019-10-31,429067.9106466987
394530,19,"Denver, CO",msa,CO,2019-11-30,430931.5340450985
394530,19,"Denver, CO",msa,CO,2019-12-31,433104.6175893913
394530,19,"Denver, CO",msa,CO,2020-01-31,435471.5015437959
394530,19,"Denver, CO",msa,CO,2020-02-29,438241.9532727376
394530,19,"Denver, CO",msa,CO,2020-03-31,441589.6261301704
394530,19,"Denver, CO",msa,CO,2020-04-30,444864.6344024938
394530,19,"Denver, CO",msa,CO,2020-05-31,446263.4475639954
394530,19,"Denver, CO",msa,CO,2020-06-30,446259.8347413799
394530,19,"Denver, CO",msa,CO,2020-07-31,446120.0952254639
394530,19,"Denver, CO",msa,CO,2020-08-31,447834.42711941065
394530,19,"Denver, CO",msa,CO,2020-09-30,451929.3756926625
394530,19,"Denver, CO",msa,CO,2020-10-31,457600.6070201408
394530,19,"Denver, CO",msa,CO,2020-11-30,464073.9242085728
394530,19,"Denver, CO",msa,CO,2020-12-31,470270.7675725179
394530,19,"Denver, CO",msa,CO,2021-01-31,476098.5228623461
394530,19,"Denver, CO",msa,CO,2021-02-28,482836.064298328
394530,19,"Denver, CO",msa,CO,2021-03-31,491451.8842815471
394530,19,"Denver, CO",msa,CO,2021-04-30,501655.6749988263
394530,19,"Denver, CO",msa,CO,2021-05-31,512523.0414277759
394530,19,"Denver, CO",msa,CO,2021-06-30,522850.8374571167
394530,19,"Denver, CO",msa,CO,2021-07-31,530857.8076051214
394530,19,"Denver, CO",msa,CO,2021-08-31,535851.8470094436
394530,19,"Denver, CO",msa,CO,2021-09-30,538383.3208426303
394530,19,"Denver, CO",msa,CO,2021-10-31,541157.1206502225
394530,19,"Denver, CO",msa,CO,2021-11-30,545418.4162139513
394530,19,"Denver, CO",msa,CO,2021-12-31,551016.8209474721
394530,19,"Denver, CO",msa,CO,2022-01-31,559320.2222926918
394530,19,"Denver, CO",msa,CO,2022-02-28,570730.3397180279
394530,19,"Denver, CO",msa,CO,2022-03-31,584923.9415158138
394530,19,"Denver, CO",msa,CO,2022-04-30,598582.5446942676
394530,19,"Denver, CO",msa,CO,2022-05-31,609097.4014761758
394530,19,"Denver, CO",msa,CO,2022-06-30,614883.6189914119
394530,19,"Denver, CO",msa,CO,2022-07-31,614486.25720261
394530,19,"Denver, CO",msa,CO,2022-08-31,609061.5912702363
394530,19,"Denver, CO",msa,CO,2022-09-30,601233.1355147519
394530,19,"Denver, CO",msa,CO,2022-10-31,594986.9343702932
394530,19,"Denver, CO",msa,CO,2022-11-30,590317.4210146406
394530,19,"Denver, CO",msa,CO,2022-12-31,586424.890865856
394530,19,"Denver, CO",msa,CO,2023-01-31,582185.4652585489
394530,19,"Denver, CO",msa,CO,2023-02-28,578523.8600340883
394530,19,"Denver, CO",msa,CO,2023-03-31,575556.3314199029
394530,19,"Denver, CO",msa,CO,2023-04-30,574046.6900794936
394530,19,"Denver, CO",msa,CO,2023-05-31,574207.7916153198
394530,19,"Denver, CO",msa,CO,2023-06-30,576052.4821408801
394530,19,"Denver, CO",msa,CO,2023-07-31,578623.3831506191
394530,19,"Denver, CO",msa,CO,2023-08-31,581308.9377828349
394530,19,"Denver, CO",msa,CO,2023-09-30,583635.5857997747
394530,19,"Denver, CO",msa,CO,2023-10-31,585407.7899223246
394530,19,"Denver, CO",msa,CO,2023-11-30,586091.5886474365
394530,19,"Denver, CO",msa,CO,2023-12-31,586195.9874736316
394530,19,"Denver, CO",msa,CO,2024-01-31,585726.8369366898
394530,19,"Denver, CO",msa,CO,2024-02-29,585622.2329235254
394530,19,"Denver, CO",msa,CO,2024-03-31,586087.2294510661
394530,19,"Denver, CO",msa,CO,2024-04-30,587273.6141418136
394530,19,"Denver, CO",msa,CO,2024-05-31,587969.6338309498
394530,19,"Denver, CO",msa,CO,2024-06-30,587610.6829041658
394530,19,"Denver, CO",msa,CO,2024-07-31,587078.7742019155
394530,19,"Denver, CO",msa,CO,2024-08-31,586979.4949830734
394530,19,"Denver, CO",msa,CO,2024-09-30,587671.7770883357
394530,19,"Denver, CO",msa,CO,2024-10-31,588366.943559683
394530,19,"Denver, CO",msa,CO,2024-11-30,589309.9595133342
394530,19,"Denver, CO",msa,CO,2024-12-31,590122.6136315898
394530,19,"Denver, CO",msa,CO,2025-01-31,590209.6720837605
394530,19,"Denver, CO",msa,CO,2025-02-28,588614.2702552256
394530,19,"Denver, CO",msa,CO,2025-03-31,585180.8653702099
394530,19,"Denver, CO",msa,CO,2025-04-30,581279.7392135652
394530,19,"Denver, CO",msa,CO,2025-05-31,577319.5044804413
394530,19,"Denver, CO",msa,CO,2025-06-30,574143.6062897892
394530,19,"Denver, CO",msa,CO,2025-07-31,571644.7869938953
394530,19,"Denver, CO",msa,CO,2025-08-31,570477.0980397415
394530,19,"Denver, CO",msa,CO,2025-09-30,570427.7559106323
394530,19,"Denver, CO",msa,CO,2025-10-31,570968.4027401243
394530,19,"Denver, CO",msa,CO,2025-11-30,571504.5957278018
394530,19,"Denver, CO",msa,CO,2025-12-31,571734.0176854996
394530,19,"Denver, CO",msa,CO,2026-01-31,571216.2627972664
394530,19,"Denver, CO",msa,CO,2026-02-28,569659.5339049759
394530,19,"Denver, CO",msa,CO,2026-03-31,566838.0483878414
394530,19,"Denver, CO",msa,CO,2026-04-30,563367.1038623713
394530,19,"Denver, CO",msa,CO,2026-05-31,560348.5801508721
394530,19,"Denver, CO",msa,CO,2026-06-30,558821.4569294442
394530,19,"Denver, CO",msa,CO,2026-07-31,558731.5010542913
394530,19,"Denver, CO",msa,CO,2026-08-31,559705.0940489722
394532,14,"Detroit, MI",msa,MI,2000-01-31,124720.9101097636
394532,14,"Detroit, MI",msa,MI,2000-02-29,124855.4056447906
394532,14,"Detroit, MI",msa,MI,2000-03-31,125192.23065054268
394532,14,"Detroit, MI",msa,MI,2000-04-30,125868.50308754358
394532,14,"Detroit, MI",msa,MI,2000-05-31,126757.95871045842
394532,14,"Detroit, MI",msa,MI,2000-06-30,127737.11490141712
394532,14,"Detroit, MI",msa,MI,2000-07-31,128877.83299362275
394532,14,"Detroit, MI",msa,MI,2000-08-31,129999.34113839106
394532,14,"Detroit, MI",msa,MI,2000-09-30,130991.62099828594
394532,14,"Detroit, MI",msa,MI,2000-10-31,131827.7393666606
394532,14,"Detroit, MI",msa,MI,2000-11-30,132740.49663009308
394532,14,"Detroit, MI",msa,MI,2000-12-31,133708.71222461996
394532,14,"Detroit, MI",msa,MI,2001-01-31,134662.033069805
394532,14,"Detroit, MI",msa,MI,2001-02-28,135434.48929792215
394532,14,"Detroit, MI",msa,MI,2001-03-31,136083.31358307067
394532,14,"Detroit, MI",msa,MI,2001-04-30,136654.72524425358
394532,14,"Detroit, MI",msa,MI,2001-05-31,137285.92400279737
394532,14,"Detroit, MI",msa,MI,2001-06-30,137947.02667886802
394532,14,"Detroit, MI",msa,MI,2001-07-31,138617.07918310192
394532,14,"Detroit, MI",msa,MI,2001-08-31,139325.86057735872
394532,14,"Detroit, MI",msa,MI,2001-09-30,140065.8929013419
394532,14,"Detroit, MI",msa,MI,2001-10-31,140787.52557829596
394532,14,"Detroit, MI",msa,MI,2001-11-30,141418.03413726203
394532,14,"Detroit, MI",msa,MI,2001-12-31,142021.33264396558
394532,14,"Detroit, MI",msa,MI,2002-01-31,142658.2867537164
394532,14,"Detroit, MI",msa,MI,2002-02-28,143211.42933227346
394532,14,"Detroit, MI",msa,MI,2002-03-31,143632.4218221428
394532,14,"Detroit, MI",msa,MI,2002-04-30,143903.46145119876
394532,14,"Detroit, MI",msa,MI,2002-05-31,144148.56304355987
394532,14,"Detroit, MI",msa,MI,2002-06-30,144505.5280578558
394532,14,"Detroit, MI",msa,MI,2002-07-31,144847.52608837996
394532,14,"Detroit, MI",msa,MI,2002-08-31,145271.85569134695
394532,14,"Detroit, MI",msa,MI,2002-09-30,145643.2207294867
394532,14,"Detroit, MI",msa,MI,2002-10-31,146116.83150983075
394532,14,"Detroit, MI",msa,MI,2002-11-30,146580.17501826165
394532,14,"Detroit, MI",msa,MI,2002-12-31,147056.71543253915
394532,14,"Detroit, MI",msa,MI,2003-01-31,147516.90761194986
394532,14,"Detroit, MI",msa,MI,2003-02-28,147929.69563159556
394532,14,"Detroit, MI",msa,MI,2003-03-31,148169.0390284588
394532,14,"Detroit, MI",msa,MI,2003-04-30,148430.00605354478
394532,14,"Detroit, MI",msa,MI,2003-05-31,148764.6117535146
394532,14,"Detroit, MI",msa,MI,2003-06-30,149210.3371204925
394532,14,"Detroit, MI",msa,MI,2003-07-31,149574.96579313363
394532,14,"Detroit, MI",msa,MI,2003-08-31,149947.39632941652
394532,14,"Detroit, MI",msa,MI,2003-09-30,150383.40183335406
394532,14,"Detroit, MI",msa,MI,2003-10-31,150949.04353099913
394532,14,"Detroit, MI",msa,MI,2003-11-30,151505.94466423625
394532,14,"Detroit, MI",msa,MI,2003-12-31,152040.54074925664
394532,14,"Detroit, MI",msa,MI,2004-01-31,152550.96506258086
394532,14,"Detroit, MI",msa,MI,2004-02-29,152917.02379565837
394532,14,"Detroit, MI",msa,MI,2004-03-31,153279.13071784898
394532,14,"Detroit, MI",msa,MI,2004-04-30,153532.28756428426
394532,14,"Detroit, MI",msa,MI,2004-05-31,153895.07673054695
394532,14,"Detroit, MI",msa,MI,2004-06-30,154287.64564924946
394532,14,"Detroit, MI",msa,MI,2004-07-31,154743.0561860183
394532,14,"Detroit, MI",msa,MI,2004-08-31,155226.0517121983
394532,14,"Detroit, MI",msa,MI,2004-09-30,155687.53905431984
394532,14,"Detroit, MI",msa,MI,2004-10-31,156170.43519418564
394532,14,"Detroit, MI",msa,MI,2004-11-30,156580.1776829293
394532,14,"Detroit, MI",msa,MI,2004-12-31,156977.82812008707
394532,14,"Detroit, MI",msa,MI,2005-01-31,157371.38246151313
394532,14,"Detroit, MI",msa,MI,2005-02-28,157666.75255864582
394532,14,"Detroit, MI",msa,MI,2005-03-31,157906.46347785913
394532,14,"Detroit, MI",msa,MI,2005-04-30,158099.51329067253
394532,14,"Detroit, MI",msa,MI,2005-05-31,158384.0897132258
394532,14,"Detroit, MI",msa,MI,2005-06-30,158585.98063137053
394532,14,"Detroit, MI",msa,MI,2005-07-31,158694.78908725287
394532,14,"Detroit, MI",msa,MI,2005-08-31,158834.63923989295
394532,14,"Detroit, MI",msa,MI,2005-09-30,159082.10946897478
394532,14,"Detroit, MI",msa,MI,2005-10-31,159389.2847884694
394532,14,"Detroit, MI",msa,MI,2005-11-30,159645.52076544918
394532,14,"Detroit, MI",msa,MI,2005-12-31,159877.52899949215
394532,14,"Detroit, MI",msa,MI,2006-01-31,160114.47724119786
394532,14,"Detroit, MI",msa,MI,2006-02-28,160358.67621706045
394532,14,"Detroit, MI",msa,MI,2006-03-31,160485.31527987416
394532,14,"Detroit, MI",msa,MI,2006-04-30,160464.35001630225
394532,14,"Detroit, MI",msa,MI,2006-05-31,160305.9812415964
394532,14,"Detroit, MI",msa,MI,2006-06-30,160064.5163249886
394532,14,"Detroit, MI",msa,MI,2006-07-31,159730.2385420144
394532,14,"Detroit, MI",msa,MI,2006-08-31,159268.46723178824
394532,14,"Detroit, MI",msa,MI,2006-09-30,158710.8377126873
394532,14,"Detroit, MI",msa,MI,2006-10-31,158080.4138862193
394532,14,"Detroit, MI",msa,MI,2006-11-30,157412.16820930582
394532,14,"Detroit, MI",msa,MI,2006-12-31,156655.31250871564
394532,14,"Detroit, MI",msa,MI,2007-01-31,155730.7629130753
394532,14,"Detroit, MI",msa,MI,2007-02-28,154730.975446633
394532,14,"Detroit, MI",msa,MI,2007-03-31,153643.42722100395
394532,14,"Detroit, MI",msa,MI,2007-04-30,152688.86390178828
394532,14,"Detroit, MI",msa,MI,2007-05-31,151662.34105555378
394532,14,"Detroit, MI",msa,MI,2007-06-30,150752.3162717682
394532,14,"Detroit, MI",msa,MI,2007-07-31,149783.0617491261
394532,14,"Detroit, MI",msa,MI,2007-08-31,148882.34091706653
394532,14,"Detroit, MI",msa,MI,2007-09-30,147695.85536881557
394532,14,"Detroit, MI",msa,MI,2007-10-31,146271.68831705104
394532,14,"Detroit, MI",msa,MI,2007-11-30,144796.40448339106
394532,14,"Detroit, MI",msa,MI,2007-12-31,143534.19771995055
394532,14,"Detroit, MI",msa,MI,2008-01-31,142298.93744225462
394532,14,"Detroit, MI",msa,MI,2008-02-29,140939.3715654049
394532,14,"Detroit, MI",msa,MI,2008-03-31,139221.26571086267
394532,14,"Detroit, MI",msa,MI,2008-04-30,137109.32400643927
394532,14,"Detroit, MI",msa,MI,2008-05-31,134697.70187924162
394532,14,"Detroit, MI",msa,MI,2008-06-30,132170.184588829
394532,14,"Detroit, MI",msa,MI,2008-07-31,129477.35182248756
394532,14,"Detroit, MI",msa,MI,2008-08-31,126437.6002922373
394532,14,"Detroit, MI",msa,MI,2008-09-30,123542.76335810612
394532,14,"Detroit, MI",msa,MI,2008-10-31,121277.06741144076
394532,14,"Detroit, MI",msa,MI,2008-11-30,119345.60323793672
394532,14,"Detroit, MI",msa,MI,2008-12-31,116981.93333524758
394532,14,"Detroit, MI",msa,MI,2009-01-31,113677.33471611109
394532,14,"Detroit, MI",msa,MI,2009-02-28,110098.27950896346
394532,14,"Detroit, MI",msa,MI,2009-03-31,106740.22718685424
394532,14,"Detroit, MI",msa,MI,2009-04-30,104185.83288627474
394532,14,"Detroit, MI",msa,MI,2009-05-31,102254.08331219206
394532,14,"Detroit, MI",msa,MI,2009-06-30,100566.57456748928
394532,14,"Detroit, MI",msa,MI,2009-07-31,99305.92683458312
394532,14,"Detroit, MI",msa,MI,2009-08-31,98061.73932785384
394532,14,"Detroit, MI",msa,MI,2009-09-30,96933.20431860891
394532,14,"Detroit, MI",msa,MI,2009-10-31,95412.2567979297
394532,14,"Detroit, MI",msa,MI,2009-11-30,93954.98135010328
394532,14,"Detroit, MI",msa,MI,2009-12-31,92616.95052459302
394532,14,"Detroit, MI",msa,MI,2010-01-31,91851.75484817788
394532,14,"Detroit, MI",msa,MI,2010-02-28,91105.44197234076
394532,14,"Detroit, MI",msa,MI,2010-03-31,90589.7389568754
394532,14,"Detroit, MI",msa,MI,2010-04-30,90182.81559185842
394532,14,"Detroit, MI",msa,MI,2010-05-31,90182.30203363656
394532,14,"Detroit, MI",msa,MI,2010-06-30,90447.62267964784
394532,14,"Detroit, MI",msa,MI,2010-07-31,90384.8462496302
394532,14,"Detroit, MI",msa,MI,2010-08-31,90104.22440802465
394532,14,"Detroit, MI",msa,MI,2010-09-30,89462.89360515303
394532,14,"Detroit, MI",msa,MI,2010-10-31,88740.8206093893
394532,14,"Detroit, MI",msa,MI,2010-11-30,87780.91496757664
394532,14,"Detroit, MI",msa,MI,2010-12-31,86781.38955221233
394532,14,"Detroit, MI",msa,MI,2011-01-31,85694.09124454619
394532,14,"Detroit, MI",msa,MI,2011-02-28,84836.79622865525
394532,14,"Detroit, MI",msa,MI,2011-03-31,84159.26756732713
394532,14,"Detroit, MI",msa,MI,2011-04-30,83574.2523650058
394532,14,"Detroit, MI",msa,MI,2011-05-31,83006.76110100572
394532,14,"Detroit, MI",msa,MI,2011-06-30,82368.87402632523
394532,14,"Detroit, MI",msa,MI,2011-07-31,81888.2568356692
394532,14,"Detroit, MI",msa,MI,2011-08-31,81624.86002253984
394532,14,"Detroit, MI",msa,MI,2011-09-30,81590.50196111356
394532,14,"Detroit, MI",msa,MI,2011-10-31,81604.26259357583
394532,14,"Detroit, MI",msa,MI,2011-11-30,81546.67234896011
394532,14,"Detroit, MI",msa,MI,2011-12-31,81420.073806112
394532,14,"Detroit, MI",msa,MI,2012-01-31,81255.5372862511
394532,14,"Detroit, MI",msa,MI,2012-02-29,81196.89398191993
394532,14,"Detroit, MI",msa,MI,2012-03-31,81296.7283641334
394532,14,"Detroit, MI",msa,MI,2012-04-30,81697.99253910473
394532,14,"Detroit, MI",msa,MI,2012-05-31,82346.26213945284
394532,14,"Detroit, MI",msa,MI,2012-06-30,83289.77870286033
394532,14,"Detroit, MI",msa,MI,2012-07-31,84413.65518114434
394532,14,"Detroit, MI",msa,MI,2012-08-31,85461.49461325246
394532,14,"Detroit, MI",msa,MI,2012-09-30,86559.49875292095
394532,14,"Detroit, MI",msa,MI,2012-10-31,87588.55990508075
394532,14,"Detroit, MI",msa,MI,2012-11-30,88593.30224492388
394532,14,"Detroit, MI",msa,MI,2012-12-31,89513.58187684514
394532,14,"Detroit, MI",msa,MI,2013-01-31,90528.33529643342
394532,14,"Detroit, MI",msa,MI,2013-02-28,91680.17799272377
394532,14,"Detroit, MI",msa,MI,2013-03-31,93051.97526563134
394532,14,"Detroit, MI",msa,MI,2013-04-30,94778.02217679404
394532,14,"Detroit, MI",msa,MI,2013-05-31,97013.76708193286
394532,14,"Detroit, MI",msa,MI,2013-06-30,99414.08031082035
394532,14,"Detroit, MI",msa,MI,2013-07-31,101669.51330287276
394532,14,"Detroit, MI",msa,MI,2013-08-31,103788.6311005513
394532,14,"Detroit, MI",msa,MI,2013-09-30,105803.87087022344
394532,14,"Detroit, MI",msa,MI,2013-10-31,107842.0084876974
394532,14,"Detroit, MI",msa,MI,2013-11-30,109416.01736088732
394532,14,"Detroit, MI",msa,MI,2013-12-31,110822.58042124732
394532,14,"Detroit, MI",msa,MI,2014-01-31,112118.48827883833
394532,14,"Detroit, MI",msa,MI,2014-02-28,113695.72018451504
394532,14,"Detroit, MI",msa,MI,2014-03-31,115226.08984674832
394532,14,"Detroit, MI",msa,MI,2014-04-30,116850.33939197056
394532,14,"Detroit, MI",msa,MI,2014-05-31,118389.92882099836
394532,14,"Detroit, MI",msa,MI,2014-06-30,119797.46664560314
394532,14,"Detroit, MI",msa,MI,2014-07-31,120896.39675241784
394532,14,"Detroit, MI",msa,MI,2014-08-31,121584.94584902714
394532,14,"Detroit, MI",msa,MI,2014-09-30,122090.66902130592
394532,14,"Detroit, MI",msa,MI,2014-10-31,122390.81403208524
394532,14,"Detroit, MI",msa,MI,2014-11-30,122812.58189479816
394532,14,"Detroit, MI",msa,MI,2014-12-31,123301.5999475771
394532,14,"Detroit, MI",msa,MI,2015-01-31,123974.67632140464
394532,14,"Detroit, MI",msa,MI,2015-02-28,124785.47602280116
394532,14,"Detroit, MI",msa,MI,2015-03-31,125804.74810733162
394532,14,"Detroit, MI",msa,MI,2015-04-30,127016.12631976424
394532,14,"Detroit, MI",msa,MI,2015-05-31,128387.04473044602
394532,14,"Detroit, MI",msa,MI,2015-06-30,129646.4045489282
394532,14,"Detroit, MI",msa,MI,2015-07-31,130593.39126822643
394532,14,"Detroit, MI",msa,MI,2015-08-31,131321.6765924763
394532,14,"Detroit, MI",msa,MI,2015-09-30,131998.61457769712
394532,14,"Detroit, MI",msa,MI,2015-10-31,132752.80289973796
394532,14,"Detroit, MI",msa,MI,2015-11-30,133433.0477630065
394532,14,"Detroit, MI",msa,MI,2015-12-31,134222.5582625897
394532,14,"Detroit, MI",msa,MI,2016-01-31,135321.38371400055
394532,14,"Detroit, MI",msa,MI,2016-02-29,136582.5068633381
394532,14,"Detroit, MI",msa,MI,2016-03-31,137590.77081118498
394532,14,"Detroit, MI",msa,MI,2016-04-30,138634.74581631014
394532,14,"Detroit, MI",msa,MI,2016-05-31,139628.87212332195
394532,14,"Detroit, MI",msa,MI,2016-06-30,140802.98747183123
394532,14,"Detroit, MI",msa,MI,2016-07-31,141562.87338821523
394532,14,"Detroit, MI",msa,MI,2016-08-31,142189.5120811611
394532,14,"Detroit, MI",msa,MI,2016-09-30,142788.97236294363
394532,14,"Detroit, MI",msa,MI,2016-10-31,143528.37363150428
394532,14,"Detroit, MI",msa,MI,2016-11-30,144482.9006676818
394532,14,"Detroit, MI",msa,MI,2016-12-31,145595.08918644604
394532,14,"Detroit, MI",msa,MI,2017-01-31,146816.64904396434
394532,14,"Detroit, MI",msa,MI,2017-02-28,148074.56237251018
394532,14,"Detroit, MI",msa,MI,2017-03-31,149444.659287118
394532,14,"Detroit, MI",msa,MI,2017-04-30,150792.5746081088
394532,14,"Detroit, MI",msa,MI,2017-05-31,152019.31950773156
394532,14,"Detroit, MI",msa,MI,2017-06-30,153237.68684103226
394532,14,"Detroit, MI",msa,MI,2017-07-31,154359.33035872254
394532,14,"Detroit, MI",msa,MI,2017-08-31,155395.56522899875
394532,14,"Detroit, MI",msa,MI,2017-09-30,156175.34004918588
394532,14,"Detroit, MI",msa,MI,2017-10-31,156995.9743124255
394532,14,"Detroit, MI",msa,MI,2017-11-30,157973.43472092753
394532,14,"Detroit, MI",msa,MI,2017-12-31,159161.38573721753
394532,14,"Detroit, MI",msa,MI,2018-01-31,160479.0292678081
394532,14,"Detroit, MI",msa,MI,2018-02-28,161862.0124609142
394532,14,"Detroit, MI",msa,MI,2018-03-31,163464.27792307615
394532,14,"Detroit, MI",msa,MI,2018-04-30,164933.7329299662
394532,14,"Detroit, MI",msa,MI,2018-05-31,166336.40560192263
394532,14,"Detroit, MI",msa,MI,2018-06-30,167304.94777537903
394532,14,"Detroit, MI",msa,MI,2018-07-31,168370.37283369023
394532,14,"Detroit, MI",msa,MI,2018-08-31,169109.66992653863
394532,14,"Detroit, MI",msa,MI,2018-09-30,169783.5644353735
394532,14,"Detroit, MI",msa,MI,2018-10-31,169998.28428758125
394532,14,"Detroit, MI",msa,MI,2018-11-30,170378.50762410415
394532,14,"Detroit, MI",msa,MI,2018-12-31,170950.85084555903
394532,14,"Detroit, MI",msa,MI,2019-01-31,172222.8598644756
394532,14,"Detroit, MI",msa,MI,2019-02-28,173844.3504032588
394532,14,"Detroit, MI",msa,MI,2019-03-31,175693.5568200698
394532,14,"Detroit, MI",msa,MI,2019-04-30,177224.0442539246
394532,14,"Detroit, MI",msa,MI,2019-05-31,178441.3516915756
394532,14,"Detroit, MI",msa,MI,2019-06-30,179361.32590724397
394532,14,"Detroit, MI",msa,MI,2019-07-31,179866.43621338962
394532,14,"Detroit, MI",msa,MI,2019-08-31,179982.76319181526
394532,14,"Detroit, MI",msa,MI,2019-09-30,179774.06904502842
394532,14,"Detroit, MI",msa,MI,2019-10-31,179807.36312648424
394532,14,"Detroit, MI",msa,MI,2019-11-30,180255.8840228227
394532,14,"Detroit, MI",msa,MI,2019-12-31,180870.12906261752
394532,14,"Detroit, MI",msa,MI,2020-01-31,181701.4636733413
394532,14,"Detroit, MI",msa,MI,2020-02-29,182750.2569355331
394532,14,"Detroit, MI",msa,MI,2020-03-31,184021.55183564336
394532,14,"Detroit, MI",msa,MI,2020-04-30,185178.4205283237
394532,14,"Detroit, MI",msa,MI,2020-05-31,185685.68179768
394532,14,"Detroit, MI",msa,MI,2020-06-30,185859.06455034693
394532,14,"Detroit, MI",msa,MI,2020-07-31,186059.50160740656
394532,14,"Detroit, MI",msa,MI,2020-08-31,186849.35771577695
394532,14,"Detroit, MI",msa,MI,2020-09-30,188508.3829123761
394532,14,"Detroit, MI",msa,MI,2020-10-31,190775.9784521617
394532,14,"Detroit, MI",msa,MI,2020-11-30,193634.4145974902
394532,14,"Detroit, MI",msa,MI,2020-12-31,196512.28122296697
394532,14,"Detroit, MI",msa,MI,2021-01-31,199446.8188477993
394532,14,"Detroit, MI",msa,MI,2021-02-28,202586.51604380683
394532,14,"Detroit, MI",msa,MI,2021-03-31,205952.76520186896
394532,14,"Detroit, MI",msa,MI,2021-04-30,209466.4225380729
394532,14,"Detroit, MI",msa,MI,2021-05-31,212946.08509490243
394532,14,"Detroit, MI",msa,MI,2021-06-30,216308.22931561037
394532,14,"Detroit, MI",msa,MI,2021-07-31,218648.22047633916
394532,14,"Detroit, MI",msa,MI,2021-08-31,219572.33414316695
394532,14,"Detroit, MI",msa,MI,2021-09-30,219220.19060175444
394532,14,"Detroit, MI",msa,MI,2021-10-31,218705.3806732968
394532,14,"Detroit, MI",msa,MI,2021-11-30,218628.98475779063
394532,14,"Detroit, MI",msa,MI,2021-12-31,219077.29360261172
394532,14,"Detroit, MI",msa,MI,2022-01-31,220903.9845804955
394532,14,"Detroit, MI",msa,MI,2022-02-28,224016.3444378398
394532,14,"Detroit, MI",msa,MI,2022-03-31,228243.11654094615
394532,14,"Detroit, MI",msa,MI,2022-04-30,232389.02118126437
394532,14,"Detroit, MI",msa,MI,2022-05-31,235805.3801447598
394532,14,"Detroit, MI",msa,MI,2022-06-30,238323.03053052523
394532,14,"Detroit, MI",msa,MI,2022-07-31,239130.09167763687
394532,14,"Detroit, MI",msa,MI,2022-08-31,238429.1706035816
394532,14,"Detroit, MI",msa,MI,2022-09-30,236801.3115790156
394532,14,"Detroit, MI",msa,MI,2022-10-31,235575.83191249333
394532,14,"Detroit, MI",msa,MI,2022-11-30,234712.8934288769
394532,14,"Detroit, MI",msa,MI,2022-12-31,234101.46691416748
394532,14,"Detroit, MI",msa,MI,2023-01-31,233410.21706547108
394532,14,"Detroit, MI",msa,MI,2023-02-28,233284.5615980442
394532,14,"Detroit, MI",msa,MI,2023-03-31,233693.98782808203
394532,14,"Detroit, MI",msa,MI,2023-04-30,234783.2092218288
394532,14,"Detroit, MI",msa,MI,2023-05-31,236292.9164547044
394532,14,"Detroit, MI",msa,MI,2023-06-30,238058.11945823848
394532,14,"Detroit, MI",msa,MI,2023-07-31,239687.7038955941
394532,14,"Detroit, MI",msa,MI,2023-08-31,241153.86217951748
394532,14,"Detroit, MI",msa,MI,2023-09-30,242310.89716168496
394532,14,"Detroit, MI",msa,MI,2023-10-31,243358.8477226506
394532,14,"Detroit, MI",msa,MI,2023-11-30,244144.18857821685
394532,14,"Detroit, MI",msa,MI,2023-12-31,244683.428370007
394532,14,"Detroit, MI",msa,MI,2024-01-31,245188.21611627963
394532,14,"Detroit, MI",msa,MI,2024-02-29,246279.50049414756
394532,14,"Detroit, MI",msa,MI,2024-03-31,248174.40018436612
394532,14,"Detroit, MI",msa,MI,2024-04-30,250388.49042099668
394532,14,"Detroit, MI",msa,MI,2024-05-31,251970.65092574997
394532,14,"Detroit, MI",msa,MI,2024-06-30,252723.3050543829
394532,14,"Detroit, MI",msa,MI,2024-07-31,252892.75454129197
394532,14,"Detroit, MI",msa,MI,2024-08-31,253051.7956405813
394532,14,"Detroit, MI",msa,MI,2024-09-30,253433.6530666909
394532,14,"Detroit, MI",msa,MI,2024-10-31,254087.13496027247
394532,14,"Detroit, MI",msa,MI,2024-11-30,254779.64994738332
394532,14,"Detroit, MI",msa,MI,2024-12-31,255816.6403789156
394532,14,"Detroit, MI",msa,MI,2025-01-31,257006.6923552877
394532,14,"Detroit, MI",msa,MI,2025-02-28,258239.757469271
394532,14,"Detroit, MI",msa,MI,2025-03-31,258819.04704928017
394532,14,"Detroit, MI",msa,MI,2025-04-30,259117.63187509836
394532,14,"Detroit, MI",msa,MI,2025-05-31,259330.75786948515
394532,14,"Detroit, MI",msa,MI,2025-06-30,259799.63742411215
394532,14,"Detroit, MI",msa,MI,2025-07-31,260767.1687224064
394532,14,"Detroit, MI",msa,MI,2025-08-31,261689.4953323448
394532,14,"Detroit, MI",msa,MI,2025-09-30,262509.0695277464
394532,14,"Detroit, MI",msa,MI,2025-10-31,263050.2574548425
394532,14,"Detroit, MI",msa,MI,2025-11-30,263770.147124876
394532,14,"Detroit, MI",msa,MI,2025-12-31,264733.7390103184
394532,14,"Detroit, MI",msa,MI,2026-01-31,265488.7624775592
394532,14,"Detroit, MI",msa,MI,2026-02-28,266206.1210130977
394532,14,"Detroit, MI",msa,MI,2026-03-31,266654.4206205321
394532,14,"Detroit, MI",msa,MI,2026-04-30,266839.6391305581
394532,14,"Detroit, MI",msa,MI,2026-05-31,266713.63535883324
394532,14,"Detroit, MI",msa,MI,2026-06-30,266613.57102467254
394532,14,"Detroit, MI",msa,MI,2026-07-31,266770.53330587293
394532,14,"Detroit, MI",msa,MI,2026-08-31,267167.0405773277
394692,5,"Houston, TX",msa,TX,2000-01-31,125726.04979259188
394692,5,"Houston, TX",msa,TX,2000-02-29,125749.4686952512
394692,5,"Houston, TX",msa,TX,2000-03-31,125661.68593730546
394692,5,"Houston, TX",msa,TX,2000-04-30,125714.15727223502
394692,5,"Houston, TX",msa,TX,2000-05-31,125762.56039719262
394692,5,"Houston, TX",msa,TX,2000-06-30,125957.24169203072
394692,5,"Houston, TX",msa,TX,2000-07-31,126147.19977834832
394692,5,"Houston, TX",msa,TX,2000-08-31,126443.15172094258
394692,5,"Houston, TX",msa,TX,2000-09-30,126828.15270961708
394692,5,"Houston, TX",msa,TX,2000-10-31,127150.07296533413
394692,5,"Houston, TX",msa,TX,2000-11-30,127653.89690604394
394692,5,"Houston, TX",msa,TX,2000-12-31,128174.2372336575
394692,5,"Houston, TX",msa,TX,2001-01-31,128431.78217449784
394692,5,"Houston, TX",msa,TX,2001-02-28,128386.76388033372
394692,5,"Houston, TX",msa,TX,2001-03-31,127960.20469694938
394692,5,"Houston, TX",msa,TX,2001-04-30,127704.57537520358
394692,5,"Houston, TX",msa,TX,2001-05-31,127626.05632452284
394692,5,"Houston, TX",msa,TX,2001-06-30,127760.79271967836
394692,5,"Houston, TX",msa,TX,2001-07-31,127943.43325201888
394692,5,"Houston, TX",msa,TX,2001-08-31,127951.17345597006
394692,5,"Houston, TX",msa,TX,2001-09-30,128052.491851829
394692,5,"Houston, TX",msa,TX,2001-10-31,128218.685442273
394692,5,"Houston, TX",msa,TX,2001-11-30,128453.4914404223
394692,5,"Houston, TX",msa,TX,2001-12-31,128627.42415028496
394692,5,"Houston, TX",msa,TX,2002-01-31,128704.8106638638
394692,5,"Houston, TX",msa,TX,2002-02-28,128795.16745760984
394692,5,"Houston, TX",msa,TX,2002-03-31,129127.7285134598
394692,5,"Houston, TX",msa,TX,2002-04-30,129680.43209465292
394692,5,"Houston, TX",msa,TX,2002-05-31,130305.3302655266
394692,5,"Houston, TX",msa,TX,2002-06-30,130870.55186063124
394692,5,"Houston, TX",msa,TX,2002-07-31,131424.68432565176
394692,5,"Houston, TX",msa,TX,2002-08-31,132078.502549955
394692,5,"Houston, TX",msa,TX,2002-09-30,132680.28654715896
394692,5,"Houston, TX",msa,TX,2002-10-31,133181.49105940445
394692,5,"Houston, TX",msa,TX,2002-11-30,133554.14110785237
394692,5,"Houston, TX",msa,TX,2002-12-31,133861.04547855558
394692,5,"Houston, TX",msa,TX,2003-01-31,134159.43728149123
394692,5,"Houston, TX",msa,TX,2003-02-28,134388.1528667465
394692,5,"Houston, TX",msa,TX,2003-03-31,134669.09726478593
394692,5,"Houston, TX",msa,TX,2003-04-30,134929.89067554512
394692,5,"Houston, TX",msa,TX,2003-05-31,135209.2598026136
394692,5,"Houston, TX",msa,TX,2003-06-30,135454.34484693594
394692,5,"Houston, TX",msa,TX,2003-07-31,135705.59146305083
394692,5,"Houston, TX",msa,TX,2003-08-31,135990.55651378876
394692,5,"Houston, TX",msa,TX,2003-09-30,136216.71340115924
394692,5,"Houston, TX",msa,TX,2003-10-31,136451.63289730353
394692,5,"Houston, TX",msa,TX,2003-11-30,136650.27088145202
394692,5,"Houston, TX",msa,TX,2003-12-31,136900.69129573402
394692,5,"Houston, TX",msa,TX,2004-01-31,137251.11249052576
394692,5,"Houston, TX",msa,TX,2004-02-29,138031.39919370748
394692,5,"Houston, TX",msa,TX,2004-03-31,139415.17010531935
394692,5,"Houston, TX",msa,TX,2004-04-30,140745.46044302385
394692,5,"Houston, TX",msa,TX,2004-05-31,142081.81251785372
394692,5,"Houston, TX",msa,TX,2004-06-30,142771.86897722233
394692,5,"Houston, TX",msa,TX,2004-07-31,143697.6373788347
394692,5,"Houston, TX",msa,TX,2004-08-31,144383.9298203532
394692,5,"Houston, TX",msa,TX,2004-09-30,145233.56158518023
394692,5,"Houston, TX",msa,TX,2004-10-31,145998.87304732995
394692,5,"Houston, TX",msa,TX,2004-11-30,146734.62214916505
394692,5,"Houston, TX",msa,TX,2004-12-31,147533.6049983868
394692,5,"Houston, TX",msa,TX,2005-01-31,148226.1664963771
394692,5,"Houston, TX",msa,TX,2005-02-28,148861.14066049832
394692,5,"Houston, TX",msa,TX,2005-03-31,149343.74961098007
394692,5,"Houston, TX",msa,TX,2005-04-30,149772.51692752208
394692,5,"Houston, TX",msa,TX,2005-05-31,150024.07610775842
394692,5,"Houston, TX",msa,TX,2005-06-30,150259.7017818355
394692,5,"Houston, TX",msa,TX,2005-07-31,150402.3168363875
394692,5,"Houston, TX",msa,TX,2005-08-31,150479.7537989006
394692,5,"Houston, TX",msa,TX,2005-09-30,150486.8532176356
394692,5,"Houston, TX",msa,TX,2005-10-31,150440.4470621449
394692,5,"Houston, TX",msa,TX,2005-11-30,150578.25963262742
394692,5,"Houston, TX",msa,TX,2005-12-31,150701.44011900033
394692,5,"Houston, TX",msa,TX,2006-01-31,150833.23309454424
394692,5,"Houston, TX",msa,TX,2006-02-28,150783.38952858432
394692,5,"Houston, TX",msa,TX,2006-03-31,150848.0171185495
394692,5,"Houston, TX",msa,TX,2006-04-30,151073.98691689665
394692,5,"Houston, TX",msa,TX,2006-05-31,151619.51584458823
394692,5,"Houston, TX",msa,TX,2006-06-30,152152.8046550778
394692,5,"Houston, TX",msa,TX,2006-07-31,152731.48166941726
394692,5,"Houston, TX",msa,TX,2006-08-31,153291.43176266112
394692,5,"Houston, TX",msa,TX,2006-09-30,153951.75186825127
394692,5,"Houston, TX",msa,TX,2006-10-31,154701.94975900507
394692,5,"Houston, TX",msa,TX,2006-11-30,155403.50421614447
394692,5,"Houston, TX",msa,TX,2006-12-31,156137.02006978574
394692,5,"Houston, TX",msa,TX,2007-01-31,156604.30078389135
394692,5,"Houston, TX",msa,TX,2007-02-28,156714.31687403386
394692,5,"Houston, TX",msa,TX,2007-03-31,156558.7919080334
394692,5,"Houston, TX",msa,TX,2007-04-30,156643.70122408864
394692,5,"Houston, TX",msa,TX,2007-05-31,157022.4028932775
394692,5,"Houston, TX",msa,TX,2007-06-30,157621.4502036566
394692,5,"Houston, TX",msa,TX,2007-07-31,158068.35577779257
394692,5,"Houston, TX",msa,TX,2007-08-31,158546.8059551967
394692,5,"Houston, TX",msa,TX,2007-09-30,158942.7475620199
394692,5,"Houston, TX",msa,TX,2007-10-31,159325.92371153072
394692,5,"Houston, TX",msa,TX,2007-11-30,159609.530438584
394692,5,"Houston, TX",msa,TX,2007-12-31,159899.78140770688
394692,5,"Houston, TX",msa,TX,2008-01-31,159666.14629916233
394692,5,"Houston, TX",msa,TX,2008-02-29,159244.13844819673
394692,5,"Houston, TX",msa,TX,2008-03-31,158694.51192107765
394692,5,"Houston, TX",msa,TX,2008-04-30,158486.31361520535
394692,5,"Houston, TX",msa,TX,2008-05-31,158233.56824360622
394692,5,"Houston, TX",msa,TX,2008-06-30,157927.01295626847
394692,5,"Houston, TX",msa,TX,2008-07-31,157630.50226866186
394692,5,"Houston, TX",msa,TX,2008-08-31,157115.86549267572
394692,5,"Houston, TX",msa,TX,2008-09-30,156414.61652859478
394692,5,"Houston, TX",msa,TX,2008-10-31,155698.87704093938
394692,5,"Houston, TX",msa,TX,2008-11-30,154864.1644335294
394692,5,"Houston, TX",msa,TX,2008-12-31,153973.66173494744
394692,5,"Houston, TX",msa,TX,2009-01-31,153043.08296633477
394692,5,"Houston, TX",msa,TX,2009-02-28,152679.18331879898
394692,5,"Houston, TX",msa,TX,2009-03-31,152577.77071394512
394692,5,"Houston, TX",msa,TX,2009-04-30,152693.3799131829
394692,5,"Houston, TX",msa,TX,2009-05-31,152873.03564133946
394692,5,"Houston, TX",msa,TX,2009-06-30,153247.26548060536
394692,5,"Houston, TX",msa,TX,2009-07-31,153747.52226692231
394692,5,"Houston, TX",msa,TX,2009-08-31,154011.40832091958
394692,5,"Houston, TX",msa,TX,2009-09-30,153968.61627701658
394692,5,"Houston, TX",msa,TX,2009-10-31,153654.7844931396
394692,5,"Houston, TX",msa,TX,2009-11-30,153577.18527433657
394692,5,"Houston, TX",msa,TX,2009-12-31,153714.5324573439
394692,5,"Houston, TX",msa,TX,2010-01-31,153781.7793739912
394692,5,"Houston, TX",msa,TX,2010-02-28,153869.03533686776
394692,5,"Houston, TX",msa,TX,2010-03-31,154114.95191619135
394692,5,"Houston, TX",msa,TX,2010-04-30,154565.97930046378
394692,5,"Houston, TX",msa,TX,2010-05-31,154929.09423814723
394692,5,"Houston, TX",msa,TX,2010-06-30,154886.52482338538
394692,5,"Houston, TX",msa,TX,2010-07-31,154280.27468001668
394692,5,"Houston, TX",msa,TX,2010-08-31,153187.043080476
394692,5,"Houston, TX",msa,TX,2010-09-30,152103.37619897965
394692,5,"Houston, TX",msa,TX,2010-10-31,151235.21557401828
394692,5,"Houston, TX",msa,TX,2010-11-30,150640.81850931878
394692,5,"Houston, TX",msa,TX,2010-12-31,150122.37380802122
394692,5,"Houston, TX",msa,TX,2011-01-31,149587.2866269111
394692,5,"Houston, TX",msa,TX,2011-02-28,148977.4585423586
394692,5,"Houston, TX",msa,TX,2011-03-31,148162.53090472508
394692,5,"Houston, TX",msa,TX,2011-04-30,147431.40903773627
394692,5,"Houston, TX",msa,TX,2011-05-31,146824.62733188077
394692,5,"Houston, TX",msa,TX,2011-06-30,146427.11121121226
394692,5,"Houston, TX",msa,TX,2011-07-31,146218.1289389742
394692,5,"Houston, TX",msa,TX,2011-08-31,146144.1693687503
394692,5,"Houston, TX",msa,TX,2011-09-30,146027.4333533653
394692,5,"Houston, TX",msa,TX,2011-10-31,145821.8157408442
394692,5,"Houston, TX",msa,TX,2011-11-30,145166.36459627346
394692,5,"Houston, TX",msa,TX,2011-12-31,144583.38982649907
394692,5,"Houston, TX",msa,TX,2012-01-31,144298.80345969848
394692,5,"Houston, TX",msa,TX,2012-02-29,144496.19134111944
394692,5,"Houston, TX",msa,TX,2012-03-31,144722.1217279031
394692,5,"Houston, TX",msa,TX,2012-04-30,144814.09818622054
394692,5,"Houston, TX",msa,TX,2012-05-31,144823.77499156984
394692,5,"Houston, TX",msa,TX,2012-06-30,145033.60553956951
394692,5,"Houston, TX",msa,TX,2012-07-31,145407.69443797655
394692,5,"Houston, TX",msa,TX,2012-08-31,145893.5842899543
394692,5,"Houston, TX",msa,TX,2012-09-30,146309.41365978378
394692,5,"Houston, TX",msa,TX,2012-10-31,146641.44213827586
394692,5,"Houston, TX",msa,TX,2012-11-30,147004.47834880455
394692,5,"Houston, TX",msa,TX,2012-12-31,147316.444746344
394692,5,"Houston, TX",msa,TX,2013-01-31,147719.3929100594
394692,5,"Houston, TX",msa,TX,2013-02-28,148292.94593074397
394692,5,"Houston, TX",msa,TX,2013-03-31,149194.3215115525
394692,5,"Houston, TX",msa,TX,2013-04-30,150222.9504508124
394692,5,"Houston, TX",msa,TX,2013-05-31,151447.4314296222
394692,5,"Houston, TX",msa,TX,2013-06-30,152867.31196207282
394692,5,"Houston, TX",msa,TX,2013-07-31,154364.59377023976
394692,5,"Houston, TX",msa,TX,2013-08-31,155885.51310005735
394692,5,"Houston, TX",msa,TX,2013-09-30,157199.9400999881
394692,5,"Houston, TX",msa,TX,2013-10-31,158655.4904606074
394692,5,"Houston, TX",msa,TX,2013-11-30,160017.12703001732
394692,5,"Houston, TX",msa,TX,2013-12-31,161423.25912979824
394692,5,"Houston, TX",msa,TX,2014-01-31,162774.2965961378
394692,5,"Houston, TX",msa,TX,2014-02-28,164235.0278795044
394692,5,"Houston, TX",msa,TX,2014-03-31,165787.28900397508
394692,5,"Houston, TX",msa,TX,2014-04-30,167266.42646019382
394692,5,"Houston, TX",msa,TX,2014-05-31,168767.6821998133
394692,5,"Houston, TX",msa,TX,2014-06-30,170178.9038408122
394692,5,"Houston, TX",msa,TX,2014-07-31,171801.7445675092
394692,5,"Houston, TX",msa,TX,2014-08-31,173419.00278456093
394692,5,"Houston, TX",msa,TX,2014-09-30,175012.71240693502
394692,5,"Houston, TX",msa,TX,2014-10-31,176391.9079361855
394692,5,"Houston, TX",msa,TX,2014-11-30,177943.28117533328
394692,5,"Houston, TX",msa,TX,2014-12-31,179596.58423649383
394692,5,"Houston, TX",msa,TX,2015-01-31,181454.6226870184
394692,5,"Houston, TX",msa,TX,2015-02-28,183195.2533115565
394692,5,"Houston, TX",msa,TX,2015-03-31,184910.0339917876
394692,5,"Houston, TX",msa,TX,2015-04-30,186444.74902149348
394692,5,"Houston, TX",msa,TX,2015-05-31,187903.5341515765
394692,5,"Houston, TX",msa,TX,2015-06-30,189281.7975843277
394692,5,"Houston, TX",msa,TX,2015-07-31,190629.60101947028
394692,5,"Houston, TX",msa,TX,2015-08-31,191959.2170427772
394692,5,"Houston, TX",msa,TX,2015-09-30,193142.25233160044
394692,5,"Houston, TX",msa,TX,2015-10-31,194237.17249198863
394692,5,"Houston, TX",msa,TX,2015-11-30,195197.21550291625
394692,5,"Houston, TX",msa,TX,2015-12-31,196220.6239336008
394692,5,"Houston, TX",msa,TX,2016-01-31,197389.01551604737
394692,5,"Houston, TX",msa,TX,2016-02-29,198516.0311482515
394692,5,"Houston, TX",msa,TX,2016-03-31,199272.55344835584
394692,5,"Houston, TX",msa,TX,2016-04-30,199893.54444147195
394692,5,"Houston, TX",msa,TX,2016-05-31,200489.3173824992
394692,5,"Houston, TX",msa,TX,2016-06-30,201222.7588966397
394692,5,"Houston, TX",msa,TX,2016-07-31,201709.5609672664
394692,5,"Houston, TX",msa,TX,2016-08-31,202087.81387195212
394692,5,"Houston, TX",msa,TX,2016-09-30,202607.08238341645
394692,5,"Houston, TX",msa,TX,2016-10-31,203283.2835250879
394692,5,"Houston, TX",msa,TX,2016-11-30,204151.2306331727
394692,5,"Houston, TX",msa,TX,2016-12-31,204935.99391045747
394692,5,"Houston, TX",msa,TX,2017-01-31,205595.22694815672
394692,5,"Houston, TX",msa,TX,2017-02-28,206021.6446471272
394692,5,"Houston, TX",msa,TX,2017-03-31,206584.310390096
394692,5,"Houston, TX",msa,TX,2017-04-30,207367.64069622476
394692,5,"Houston, TX",msa,TX,2017-05-31,208084.48581966036
394692,5,"Houston, TX",msa,TX,2017-06-30,208704.07639348847
394692,5,"Houston, TX",msa,TX,2017-07-31,209045.45674236605
394692,5,"Houston, TX",msa,TX,2017-08-31,209477.168030226
394692,5,"Houston, TX",msa,TX,2017-09-30,209905.50293831245
394692,5,"Houston, TX",msa,TX,2017-10-31,210562.5420292288
394692,5,"Houston, TX",msa,TX,2017-11-30,211316.8900229355
394692,5,"Houston, TX",msa,TX,2017-12-31,212137.11821858105
394692,5,"Houston, TX",msa,TX,2018-01-31,212869.6747826977
394692,5,"Houston, TX",msa,TX,2018-02-28,213433.5484211404
394692,5,"Houston, TX",msa,TX,2018-03-31,214192.8448590683
394692,5,"Houston, TX",msa,TX,2018-04-30,215010.46352164485
394692,5,"Houston, TX",msa,TX,2018-05-31,216028.3568506908
394692,5,"Houston, TX",msa,TX,2018-06-30,216881.53445518925
394692,5,"Houston, TX",msa,TX,2018-07-31,217845.7736740151
394692,5,"Houston, TX",msa,TX,2018-08-31,218661.6623115694
394692,5,"Houston, TX",msa,TX,2018-09-30,219479.3843572705
394692,5,"Houston, TX",msa,TX,2018-10-31,220157.73251679447
394692,5,"Houston, TX",msa,TX,2018-11-30,220907.7268938892
394692,5,"Houston, TX",msa,TX,2018-12-31,221709.36222847112
394692,5,"Houston, TX",msa,TX,2019-01-31,222545.57113093053
394692,5,"Houston, TX",msa,TX,2019-02-28,223411.89211345537
394692,5,"Houston, TX",msa,TX,2019-03-31,224236.1798936645
394692,5,"Houston, TX",msa,TX,2019-04-30,224850.47418283563
394692,5,"Houston, TX",msa,TX,2019-05-31,225312.46897819583
394692,5,"Houston, TX",msa,TX,2019-06-30,225631.4648152526
394692,5,"Houston, TX",msa,TX,2019-07-31,225956.1742216813
394692,5,"Houston, TX",msa,TX,2019-08-31,226330.60194048137
394692,5,"Houston, TX",msa,TX,2019-09-30,226809.7148651407
394692,5,"Houston, TX",msa,TX,2019-10-31,227458.24907277364
394692,5,"Houston, TX",msa,TX,2019-11-30,228349.1233292947
394692,5,"Houston, TX",msa,TX,2019-12-31,229314.6152616512
394692,5,"Houston, TX",msa,TX,2020-01-31,230309.72605996337
394692,5,"Houston, TX",msa,TX,2020-02-29,231179.25978163444
394692,5,"Houston, TX",msa,TX,2020-03-31,232011.9622651041
394692,5,"Houston, TX",msa,TX,2020-04-30,232528.1658865543
394692,5,"Houston, TX",msa,TX,2020-05-31,232526.59504293877
394692,5,"Houston, TX",msa,TX,2020-06-30,232483.5510439639
394692,5,"Houston, TX",msa,TX,2020-07-31,232893.4899978777
394692,5,"Houston, TX",msa,TX,2020-08-31,234088.8521495664
394692,5,"Houston, TX",msa,TX,2020-09-30,235905.2770859381
394692,5,"Houston, TX",msa,TX,2020-10-31,238131.57034850205
394692,5,"Houston, TX",msa,TX,2020-11-30,240841.5338090755
394692,5,"Houston, TX",msa,TX,2020-12-31,243566.8482925947
394692,5,"Houston, TX",msa,TX,2021-01-31,246401.70499622016
394692,5,"Houston, TX",msa,TX,2021-02-28,249260.82121382505
394692,5,"Houston, TX",msa,TX,2021-03-31,252434.23363186757
394692,5,"Houston, TX",msa,TX,2021-04-30,255867.57949905552
394692,5,"Houston, TX",msa,TX,2021-05-31,259847.9388479426
394692,5,"Houston, TX",msa,TX,2021-06-30,264208.0878257859
394692,5,"Houston, TX",msa,TX,2021-07-31,268234.2989276389
394692,5,"Houston, TX",msa,TX,2021-08-31,271351.7579151429
394692,5,"Houston, TX",msa,TX,2021-09-30,273690.7284163029
394692,5,"Houston, TX",msa,TX,2021-10-31,276276.90319668787
394692,5,"Houston, TX",msa,TX,2021-11-30,279535.3967973188
394692,5,"Houston, TX",msa,TX,2021-12-31,283207.20454896707
394692,5,"Houston, TX",msa,TX,2022-01-31,287912.3989334503
394692,5,"Houston, TX",msa,TX,2022-02-28,293238.8667053845
394692,5,"Houston, TX",msa,TX,2022-03-31,299449.0258182812
394692,5,"Houston, TX",msa,TX,2022-04-30,305413.1388689312
394692,5,"Houston, TX",msa,TX,2022-05-31,310872.9301427051
394692,5,"Houston, TX",msa,TX,2022-06-30,315529.7916376513
394692,5,"Houston, TX",msa,TX,2022-07-31,318666.0883020384
394692,5,"Houston, TX",msa,TX,2022-08-31,320020.3250935494
394692,5,"Houston, TX",msa,TX,2022-09-30,319931.1343319669
394692,5,"Houston, TX",msa,TX,2022-10-31,319389.8655116193
394692,5,"Houston, TX",msa,TX,2022-11-30,318740.1978236709
394692,5,"Houston, TX",msa,TX,2022-12-31,317517.7320452477
394692,5,"Houston, TX",msa,TX,2023-01-31,315683.69871195225
394692,5,"Houston, TX",msa,TX,2023-02-28,313942.3601840485
394692,5,"Houston, TX",msa,TX,2023-03-31,312749.1663623879
394692,5,"Houston, TX",msa,TX,2023-04-30,312283.3970582565
394692,5,"Houston, TX",msa,TX,2023-05-31,312444.27020089177
394692,5,"Houston, TX",msa,TX,2023-06-30,313280.3411335838
394692,5,"Houston, TX",msa,TX,2023-07-31,314238.9798008553
394692,5,"Houston, TX",msa,TX,2023-08-31,315148.0891861362
394692,5,"Houston, TX",msa,TX,2023-09-30,315518.5880616902
394692,5,"Houston, TX",msa,TX,2023-10-31,315545.2072135093
394692,5,"Houston, TX",msa,TX,2023-11-30,315249.9239405429
394692,5,"Houston, TX",msa,TX,2023-12-31,314821.52447218844
394692,5,"Houston, TX",msa,TX,2024-01-31,314815.3078960904
394692,5,"Houston, TX",msa,TX,2024-02-29,315205.3442329086
394692,5,"Houston, TX",msa,TX,2024-03-31,316222.7837933767
394692,5,"Houston, TX",msa,TX,2024-04-30,317275.1572904859
394692,5,"Houston, TX",msa,TX,2024-05-31,317827.3874648174
394692,5,"Houston, TX",msa,TX,2024-06-30,317705.2156607149
394692,5,"Houston, TX",msa,TX,2024-07-31,317329.84412444703
394692,5,"Houston, TX",msa,TX,2024-08-31,317104.7798007806
394692,5,"Houston, TX",msa,TX,2024-09-30,317040.2315289627
394692,5,"Houston, TX",msa,TX,2024-10-31,316835.47989233304
394692,5,"Houston, TX",msa,TX,2024-11-30,316491.43519205326
394692,5,"Houston, TX",msa,TX,2024-12-31,316307.6862397658
394692,5,"Houston, TX",msa,TX,2025-01-31,316246.2142061666
394692,5,"Houston, TX",msa,TX,2025-02-28,316095.6031657848
394692,5,"Houston, TX",msa,TX,2025-03-31,315444.3659193556
394692,5,"Houston, TX",msa,TX,2025-04-30,314509.0348934675
394692,5,"Houston, TX",msa,TX,2025-05-31,313549.91011270613
394692,5,"Houston, TX",msa,TX,2025-06-30,312546.2547643823
394692,5,"Houston, TX",msa,TX,2025-07-31,311694.42968392884
394692,5,"Houston, TX",msa,TX,2025-08-31,310969.90449513705
394692,5,"Houston, TX",msa,TX,2025-09-30,310494.4325604019
394692,5,"Houston, TX",msa,TX,2025-10-31,310087.5212010232
394692,5,"Houston, TX",msa,TX,2025-11-30,309895.0603616678
394692,5,"Houston, TX",msa,TX,2025-12-31,309913.9731783665
394692,5,"Houston, TX",msa,TX,2026-01-31,309784.6332182677
394692,5,"Houston, TX",msa,TX,2026-02-28,309460.41253907443
394692,5,"Houston, TX",msa,TX,2026-03-31,308897.26290361094
394692,5,"Houston, TX",msa,TX,2026-04-30,308179.4704802937
394692,5,"Houston, TX",msa,TX,2026-05-31,307175.43260270456
394692,5,"Houston, TX",msa,TX,2026-06-30,306091.0603638473
394692,5,"Houston, TX",msa,TX,2026-07-31,305328.5153130753
394692,5,"Houston, TX",msa,TX,2026-08-31,305001.4630414042
394705,34,"Indianapolis, IN",msa,IN,2003-06-30,120721.91129280042
394705,34,"Indianapolis, IN",msa,IN,2003-07-31,120821.34903003044
394705,34,"Indianapolis, IN",msa,IN,2003-08-31,120975.42251606449
394705,34,"Indianapolis, IN",msa,IN,2003-09-30,121072.04310952072
394705,34,"Indianapolis, IN",msa,IN,2003-10-31,121400.63371290882
394705,34,"Indianapolis, IN",msa,IN,2003-11-30,121835.2718493871
394705,34,"Indianapolis, IN",msa,IN,2003-12-31,122414.5742098402
394705,34,"Indianapolis, IN",msa,IN,2004-01-31,122626.69972074896
394705,34,"Indianapolis, IN",msa,IN,2004-02-29,122689.19189866848
394705,34,"Indianapolis, IN",msa,IN,2004-03-31,122740.62524122548
394705,34,"Indianapolis, IN",msa,IN,2004-04-30,122949.6513048542
394705,34,"Indianapolis, IN",msa,IN,2004-05-31,123185.5360483382
394705,34,"Indianapolis, IN",msa,IN,2004-06-30,123450.35219693369
394705,34,"Indianapolis, IN",msa,IN,2004-07-31,123671.50362990328
394705,34,"Indianapolis, IN",msa,IN,2004-08-31,123990.32444881464
394705,34,"Indianapolis, IN",msa,IN,2004-09-30,124241.47719495602
394705,34,"Indianapolis, IN",msa,IN,2004-10-31,124750.65480892382
394705,34,"Indianapolis, IN",msa,IN,2004-11-30,125251.71289707556
394705,34,"Indianapolis, IN",msa,IN,2004-12-31,125867.59351331058
394705,34,"Indianapolis, IN",msa,IN,2005-01-31,126604.51161950052
394705,34,"Indianapolis, IN",msa,IN,2005-02-28,127436.59119513996
394705,34,"Indianapolis, IN",msa,IN,2005-03-31,128361.05776396452
394705,34,"Indianapolis, IN",msa,IN,2005-04-30,129058.24823013104
394705,34,"Indianapolis, IN",msa,IN,2005-05-31,129604.25749171231
394705,34,"Indianapolis, IN",msa,IN,2005-06-30,130074.6253032518
394705,34,"Indianapolis, IN",msa,IN,2005-07-31,130450.76103913036
394705,34,"Indianapolis, IN",msa,IN,2005-08-31,130831.41561825977
394705,34,"Indianapolis, IN",msa,IN,2005-09-30,131019.72821887322
394705,34,"Indianapolis, IN",msa,IN,2005-10-31,131364.8704605608
394705,34,"Indianapolis, IN",msa,IN,2005-11-30,131743.3700717223
394705,34,"Indianapolis, IN",msa,IN,2005-12-31,132238.2573001049
394705,34,"Indianapolis, IN",msa,IN,2006-01-31,132306.66928904052
394705,34,"Indianapolis, IN",msa,IN,2006-02-28,132223.36316395534
394705,34,"Indianapolis, IN",msa,IN,2006-03-31,132016.5474290854
394705,34,"Indianapolis, IN",msa,IN,2006-04-30,132069.3330615836
394705,34,"Indianapolis, IN",msa,IN,2006-05-31,132159.38703397117
394705,34,"Indianapolis, IN",msa,IN,2006-06-30,132390.50198546125
394705,34,"Indianapolis, IN",msa,IN,2006-07-31,132585.70326878154
394705,34,"Indianapolis, IN",msa,IN,2006-08-31,132853.036993466
394705,34,"Indianapolis, IN",msa,IN,2006-09-30,133070.0424315572
394705,34,"Indianapolis, IN",msa,IN,2006-10-31,133478.82381192347
394705,34,"Indianapolis, IN",msa,IN,2006-11-30,133917.54138986362
394705,34,"Indianapolis, IN",msa,IN,2006-12-31,134491.33232428943
394705,34,"Indianapolis, IN",msa,IN,2007-01-31,134695.61097774745
394705,34,"Indianapolis, IN",msa,IN,2007-02-28,134803.48722996644
394705,34,"Indianapolis, IN",msa,IN,2007-03-31,134743.23147406147
394705,34,"Indianapolis, IN",msa,IN,2007-04-30,134878.0807833907
394705,34,"Indianapolis, IN",msa,IN,2007-05-31,134817.15666484108
394705,34,"Indianapolis, IN",msa,IN,2007-06-30,134724.36144669552
394705,34,"Indianapolis, IN",msa,IN,2007-07-31,134526.02309612546
394705,34,"Indianapolis, IN",msa,IN,2007-08-31,134391.3600139318
394705,34,"Indianapolis, IN",msa,IN,2007-09-30,134088.48423311303
394705,34,"Indianapolis, IN",msa,IN,2007-10-31,133915.9338230259
394705,34,"Indianapolis, IN",msa,IN,2007-11-30,134142.03349438892
394705,34,"Indianapolis, IN",msa,IN,2007-12-31,134680.0617820426
394705,34,"Indianapolis, IN",msa,IN,2008-01-31,134985.36106864482
394705,34,"Indianapolis, IN",msa,IN,2008-02-29,134932.60511612706
394705,34,"Indianapolis, IN",msa,IN,2008-03-31,134655.32290566864
394705,34,"Indianapolis, IN",msa,IN,2008-04-30,134461.17418625584
394705,34,"Indianapolis, IN",msa,IN,2008-05-31,134342.15971556757
394705,34,"Indianapolis, IN",msa,IN,2008-06-30,134381.36290151798
394705,34,"Indianapolis, IN",msa,IN,2008-07-31,134270.6277474821
394705,34,"Indianapolis, IN",msa,IN,2008-08-31,133983.65690997147
394705,34,"Indianapolis, IN",msa,IN,2008-09-30,133444.02533298184
394705,34,"Indianapolis, IN",msa,IN,2008-10-31,132992.48275496333
394705,34,"Indianapolis, IN",msa,IN,2008-11-30,132459.79681867556
394705,34,"Indianapolis, IN",msa,IN,2008-12-31,131799.94040184954
394705,34,"Indianapolis, IN",msa,IN,2009-01-31,131172.83410738068
394705,34,"Indianapolis, IN",msa,IN,2009-02-28,130636.476376055
394705,34,"Indianapolis, IN",msa,IN,2009-03-31,130397.88553815272
394705,34,"Indianapolis, IN",msa,IN,2009-04-30,130291.61472287256
394705,34,"Indianapolis, IN",msa,IN,2009-05-31,130384.10074078264
394705,34,"Indianapolis, IN",msa,IN,2009-06-30,130561.00175077489
394705,34,"Indianapolis, IN",msa,IN,2009-07-31,130665.94672784786
394705,34,"Indianapolis, IN",msa,IN,2009-08-31,130689.91497204018
394705,34,"Indianapolis, IN",msa,IN,2009-09-30,130708.12019789142
394705,34,"Indianapolis, IN",msa,IN,2009-10-31,130630.5352207477
394705,34,"Indianapolis, IN",msa,IN,2009-11-30,130678.71855955484
394705,34,"Indianapolis, IN",msa,IN,2009-12-31,130836.8908043214
394705,34,"Indianapolis, IN",msa,IN,2010-01-31,130980.55409413816
394705,34,"Indianapolis, IN",msa,IN,2010-02-28,131275.0367174927
394705,34,"Indianapolis, IN",msa,IN,2010-03-31,131544.47435608305
394705,34,"Indianapolis, IN",msa,IN,2010-04-30,131940.75517963016
394705,34,"Indianapolis, IN",msa,IN,2010-05-31,132078.84024198484
394705,34,"Indianapolis, IN",msa,IN,2010-06-30,132131.16582642254
394705,34,"Indianapolis, IN",msa,IN,2010-07-31,131810.37673953056
394705,34,"Indianapolis, IN",msa,IN,2010-08-31,131243.24539208194
394705,34,"Indianapolis, IN",msa,IN,2010-09-30,130185.82951918122
394705,34,"Indianapolis, IN",msa,IN,2010-10-31,129265.825759319
394705,34,"Indianapolis, IN",msa,IN,2010-11-30,128334.55043995612
394705,34,"Indianapolis, IN",msa,IN,2010-12-31,127746.9304459418
394705,34,"Indianapolis, IN",msa,IN,2011-01-31,127218.76671345724
394705,34,"Indianapolis, IN",msa,IN,2011-02-28,126760.94177271992
394705,34,"Indianapolis, IN",msa,IN,2011-03-31,126353.8800527406
394705,34,"Indianapolis, IN",msa,IN,2011-04-30,125992.48671582017
394705,34,"Indianapolis, IN",msa,IN,2011-05-31,125449.17865575168
394705,34,"Indianapolis, IN",msa,IN,2011-06-30,124843.22363761564
394705,34,"Indianapolis, IN",msa,IN,2011-07-31,124442.39678473212
394705,34,"Indianapolis, IN",msa,IN,2011-08-31,124493.16674633553
394705,34,"Indianapolis, IN",msa,IN,2011-09-30,124729.89445496704
394705,34,"Indianapolis, IN",msa,IN,2011-10-31,124797.19515275756
394705,34,"Indianapolis, IN",msa,IN,2011-11-30,124547.004930471
394705,34,"Indianapolis, IN",msa,IN,2011-12-31,124163.0405561756
394705,34,"Indianapolis, IN",msa,IN,2012-01-31,123641.91692792048
394705,34,"Indianapolis, IN",msa,IN,2012-02-29,123539.71876674412
394705,34,"Indianapolis, IN",msa,IN,2012-03-31,123772.2461730304
394705,34,"Indianapolis, IN",msa,IN,2012-04-30,124368.34377329992
394705,34,"Indianapolis, IN",msa,IN,2012-05-31,124904.83634931433
394705,34,"Indianapolis, IN",msa,IN,2012-06-30,125399.44663093588
394705,34,"Indianapolis, IN",msa,IN,2012-07-31,125862.40447033872
394705,34,"Indianapolis, IN",msa,IN,2012-08-31,126277.0913312424
394705,34,"Indianapolis, IN",msa,IN,2012-09-30,126586.03354982774
394705,34,"Indianapolis, IN",msa,IN,2012-10-31,126826.00646242766
394705,34,"Indianapolis, IN",msa,IN,2012-11-30,126765.4056133672
394705,34,"Indianapolis, IN",msa,IN,2012-12-31,126589.02271711924
394705,34,"Indianapolis, IN",msa,IN,2013-01-31,126362.30359084596
394705,34,"Indianapolis, IN",msa,IN,2013-02-28,126398.85907898676
394705,34,"Indianapolis, IN",msa,IN,2013-03-31,126585.88938268578
394705,34,"Indianapolis, IN",msa,IN,2013-04-30,126974.81403078616
394705,34,"Indianapolis, IN",msa,IN,2013-05-31,127589.39254783047
394705,34,"Indianapolis, IN",msa,IN,2013-06-30,128423.82576581973
394705,34,"Indianapolis, IN",msa,IN,2013-07-31,129226.48911366526
394705,34,"Indianapolis, IN",msa,IN,2013-08-31,130020.81410094806
394705,34,"Indianapolis, IN",msa,IN,2013-09-30,130687.30995916369
394705,34,"Indianapolis, IN",msa,IN,2013-10-31,131320.8824856707
394705,34,"Indianapolis, IN",msa,IN,2013-11-30,131626.22970753023
394705,34,"Indianapolis, IN",msa,IN,2013-12-31,131853.38850830952
394705,34,"Indianapolis, IN",msa,IN,2014-01-31,132051.47086805163
394705,34,"Indianapolis, IN",msa,IN,2014-02-28,132513.24886496484
394705,34,"Indianapolis, IN",msa,IN,2014-03-31,133086.5899783451
394705,34,"Indianapolis, IN",msa,IN,2014-04-30,133963.6656738499
394705,34,"Indianapolis, IN",msa,IN,2014-05-31,134958.72610404057
394705,34,"Indianapolis, IN",msa,IN,2014-06-30,135872.3662676075
394705,34,"Indianapolis, IN",msa,IN,2014-07-31,136736.32547765286
394705,34,"Indianapolis, IN",msa,IN,2014-08-31,137413.78652520885
394705,34,"Indianapolis, IN",msa,IN,2014-09-30,137971.75412194422
394705,34,"Indianapolis, IN",msa,IN,2014-10-31,138185.12551189715
394705,34,"Indianapolis, IN",msa,IN,2014-11-30,138300.90282247154
394705,34,"Indianapolis, IN",msa,IN,2014-12-31,138390.1540752919
394705,34,"Indianapolis, IN",msa,IN,2015-01-31,138613.28300839794
394705,34,"Indianapolis, IN",msa,IN,2015-02-28,138917.40386098632
394705,34,"Indianapolis, IN",msa,IN,2015-03-31,139350.9557970177
394705,34,"Indianapolis, IN",msa,IN,2015-04-30,139879.98236709356
394705,34,"Indianapolis, IN",msa,IN,2015-05-31,140497.7208964621
394705,34,"Indianapolis, IN",msa,IN,2015-06-30,141114.12642589185
394705,34,"Indianapolis, IN",msa,IN,2015-07-31,141633.7089102796
394705,34,"Indianapolis, IN",msa,IN,2015-08-31,142212.53343985757
394705,34,"Indianapolis, IN",msa,IN,2015-09-30,142699.2467398789
394705,34,"Indianapolis, IN",msa,IN,2015-10-31,143200.6785321054
394705,34,"Indianapolis, IN",msa,IN,2015-11-30,143491.99581733393
394705,34,"Indianapolis, IN",msa,IN,2015-12-31,143997.88208505625
394705,34,"Indianapolis, IN",msa,IN,2016-01-31,144554.79337358728
394705,34,"Indianapolis, IN",msa,IN,2016-02-29,145255.88108729935
394705,34,"Indianapolis, IN",msa,IN,2016-03-31,145714.2686994596
394705,34,"Indianapolis, IN",msa,IN,2016-04-30,146333.98334812513
394705,34,"Indianapolis, IN",msa,IN,2016-05-31,147027.83327407364
394705,34,"Indianapolis, IN",msa,IN,2016-06-30,147931.89455841374
394705,34,"Indianapolis, IN",msa,IN,2016-07-31,148779.25600883283
394705,34,"Indianapolis, IN",msa,IN,2016-08-31,149614.0312761088
394705,34,"Indianapolis, IN",msa,IN,2016-09-30,150547.6673417102
394705,34,"Indianapolis, IN",msa,IN,2016-10-31,151432.66607923823
394705,34,"Indianapolis, IN",msa,IN,2016-11-30,152303.19347861843
394705,34,"Indianapolis, IN",msa,IN,2016-12-31,153084.62503276006
394705,34,"Indianapolis, IN",msa,IN,2017-01-31,153724.85677217366
394705,34,"Indianapolis, IN",msa,IN,2017-02-28,154310.6891970339
394705,34,"Indianapolis, IN",msa,IN,2017-03-31,154918.0400774389
394705,34,"Indianapolis, IN",msa,IN,2017-04-30,155813.61473034875
394705,34,"Indianapolis, IN",msa,IN,2017-05-31,156801.13671710916
394705,34,"Indianapolis, IN",msa,IN,2017-06-30,157800.22864521612
394705,34,"Indianapolis, IN",msa,IN,2017-07-31,158795.68138638977
394705,34,"Indianapolis, IN",msa,IN,2017-08-31,159798.61758999366
394705,34,"Indianapolis, IN",msa,IN,2017-09-30,160762.265171718
394705,34,"Indianapolis, IN",msa,IN,2017-10-31,161678.02952474044
394705,34,"Indianapolis, IN",msa,IN,2017-11-30,162725.0400986446
394705,34,"Indianapolis, IN",msa,IN,2017-12-31,163749.64905989144
394705,34,"Indianapolis, IN",msa,IN,2018-01-31,164708.12211381705
394705,34,"Indianapolis, IN",msa,IN,2018-02-28,165533.5133198499
394705,34,"Indianapolis, IN",msa,IN,2018-03-31,166655.1961603853
394705,34,"Indianapolis, IN",msa,IN,2018-04-30,167915.43072359843
394705,34,"Indianapolis, IN",msa,IN,2018-05-31,169330.13564680578
394705,34,"Indianapolis, IN",msa,IN,2018-06-30,170550.48883331844
394705,34,"Indianapolis, IN",msa,IN,2018-07-31,171787.8789831123
394705,34,"Indianapolis, IN",msa,IN,2018-08-31,172899.10080298455
394705,34,"Indianapolis, IN",msa,IN,2018-09-30,174035.9704759453
394705,34,"Indianapolis, IN",msa,IN,2018-10-31,174965.46519158792
394705,34,"Indianapolis, IN",msa,IN,2018-11-30,175978.36845311595
394705,34,"Indianapolis, IN",msa,IN,2018-12-31,176882.81544506192
394705,34,"Indianapolis, IN",msa,IN,2019-01-31,177945.11108918456
394705,34,"Indianapolis, IN",msa,IN,2019-02-28,178883.9249540846
394705,34,"Indianapolis, IN",msa,IN,2019-03-31,179944.08656208523
394705,34,"Indianapolis, IN",msa,IN,2019-04-30,180838.98730435572
394705,34,"Indianapolis, IN",msa,IN,2019-05-31,181728.1239446987
394705,34,"Indianapolis, IN",msa,IN,2019-06-30,182510.6942035992
394705,34,"Indianapolis, IN",msa,IN,2019-07-31,183297.5334481373
394705,34,"Indianapolis, IN",msa,IN,2019-08-31,184095.93957839545
394705,34,"Indianapolis, IN",msa,IN,2019-09-30,184866.23455283043
394705,34,"Indianapolis, IN",msa,IN,2019-10-31,185839.8682601445
394705,34,"Indianapolis, IN",msa,IN,2019-11-30,187044.42896058725
394705,34,"Indianapolis, IN",msa,IN,2019-12-31,188414.16969055665
394705,34,"Indianapolis, IN",msa,IN,2020-01-31,189954.20412296732
394705,34,"Indianapolis, IN",msa,IN,2020-02-29,191441.8271014156
394705,34,"Indianapolis, IN",msa,IN,2020-03-31,193056.8981442238
394705,34,"Indianapolis, IN",msa,IN,2020-04-30,194492.9462450997
394705,34,"Indianapolis, IN",msa,IN,2020-05-31,195606.80544715468
394705,34,"Indianapolis, IN",msa,IN,2020-06-30,196389.53679075223
394705,34,"Indianapolis, IN",msa,IN,2020-07-31,197287.31514763343
394705,34,"Indianapolis, IN",msa,IN,2020-08-31,198651.3810422344
394705,34,"Indianapolis, IN",msa,IN,2020-09-30,200882.2473828256
394705,34,"Indianapolis, IN",msa,IN,2020-10-31,203652.513108884
394705,34,"Indianapolis, IN",msa,IN,2020-11-30,207029.26438317355
394705,34,"Indianapolis, IN",msa,IN,2020-12-31,210320.41013668865
394705,34,"Indianapolis, IN",msa,IN,2021-01-31,213492.65365748512
394705,34,"Indianapolis, IN",msa,IN,2021-02-28,216802.3029480374
394705,34,"Indianapolis, IN",msa,IN,2021-03-31,220589.4091838374
394705,34,"Indianapolis, IN",msa,IN,2021-04-30,224528.56377441995
394705,34,"Indianapolis, IN",msa,IN,2021-05-31,228488.81602642304
394705,34,"Indianapolis, IN",msa,IN,2021-06-30,232380.01054803815
394705,34,"Indianapolis, IN",msa,IN,2021-07-31,235825.9715572676
394705,34,"Indianapolis, IN",msa,IN,2021-08-31,238221.26550506204
394705,34,"Indianapolis, IN",msa,IN,2021-09-30,239677.83446341683
394705,34,"Indianapolis, IN",msa,IN,2021-10-31,241448.4336462851
394705,34,"Indianapolis, IN",msa,IN,2021-11-30,243939.5811109194
394705,34,"Indianapolis, IN",msa,IN,2021-12-31,246913.99813022788
394705,34,"Indianapolis, IN",msa,IN,2022-01-31,250785.87688211503
394705,34,"Indianapolis, IN",msa,IN,2022-02-28,255738.1829692028
394705,34,"Indianapolis, IN",msa,IN,2022-03-31,261250.24695345768
394705,34,"Indianapolis, IN",msa,IN,2022-04-30,266461.8051966572
394705,34,"Indianapolis, IN",msa,IN,2022-05-31,270554.7250562864
394705,34,"Indianapolis, IN",msa,IN,2022-06-30,273928.5141067346
394705,34,"Indianapolis, IN",msa,IN,2022-07-31,275469.279533267
394705,34,"Indianapolis, IN",msa,IN,2022-08-31,275563.3236826407
394705,34,"Indianapolis, IN",msa,IN,2022-09-30,274532.7510946977
394705,34,"Indianapolis, IN",msa,IN,2022-10-31,273734.5323716177
394705,34,"Indianapolis, IN",msa,IN,2022-11-30,273371.3081270794
394705,34,"Indianapolis, IN",msa,IN,2022-12-31,273304.7695556292
394705,34,"Indianapolis, IN",msa,IN,2023-01-31,273050.1690099582
394705,34,"Indianapolis, IN",msa,IN,2023-02-28,273019.8316689235
394705,34,"Indianapolis, IN",msa,IN,2023-03-31,273154.2589082489
394705,34,"Indianapolis, IN",msa,IN,2023-04-30,273937.22377176885
394705,34,"Indianapolis, IN",msa,IN,2023-05-31,274896.72541711543
394705,34,"Indianapolis, IN",msa,IN,2023-06-30,276128.026959775
394705,34,"Indianapolis, IN",msa,IN,2023-07-31,277131.2493434024
394705,34,"Indianapolis, IN",msa,IN,2023-08-31,278018.8905702627
394705,34,"Indianapolis, IN",msa,IN,2023-09-30,278607.78159584105
394705,34,"Indianapolis, IN",msa,IN,2023-10-31,278945.2445113149
394705,34,"Indianapolis, IN",msa,IN,2023-11-30,278956.97782093805
394705,34,"Indianapolis, IN",msa,IN,2023-12-31,278816.325625805
394705,34,"Indianapolis, IN",msa,IN,2024-01-31,279196.2422686797
394705,34,"Indianapolis, IN",msa,IN,2024-02-29,280117.3182701214
394705,34,"Indianapolis, IN",msa,IN,2024-03-31,281796.6151262316
394705,34,"Indianapolis, IN",msa,IN,2024-04-30,283459.5100432986
394705,34,"Indianapolis, IN",msa,IN,2024-05-31,284725.45936050377
394705,34,"Indianapolis, IN",msa,IN,2024-06-30,285247.66578511574
394705,34,"Indianapolis, IN",msa,IN,2024-07-31,285341.73553874047
394705,34,"Indianapolis, IN",msa,IN,2024-08-31,285457.5175930211
394705,34,"Indianapolis, IN",msa,IN,2024-09-30,285707.4842774439
394705,34,"Indianapolis, IN",msa,IN,2024-10-31,286098.1788973456
394705,34,"Indianapolis, IN",msa,IN,2024-11-30,286652.4288339093
394705,34,"Indianapolis, IN",msa,IN,2024-12-31,287668.5953591613
394705,34,"Indianapolis, IN",msa,IN,2025-01-31,288959.1421185922
394705,34,"Indianapolis, IN",msa,IN,2025-02-28,290058.5833297894
394705,34,"Indianapolis, IN",msa,IN,2025-03-31,290468.61127757427
394705,34,"Indianapolis, IN",msa,IN,2025-04-30,290383.1284238375
394705,34,"Indianapolis, IN",msa,IN,2025-05-31,290218.3118741888
394705,34,"Indianapolis, IN",msa,IN,2025-06-30,290102.3702963175
394705,34,"Indianapolis, IN",msa,IN,2025-07-31,290272.8192920464
394705,34,"Indianapolis, IN",msa,IN,2025-08-31,290424.58759624587
394705,34,"Indianapolis, IN",msa,IN,2025-09-30,290774.6477505469
394705,34,"Indianapolis, IN",msa,IN,2025-10-31,291011.65137078846
394705,34,"Indianapolis, IN",msa,IN,2025-11-30,291480.7557017664
394705,34,"Indianapolis, IN",msa,IN,2025-12-31,292128.62039439304
394705,34,"Indianapolis, IN",msa,IN,2026-01-31,292897.9190307865
394705,34,"Indianapolis, IN",msa,IN,2026-02-28,293648.7212460358
394705,34,"Indianapolis, IN",msa,IN,2026-03-31,294147.0947551937
394705,34,"Indianapolis, IN",msa,IN,2026-04-30,294225.4488273318
394705,34,"Indianapolis, IN",msa,IN,2026-05-31,293868.5415777985
394705,34,"Indianapolis, IN",msa,IN,2026-06-30,293418.1530045142
394705,34,"Indianapolis, IN",msa,IN,2026-07-31,293262.515640123
394705,34,"Indianapolis, IN",msa,IN,2026-08-31,293505.8203124604
394735,31,"Kansas City, MO",msa,MO,2000-01-31,113369.60145406352
394735,31,"Kansas City, MO",msa,MO,2000-02-29,113507.8482658233
394735,31,"Kansas City, MO",msa,MO,2000-03-31,113735.73800805076
394735,31,"Kansas City, MO",msa,MO,2000-04-30,114186.31117360438
394735,31,"Kansas City, MO",msa,MO,2000-05-31,114812.79801753872
394735,31,"Kansas City, MO",msa,MO,2000-06-30,115456.91649416824
394735,31,"Kansas City, MO",msa,MO,2000-07-31,116119.69802091864
394735,31,"Kansas City, MO",msa,MO,2000-08-31,116756.03525324416
394735,31,"Kansas City, MO",msa,MO,2000-09-30,117324.526989486
394735,31,"Kansas City, MO",msa,MO,2000-10-31,117971.74044588576
394735,31,"Kansas City, MO",msa,MO,2000-11-30,118599.50617402744
394735,31,"Kansas City, MO",msa,MO,2000-12-31,119287.388869698
394735,31,"Kansas City, MO",msa,MO,2001-01-31,119909.58034705427
394735,31,"Kansas City, MO",msa,MO,2001-02-28,120594.21263996603
394735,31,"Kansas City, MO",msa,MO,2001-03-31,121366.53420129028
394735,31,"Kansas City, MO",msa,MO,2001-04-30,122124.50763857436
394735,31,"Kansas City, MO",msa,MO,2001-05-31,122854.2913840387
394735,31,"Kansas City, MO",msa,MO,2001-06-30,123577.97401943586
394735,31,"Kansas City, MO",msa,MO,2001-07-31,124335.22131559395
394735,31,"Kansas City, MO",msa,MO,2001-08-31,125088.43093012304
394735,31,"Kansas City, MO",msa,MO,2001-09-30,125799.63819133728
394735,31,"Kansas City, MO",msa,MO,2001-10-31,126549.2469296102
394735,31,"Kansas City, MO",msa,MO,2001-11-30,127294.62716194532
394735,31,"Kansas City, MO",msa,MO,2001-12-31,127979.46486259188
394735,31,"Kansas City, MO",msa,MO,2002-01-31,128546.71845324984
394735,31,"Kansas City, MO",msa,MO,2002-02-28,129035.67014523502
394735,31,"Kansas City, MO",msa,MO,2002-03-31,129505.01296480132
394735,31,"Kansas City, MO",msa,MO,2002-04-30,129971.53862691516
394735,31,"Kansas City, MO",msa,MO,2002-05-31,130424.2737142614
394735,31,"Kansas City, MO",msa,MO,2002-06-30,130929.5836853098
394735,31,"Kansas City, MO",msa,MO,2002-07-31,131451.66582172495
394735,31,"Kansas City, MO",msa,MO,2002-08-31,131968.65415201252
394735,31,"Kansas City, MO",msa,MO,2002-09-30,132485.98573297518
394735,31,"Kansas City, MO",msa,MO,2002-10-31,133112.03456951433
394735,31,"Kansas City, MO",msa,MO,2002-11-30,133683.81385574784
394735,31,"Kansas City, MO",msa,MO,2002-12-31,134160.7369311237
394735,31,"Kansas City, MO",msa,MO,2003-01-31,134471.63295264295
394735,31,"Kansas City, MO",msa,MO,2003-02-28,134868.9670205502
394735,31,"Kansas City, MO",msa,MO,2003-03-31,135309.65128840122
394735,31,"Kansas City, MO",msa,MO,2003-04-30,135758.03137675434
394735,31,"Kansas City, MO",msa,MO,2003-05-31,136226.9177509795
394735,31,"Kansas City, MO",msa,MO,2003-06-30,136693.81582494735
394735,31,"Kansas City, MO",msa,MO,2003-07-31,137208.00769451552
394735,31,"Kansas City, MO",msa,MO,2003-08-31,137732.69773343683
394735,31,"Kansas City, MO",msa,MO,2003-09-30,138246.2884375648
394735,31,"Kansas City, MO",msa,MO,2003-10-31,138746.76339785912
394735,31,"Kansas City, MO",msa,MO,2003-11-30,139235.3036662987
394735,31,"Kansas City, MO",msa,MO,2003-12-31,139714.02809575244
394735,31,"Kansas City, MO",msa,MO,2004-01-31,140139.85087060384
394735,31,"Kansas City, MO",msa,MO,2004-02-29,140460.3906716551
394735,31,"Kansas City, MO",msa,MO,2004-03-31,140730.27121977988
394735,31,"Kansas City, MO",msa,MO,2004-04-30,140990.96019056436
394735,31,"Kansas City, MO",msa,MO,2004-05-31,141314.71170290528
394735,31,"Kansas City, MO",msa,MO,2004-06-30,141743.65596943232
394735,31,"Kansas City, MO",msa,MO,2004-07-31,142164.00862281772
394735,31,"Kansas City, MO",msa,MO,2004-08-31,142533.97029478758
394735,31,"Kansas City, MO",msa,MO,2004-09-30,142857.98419453748
394735,31,"Kansas City, MO",msa,MO,2004-10-31,143272.64311990698
394735,31,"Kansas City, MO",msa,MO,2004-11-30,143671.90009033735
394735,31,"Kansas City, MO",msa,MO,2004-12-31,144007.92907318895
394735,31,"Kansas City, MO",msa,MO,2005-01-31,144344.3246453088
394735,31,"Kansas City, MO",msa,MO,2005-02-28,144660.63883265067
394735,31,"Kansas City, MO",msa,MO,2005-03-31,145003.31384923577
394735,31,"Kansas City, MO",msa,MO,2005-04-30,145296.84689906682
394735,31,"Kansas City, MO",msa,MO,2005-05-31,145667.02923700793
394735,31,"Kansas City, MO",msa,MO,2005-06-30,146039.38307212293
394735,31,"Kansas City, MO",msa,MO,2005-07-31,146499.05826198263
394735,31,"Kansas City, MO",msa,MO,2005-08-31,147028.0144501472
394735,31,"Kansas City, MO",msa,MO,2005-09-30,147724.82117124996
394735,31,"Kansas City, MO",msa,MO,2005-10-31,148308.55088408306
394735,31,"Kansas City, MO",msa,MO,2005-11-30,148734.8224017926
394735,31,"Kansas City, MO",msa,MO,2005-12-31,149162.96325258233
394735,31,"Kansas City, MO",msa,MO,2006-01-31,149622.5574628331
394735,31,"Kansas City, MO",msa,MO,2006-02-28,150119.3009389585
394735,31,"Kansas City, MO",msa,MO,2006-03-31,150477.68135542248
394735,31,"Kansas City, MO",msa,MO,2006-04-30,150841.0236007061
394735,31,"Kansas City, MO",msa,MO,2006-05-31,151084.54863089623
394735,31,"Kansas City, MO",msa,MO,2006-06-30,151294.0308453859
394735,31,"Kansas City, MO",msa,MO,2006-07-31,151537.44922163183
394735,31,"Kansas City, MO",msa,MO,2006-08-31,151999.19277713643
394735,31,"Kansas City, MO",msa,MO,2006-09-30,152509.75625679898
394735,31,"Kansas City, MO",msa,MO,2006-10-31,153010.00962859156
394735,31,"Kansas City, MO",msa,MO,2006-11-30,153462.9415903282
394735,31,"Kansas City, MO",msa,MO,2006-12-31,153868.8576363667
394735,31,"Kansas City, MO",msa,MO,2007-01-31,154202.73200910116
394735,31,"Kansas City, MO",msa,MO,2007-02-28,154435.38482698356
394735,31,"Kansas City, MO",msa,MO,2007-03-31,154687.26770310148
394735,31,"Kansas City, MO",msa,MO,2007-04-30,154935.0313689359
394735,31,"Kansas City, MO",msa,MO,2007-05-31,155234.18333346164
394735,31,"Kansas City, MO",msa,MO,2007-06-30,155314.50639404714
394735,31,"Kansas City, MO",msa,MO,2007-07-31,155359.13716383153
394735,31,"Kansas City, MO",msa,MO,2007-08-31,155416.7535688721
394735,31,"Kansas City, MO",msa,MO,2007-09-30,155560.96954866618
394735,31,"Kansas City, MO",msa,MO,2007-10-31,155650.9748145083
394735,31,"Kansas City, MO",msa,MO,2007-11-30,155556.14825515833
394735,31,"Kansas City, MO",msa,MO,2007-12-31,155301.8874139955
394735,31,"Kansas City, MO",msa,MO,2008-01-31,154965.5874954027
394735,31,"Kansas City, MO",msa,MO,2008-02-29,154643.6692646375
394735,31,"Kansas City, MO",msa,MO,2008-03-31,154497.4108514837
394735,31,"Kansas City, MO",msa,MO,2008-04-30,154480.99321908157
394735,31,"Kansas City, MO",msa,MO,2008-05-31,154448.69828794003
394735,31,"Kansas City, MO",msa,MO,2008-06-30,154297.43836928476
394735,31,"Kansas City, MO",msa,MO,2008-07-31,153923.3412432601
394735,31,"Kansas City, MO",msa,MO,2008-08-31,153567.09394952594
394735,31,"Kansas City, MO",msa,MO,2008-09-30,153182.7547633624
394735,31,"Kansas City, MO",msa,MO,2008-10-31,152884.14501062394
394735,31,"Kansas City, MO",msa,MO,2008-11-30,152261.40504992325
394735,31,"Kansas City, MO",msa,MO,2008-12-31,151596.2278453449
394735,31,"Kansas City, MO",msa,MO,2009-01-31,150918.4707781167
394735,31,"Kansas City, MO",msa,MO,2009-02-28,150470.77343781778
394735,31,"Kansas City, MO",msa,MO,2009-03-31,150081.66050080492
394735,31,"Kansas City, MO",msa,MO,2009-04-30,149782.1963309834
394735,31,"Kansas City, MO",msa,MO,2009-05-31,149548.44785551252
394735,31,"Kansas City, MO",msa,MO,2009-06-30,149344.78813589815
394735,31,"Kansas City, MO",msa,MO,2009-07-31,149067.76728023426
394735,31,"Kansas City, MO",msa,MO,2009-08-31,148866.38068880813
394735,31,"Kansas City, MO",msa,MO,2009-09-30,148681.21095164167
394735,31,"Kansas City, MO",msa,MO,2009-10-31,148545.62605308613
394735,31,"Kansas City, MO",msa,MO,2009-11-30,148646.60560724032
394735,31,"Kansas City, MO",msa,MO,2009-12-31,148760.01686336435
394735,31,"Kansas City, MO",msa,MO,2010-01-31,148598.88909625038
394735,31,"Kansas City, MO",msa,MO,2010-02-28,148228.37681708022
394735,31,"Kansas City, MO",msa,MO,2010-03-31,148264.56506176488
394735,31,"Kansas City, MO",msa,MO,2010-04-30,148696.2868356726
394735,31,"Kansas City, MO",msa,MO,2010-05-31,149105.70251825944
394735,31,"Kansas City, MO",msa,MO,2010-06-30,149108.35947621378
394735,31,"Kansas City, MO",msa,MO,2010-07-31,148667.8311783255
394735,31,"Kansas City, MO",msa,MO,2010-08-31,147848.42721714985
394735,31,"Kansas City, MO",msa,MO,2010-09-30,146737.33374709834
394735,31,"Kansas City, MO",msa,MO,2010-10-31,145680.71227309777
394735,31,"Kansas City, MO",msa,MO,2010-11-30,144602.238687816
394735,31,"Kansas City, MO",msa,MO,2010-12-31,143726.40983545812
394735,31,"Kansas City, MO",msa,MO,2011-01-31,143058.27696595792
394735,31,"Kansas City, MO",msa,MO,2011-02-28,142623.84977514166
394735,31,"Kansas City, MO",msa,MO,2011-03-31,141909.36813718654
394735,31,"Kansas City, MO",msa,MO,2011-04-30,140950.97421605143
394735,31,"Kansas City, MO",msa,MO,2011-05-31,139926.19797053715
394735,31,"Kansas City, MO",msa,MO,2011-06-30,139075.6380998866
394735,31,"Kansas City, MO",msa,MO,2011-07-31,138540.04282870985
394735,31,"Kansas City, MO",msa,MO,2011-08-31,137997.48969874947
394735,31,"Kansas City, MO",msa,MO,2011-09-30,137554.36281401312
394735,31,"Kansas City, MO",msa,MO,2011-10-31,136772.8204624543
394735,31,"Kansas City, MO",msa,MO,2011-11-30,136122.8179738404
394735,31,"Kansas City, MO",msa,MO,2011-12-31,135441.99758645403
394735,31,"Kansas City, MO",msa,MO,2012-01-31,135096.18624815633
394735,31,"Kansas City, MO",msa,MO,2012-02-29,134838.5432995239
394735,31,"Kansas City, MO",msa,MO,2012-03-31,134762.82294964397
394735,31,"Kansas City, MO",msa,MO,2012-04-30,134877.74926697311
394735,31,"Kansas City, MO",msa,MO,2012-05-31,135205.21489547085
394735,31,"Kansas City, MO",msa,MO,2012-06-30,135737.26513859545
394735,31,"Kansas City, MO",msa,MO,2012-07-31,136350.11068592637
394735,31,"Kansas City, MO",msa,MO,2012-08-31,136883.5136566498
394735,31,"Kansas City, MO",msa,MO,2012-09-30,137436.55194746284
394735,31,"Kansas City, MO",msa,MO,2012-10-31,137870.66913977714
394735,31,"Kansas City, MO",msa,MO,2012-11-30,138190.75232312165
394735,31,"Kansas City, MO",msa,MO,2012-12-31,138320.6559767934
394735,31,"Kansas City, MO",msa,MO,2013-01-31,138276.47898180006
394735,31,"Kansas City, MO",msa,MO,2013-02-28,138112.8350573486
394735,31,"Kansas City, MO",msa,MO,2013-03-31,138029.76020283907
394735,31,"Kansas City, MO",msa,MO,2013-04-30,138224.9063635853
394735,31,"Kansas City, MO",msa,MO,2013-05-31,138898.10930721636
394735,31,"Kansas City, MO",msa,MO,2013-06-30,139796.16766257706
394735,31,"Kansas City, MO",msa,MO,2013-07-31,140803.39643225283
394735,31,"Kansas City, MO",msa,MO,2013-08-31,141770.10900741525
394735,31,"Kansas City, MO",msa,MO,2013-09-30,142626.04955945676
394735,31,"Kansas City, MO",msa,MO,2013-10-31,143376.95159695853
394735,31,"Kansas City, MO",msa,MO,2013-11-30,143889.91330058253
394735,31,"Kansas City, MO",msa,MO,2013-12-31,144387.7736593331
394735,31,"Kansas City, MO",msa,MO,2014-01-31,144644.46593219115
394735,31,"Kansas City, MO",msa,MO,2014-02-28,144826.04578279523
394735,31,"Kansas City, MO",msa,MO,2014-03-31,145058.64781007203
394735,31,"Kansas City, MO",msa,MO,2014-04-30,145570.58231638584
394735,31,"Kansas City, MO",msa,MO,2014-05-31,146430.99840701013
394735,31,"Kansas City, MO",msa,MO,2014-06-30,147300.37645606408
394735,31,"Kansas City, MO",msa,MO,2014-07-31,148295.72336995453
394735,31,"Kansas City, MO",msa,MO,2014-08-31,149184.5777806512
394735,31,"Kansas City, MO",msa,MO,2014-09-30,149870.53376218272
394735,31,"Kansas City, MO",msa,MO,2014-10-31,150224.77862562184
394735,31,"Kansas City, MO",msa,MO,2014-11-30,150613.07390115174
394735,31,"Kansas City, MO",msa,MO,2014-12-31,151244.34947278458
394735,31,"Kansas City, MO",msa,MO,2015-01-31,152020.81798728087
394735,31,"Kansas City, MO",msa,MO,2015-02-28,152676.88354904193
394735,31,"Kansas City, MO",msa,MO,2015-03-31,153298.18373095043
394735,31,"Kansas City, MO",msa,MO,2015-04-30,154000.48536475285
394735,31,"Kansas City, MO",msa,MO,2015-05-31,154803.21977718567
394735,31,"Kansas City, MO",msa,MO,2015-06-30,155507.31468092662
394735,31,"Kansas City, MO",msa,MO,2015-07-31,156330.5508289012
394735,31,"Kansas City, MO",msa,MO,2015-08-31,157270.6471414081
394735,31,"Kansas City, MO",msa,MO,2015-09-30,158370.68280228003
394735,31,"Kansas City, MO",msa,MO,2015-10-31,159446.85629837145
394735,31,"Kansas City, MO",msa,MO,2015-11-30,160451.36889473212
394735,31,"Kansas City, MO",msa,MO,2015-12-31,161507.4014498381
394735,31,"Kansas City, MO",msa,MO,2016-01-31,162657.38950212474
394735,31,"Kansas City, MO",msa,MO,2016-02-29,163898.66682497555
394735,31,"Kansas City, MO",msa,MO,2016-03-31,164873.5787833089
394735,31,"Kansas City, MO",msa,MO,2016-04-30,165756.65622380978
394735,31,"Kansas City, MO",msa,MO,2016-05-31,166547.0541790446
394735,31,"Kansas City, MO",msa,MO,2016-06-30,167590.01622473318
394735,31,"Kansas City, MO",msa,MO,2016-07-31,168557.82922743054
394735,31,"Kansas City, MO",msa,MO,2016-08-31,169496.12117855306
394735,31,"Kansas City, MO",msa,MO,2016-09-30,170459.12897677094
394735,31,"Kansas City, MO",msa,MO,2016-10-31,171557.20710335032
394735,31,"Kansas City, MO",msa,MO,2016-11-30,172872.90135224108
394735,31,"Kansas City, MO",msa,MO,2016-12-31,174166.65332972395
394735,31,"Kansas City, MO",msa,MO,2017-01-31,175370.8972218143
394735,31,"Kansas City, MO",msa,MO,2017-02-28,176557.19678785562
394735,31,"Kansas City, MO",msa,MO,2017-03-31,177876.81277662725
394735,31,"Kansas City, MO",msa,MO,2017-04-30,179383.05558918568
394735,31,"Kansas City, MO",msa,MO,2017-05-31,180745.2519292465
394735,31,"Kansas City, MO",msa,MO,2017-06-30,181897.11812993788
394735,31,"Kansas City, MO",msa,MO,2017-07-31,182790.375973209
394735,31,"Kansas City, MO",msa,MO,2017-08-31,183567.5940223066
394735,31,"Kansas City, MO",msa,MO,2017-09-30,184397.428822133
394735,31,"Kansas City, MO",msa,MO,2017-10-31,185307.63802169115
394735,31,"Kansas City, MO",msa,MO,2017-11-30,186376.16758178512
394735,31,"Kansas City, MO",msa,MO,2017-12-31,187621.42719291928
394735,31,"Kansas City, MO",msa,MO,2018-01-31,189123.06048867348
394735,31,"Kansas City, MO",msa,MO,2018-02-28,190810.79424851283
394735,31,"Kansas City, MO",msa,MO,2018-03-31,192625.25587205868
394735,31,"Kansas City, MO",msa,MO,2018-04-30,194227.08979830064
394735,31,"Kansas City, MO",msa,MO,2018-05-31,195643.1348411533
394735,31,"Kansas City, MO",msa,MO,2018-06-30,196583.8742817495
394735,31,"Kansas City, MO",msa,MO,2018-07-31,197461.14679236175
394735,31,"Kansas City, MO",msa,MO,2018-08-31,198197.01633480805
394735,31,"Kansas City, MO",msa,MO,2018-09-30,199007.53973552596
394735,31,"Kansas City, MO",msa,MO,2018-10-31,199657.1633113944
394735,31,"Kansas City, MO",msa,MO,2018-11-30,200391.7557138597
394735,31,"Kansas City, MO",msa,MO,2018-12-31,201079.1576709504
394735,31,"Kansas City, MO",msa,MO,2019-01-31,202034.20660106748
394735,31,"Kansas City, MO",msa,MO,2019-02-28,203140.6698665653
394735,31,"Kansas City, MO",msa,MO,2019-03-31,204509.4368775722
394735,31,"Kansas City, MO",msa,MO,2019-04-30,205666.1061113272
394735,31,"Kansas City, MO",msa,MO,2019-05-31,206529.7515174864
394735,31,"Kansas City, MO",msa,MO,2019-06-30,207071.61234161552
394735,31,"Kansas City, MO",msa,MO,2019-07-31,207343.3054690537
394735,31,"Kansas City, MO",msa,MO,2019-08-31,207525.12591813767
394735,31,"Kansas City, MO",msa,MO,2019-09-30,207679.6519591537
394735,31,"Kansas City, MO",msa,MO,2019-10-31,208318.96237498889
394735,31,"Kansas City, MO",msa,MO,2019-11-30,209387.3592317335
394735,31,"Kansas City, MO",msa,MO,2019-12-31,210725.55365163065
394735,31,"Kansas City, MO",msa,MO,2020-01-31,212319.48901171403
394735,31,"Kansas City, MO",msa,MO,2020-02-29,214041.17478663172
394735,31,"Kansas City, MO",msa,MO,2020-03-31,215946.51500249
394735,31,"Kansas City, MO",msa,MO,2020-04-30,217411.06887432435
394735,31,"Kansas City, MO",msa,MO,2020-05-31,218136.890514092
394735,31,"Kansas City, MO",msa,MO,2020-06-30,218404.5402044986
394735,31,"Kansas City, MO",msa,MO,2020-07-31,219090.27930216887
394735,31,"Kansas City, MO",msa,MO,2020-08-31,220825.22050837215
394735,31,"Kansas City, MO",msa,MO,2020-09-30,223788.01573826125
394735,31,"Kansas City, MO",msa,MO,2020-10-31,227300.8305324016
394735,31,"Kansas City, MO",msa,MO,2020-11-30,231005.85191627775
394735,31,"Kansas City, MO",msa,MO,2020-12-31,234325.56419992063
394735,31,"Kansas City, MO",msa,MO,2021-01-31,237188.21537949424
394735,31,"Kansas City, MO",msa,MO,2021-02-28,240238.67354143204
394735,31,"Kansas City, MO",msa,MO,2021-03-31,243929.36661978872
394735,31,"Kansas City, MO",msa,MO,2021-04-30,248200.37560805705
394735,31,"Kansas City, MO",msa,MO,2021-05-31,252583.94499686584
394735,31,"Kansas City, MO",msa,MO,2021-06-30,256494.6188172571
394735,31,"Kansas City, MO",msa,MO,2021-07-31,259251.7694557082
394735,31,"Kansas City, MO",msa,MO,2021-08-31,260477.96417153795
394735,31,"Kansas City, MO",msa,MO,2021-09-30,260509.1711078299
394735,31,"Kansas City, MO",msa,MO,2021-10-31,260585.52058909988
394735,31,"Kansas City, MO",msa,MO,2021-11-30,261471.32157410905
394735,31,"Kansas City, MO",msa,MO,2021-12-31,263133.8317692913
394735,31,"Kansas City, MO",msa,MO,2022-01-31,266257.32154946163
394735,31,"Kansas City, MO",msa,MO,2022-02-28,270500.73946104984
394735,31,"Kansas City, MO",msa,MO,2022-03-31,275800.30530338763
394735,31,"Kansas City, MO",msa,MO,2022-04-30,280870.58179385634
394735,31,"Kansas City, MO",msa,MO,2022-05-31,285175.01006629906
394735,31,"Kansas City, MO",msa,MO,2022-06-30,288488.52474393224
394735,31,"Kansas City, MO",msa,MO,2022-07-31,290023.4710171782
394735,31,"Kansas City, MO",msa,MO,2022-08-31,289870.1168852731
394735,31,"Kansas City, MO",msa,MO,2022-09-30,288547.800243508
394735,31,"Kansas City, MO",msa,MO,2022-10-31,287633.40750104253
394735,31,"Kansas City, MO",msa,MO,2022-11-30,287444.9994051966
394735,31,"Kansas City, MO",msa,MO,2022-12-31,287700.0422548453
394735,31,"Kansas City, MO",msa,MO,2023-01-31,287818.0696098855
394735,31,"Kansas City, MO",msa,MO,2023-02-28,288197.71653465735
394735,31,"Kansas City, MO",msa,MO,2023-03-31,289141.2745251754
394735,31,"Kansas City, MO",msa,MO,2023-04-30,291029.9083259423
394735,31,"Kansas City, MO",msa,MO,2023-05-31,293322.71685986273
394735,31,"Kansas City, MO",msa,MO,2023-06-30,295693.75348309433
394735,31,"Kansas City, MO",msa,MO,2023-07-31,297659.9832512514
394735,31,"Kansas City, MO",msa,MO,2023-08-31,299285.4391499865
394735,31,"Kansas City, MO",msa,MO,2023-09-30,300473.5533424316
394735,31,"Kansas City, MO",msa,MO,2023-10-31,301472.2332740757
394735,31,"Kansas City, MO",msa,MO,2023-11-30,302003.23481503845
394735,31,"Kansas City, MO",msa,MO,2023-12-31,302291.5346028135
394735,31,"Kansas City, MO",msa,MO,2024-01-31,302562.46873469074
394735,31,"Kansas City, MO",msa,MO,2024-02-29,303419.39126580465
394735,31,"Kansas City, MO",msa,MO,2024-03-31,304911.6441105188
394735,31,"Kansas City, MO",msa,MO,2024-04-30,306420.7602188584
394735,31,"Kansas City, MO",msa,MO,2024-05-31,307347.1021884186
394735,31,"Kansas City, MO",msa,MO,2024-06-30,307659.38272441406
394735,31,"Kansas City, MO",msa,MO,2024-07-31,307881.49513524334
394735,31,"Kansas City, MO",msa,MO,2024-08-31,308389.5581860196
394735,31,"Kansas City, MO",msa,MO,2024-09-30,309188.23382973176
394735,31,"Kansas City, MO",msa,MO,2024-10-31,310161.6007073262
394735,31,"Kansas City, MO",msa,MO,2024-11-30,311283.54677676247
394735,31,"Kansas City, MO",msa,MO,2024-12-31,312663.09229565645
394735,31,"Kansas City, MO",msa,MO,2025-01-31,313849.7601114646
394735,31,"Kansas City, MO",msa,MO,2025-02-28,314551.7519255736
394735,31,"Kansas City, MO",msa,MO,2025-03-31,314385.8982946325
394735,31,"Kansas City, MO",msa,MO,2025-04-30,313925.4178875307
394735,31,"Kansas City, MO",msa,MO,2025-05-31,313575.98326559743
394735,31,"Kansas City, MO",msa,MO,2025-06-30,313663.6487207084
394735,31,"Kansas City, MO",msa,MO,2025-07-31,314400.0182261765
394735,31,"Kansas City, MO",msa,MO,2025-08-31,315515.3884156682
394735,31,"Kansas City, MO",msa,MO,2025-09-30,316971.3789949622
394735,31,"Kansas City, MO",msa,MO,2025-10-31,318255.1243766968
394735,31,"Kansas City, MO",msa,MO,2025-11-30,319626.12740124454
394735,31,"Kansas City, MO",msa,MO,2025-12-31,321031.76313766267
394735,31,"Kansas City, MO",msa,MO,2026-01-31,322354.2204861052
394735,31,"Kansas City, MO",msa,MO,2026-02-28,323388.16313002724
394735,31,"Kansas City, MO",msa,MO,2026-03-31,324018.1251981556
394735,31,"Kansas City, MO",msa,MO,2026-04-30,324413.1740977872
394735,31,"Kansas City, MO",msa,MO,2026-05-31,324660.0651402763
394735,31,"Kansas City, MO",msa,MO,2026-06-30,325138.0848039894
394735,31,"Kansas City, MO",msa,MO,2026-07-31,325991.9145191905
394735,31,"Kansas City, MO",msa,MO,2026-08-31,327319.86894849484
394775,30,"Las Vegas, NV",msa,NV,2000-01-31,156260.65170655647
394775,30,"Las Vegas, NV",msa,NV,2000-02-29,156233.76941390813
394775,30,"Las Vegas, NV",msa,NV,2000-03-31,156487.2697151435
394775,30,"Las Vegas, NV",msa,NV,2000-04-30,157083.65806957075
394775,30,"Las Vegas, NV",msa,NV,2000-05-31,157869.49875147306
394775,30,"Las Vegas, NV",msa,NV,2000-06-30,158554.97744186196
394775,30,"Las Vegas, NV",msa,NV,2000-07-31,159048.14089157953
394775,30,"Las Vegas, NV",msa,NV,2000-08-31,159505.1415968036
394775,30,"Las Vegas, NV",msa,NV,2000-09-30,160068.86131405146
394775,30,"Las Vegas, NV",msa,NV,2000-10-31,160716.53033348065
394775,30,"Las Vegas, NV",msa,NV,2000-11-30,161483.3751681804
394775,30,"Las Vegas, NV",msa,NV,2000-12-31,162241.79444422483
394775,30,"Las Vegas, NV",msa,NV,2001-01-31,163039.73393284608
394775,30,"Las Vegas, NV",msa,NV,2001-02-28,163906.14130974494
394775,30,"Las Vegas, NV",msa,NV,2001-03-31,164854.01199888883
394775,30,"Las Vegas, NV",msa,NV,2001-04-30,165784.94811889617
394775,30,"Las Vegas, NV",msa,NV,2001-05-31,166784.05558033296
394775,30,"Las Vegas, NV",msa,NV,2001-06-30,167714.41935395473
394775,30,"Las Vegas, NV",msa,NV,2001-07-31,168678.66808553875
394775,30,"Las Vegas, NV",msa,NV,2001-08-31,169609.7886143734
394775,30,"Las Vegas, NV",msa,NV,2001-09-30,170558.13328995154
394775,30,"Las Vegas, NV",msa,NV,2001-10-31,171510.76501619656
394775,30,"Las Vegas, NV",msa,NV,2001-11-30,172394.29206949787
394775,30,"Las Vegas, NV",msa,NV,2001-12-31,173337.77073045308
394775,30,"Las Vegas, NV",msa,NV,2002-01-31,174233.50498778312
394775,30,"Las Vegas, NV",msa,NV,2002-02-28,175002.48844170256
394775,30,"Las Vegas, NV",msa,NV,2002-03-31,175874.2364761047
394775,30,"Las Vegas, NV",msa,NV,2002-04-30,176837.4954494919
394775,30,"Las Vegas, NV",msa,NV,2002-05-31,177935.98970840467
394775,30,"Las Vegas, NV",msa,NV,2002-06-30,178765.51548623643
394775,30,"Las Vegas, NV",msa,NV,2002-07-31,179463.8733775409
394775,30,"Las Vegas, NV",msa,NV,2002-08-31,180074.57822160245
394775,30,"Las Vegas, NV",msa,NV,2002-09-30,180629.19866306687
394775,30,"Las Vegas, NV",msa,NV,2002-10-31,181403.06152944185
394775,30,"Las Vegas, NV",msa,NV,2002-11-30,182401.34273188145
394775,30,"Las Vegas, NV",msa,NV,2002-12-31,183595.50788038693
394775,30,"Las Vegas, NV",msa,NV,2003-01-31,184810.228421531
394775,30,"Las Vegas, NV",msa,NV,2003-02-28,186020.2022740561
394775,30,"Las Vegas, NV",msa,NV,2003-03-31,187312.43518400096
394775,30,"Las Vegas, NV",msa,NV,2003-04-30,188597.20503493535
394775,30,"Las Vegas, NV",msa,NV,2003-05-31,190102.95928304028
394775,30,"Las Vegas, NV",msa,NV,2003-06-30,191579.48000701724
394775,30,"Las Vegas, NV",msa,NV,2003-07-31,193228.14105613143
394775,30,"Las Vegas, NV",msa,NV,2003-08-31,194950.25606662268
394775,30,"Las Vegas, NV",msa,NV,2003-09-30,197050.08940179533
394775,30,"Las Vegas, NV",msa,NV,2003-10-31,199381.921678178
394775,30,"Las Vegas, NV",msa,NV,2003-11-30,202280.4339773596
394775,30,"Las Vegas, NV",msa,NV,2003-12-31,205316.39725719063
394775,30,"Las Vegas, NV",msa,NV,2004-01-31,208770.4896197921
394775,30,"Las Vegas, NV",msa,NV,2004-02-29,212192.7483582208
394775,30,"Las Vegas, NV",msa,NV,2004-03-31,217298.69436637827
394775,30,"Las Vegas, NV",msa,NV,2004-04-30,222771.48242701823
394775,30,"Las Vegas, NV",msa,NV,2004-05-31,229798.8159287073
394775,30,"Las Vegas, NV",msa,NV,2004-06-30,237126.5540077916
394775,30,"Las Vegas, NV",msa,NV,2004-07-31,246871.23194727136
394775,30,"Las Vegas, NV",msa,NV,2004-08-31,256141.38656813264
394775,30,"Las Vegas, NV",msa,NV,2004-09-30,266613.3507885516
394775,30,"Las Vegas, NV",msa,NV,2004-10-31,274552.8044644077
394775,30,"Las Vegas, NV",msa,NV,2004-11-30,281562.59460369387
394775,30,"Las Vegas, NV",msa,NV,2004-12-31,286505.7609298095
394775,30,"Las Vegas, NV",msa,NV,2005-01-31,290616.87107245304
394775,30,"Las Vegas, NV",msa,NV,2005-02-28,296338.47868789174
394775,30,"Las Vegas, NV",msa,NV,2005-03-31,302123.6943945571
394775,30,"Las Vegas, NV",msa,NV,2005-04-30,310030.04177483055
394775,30,"Las Vegas, NV",msa,NV,2005-05-31,315359.4830642754
394775,30,"Las Vegas, NV",msa,NV,2005-06-30,319203.269339847
394775,30,"Las Vegas, NV",msa,NV,2005-07-31,320984.1462412293
394775,30,"Las Vegas, NV",msa,NV,2005-08-31,323526.84464885225
394775,30,"Las Vegas, NV",msa,NV,2005-09-30,325561.2062275116
394775,30,"Las Vegas, NV",msa,NV,2005-10-31,327077.285201746
394775,30,"Las Vegas, NV",msa,NV,2005-11-30,327862.767763596
394775,30,"Las Vegas, NV",msa,NV,2005-12-31,328515.45206150453
394775,30,"Las Vegas, NV",msa,NV,2006-01-31,329395.9108668409
394775,30,"Las Vegas, NV",msa,NV,2006-02-28,329830.2775050421
394775,30,"Las Vegas, NV",msa,NV,2006-03-31,331820.4089308609
394775,30,"Las Vegas, NV",msa,NV,2006-04-30,334458.8921034773
394775,30,"Las Vegas, NV",msa,NV,2006-05-31,337679.41508389823
394775,30,"Las Vegas, NV",msa,NV,2006-06-30,339133.5689443972
394775,30,"Las Vegas, NV",msa,NV,2006-07-31,339616.6851464503
394775,30,"Las Vegas, NV",msa,NV,2006-08-31,339169.8666911155
394775,30,"Las Vegas, NV",msa,NV,2006-09-30,338682.1483078463
394775,30,"Las Vegas, NV",msa,NV,2006-10-31,337770.7083745685
394775,30,"Las Vegas, NV",msa,NV,2006-11-30,336411.76572375675
394775,30,"Las Vegas, NV",msa,NV,2006-12-31,335509.03884473786
394775,30,"Las Vegas, NV",msa,NV,2007-01-31,334411.0835487324
394775,30,"Las Vegas, NV",msa,NV,2007-02-28,333711.0136270265
394775,30,"Las Vegas, NV",msa,NV,2007-03-31,332907.2882480878
394775,30,"Las Vegas, NV",msa,NV,2007-04-30,331348.07261295646
394775,30,"Las Vegas, NV",msa,NV,2007-05-31,329303.2367525042
394775,30,"Las Vegas, NV",msa,NV,2007-06-30,326358.51592115016
394775,30,"Las Vegas, NV",msa,NV,2007-07-31,322705.87366836745
394775,30,"Las Vegas, NV",msa,NV,2007-08-31,319047.35559009074
394775,30,"Las Vegas, NV",msa,NV,2007-09-30,314968.91755340894
394775,30,"Las Vegas, NV",msa,NV,2007-10-31,311237.4828286522
394775,30,"Las Vegas, NV",msa,NV,2007-11-30,305380.4059509523
394775,30,"Las Vegas, NV",msa,NV,2007-12-31,298819.39207677514
394775,30,"Las Vegas, NV",msa,NV,2008-01-31,290506.86322969245
394775,30,"Las Vegas, NV",msa,NV,2008-02-29,281514.355534718
394775,30,"Las Vegas, NV",msa,NV,2008-03-31,272413.39460778027
394775,30,"Las Vegas, NV",msa,NV,2008-04-30,264813.9229471657
394775,30,"Las Vegas, NV",msa,NV,2008-05-31,258714.723472814
394775,30,"Las Vegas, NV",msa,NV,2008-06-30,251859.11214064484
394775,30,"Las Vegas, NV",msa,NV,2008-07-31,244535.97298115084
394775,30,"Las Vegas, NV",msa,NV,2008-08-31,236882.79865188
394775,30,"Las Vegas, NV",msa,NV,2008-09-30,229119.52194259272
394775,30,"Las Vegas, NV",msa,NV,2008-10-31,221728.6837543988
394775,30,"Las Vegas, NV",msa,NV,2008-11-30,213620.0923121875
394775,30,"Las Vegas, NV",msa,NV,2008-12-31,206528.2483310152
394775,30,"Las Vegas, NV",msa,NV,2009-01-31,199407.2477278617
394775,30,"Las Vegas, NV",msa,NV,2009-02-28,194081.65893172508
394775,30,"Las Vegas, NV",msa,NV,2009-03-31,188993.02753585103
394775,30,"Las Vegas, NV",msa,NV,2009-04-30,183763.98542285376
394775,30,"Las Vegas, NV",msa,NV,2009-05-31,177343.32495770996
394775,30,"Las Vegas, NV",msa,NV,2009-06-30,170562.433458245
394775,30,"Las Vegas, NV",msa,NV,2009-07-31,163789.61635336129
394775,30,"Las Vegas, NV",msa,NV,2009-08-31,158385.56818717453
394775,30,"Las Vegas, NV",msa,NV,2009-09-30,154288.3603543686
394775,30,"Las Vegas, NV",msa,NV,2009-10-31,151744.31125501404
394775,30,"Las Vegas, NV",msa,NV,2009-11-30,149987.90913287408
394775,30,"Las Vegas, NV",msa,NV,2009-12-31,148346.45618563792
394775,30,"Las Vegas, NV",msa,NV,2010-01-31,147535.58817450964
394775,30,"Las Vegas, NV",msa,NV,2010-02-28,146780.35758042385
394775,30,"Las Vegas, NV",msa,NV,2010-03-31,146036.95620659174
394775,30,"Las Vegas, NV",msa,NV,2010-04-30,144777.61681398255
394775,30,"Las Vegas, NV",msa,NV,2010-05-31,143517.06586710256
394775,30,"Las Vegas, NV",msa,NV,2010-06-30,142914.6814438321
394775,30,"Las Vegas, NV",msa,NV,2010-07-31,142334.30675600862
394775,30,"Las Vegas, NV",msa,NV,2010-08-31,141685.36761901804
394775,30,"Las Vegas, NV",msa,NV,2010-09-30,140660.60157274056
394775,30,"Las Vegas, NV",msa,NV,2010-10-31,139779.9441972319
394775,30,"Las Vegas, NV",msa,NV,2010-11-30,139418.86067478155
394775,30,"Las Vegas, NV",msa,NV,2010-12-31,138922.63593382752
394775,30,"Las Vegas, NV",msa,NV,2011-01-31,137704.47861044577
394775,30,"Las Vegas, NV",msa,NV,2011-02-28,135857.6777180823
394775,30,"Las Vegas, NV",msa,NV,2011-03-31,133899.48816384244
394775,30,"Las Vegas, NV",msa,NV,2011-04-30,132040.4699638429
394775,30,"Las Vegas, NV",msa,NV,2011-05-31,130854.68908913824
394775,30,"Las Vegas, NV",msa,NV,2011-06-30,129345.84694951244
394775,30,"Las Vegas, NV",msa,NV,2011-07-31,128267.84182769616
394775,30,"Las Vegas, NV",msa,NV,2011-08-31,126618.06421840872
394775,30,"Las Vegas, NV",msa,NV,2011-09-30,125679.1198353514
394775,30,"Las Vegas, NV",msa,NV,2011-10-31,124928.91705406184
394775,30,"Las Vegas, NV",msa,NV,2011-11-30,124406.7604524893
394775,30,"Las Vegas, NV",msa,NV,2011-12-31,123920.69447730946
394775,30,"Las Vegas, NV",msa,NV,2012-01-31,123749.46496166708
394775,30,"Las Vegas, NV",msa,NV,2012-02-29,123681.29523478444
394775,30,"Las Vegas, NV",msa,NV,2012-03-31,123303.55575279916
394775,30,"Las Vegas, NV",msa,NV,2012-04-30,122718.0766482047
394775,30,"Las Vegas, NV",msa,NV,2012-05-31,122607.39790463184
394775,30,"Las Vegas, NV",msa,NV,2012-06-30,123733.30311523985
394775,30,"Las Vegas, NV",msa,NV,2012-07-31,125510.20664684438
394775,30,"Las Vegas, NV",msa,NV,2012-08-31,127538.2300335538
394775,30,"Las Vegas, NV",msa,NV,2012-09-30,129568.59210866892
394775,30,"Las Vegas, NV",msa,NV,2012-10-31,131615.04032343708
394775,30,"Las Vegas, NV",msa,NV,2012-11-30,133943.07071057206
394775,30,"Las Vegas, NV",msa,NV,2012-12-31,136072.9432791306
394775,30,"Las Vegas, NV",msa,NV,2013-01-31,138485.23158938406
394775,30,"Las Vegas, NV",msa,NV,2013-02-28,140972.48506022486
394775,30,"Las Vegas, NV",msa,NV,2013-03-31,143878.6628383136
394775,30,"Las Vegas, NV",msa,NV,2013-04-30,147247.19846286924
394775,30,"Las Vegas, NV",msa,NV,2013-05-31,151442.78721256717
394775,30,"Las Vegas, NV",msa,NV,2013-06-30,156466.02096851045
394775,30,"Las Vegas, NV",msa,NV,2013-07-31,161592.52075861374
394775,30,"Las Vegas, NV",msa,NV,2013-08-31,166149.16990786008
394775,30,"Las Vegas, NV",msa,NV,2013-09-30,170191.0317900869
394775,30,"Las Vegas, NV",msa,NV,2013-10-31,173751.95616268925
394775,30,"Las Vegas, NV",msa,NV,2013-11-30,176856.41074005363
394775,30,"Las Vegas, NV",msa,NV,2013-12-31,178924.8438116264
394775,30,"Las Vegas, NV",msa,NV,2014-01-31,180267.75236354224
394775,30,"Las Vegas, NV",msa,NV,2014-02-28,181663.4978605859
394775,30,"Las Vegas, NV",msa,NV,2014-03-31,183110.7317475128
394775,30,"Las Vegas, NV",msa,NV,2014-04-30,184840.2471031132
394775,30,"Las Vegas, NV",msa,NV,2014-05-31,186474.31148350844
394775,30,"Las Vegas, NV",msa,NV,2014-06-30,188523.4198415596
394775,30,"Las Vegas, NV",msa,NV,2014-07-31,190441.1109658233
394775,30,"Las Vegas, NV",msa,NV,2014-08-31,191802.30834206464
394775,30,"Las Vegas, NV",msa,NV,2014-09-30,192744.214163295
394775,30,"Las Vegas, NV",msa,NV,2014-10-31,193245.6483189389
394775,30,"Las Vegas, NV",msa,NV,2014-11-30,194200.25017350423
394775,30,"Las Vegas, NV",msa,NV,2014-12-31,194873.18568981683
394775,30,"Las Vegas, NV",msa,NV,2015-01-31,195697.53619639535
394775,30,"Las Vegas, NV",msa,NV,2015-02-28,196363.8781678482
394775,30,"Las Vegas, NV",msa,NV,2015-03-31,197302.1862370108
394775,30,"Las Vegas, NV",msa,NV,2015-04-30,198446.77847173507
394775,30,"Las Vegas, NV",msa,NV,2015-05-31,199852.25410285412
394775,30,"Las Vegas, NV",msa,NV,2015-06-30,201704.1810556629
394775,30,"Las Vegas, NV",msa,NV,2015-07-31,203628.0334385663
394775,30,"Las Vegas, NV",msa,NV,2015-08-31,205130.09347598895
394775,30,"Las Vegas, NV",msa,NV,2015-09-30,206316.5060150173
394775,30,"Las Vegas, NV",msa,NV,2015-10-31,207278.8330286489
394775,30,"Las Vegas, NV",msa,NV,2015-11-30,208613.6413529325
394775,30,"Las Vegas, NV",msa,NV,2015-12-31,209800.18181590037
394775,30,"Las Vegas, NV",msa,NV,2016-01-31,211022.26007392924
394775,30,"Las Vegas, NV",msa,NV,2016-02-29,212136.94106256572
394775,30,"Las Vegas, NV",msa,NV,2016-03-31,213106.96635714787
394775,30,"Las Vegas, NV",msa,NV,2016-04-30,214323.26450146415
394775,30,"Las Vegas, NV",msa,NV,2016-05-31,215423.2194310919
394775,30,"Las Vegas, NV",msa,NV,2016-06-30,216713.4303598194
394775,30,"Las Vegas, NV",msa,NV,2016-07-31,217552.6264988572
394775,30,"Las Vegas, NV",msa,NV,2016-08-31,217894.26657168276
394775,30,"Las Vegas, NV",msa,NV,2016-09-30,218224.67846723835
394775,30,"Las Vegas, NV",msa,NV,2016-10-31,218788.4480770596
394775,30,"Las Vegas, NV",msa,NV,2016-11-30,219937.4602676554
394775,30,"Las Vegas, NV",msa,NV,2016-12-31,221265.29403244116
394775,30,"Las Vegas, NV",msa,NV,2017-01-31,222951.60943187572
394775,30,"Las Vegas, NV",msa,NV,2017-02-28,225234.21279821105
394775,30,"Las Vegas, NV",msa,NV,2017-03-31,227856.44559904316
394775,30,"Las Vegas, NV",msa,NV,2017-04-30,230586.90167050017
394775,30,"Las Vegas, NV",msa,NV,2017-05-31,232916.1789849304
394775,30,"Las Vegas, NV",msa,NV,2017-06-30,235427.6000466309
394775,30,"Las Vegas, NV",msa,NV,2017-07-31,238260.20476276355
394775,30,"Las Vegas, NV",msa,NV,2017-08-31,241489.18821320505
394775,30,"Las Vegas, NV",msa,NV,2017-09-30,244818.619012138
394775,30,"Las Vegas, NV",msa,NV,2017-10-31,248111.72803996483
394775,30,"Las Vegas, NV",msa,NV,2017-11-30,251193.73782311997
394775,30,"Las Vegas, NV",msa,NV,2017-12-31,254342.1341606865
394775,30,"Las Vegas, NV",msa,NV,2018-01-31,257179.0359265021
394775,30,"Las Vegas, NV",msa,NV,2018-02-28,259978.8564451552
394775,30,"Las Vegas, NV",msa,NV,2018-03-31,262703.7338215393
394775,30,"Las Vegas, NV",msa,NV,2018-04-30,265472.571304313
394775,30,"Las Vegas, NV",msa,NV,2018-05-31,268507.3030576903
394775,30,"Las Vegas, NV",msa,NV,2018-06-30,271740.3337758262
394775,30,"Las Vegas, NV",msa,NV,2018-07-31,275507.14840179053
394775,30,"Las Vegas, NV",msa,NV,2018-08-31,279305.8884357801
394775,30,"Las Vegas, NV",msa,NV,2018-09-30,282766.1084926864
394775,30,"Las Vegas, NV",msa,NV,2018-10-31,285591.0892252712
394775,30,"Las Vegas, NV",msa,NV,2018-11-30,287843.6307826391
394775,30,"Las Vegas, NV",msa,NV,2018-12-31,289497.9408865118
394775,30,"Las Vegas, NV",msa,NV,2019-01-31,290765.5184765823
394775,30,"Las Vegas, NV",msa,NV,2019-02-28,292053.0739111799
394775,30,"Las Vegas, NV",msa,NV,2019-03-31,293278.61591568
394775,30,"Las Vegas, NV",msa,NV,2019-04-30,294317.81207281305
394775,30,"Las Vegas, NV",msa,NV,2019-05-31,294600.31961512566
394775,30,"Las Vegas, NV",msa,NV,2019-06-30,294866.6113143954
394775,30,"Las Vegas, NV",msa,NV,2019-07-31,295009.4291004724
394775,30,"Las Vegas, NV",msa,NV,2019-08-31,295366.1107250159
394775,30,"Las Vegas, NV",msa,NV,2019-09-30,295475.0758475669
394775,30,"Las Vegas, NV",msa,NV,2019-10-31,295635.11642545386
394775,30,"Las Vegas, NV",msa,NV,2019-11-30,296015.701236035
394775,30,"Las Vegas, NV",msa,NV,2019-12-31,296703.1510292249
394775,30,"Las Vegas, NV",msa,NV,2020-01-31,298070.24255187536
394775,30,"Las Vegas, NV",msa,NV,2020-02-29,299560.37236725463
394775,30,"Las Vegas, NV",msa,NV,2020-03-31,301240.143050438
394775,30,"Las Vegas, NV",msa,NV,2020-04-30,302480.0279226638
394775,30,"Las Vegas, NV",msa,NV,2020-05-31,302878.9093257605
394775,30,"Las Vegas, NV",msa,NV,2020-06-30,302772.2484482765
394775,30,"Las Vegas, NV",msa,NV,2020-07-31,302755.5462062798
394775,30,"Las Vegas, NV",msa,NV,2020-08-31,303739.1143748425
394775,30,"Las Vegas, NV",msa,NV,2020-09-30,305526.15685533354
394775,30,"Las Vegas, NV",msa,NV,2020-10-31,307880.8543945558
394775,30,"Las Vegas, NV",msa,NV,2020-11-30,311009.2253117854
394775,30,"Las Vegas, NV",msa,NV,2020-12-31,314593.32128403865
394775,30,"Las Vegas, NV",msa,NV,2021-01-31,318238.0224440462
394775,30,"Las Vegas, NV",msa,NV,2021-02-28,321958.7924097418
394775,30,"Las Vegas, NV",msa,NV,2021-03-31,326381.7197477443
394775,30,"Las Vegas, NV",msa,NV,2021-04-30,331715.1674703687
394775,30,"Las Vegas, NV",msa,NV,2021-05-31,338464.57376102725
394775,30,"Las Vegas, NV",msa,NV,2021-06-30,346492.191559806
394775,30,"Las Vegas, NV",msa,NV,2021-07-31,355036.6830864541
394775,30,"Las Vegas, NV",msa,NV,2021-08-31,362789.2454265523
394775,30,"Las Vegas, NV",msa,NV,2021-09-30,369169.976010188
394775,30,"Las Vegas, NV",msa,NV,2021-10-31,374863.8881997832
394775,30,"Las Vegas, NV",msa,NV,2021-11-30,380775.1411599385
394775,30,"Las Vegas, NV",msa,NV,2021-12-31,386518.4282249345
394775,30,"Las Vegas, NV",msa,NV,2022-01-31,393500.5326295734
394775,30,"Las Vegas, NV",msa,NV,2022-02-28,401853.5920481854
394775,30,"Las Vegas, NV",msa,NV,2022-03-31,412310.343762316
394775,30,"Las Vegas, NV",msa,NV,2022-04-30,423275.3538791796
394775,30,"Las Vegas, NV",msa,NV,2022-05-31,433479.61587271024
394775,30,"Las Vegas, NV",msa,NV,2022-06-30,441828.830224467
394775,30,"Las Vegas, NV",msa,NV,2022-07-31,446492.0789742965
394775,30,"Las Vegas, NV",msa,NV,2022-08-31,446725.2527869706
394775,30,"Las Vegas, NV",msa,NV,2022-09-30,442629.8431008766
394775,30,"Las Vegas, NV",msa,NV,2022-10-31,436727.5372422444
394775,30,"Las Vegas, NV",msa,NV,2022-11-30,429893.6472066036
394775,30,"Las Vegas, NV",msa,NV,2022-12-31,423393.7176127553
394775,30,"Las Vegas, NV",msa,NV,2023-01-31,417045.35894162726
394775,30,"Las Vegas, NV",msa,NV,2023-02-28,411826.272316896
394775,30,"Las Vegas, NV",msa,NV,2023-03-31,407980.9845526624
394775,30,"Las Vegas, NV",msa,NV,2023-04-30,405756.5424798269
394775,30,"Las Vegas, NV",msa,NV,2023-05-31,404814.7210966575
394775,30,"Las Vegas, NV",msa,NV,2023-06-30,405288.9676471117
394775,30,"Las Vegas, NV",msa,NV,2023-07-31,406781.5207711938
394775,30,"Las Vegas, NV",msa,NV,2023-08-31,409310.6967918854
394775,30,"Las Vegas, NV",msa,NV,2023-09-30,411763.928475254
394775,30,"Las Vegas, NV",msa,NV,2023-10-31,414026.44099603966
394775,30,"Las Vegas, NV",msa,NV,2023-11-30,416115.9861272131
394775,30,"Las Vegas, NV",msa,NV,2023-12-31,418209.6076278057
394775,30,"Las Vegas, NV",msa,NV,2024-01-31,420044.8857028544
394775,30,"Las Vegas, NV",msa,NV,2024-02-29,421938.92849658267
394775,30,"Las Vegas, NV",msa,NV,2024-03-31,424023.2691952668
394775,30,"Las Vegas, NV",msa,NV,2024-04-30,426723.9726146841
394775,30,"Las Vegas, NV",msa,NV,2024-05-31,429427.5599116572
394775,30,"Las Vegas, NV",msa,NV,2024-06-30,431700.7885526208
394775,30,"Las Vegas, NV",msa,NV,2024-07-31,433649.5818938987
394775,30,"Las Vegas, NV",msa,NV,2024-08-31,435353.291020801
394775,30,"Las Vegas, NV",msa,NV,2024-09-30,436914.9710607005
394775,30,"Las Vegas, NV",msa,NV,2024-10-31,438221.75773374666
394775,30,"Las Vegas, NV",msa,NV,2024-11-30,439476.5132915304
394775,30,"Las Vegas, NV",msa,NV,2024-12-31,440927.6034153435
394775,30,"Las Vegas, NV",msa,NV,2025-01-31,442211.6899292232
394775,30,"Las Vegas, NV",msa,NV,2025-02-28,442782.77735722414
394775,30,"Las Vegas, NV",msa,NV,2025-03-31,442393.998575364
394775,30,"Las Vegas, NV",msa,NV,2025-04-30,441611.83987245365
394775,30,"Las Vegas, NV",msa,NV,2025-05-31,440577.2102014006
394775,30,"Las Vegas, NV",msa,NV,2025-06-30,439322.1612148594
394775,30,"Las Vegas, NV",msa,NV,2025-07-31,437560.5668815822
394775,30,"Las Vegas, NV",msa,NV,2025-08-31,435714.2150100967
394775,30,"Las Vegas, NV",msa,NV,2025-09-30,434235.7289193092
394775,30,"Las Vegas, NV",msa,NV,2025-10-31,433206.6829880189
394775,30,"Las Vegas, NV",msa,NV,2025-11-30,432643.4362058297
394775,30,"Las Vegas, NV",msa,NV,2025-12-31,432408.6790208237
394775,30,"Las Vegas, NV",msa,NV,2026-01-31,432216.4977634237
394775,30,"Las Vegas, NV",msa,NV,2026-02-28,431957.56107564806
394775,30,"Las Vegas, NV",msa,NV,2026-03-31,431331.8214214507
394775,30,"Las Vegas, NV",msa,NV,2026-04-30,430311.0185261911
394775,30,"Las Vegas, NV",msa,NV,2026-05-31,428678.548345038
394775,30,"Las Vegas, NV",msa,NV,2026-06-30,426777.6861719696
394775,30,"Las Vegas, NV",msa,NV,2026-07-31,425206.6505057197
394775,30,"Las Vegas, NV",msa,NV,2026-08-31,423983.1796309166
753899,2,"Los Angeles, CA",msa,CA,2000-01-31,221912.26980800228
753899,2,"Los Angeles, CA",msa,CA,2000-02-29,222738.06501150096
753899,2,"Los Angeles, CA",msa,CA,2000-03-31,223838.0163469225
753899,2,"Los Angeles, CA",msa,CA,2000-04-30,226026.5500041789
753899,2,"Los Angeles, CA",msa,CA,2000-05-31,228420.11971633663
753899,2,"Los Angeles, CA",msa,CA,2000-06-30,230796.9269385755
753899,2,"Los Angeles, CA",msa,CA,2000-07-31,233233.39354517957
753899,2,"Los Angeles, CA",msa,CA,2000-08-31,235693.07238938508
753899,2,"Los Angeles, CA",msa,CA,2000-09-30,238010.0693297037
753899,2,"Los Angeles, CA",msa,CA,2000-10-31,240079.0303089312
753899,2,"Los Angeles, CA",msa,CA,2000-11-30,241949.60080111187
753899,2,"Los Angeles, CA",msa,CA,2000-12-31,243821.3701699168
753899,2,"Los Angeles, CA",msa,CA,2001-01-31,245184.80540751363
753899,2,"Los Angeles, CA",msa,CA,2001-02-28,246668.52997234385
753899,2,"Los Angeles, CA",msa,CA,2001-03-31,248354.3540166141
753899,2,"Los Angeles, CA",msa,CA,2001-04-30,250832.97723147905
753899,2,"Los Angeles, CA",msa,CA,2001-05-31,253421.10926319103
753899,2,"Los Angeles, CA",msa,CA,2001-06-30,255894.73602553023
753899,2,"Los Angeles, CA",msa,CA,2001-07-31,258379.3717209389
753899,2,"Los Angeles, CA",msa,CA,2001-08-31,260863.87121435968
753899,2,"Los Angeles, CA",msa,CA,2001-09-30,263348.43143606995
753899,2,"Los Angeles, CA",msa,CA,2001-10-31,265755.1292537279
753899,2,"Los Angeles, CA",msa,CA,2001-11-30,267898.0133015776
753899,2,"Los Angeles, CA",msa,CA,2001-12-31,270030.0960796215
753899,2,"Los Angeles, CA",msa,CA,2002-01-31,271718.1960592097
753899,2,"Los Angeles, CA",msa,CA,2002-02-28,273684.0213325936
753899,2,"Los Angeles, CA",msa,CA,2002-03-31,276120.2718616252
753899,2,"Los Angeles, CA",msa,CA,2002-04-30,279417.30545194354
753899,2,"Los Angeles, CA",msa,CA,2002-05-31,283213.4951764129
753899,2,"Los Angeles, CA",msa,CA,2002-06-30,287204.4345900807
753899,2,"Los Angeles, CA",msa,CA,2002-07-31,291981.4880727012
753899,2,"Los Angeles, CA",msa,CA,2002-08-31,297062.2014304724
753899,2,"Los Angeles, CA",msa,CA,2002-09-30,302229.9009411118
753899,2,"Los Angeles, CA",msa,CA,2002-10-31,306959.6691772254
753899,2,"Los Angeles, CA",msa,CA,2002-11-30,311522.62465085014
753899,2,"Los Angeles, CA",msa,CA,2002-12-31,315984.3640542139
753899,2,"Los Angeles, CA",msa,CA,2003-01-31,319750.0640115778
753899,2,"Los Angeles, CA",msa,CA,2003-02-28,323277.4831681423
753899,2,"Los Angeles, CA",msa,CA,2003-03-31,327091.05869734223
753899,2,"Los Angeles, CA",msa,CA,2003-04-30,331527.0176005328
753899,2,"Los Angeles, CA",msa,CA,2003-05-31,336827.5423181637
753899,2,"Los Angeles, CA",msa,CA,2003-06-30,341556.80490009184
753899,2,"Los Angeles, CA",msa,CA,2003-07-31,347057.00387734454
753899,2,"Los Angeles, CA",msa,CA,2003-08-31,352880.1335690282
753899,2,"Los Angeles, CA",msa,CA,2003-09-30,359512.3007534949
753899,2,"Los Angeles, CA",msa,CA,2003-10-31,365454.54521431
753899,2,"Los Angeles, CA",msa,CA,2003-11-30,371064.3194559955
753899,2,"Los Angeles, CA",msa,CA,2003-12-31,376557.9957728937
753899,2,"Los Angeles, CA",msa,CA,2004-01-31,382571.9665275083
753899,2,"Los Angeles, CA",msa,CA,2004-02-29,389396.8166188065
753899,2,"Los Angeles, CA",msa,CA,2004-03-31,397247.91294286185
753899,2,"Los Angeles, CA",msa,CA,2004-04-30,406474.2068367414
753899,2,"Los Angeles, CA",msa,CA,2004-05-31,417439.2938779751
753899,2,"Los Angeles, CA",msa,CA,2004-06-30,428803.2860882117
753899,2,"Los Angeles, CA",msa,CA,2004-07-31,439399.3044747404
753899,2,"Los Angeles, CA",msa,CA,2004-08-31,448509.0598556753
753899,2,"Los Angeles, CA",msa,CA,2004-09-30,457126.6091225082
753899,2,"Los Angeles, CA",msa,CA,2004-10-31,465428.5636565196
753899,2,"Los Angeles, CA",msa,CA,2004-11-30,471650.68591153785
753899,2,"Los Angeles, CA",msa,CA,2004-12-31,477343.8266914068
753899,2,"Los Angeles, CA",msa,CA,2005-01-31,482266.4148165886
753899,2,"Los Angeles, CA",msa,CA,2005-02-28,488438.0642866967
753899,2,"Los Angeles, CA",msa,CA,2005-03-31,495228.9335267241
753899,2,"Los Angeles, CA",msa,CA,2005-04-30,502508.4709477436
753899,2,"Los Angeles, CA",msa,CA,2005-05-31,509547.0121981702
753899,2,"Los Angeles, CA",msa,CA,2005-06-30,516240.84378841287
753899,2,"Los Angeles, CA",msa,CA,2005-07-31,523732.99019894097
753899,2,"Los Angeles, CA",msa,CA,2005-08-31,531937.3241228015
753899,2,"Los Angeles, CA",msa,CA,2005-09-30,540513.8435386807
753899,2,"Los Angeles, CA",msa,CA,2005-10-31,549303.2414843905
753899,2,"Los Angeles, CA",msa,CA,2005-11-30,556174.858780391
753899,2,"Los Angeles, CA",msa,CA,2005-12-31,562635.6728034912
753899,2,"Los Angeles, CA",msa,CA,2006-01-31,568153.0953315914
753899,2,"Los Angeles, CA",msa,CA,2006-02-28,573272.7575276411
753899,2,"Los Angeles, CA",msa,CA,2006-03-31,577949.7278455051
753899,2,"Los Angeles, CA",msa,CA,2006-04-30,582069.7116020117
753899,2,"Los Angeles, CA",msa,CA,2006-05-31,586598.7738874545
753899,2,"Los Angeles, CA",msa,CA,2006-06-30,590388.6216780321
753899,2,"Los Angeles, CA",msa,CA,2006-07-31,592200.0993107377
753899,2,"Los Angeles, CA",msa,CA,2006-08-31,593693.4091489493
753899,2,"Los Angeles, CA",msa,CA,2006-09-30,593001.9313372617
753899,2,"Los Angeles, CA",msa,CA,2006-10-31,592937.2985513435
753899,2,"Los Angeles, CA",msa,CA,2006-11-30,592153.161570798
753899,2,"Los Angeles, CA",msa,CA,2006-12-31,591969.93810608
753899,2,"Los Angeles, CA",msa,CA,2007-01-31,592000.7947570975
753899,2,"Los Angeles, CA",msa,CA,2007-02-28,591730.2159657319
753899,2,"Los Angeles, CA",msa,CA,2007-03-31,590796.858003578
753899,2,"Los Angeles, CA",msa,CA,2007-04-30,589090.6619781476
753899,2,"Los Angeles, CA",msa,CA,2007-05-31,586013.8591706795
753899,2,"Los Angeles, CA",msa,CA,2007-06-30,582719.5134005141
753899,2,"Los Angeles, CA",msa,CA,2007-07-31,577580.1930386544
753899,2,"Los Angeles, CA",msa,CA,2007-08-31,571762.1998077728
753899,2,"Los Angeles, CA",msa,CA,2007-09-30,564824.6716082226
753899,2,"Los Angeles, CA",msa,CA,2007-10-31,557866.45429059
753899,2,"Los Angeles, CA",msa,CA,2007-11-30,552090.5061212669
753899,2,"Los Angeles, CA",msa,CA,2007-12-31,545701.2854710831
753899,2,"Los Angeles, CA",msa,CA,2008-01-31,539573.5125516258
753899,2,"Los Angeles, CA",msa,CA,2008-02-29,531356.1270258805
753899,2,"Los Angeles, CA",msa,CA,2008-03-31,521875.3312684504
753899,2,"Los Angeles, CA",msa,CA,2008-04-30,509625.5517274516
753899,2,"Los Angeles, CA",msa,CA,2008-05-31,496235.8392545681
753899,2,"Los Angeles, CA",msa,CA,2008-06-30,483271.7006689764
753899,2,"Los Angeles, CA",msa,CA,2008-07-31,471289.1621758574
753899,2,"Los Angeles, CA",msa,CA,2008-08-31,460694.1487086318
753899,2,"Los Angeles, CA",msa,CA,2008-09-30,452574.33509742265
753899,2,"Los Angeles, CA",msa,CA,2008-10-31,445263.6761338573
753899,2,"Los Angeles, CA",msa,CA,2008-11-30,437792.26072494354
753899,2,"Los Angeles, CA",msa,CA,2008-12-31,428517.6087369828
753899,2,"Los Angeles, CA",msa,CA,2009-01-31,420686.474611473
753899,2,"Los Angeles, CA",msa,CA,2009-02-28,415572.56135455286
753899,2,"Los Angeles, CA",msa,CA,2009-03-31,412028.46502047614
753899,2,"Los Angeles, CA",msa,CA,2009-04-30,408905.2324850199
753899,2,"Los Angeles, CA",msa,CA,2009-05-31,405817.2734396709
753899,2,"Los Angeles, CA",msa,CA,2009-06-30,402312.0370917709
753899,2,"Los Angeles, CA",msa,CA,2009-07-31,399452.5709841918
753899,2,"Los Angeles, CA",msa,CA,2009-08-31,397457.2741606981
753899,2,"Los Angeles, CA",msa,CA,2009-09-30,396905.0489665139
753899,2,"Los Angeles, CA",msa,CA,2009-10-31,397162.5314437432
753899,2,"Los Angeles, CA",msa,CA,2009-11-30,399110.6935577153
753899,2,"Los Angeles, CA",msa,CA,2009-12-31,402805.9011838939
753899,2,"Los Angeles, CA",msa,CA,2010-01-31,405123.3724386713
753899,2,"Los Angeles, CA",msa,CA,2010-02-28,405437.712757998
753899,2,"Los Angeles, CA",msa,CA,2010-03-31,405670.2533765149
753899,2,"Los Angeles, CA",msa,CA,2010-04-30,407641.9053275136
753899,2,"Los Angeles, CA",msa,CA,2010-05-31,410547.5884998663
753899,2,"Los Angeles, CA",msa,CA,2010-06-30,410763.9124324636
753899,2,"Los Angeles, CA",msa,CA,2010-07-31,408990.1183636275
753899,2,"Los Angeles, CA",msa,CA,2010-08-31,405344.92064842064
753899,2,"Los Angeles, CA",msa,CA,2010-09-30,401554.9193137604
753899,2,"Los Angeles, CA",msa,CA,2010-10-31,397747.9744571357
753899,2,"Los Angeles, CA",msa,CA,2010-11-30,394178.33611410885
753899,2,"Los Angeles, CA",msa,CA,2010-12-31,392231.7914894281
753899,2,"Los Angeles, CA",msa,CA,2011-01-31,391155.1310304238
753899,2,"Los Angeles, CA",msa,CA,2011-02-28,391074.3292805421
753899,2,"Los Angeles, CA",msa,CA,2011-03-31,389861.48650597193
753899,2,"Los Angeles, CA",msa,CA,2011-04-30,388287.0127239258
753899,2,"Los Angeles, CA",msa,CA,2011-05-31,384435.499644218
753899,2,"Los Angeles, CA",msa,CA,2011-06-30,382348.8529665514
753899,2,"Los Angeles, CA",msa,CA,2011-07-31,380817.5900285905
753899,2,"Los Angeles, CA",msa,CA,2011-08-31,379069.7343810173
753899,2,"Los Angeles, CA",msa,CA,2011-09-30,375672.6001059272
753899,2,"Los Angeles, CA",msa,CA,2011-10-31,371989.723164788
753899,2,"Los Angeles, CA",msa,CA,2011-11-30,370576.32061790745
753899,2,"Los Angeles, CA",msa,CA,2011-12-31,370278.327360034
753899,2,"Los Angeles, CA",msa,CA,2012-01-31,369753.6600880196
753899,2,"Los Angeles, CA",msa,CA,2012-02-29,368181.4906690518
753899,2,"Los Angeles, CA",msa,CA,2012-03-31,365664.4924082039
753899,2,"Los Angeles, CA",msa,CA,2012-04-30,363383.43521826254
753899,2,"Los Angeles, CA",msa,CA,2012-05-31,362288.96384365374
753899,2,"Los Angeles, CA",msa,CA,2012-06-30,362685.6062221809
753899,2,"Los Angeles, CA",msa,CA,2012-07-31,364591.6426545836
753899,2,"Los Angeles, CA",msa,CA,2012-08-31,368641.4714612588
753899,2,"Los Angeles, CA",msa,CA,2012-09-30,374418.455739181
753899,2,"Los Angeles, CA",msa,CA,2012-10-31,381276.78721202473
753899,2,"Los Angeles, CA",msa,CA,2012-11-30,388432.00547241786
753899,2,"Los Angeles, CA",msa,CA,2012-12-31,395492.0359037311
753899,2,"Los Angeles, CA",msa,CA,2013-01-31,401025.027799933
753899,2,"Los Angeles, CA",msa,CA,2013-02-28,404580.1430266849
753899,2,"Los Angeles, CA",msa,CA,2013-03-31,406589.1806439629
753899,2,"Los Angeles, CA",msa,CA,2013-04-30,409609.6034147057
753899,2,"Los Angeles, CA",msa,CA,2013-05-31,414840.6148043846
753899,2,"Los Angeles, CA",msa,CA,2013-06-30,421877.4748363324
753899,2,"Los Angeles, CA",msa,CA,2013-07-31,429618.1352162264
753899,2,"Los Angeles, CA",msa,CA,2013-08-31,437675.2185616428
753899,2,"Los Angeles, CA",msa,CA,2013-09-30,446239.6042548496
753899,2,"Los Angeles, CA",msa,CA,2013-10-31,454848.511465709
753899,2,"Los Angeles, CA",msa,CA,2013-11-30,462167.9563948992
753899,2,"Los Angeles, CA",msa,CA,2013-12-31,468001.1252050751
753899,2,"Los Angeles, CA",msa,CA,2014-01-31,471080.21760225645
753899,2,"Los Angeles, CA",msa,CA,2014-02-28,472477.1866181432
753899,2,"Los Angeles, CA",msa,CA,2014-03-31,472944.7263441542
753899,2,"Los Angeles, CA",msa,CA,2014-04-30,474559.20833376696
753899,2,"Los Angeles, CA",msa,CA,2014-05-31,476719.2175682026
753899,2,"Los Angeles, CA",msa,CA,2014-06-30,478756.3392931185
753899,2,"Los Angeles, CA",msa,CA,2014-07-31,480675.3581676563
753899,2,"Los Angeles, CA",msa,CA,2014-08-31,483264.9192252061
753899,2,"Los Angeles, CA",msa,CA,2014-09-30,487722.0198510485
753899,2,"Los Angeles, CA",msa,CA,2014-10-31,492941.651853854
753899,2,"Los Angeles, CA",msa,CA,2014-11-30,498578.6310884632
753899,2,"Los Angeles, CA",msa,CA,2014-12-31,503496.2707796316
753899,2,"Los Angeles, CA",msa,CA,2015-01-31,506894.88411667856
753899,2,"Los Angeles, CA",msa,CA,2015-02-28,508661.3514614911
753899,2,"Los Angeles, CA",msa,CA,2015-03-31,509037.9399894544
753899,2,"Los Angeles, CA",msa,CA,2015-04-30,509185.0667705925
753899,2,"Los Angeles, CA",msa,CA,2015-05-31,509817.33535706095
753899,2,"Los Angeles, CA",msa,CA,2015-06-30,511075.8682772229
753899,2,"Los Angeles, CA",msa,CA,2015-07-31,511817.98096888216
753899,2,"Los Angeles, CA",msa,CA,2015-08-31,510674.8768179095
753899,2,"Los Angeles, CA",msa,CA,2015-09-30,507763.6923990911
753899,2,"Los Angeles, CA",msa,CA,2015-10-31,504308.47135513695
753899,2,"Los Angeles, CA",msa,CA,2015-11-30,500658.9390803186
753899,2,"Los Angeles, CA",msa,CA,2015-12-31,497281.4991042239
753899,2,"Los Angeles, CA",msa,CA,2016-01-31,499811.18091290304
753899,2,"Los Angeles, CA",msa,CA,2016-02-29,508503.963158506
753899,2,"Los Angeles, CA",msa,CA,2016-03-31,520531.3737365962
753899,2,"Los Angeles, CA",msa,CA,2016-04-30,529644.7771719926
753899,2,"Los Angeles, CA",msa,CA,2016-05-31,535337.4348759428
753899,2,"Los Angeles, CA",msa,CA,2016-06-30,539937.0172972997
753899,2,"Los Angeles, CA",msa,CA,2016-07-31,540512.3410283517
753899,2,"Los Angeles, CA",msa,CA,2016-08-31,537070.0465776711
753899,2,"Los Angeles, CA",msa,CA,2016-09-30,530554.8030777351
753899,2,"Los Angeles, CA",msa,CA,2016-10-31,525968.4211833301
753899,2,"Los Angeles, CA",msa,CA,2016-11-30,524932.1575848759
753899,2,"Los Angeles, CA",msa,CA,2016-12-31,526729.216862585
753899,2,"Los Angeles, CA",msa,CA,2017-01-31,534558.343907687
753899,2,"Los Angeles, CA",msa,CA,2017-02-28,546134.5104193013
753899,2,"Los Angeles, CA",msa,CA,2017-03-31,559661.8602619108
753899,2,"Los Angeles, CA",msa,CA,2017-04-30,569408.7352451998
753899,2,"Los Angeles, CA",msa,CA,2017-05-31,576058.4640155984
753899,2,"Los Angeles, CA",msa,CA,2017-06-30,581025.8324270785
753899,2,"Los Angeles, CA",msa,CA,2017-07-31,582143.0406599292
753899,2,"Los Angeles, CA",msa,CA,2017-08-31,582015.1193676837
753899,2,"Los Angeles, CA",msa,CA,2017-09-30,581688.6373322948
753899,2,"Los Angeles, CA",msa,CA,2017-10-31,585006.3261912783
753899,2,"Los Angeles, CA",msa,CA,2017-11-30,589123.7063320788
753899,2,"Los Angeles, CA",msa,CA,2017-12-31,594122.7148801814
753899,2,"Los Angeles, CA",msa,CA,2018-01-31,600673.2224472741
753899,2,"Los Angeles, CA",msa,CA,2018-02-28,608651.4987253762
753899,2,"Los Angeles, CA",msa,CA,2018-03-31,616228.9051216244
753899,2,"Los Angeles, CA",msa,CA,2018-04-30,621998.5826881534
753899,2,"Los Angeles, CA",msa,CA,2018-05-31,626624.2982953525
753899,2,"Los Angeles, CA",msa,CA,2018-06-30,630095.7753416811
753899,2,"Los Angeles, CA",msa,CA,2018-07-31,633728.5618827413
753899,2,"Los Angeles, CA",msa,CA,2018-08-31,639194.3253745292
753899,2,"Los Angeles, CA",msa,CA,2018-09-30,646488.781175574
753899,2,"Los Angeles, CA",msa,CA,2018-10-31,654236.4281939496
753899,2,"Los Angeles, CA",msa,CA,2018-11-30,659722.019451078
753899,2,"Los Angeles, CA",msa,CA,2018-12-31,662645.7682655568
753899,2,"Los Angeles, CA",msa,CA,2019-01-31,660220.5786383516
753899,2,"Los Angeles, CA",msa,CA,2019-02-28,653897.1742610919
753899,2,"Los Angeles, CA",msa,CA,2019-03-31,646195.426480768
753899,2,"Los Angeles, CA",msa,CA,2019-04-30,641286.1908627452
753899,2,"Los Angeles, CA",msa,CA,2019-05-31,638785.9657703215
753899,2,"Los Angeles, CA",msa,CA,2019-06-30,637519.9190695534
753899,2,"Los Angeles, CA",msa,CA,2019-07-31,638347.9364745134
753899,2,"Los Angeles, CA",msa,CA,2019-08-31,642128.1306629027
753899,2,"Los Angeles, CA",msa,CA,2019-09-30,648341.757112077
753899,2,"Los Angeles, CA",msa,CA,2019-10-31,654993.5597381671
753899,2,"Los Angeles, CA",msa,CA,2019-11-30,661054.695220227
753899,2,"Los Angeles, CA",msa,CA,2019-12-31,666554.6145951182
753899,2,"Los Angeles, CA",msa,CA,2020-01-31,669786.0585078629
753899,2,"Los Angeles, CA",msa,CA,2020-02-29,671322.6754751714
753899,2,"Los Angeles, CA",msa,CA,2020-03-31,672091.7960770987
753899,2,"Los Angeles, CA",msa,CA,2020-04-30,673060.0350090974
753899,2,"Los Angeles, CA",msa,CA,2020-05-31,672117.018293005
753899,2,"Los Angeles, CA",msa,CA,2020-06-30,669280.6176464959
753899,2,"Los Angeles, CA",msa,CA,2020-07-31,668963.2494497668
753899,2,"Los Angeles, CA",msa,CA,2020-08-31,674023.1933865886
753899,2,"Los Angeles, CA",msa,CA,2020-09-30,684870.3896471222
753899,2,"Los Angeles, CA",msa,CA,2020-10-31,697855.69578316
753899,2,"Los Angeles, CA",msa,CA,2020-11-30,712235.8874959714
753899,2,"Los Angeles, CA",msa,CA,2020-12-31,725955.0704063742
753899,2,"Los Angeles, CA",msa,CA,2021-01-31,735194.5899944467
753899,2,"Los Angeles, CA",msa,CA,2021-02-28,740958.832152139
753899,2,"Los Angeles, CA",msa,CA,2021-03-31,744162.390360146
753899,2,"Los Angeles, CA",msa,CA,2021-04-30,750998.3449547803
753899,2,"Los Angeles, CA",msa,CA,2021-05-31,760690.3200796667
753899,2,"Los Angeles, CA",msa,CA,2021-06-30,772667.0511199487
753899,2,"Los Angeles, CA",msa,CA,2021-07-31,784433.852887001
753899,2,"Los Angeles, CA",msa,CA,2021-08-31,793436.7273359845
753899,2,"Los Angeles, CA",msa,CA,2021-09-30,800414.0490724124
753899,2,"Los Angeles, CA",msa,CA,2021-10-31,807154.6056780714
753899,2,"Los Angeles, CA",msa,CA,2021-11-30,815534.3930135733
753899,2,"Los Angeles, CA",msa,CA,2021-12-31,825602.7997188274
753899,2,"Los Angeles, CA",msa,CA,2022-01-31,837707.0169980606
753899,2,"Los Angeles, CA",msa,CA,2022-02-28,852026.3442367067
753899,2,"Los Angeles, CA",msa,CA,2022-03-31,868121.1231912948
753899,2,"Los Angeles, CA",msa,CA,2022-04-30,882720.1418192941
753899,2,"Los Angeles, CA",msa,CA,2022-05-31,894196.4837261211
753899,2,"Los Angeles, CA",msa,CA,2022-06-30,900666.4492387818
753899,2,"Los Angeles, CA",msa,CA,2022-07-31,902502.097912248
753899,2,"Los Angeles, CA",msa,CA,2022-08-31,899414.2592458371
753899,2,"Los Angeles, CA",msa,CA,2022-09-30,893728.0930522793
753899,2,"Los Angeles, CA",msa,CA,2022-10-31,888441.3246776989
753899,2,"Los Angeles, CA",msa,CA,2022-11-30,884681.7064747399
753899,2,"Los Angeles, CA",msa,CA,2022-12-31,881544.1324706961
753899,2,"Los Angeles, CA",msa,CA,2023-01-31,873216.4843038488
753899,2,"Los Angeles, CA",msa,CA,2023-02-28,862272.8662461499
753899,2,"Los Angeles, CA",msa,CA,2023-03-31,852470.5722113737
753899,2,"Los Angeles, CA",msa,CA,2023-04-30,850084.7544748936
753899,2,"Los Angeles, CA",msa,CA,2023-05-31,853881.6083090031
753899,2,"Los Angeles, CA",msa,CA,2023-06-30,861706.8566974718
753899,2,"Los Angeles, CA",msa,CA,2023-07-31,872956.0444918526
753899,2,"Los Angeles, CA",msa,CA,2023-08-31,886566.5912742732
753899,2,"Los Angeles, CA",msa,CA,2023-09-30,900309.094236034
753899,2,"Los Angeles, CA",msa,CA,2023-10-31,911742.9723196244
753899,2,"Los Angeles, CA",msa,CA,2023-11-30,920347.5969110252
753899,2,"Los Angeles, CA",msa,CA,2023-12-31,925750.8858517212
753899,2,"Los Angeles, CA",msa,CA,2024-01-31,925905.1003890143
753899,2,"Los Angeles, CA",msa,CA,2024-02-29,922939.7732187175
753899,2,"Los Angeles, CA",msa,CA,2024-03-31,921818.2274054742
753899,2,"Los Angeles, CA",msa,CA,2024-04-30,925302.7323572552
753899,2,"Los Angeles, CA",msa,CA,2024-05-31,931226.311601148
753899,2,"Los Angeles, CA",msa,CA,2024-06-30,935201.0768598716
753899,2,"Los Angeles, CA",msa,CA,2024-07-31,939601.4099677512
753899,2,"Los Angeles, CA",msa,CA,2024-08-31,944815.7744584664
753899,2,"Los Angeles, CA",msa,CA,2024-09-30,951275.3347808978
753899,2,"Los Angeles, CA",msa,CA,2024-10-31,956526.481276589
753899,2,"Los Angeles, CA",msa,CA,2024-11-30,961050.8924090536
753899,2,"Los Angeles, CA",msa,CA,2024-12-31,965095.0246046868
753899,2,"Los Angeles, CA",msa,CA,2025-01-31,965633.766251714
753899,2,"Los Angeles, CA",msa,CA,2025-02-28,963601.2562384908
753899,2,"Los Angeles, CA",msa,CA,2025-03-31,958497.0267103832
753899,2,"Los Angeles, CA",msa,CA,2025-04-30,954173.4258501776
753899,2,"Los Angeles, CA",msa,CA,2025-05-31,949393.0417670152
753899,2,"Los Angeles, CA",msa,CA,2025-06-30,945032.337376514
753899,2,"Los Angeles, CA",msa,CA,2025-07-31,942436.2602924324
753899,2,"Los Angeles, CA",msa,CA,2025-08-31,941363.3032252444
753899,2,"Los Angeles, CA",msa,CA,2025-09-30,942421.6726081192
753899,2,"Los Angeles, CA",msa,CA,2025-10-31,944841.591008614
753899,2,"Los Angeles, CA",msa,CA,2025-11-30,948164.084431867
753899,2,"Los Angeles, CA",msa,CA,2025-12-31,952130.0481874
753899,2,"Los Angeles, CA",msa,CA,2026-01-31,954663.8970724244
753899,2,"Los Angeles, CA",msa,CA,2026-02-28,955897.637374695
753899,2,"Los Angeles, CA",msa,CA,2026-03-31,955563.2370979444
753899,2,"Los Angeles, CA",msa,CA,2026-04-30,953938.7202159947
753899,2,"Los Angeles, CA",msa,CA,2026-05-31,952480.4871225748
753899,2,"Los Angeles, CA",msa,CA,2026-06-30,950999.8555107884
753899,2,"Los Angeles, CA",msa,CA,2026-07-31,951215.3473073788
753899,2,"Los Angeles, CA",msa,CA,2026-08-31,952601.2481688592
394856,8,"Miami, FL",msa,FL,2000-01-31,115222.61642555072
394856,8,"Miami, FL",msa,FL,2000-02-29,115538.92664349776
394856,8,"Miami, FL",msa,FL,2000-03-31,115873.8829092052
394856,8,"Miami, FL",msa,FL,2000-04-30,116550.56750823771
394856,8,"Miami, FL",msa,FL,2000-05-31,117205.40322242344
394856,8,"Miami, FL",msa,FL,2000-06-30,117852.4535565476
394856,8,"Miami, FL",msa,FL,2000-07-31,118521.69669711408
394856,8,"Miami, FL",msa,FL,2000-08-31,119208.16151757202
394856,8,"Miami, FL",msa,FL,2000-09-30,119945.45701981377
394856,8,"Miami, FL",msa,FL,2000-10-31,120686.57188904932
394856,8,"Miami, FL",msa,FL,2000-11-30,121478.87176150564
394856,8,"Miami, FL",msa,FL,2000-12-31,122325.58987386816
394856,8,"Miami, FL",msa,FL,2001-01-31,123097.89786537556
394856,8,"Miami, FL",msa,FL,2001-02-28,123877.54448675863
394856,8,"Miami, FL",msa,FL,2001-03-31,124777.50638749916
394856,8,"Miami, FL",msa,FL,2001-04-30,125866.40640171566
394856,8,"Miami, FL",msa,FL,2001-05-31,127156.20209053133
394856,8,"Miami, FL",msa,FL,2001-06-30,128502.94217612516
394856,8,"Miami, FL",msa,FL,2001-07-31,130031.88764259708
394856,8,"Miami, FL",msa,FL,2001-08-31,131709.61835296103
394856,8,"Miami, FL",msa,FL,2001-09-30,133505.56216439907
394856,8,"Miami, FL",msa,FL,2001-10-31,135359.13356440503
394856,8,"Miami, FL",msa,FL,2001-11-30,137064.17677871374
394856,8,"Miami, FL",msa,FL,2001-12-31,138663.54234381265
394856,8,"Miami, FL",msa,FL,2002-01-31,140063.80344730162
394856,8,"Miami, FL",msa,FL,2002-02-28,141373.67940598377
394856,8,"Miami, FL",msa,FL,2002-03-31,142595.4433724804
394856,8,"Miami, FL",msa,FL,2002-04-30,143942.14828732787
394856,8,"Miami, FL",msa,FL,2002-05-31,145391.36961756623
394856,8,"Miami, FL",msa,FL,2002-06-30,146921.66777250788
394856,8,"Miami, FL",msa,FL,2002-07-31,148534.51500370775
394856,8,"Miami, FL",msa,FL,2002-08-31,150310.79873213856
394856,8,"Miami, FL",msa,FL,2002-09-30,152063.6322604127
394856,8,"Miami, FL",msa,FL,2002-10-31,153753.3786203441
394856,8,"Miami, FL",msa,FL,2002-11-30,155302.30714737333
394856,8,"Miami, FL",msa,FL,2002-12-31,157113.64987292906
394856,8,"Miami, FL",msa,FL,2003-01-31,158936.82643320604
394856,8,"Miami, FL",msa,FL,2003-02-28,160818.37487676888
394856,8,"Miami, FL",msa,FL,2003-03-31,162730.21553849903
394856,8,"Miami, FL",msa,FL,2003-04-30,164807.95850370624
394856,8,"Miami, FL",msa,FL,2003-05-31,167005.97243731256
394856,8,"Miami, FL",msa,FL,2003-06-30,169082.9090712451
394856,8,"Miami, FL",msa,FL,2003-07-31,171101.28916306712
394856,8,"Miami, FL",msa,FL,2003-08-31,173126.68899508528
394856,8,"Miami, FL",msa,FL,2003-09-30,175290.53083734785
394856,8,"Miami, FL",msa,FL,2003-10-31,177458.60963733666
394856,8,"Miami, FL",msa,FL,2003-11-30,179621.25938668955
394856,8,"Miami, FL",msa,FL,2003-12-31,181594.73389576585
394856,8,"Miami, FL",msa,FL,2004-01-31,183657.72789725583
394856,8,"Miami, FL",msa,FL,2004-02-29,185630.75249464935
394856,8,"Miami, FL",msa,FL,2004-03-31,187780.44263121003
394856,8,"Miami, FL",msa,FL,2004-04-30,190041.36296634687
394856,8,"Miami, FL",msa,FL,2004-05-31,192845.93668929712
394856,8,"Miami, FL",msa,FL,2004-06-30,196008.31674041087
394856,8,"Miami, FL",msa,FL,2004-07-31,199481.84156625037
394856,8,"Miami, FL",msa,FL,2004-08-31,203146.0852199996
394856,8,"Miami, FL",msa,FL,2004-09-30,206893.3244286326
394856,8,"Miami, FL",msa,FL,2004-10-31,210615.8900574761
394856,8,"Miami, FL",msa,FL,2004-11-30,214153.93233122185
394856,8,"Miami, FL",msa,FL,2004-12-31,217870.8975275852
394856,8,"Miami, FL",msa,FL,2005-01-31,221466.5115099396
394856,8,"Miami, FL",msa,FL,2005-02-28,225260.3739981267
394856,8,"Miami, FL",msa,FL,2005-03-31,229328.72877398087
394856,8,"Miami, FL",msa,FL,2005-04-30,233871.51326902892
394856,8,"Miami, FL",msa,FL,2005-05-31,238982.73861156945
394856,8,"Miami, FL",msa,FL,2005-06-30,244493.63583966985
394856,8,"Miami, FL",msa,FL,2005-07-31,250578.41936423667
394856,8,"Miami, FL",msa,FL,2005-08-31,256647.28887370275
394856,8,"Miami, FL",msa,FL,2005-09-30,262570.26066372794
394856,8,"Miami, FL",msa,FL,2005-10-31,267895.4114993194
394856,8,"Miami, FL",msa,FL,2005-11-30,272648.70241217414
394856,8,"Miami, FL",msa,FL,2005-12-31,276918.11690838163
394856,8,"Miami, FL",msa,FL,2006-01-31,280982.90094676067
394856,8,"Miami, FL",msa,FL,2006-02-28,284651.7138462437
394856,8,"Miami, FL",msa,FL,2006-03-31,288532.7447728329
394856,8,"Miami, FL",msa,FL,2006-04-30,293288.32288618444
394856,8,"Miami, FL",msa,FL,2006-05-31,298234.57535184035
394856,8,"Miami, FL",msa,FL,2006-06-30,302734.7168780715
394856,8,"Miami, FL",msa,FL,2006-07-31,305859.69312989915
394856,8,"Miami, FL",msa,FL,2006-08-31,308005.1003893897
394856,8,"Miami, FL",msa,FL,2006-09-30,309307.9884927844
394856,8,"Miami, FL",msa,FL,2006-10-31,309856.3550518405
394856,8,"Miami, FL",msa,FL,2006-11-30,310396.8531006416
394856,8,"Miami, FL",msa,FL,2006-12-31,310568.58788103703
394856,8,"Miami, FL",msa,FL,2007-01-31,310339.71332202817
394856,8,"Miami, FL",msa,FL,2007-02-28,309737.4141896761
394856,8,"Miami, FL",msa,FL,2007-03-31,308329.39516600914
394856,8,"Miami, FL",msa,FL,2007-04-30,306392.4836391481
394856,8,"Miami, FL",msa,FL,2007-05-31,303885.3785941061
394856,8,"Miami, FL",msa,FL,2007-06-30,301083.09293112013
394856,8,"Miami, FL",msa,FL,2007-07-31,297814.92344925675
394856,8,"Miami, FL",msa,FL,2007-08-31,294171.75533906143
394856,8,"Miami, FL",msa,FL,2007-09-30,290237.60515619646
394856,8,"Miami, FL",msa,FL,2007-10-31,286665.0334333127
394856,8,"Miami, FL",msa,FL,2007-11-30,282564.6664849954
394856,8,"Miami, FL",msa,FL,2007-12-31,278481.05220843275
394856,8,"Miami, FL",msa,FL,2008-01-31,273248.54666872503
394856,8,"Miami, FL",msa,FL,2008-02-29,268138.9066850265
394856,8,"Miami, FL",msa,FL,2008-03-31,262207.2358708889
394856,8,"Miami, FL",msa,FL,2008-04-30,256738.18364470053
394856,8,"Miami, FL",msa,FL,2008-05-31,251046.4700650941
394856,8,"Miami, FL",msa,FL,2008-06-30,245922.28093969988
394856,8,"Miami, FL",msa,FL,2008-07-31,240335.6733693288
394856,8,"Miami, FL",msa,FL,2008-08-31,234232.4912097378
394856,8,"Miami, FL",msa,FL,2008-09-30,227643.75140243708
394856,8,"Miami, FL",msa,FL,2008-10-31,220963.78250593887
394856,8,"Miami, FL",msa,FL,2008-11-30,214711.9367944481
394856,8,"Miami, FL",msa,FL,2008-12-31,209071.14349689375
394856,8,"Miami, FL",msa,FL,2009-01-31,203921.1246489017
394856,8,"Miami, FL",msa,FL,2009-02-28,199390.60904159225
394856,8,"Miami, FL",msa,FL,2009-03-31,194864.05649146208
394856,8,"Miami, FL",msa,FL,2009-04-30,190650.36006241443
394856,8,"Miami, FL",msa,FL,2009-05-31,186297.42522006997
394856,8,"Miami, FL",msa,FL,2009-06-30,182566.96434293795
394856,8,"Miami, FL",msa,FL,2009-07-31,179230.76668979935
394856,8,"Miami, FL",msa,FL,2009-08-31,176409.1145890827
394856,8,"Miami, FL",msa,FL,2009-09-30,173872.6641015724
394856,8,"Miami, FL",msa,FL,2009-10-31,171931.60521142825
394856,8,"Miami, FL",msa,FL,2009-11-30,170454.58125176444
394856,8,"Miami, FL",msa,FL,2009-12-31,169063.1019536578
394856,8,"Miami, FL",msa,FL,2010-01-31,168092.6878107692
394856,8,"Miami, FL",msa,FL,2010-02-28,167540.17062887936
394856,8,"Miami, FL",msa,FL,2010-03-31,167457.59731857912
394856,8,"Miami, FL",msa,FL,2010-04-30,167251.9486735811
394856,8,"Miami, FL",msa,FL,2010-05-31,166723.67471284675
394856,8,"Miami, FL",msa,FL,2010-06-30,165632.39590392538
394856,8,"Miami, FL",msa,FL,2010-07-31,164388.57007763904
394856,8,"Miami, FL",msa,FL,2010-08-31,163005.0879004141
394856,8,"Miami, FL",msa,FL,2010-09-30,161715.33320088705
394856,8,"Miami, FL",msa,FL,2010-10-31,160066.60425072495
394856,8,"Miami, FL",msa,FL,2010-11-30,158549.91991095326
394856,8,"Miami, FL",msa,FL,2010-12-31,157175.2450247359
394856,8,"Miami, FL",msa,FL,2011-01-31,155912.5090179949
394856,8,"Miami, FL",msa,FL,2011-02-28,154745.95894822347
394856,8,"Miami, FL",msa,FL,2011-03-31,153693.54596080634
394856,8,"Miami, FL",msa,FL,2011-04-30,152920.24287160955
394856,8,"Miami, FL",msa,FL,2011-05-31,152054.7038657226
394856,8,"Miami, FL",msa,FL,2011-06-30,151080.50812865442
394856,8,"Miami, FL",msa,FL,2011-07-31,150059.81152280452
394856,8,"Miami, FL",msa,FL,2011-08-31,149314.5362981701
394856,8,"Miami, FL",msa,FL,2011-09-30,148857.3865179117
394856,8,"Miami, FL",msa,FL,2011-10-31,148665.78964391272
394856,8,"Miami, FL",msa,FL,2011-11-30,148685.29012933886
394856,8,"Miami, FL",msa,FL,2011-12-31,148756.31315011613
394856,8,"Miami, FL",msa,FL,2012-01-31,149042.91478900833
394856,8,"Miami, FL",msa,FL,2012-02-29,149209.2118680344
394856,8,"Miami, FL",msa,FL,2012-03-31,149328.23368335128
394856,8,"Miami, FL",msa,FL,2012-04-30,149434.3430857301
394856,8,"Miami, FL",msa,FL,2012-05-31,149753.63649124696
394856,8,"Miami, FL",msa,FL,2012-06-30,150584.9794739977
394856,8,"Miami, FL",msa,FL,2012-07-31,151606.3288194063
394856,8,"Miami, FL",msa,FL,2012-08-31,152732.9697757752
394856,8,"Miami, FL",msa,FL,2012-09-30,153876.34495537702
394856,8,"Miami, FL",msa,FL,2012-10-31,155068.81177413164
394856,8,"Miami, FL",msa,FL,2012-11-30,156595.12506622588
394856,8,"Miami, FL",msa,FL,2012-12-31,158453.96914187967
394856,8,"Miami, FL",msa,FL,2013-01-31,160862.06008426717
394856,8,"Miami, FL",msa,FL,2013-02-28,163415.08657753663
394856,8,"Miami, FL",msa,FL,2013-03-31,166101.69295995662
394856,8,"Miami, FL",msa,FL,2013-04-30,168716.21515828025
394856,8,"Miami, FL",msa,FL,2013-05-31,171520.22832828795
394856,8,"Miami, FL",msa,FL,2013-06-30,174232.924637176
394856,8,"Miami, FL",msa,FL,2013-07-31,176912.6656814475
394856,8,"Miami, FL",msa,FL,2013-08-31,179523.04613377093
394856,8,"Miami, FL",msa,FL,2013-09-30,182112.6818738624
394856,8,"Miami, FL",msa,FL,2013-10-31,184744.9460405825
394856,8,"Miami, FL",msa,FL,2013-11-30,187106.7594511581
394856,8,"Miami, FL",msa,FL,2013-12-31,189417.391512448
394856,8,"Miami, FL",msa,FL,2014-01-31,191587.79519648803
394856,8,"Miami, FL",msa,FL,2014-02-28,193844.99639985777
394856,8,"Miami, FL",msa,FL,2014-03-31,196108.2591881782
394856,8,"Miami, FL",msa,FL,2014-04-30,198368.9590439525
394856,8,"Miami, FL",msa,FL,2014-05-31,200765.2272111392
394856,8,"Miami, FL",msa,FL,2014-06-30,202842.5566615924
394856,8,"Miami, FL",msa,FL,2014-07-31,204912.6983168464
394856,8,"Miami, FL",msa,FL,2014-08-31,206722.4731343597
394856,8,"Miami, FL",msa,FL,2014-09-30,208554.26966749015
394856,8,"Miami, FL",msa,FL,2014-10-31,210174.4930777828
394856,8,"Miami, FL",msa,FL,2014-11-30,211968.22384702347
394856,8,"Miami, FL",msa,FL,2014-12-31,213890.0514634052
394856,8,"Miami, FL",msa,FL,2015-01-31,215863.48678970756
394856,8,"Miami, FL",msa,FL,2015-02-28,217622.04458343895
394856,8,"Miami, FL",msa,FL,2015-03-31,219226.9270128073
394856,8,"Miami, FL",msa,FL,2015-04-30,220854.84814644256
394856,8,"Miami, FL",msa,FL,2015-05-31,222638.4475531512
394856,8,"Miami, FL",msa,FL,2015-06-30,224400.848474734
394856,8,"Miami, FL",msa,FL,2015-07-31,226299.61387017544
394856,8,"Miami, FL",msa,FL,2015-08-31,228243.82833036128
394856,8,"Miami, FL",msa,FL,2015-09-30,230359.2609293968
394856,8,"Miami, FL",msa,FL,2015-10-31,232518.11511354905
394856,8,"Miami, FL",msa,FL,2015-11-30,234566.32433512472
394856,8,"Miami, FL",msa,FL,2015-12-31,236318.4632901028
394856,8,"Miami, FL",msa,FL,2016-01-31,237910.7098997052
394856,8,"Miami, FL",msa,FL,2016-02-29,239462.19555097123
394856,8,"Miami, FL",msa,FL,2016-03-31,241171.93066136265
394856,8,"Miami, FL",msa,FL,2016-04-30,242923.89784499852
394856,8,"Miami, FL",msa,FL,2016-05-31,244660.9848281087
394856,8,"Miami, FL",msa,FL,2016-06-30,246470.0781408701
394856,8,"Miami, FL",msa,FL,2016-07-31,248180.7445211401
394856,8,"Miami, FL",msa,FL,2016-08-31,249802.4300303183
394856,8,"Miami, FL",msa,FL,2016-09-30,251414.6022324631
394856,8,"Miami, FL",msa,FL,2016-10-31,253297.17839247093
394856,8,"Miami, FL",msa,FL,2016-11-30,254995.66802047836
394856,8,"Miami, FL",msa,FL,2016-12-31,256286.47209656323
394856,8,"Miami, FL",msa,FL,2017-01-31,257316.45670301444
394856,8,"Miami, FL",msa,FL,2017-02-28,258807.25254892325
394856,8,"Miami, FL",msa,FL,2017-03-31,260838.0880655629
394856,8,"Miami, FL",msa,FL,2017-04-30,262858.94259168115
394856,8,"Miami, FL",msa,FL,2017-05-31,264494.2693626676
394856,8,"Miami, FL",msa,FL,2017-06-30,266031.54616120114
394856,8,"Miami, FL",msa,FL,2017-07-31,267531.8455562752
394856,8,"Miami, FL",msa,FL,2017-08-31,269190.2823518001
394856,8,"Miami, FL",msa,FL,2017-09-30,270762.2258588583
394856,8,"Miami, FL",msa,FL,2017-10-31,272444.9178023602
394856,8,"Miami, FL",msa,FL,2017-11-30,274243.089919224
394856,8,"Miami, FL",msa,FL,2017-12-31,276342.5217878252
394856,8,"Miami, FL",msa,FL,2018-01-31,278196.15593157866
394856,8,"Miami, FL",msa,FL,2018-02-28,279615.5026103171
394856,8,"Miami, FL",msa,FL,2018-03-31,280817.45508331986
394856,8,"Miami, FL",msa,FL,2018-04-30,281986.2207009348
394856,8,"Miami, FL",msa,FL,2018-05-31,283433.83732193016
394856,8,"Miami, FL",msa,FL,2018-06-30,284733.39700026665
394856,8,"Miami, FL",msa,FL,2018-07-31,286430.12044989306
394856,8,"Miami, FL",msa,FL,2018-08-31,287971.9496464099
394856,8,"Miami, FL",msa,FL,2018-09-30,289445.0321521067
394856,8,"Miami, FL",msa,FL,2018-10-31,290707.508527373
394856,8,"Miami, FL",msa,FL,2018-11-30,292203.722720985
394856,8,"Miami, FL",msa,FL,2018-12-31,293905.5533966277
394856,8,"Miami, FL",msa,FL,2019-01-31,295310.64942167763
394856,8,"Miami, FL",msa,FL,2019-02-28,296480.50944493845
394856,8,"Miami, FL",msa,FL,2019-03-31,297148.9564129822
394856,8,"Miami, FL",msa,FL,2019-04-30,297518.8971649479
394856,8,"Miami, FL",msa,FL,2019-05-31,297373.0166665022
394856,8,"Miami, FL",msa,FL,2019-06-30,297299.77540251444
394856,8,"Miami, FL",msa,FL,2019-07-31,297452.5757608324
394856,8,"Miami, FL",msa,FL,2019-08-31,297983.52802082885
394856,8,"Miami, FL",msa,FL,2019-09-30,298691.96866090625
394856,8,"Miami, FL",msa,FL,2019-10-31,299778.6306685589
394856,8,"Miami, FL",msa,FL,2019-11-30,301440.6657653178
394856,8,"Miami, FL",msa,FL,2019-12-31,303499.8486779802
394856,8,"Miami, FL",msa,FL,2020-01-31,305969.9218235353
394856,8,"Miami, FL",msa,FL,2020-02-29,308204.068032624
394856,8,"Miami, FL",msa,FL,2020-03-31,310130.639034719
394856,8,"Miami, FL",msa,FL,2020-04-30,311103.2992464046
394856,8,"Miami, FL",msa,FL,2020-05-31,311019.2007069141
394856,8,"Miami, FL",msa,FL,2020-06-30,310556.3533783061
394856,8,"Miami, FL",msa,FL,2020-07-31,310621.9564072949
394856,8,"Miami, FL",msa,FL,2020-08-31,312013.17226674856
394856,8,"Miami, FL",msa,FL,2020-09-30,314609.5603023265
394856,8,"Miami, FL",msa,FL,2020-10-31,317842.9208938322
394856,8,"Miami, FL",msa,FL,2020-11-30,321809.1972428748
394856,8,"Miami, FL",msa,FL,2020-12-31,325877.424809613
394856,8,"Miami, FL",msa,FL,2021-01-31,330017.8292239327
394856,8,"Miami, FL",msa,FL,2021-02-28,333960.3786901192
394856,8,"Miami, FL",msa,FL,2021-03-31,338025.53122311534
394856,8,"Miami, FL",msa,FL,2021-04-30,342363.1059535247
394856,8,"Miami, FL",msa,FL,2021-05-31,347553.36846897844
394856,8,"Miami, FL",msa,FL,2021-06-30,353677.14284486626
394856,8,"Miami, FL",msa,FL,2021-07-31,359945.3100368159
394856,8,"Miami, FL",msa,FL,2021-08-31,365417.41877392697
394856,8,"Miami, FL",msa,FL,2021-09-30,369885.21641389065
394856,8,"Miami, FL",msa,FL,2021-10-31,374179.1777719096
394856,8,"Miami, FL",msa,FL,2021-11-30,379221.0367590869
394856,8,"Miami, FL",msa,FL,2021-12-31,384996.8172851144
394856,8,"Miami, FL",msa,FL,2022-01-31,392739.7142988921
394856,8,"Miami, FL",msa,FL,2022-02-28,401829.266406151
394856,8,"Miami, FL",msa,FL,2022-03-31,412605.9895791106
394856,8,"Miami, FL",msa,FL,2022-04-30,423747.7894159852
394856,8,"Miami, FL",msa,FL,2022-05-31,434328.46284003806
394856,8,"Miami, FL",msa,FL,2022-06-30,443842.37018809904
394856,8,"Miami, FL",msa,FL,2022-07-31,450832.1158851145
394856,8,"Miami, FL",msa,FL,2022-08-31,455123.1504829458
394856,8,"Miami, FL",msa,FL,2022-09-30,456759.562663249
394856,8,"Miami, FL",msa,FL,2022-10-31,457662.4473404948
394856,8,"Miami, FL",msa,FL,2022-11-30,458571.1166545269
394856,8,"Miami, FL",msa,FL,2022-12-31,459757.5371732497
394856,8,"Miami, FL",msa,FL,2023-01-31,460317.8977569175
394856,8,"Miami, FL",msa,FL,2023-02-28,460574.11567784566
394856,8,"Miami, FL",msa,FL,2023-03-31,461175.71378027694
394856,8,"Miami, FL",msa,FL,2023-04-30,462769.7428526148
394856,8,"Miami, FL",msa,FL,2023-05-31,465379.14991763
394856,8,"Miami, FL",msa,FL,2023-06-30,469020.0124622714
394856,8,"Miami, FL",msa,FL,2023-07-31,472786.5879027764
394856,8,"Miami, FL",msa,FL,2023-08-31,476555.1465119938
394856,8,"Miami, FL",msa,FL,2023-09-30,479553.6117239667
394856,8,"Miami, FL",msa,FL,2023-10-31,482475.5951839047
394856,8,"Miami, FL",msa,FL,2023-11-30,485437.0083378085
394856,8,"Miami, FL",msa,FL,2023-12-31,488178.6539856345
394856,8,"Miami, FL",msa,FL,2024-01-31,490615.20631565625
394856,8,"Miami, FL",msa,FL,2024-02-29,492592.8156757933
394856,8,"Miami, FL",msa,FL,2024-03-31,494788.0521865843
394856,8,"Miami, FL",msa,FL,2024-04-30,496812.0929131254
394856,8,"Miami, FL",msa,FL,2024-05-31,498538.15101599897
394856,8,"Miami, FL",msa,FL,2024-06-30,499116.0785252938
394856,8,"Miami, FL",msa,FL,2024-07-31,499311.1431641714
394856,8,"Miami, FL",msa,FL,2024-08-31,499331.4162216783
394856,8,"Miami, FL",msa,FL,2024-09-30,499388.53264046833
394856,8,"Miami, FL",msa,FL,2024-10-31,498935.9146951418
394856,8,"Miami, FL",msa,FL,2024-11-30,497952.8265207287
394856,8,"Miami, FL",msa,FL,2024-12-31,497094.7043125368
394856,8,"Miami, FL",msa,FL,2025-01-31,496469.2245116032
394856,8,"Miami, FL",msa,FL,2025-02-28,495713.0676595814
394856,8,"Miami, FL",msa,FL,2025-03-31,493726.3668181583
394856,8,"Miami, FL",msa,FL,2025-04-30,491074.8352027859
394856,8,"Miami, FL",msa,FL,2025-05-31,487818.8536931679
394856,8,"Miami, FL",msa,FL,2025-06-30,484582.95429186063
394856,8,"Miami, FL",msa,FL,2025-07-31,480982.3977887915
394856,8,"Miami, FL",msa,FL,2025-08-31,478005.1353979223
394856,8,"Miami, FL",msa,FL,2025-09-30,475995.6085446265
394856,8,"Miami, FL",msa,FL,2025-10-31,475045.1759780056
394856,8,"Miami, FL",msa,FL,2025-11-30,474327.61608730914
394856,8,"Miami, FL",msa,FL,2025-12-31,473862.5981574447
394856,8,"Miami, FL",msa,FL,2026-01-31,473709.09039836255
394856,8,"Miami, FL",msa,FL,2026-02-28,473953.5663530615
394856,8,"Miami, FL",msa,FL,2026-03-31,474250.7339984084
394856,8,"Miami, FL",msa,FL,2026-04-30,474048.902601492
394856,8,"Miami, FL",msa,FL,2026-05-31,473817.8102750573
394856,8,"Miami, FL",msa,FL,2026-06-30,473783.5068475613
394856,8,"Miami, FL",msa,FL,2026-07-31,474538.5979165757
394856,8,"Miami, FL",msa,FL,2026-08-31,475829.62549971975
394865,16,"Minneapolis, MN",msa,MN,2000-01-31,147070.67775697086
394865,16,"Minneapolis, MN",msa,MN,2000-02-29,147557.2964953315
394865,16,"Minneapolis, MN",msa,MN,2000-03-31,147995.48541083533
394865,16,"Minneapolis, MN",msa,MN,2000-04-30,149043.7389692475
394865,16,"Minneapolis, MN",msa,MN,2000-05-31,150203.52805097526
394865,16,"Minneapolis, MN",msa,MN,2000-06-30,151578.6639154406
394865,16,"Minneapolis, MN",msa,MN,2000-07-31,153099.58740997358
394865,16,"Minneapolis, MN",msa,MN,2000-08-31,155231.23112914443
394865,16,"Minneapolis, MN",msa,MN,2000-09-30,157408.41809995312
394865,16,"Minneapolis, MN",msa,MN,2000-10-31,159613.62744027624
394865,16,"Minneapolis, MN",msa,MN,2000-11-30,161377.2263013796
394865,16,"Minneapolis, MN",msa,MN,2000-12-31,163252.04567870265
394865,16,"Minneapolis, MN",msa,MN,2001-01-31,165009.3061131516
394865,16,"Minneapolis, MN",msa,MN,2001-02-28,166621.89601493394
394865,16,"Minneapolis, MN",msa,MN,2001-03-31,168246.97015604275
394865,16,"Minneapolis, MN",msa,MN,2001-04-30,169960.46955297535
394865,16,"Minneapolis, MN",msa,MN,2001-05-31,171656.08528464808
394865,16,"Minneapolis, MN",msa,MN,2001-06-30,173328.5053295017
394865,16,"Minneapolis, MN",msa,MN,2001-07-31,175083.24500872803
394865,16,"Minneapolis, MN",msa,MN,2001-08-31,177055.39995160166
394865,16,"Minneapolis, MN",msa,MN,2001-09-30,179189.33560204264
394865,16,"Minneapolis, MN",msa,MN,2001-10-31,181432.9153524005
394865,16,"Minneapolis, MN",msa,MN,2001-11-30,183567.92185918803
394865,16,"Minneapolis, MN",msa,MN,2001-12-31,185366.76303701825
394865,16,"Minneapolis, MN",msa,MN,2002-01-31,186809.2978562731
394865,16,"Minneapolis, MN",msa,MN,2002-02-28,187956.21992491148
394865,16,"Minneapolis, MN",msa,MN,2002-03-31,188997.7461268493
394865,16,"Minneapolis, MN",msa,MN,2002-04-30,189980.64395601023
394865,16,"Minneapolis, MN",msa,MN,2002-05-31,191374.32053027884
394865,16,"Minneapolis, MN",msa,MN,2002-06-30,192835.3814690042
394865,16,"Minneapolis, MN",msa,MN,2002-07-31,194463.88395196453
394865,16,"Minneapolis, MN",msa,MN,2002-08-31,195909.55981662692
394865,16,"Minneapolis, MN",msa,MN,2002-09-30,197409.79669233796
394865,16,"Minneapolis, MN",msa,MN,2002-10-31,198869.471508458
394865,16,"Minneapolis, MN",msa,MN,2002-11-30,200382.18884499883
394865,16,"Minneapolis, MN",msa,MN,2002-12-31,202039.4874026752
394865,16,"Minneapolis, MN",msa,MN,2003-01-31,203691.4497077796
394865,16,"Minneapolis, MN",msa,MN,2003-02-28,205215.33016380653
394865,16,"Minneapolis, MN",msa,MN,2003-03-31,206634.1710002498
394865,16,"Minneapolis, MN",msa,MN,2003-04-30,208026.5566992309
394865,16,"Minneapolis, MN",msa,MN,2003-05-31,209542.31714837265
394865,16,"Minneapolis, MN",msa,MN,2003-06-30,210988.4714246212
394865,16,"Minneapolis, MN",msa,MN,2003-07-31,212494.9700605709
394865,16,"Minneapolis, MN",msa,MN,2003-08-31,213917.54677966435
394865,16,"Minneapolis, MN",msa,MN,2003-09-30,215410.8240837876
394865,16,"Minneapolis, MN",msa,MN,2003-10-31,216790.97298854668
394865,16,"Minneapolis, MN",msa,MN,2003-11-30,218254.7312294212
394865,16,"Minneapolis, MN",msa,MN,2003-12-31,219705.22811786507
394865,16,"Minneapolis, MN",msa,MN,2004-01-31,221089.35626630823
394865,16,"Minneapolis, MN",msa,MN,2004-02-29,222462.8087955818
394865,16,"Minneapolis, MN",msa,MN,2004-03-31,223781.1835815647
394865,16,"Minneapolis, MN",msa,MN,2004-04-30,225329.00889441333
394865,16,"Minneapolis, MN",msa,MN,2004-05-31,226981.5141731249
394865,16,"Minneapolis, MN",msa,MN,2004-06-30,228809.3585070372
394865,16,"Minneapolis, MN",msa,MN,2004-07-31,230529.86350528547
394865,16,"Minneapolis, MN",msa,MN,2004-08-31,232069.8251326891
394865,16,"Minneapolis, MN",msa,MN,2004-09-30,233536.65864066532
394865,16,"Minneapolis, MN",msa,MN,2004-10-31,234861.92048996827
394865,16,"Minneapolis, MN",msa,MN,2004-11-30,236021.66045072555
394865,16,"Minneapolis, MN",msa,MN,2004-12-31,237133.8021697162
394865,16,"Minneapolis, MN",msa,MN,2005-01-31,238498.3817671423
394865,16,"Minneapolis, MN",msa,MN,2005-02-28,240042.19623737448
394865,16,"Minneapolis, MN",msa,MN,2005-03-31,241364.69116507805
394865,16,"Minneapolis, MN",msa,MN,2005-04-30,242782.7299738052
394865,16,"Minneapolis, MN",msa,MN,2005-05-31,244279.39683496047
394865,16,"Minneapolis, MN",msa,MN,2005-06-30,245821.3977259805
394865,16,"Minneapolis, MN",msa,MN,2005-07-31,247030.77865369504
394865,16,"Minneapolis, MN",msa,MN,2005-08-31,247840.6771591372
394865,16,"Minneapolis, MN",msa,MN,2005-09-30,248668.21446770368
394865,16,"Minneapolis, MN",msa,MN,2005-10-31,249467.15781085883
394865,16,"Minneapolis, MN",msa,MN,2005-11-30,250477.09495754083
394865,16,"Minneapolis, MN",msa,MN,2005-12-31,251316.1239761756
394865,16,"Minneapolis, MN",msa,MN,2006-01-31,251937.27891861807
394865,16,"Minneapolis, MN",msa,MN,2006-02-28,252401.1339764142
394865,16,"Minneapolis, MN",msa,MN,2006-03-31,252754.60309434123
394865,16,"Minneapolis, MN",msa,MN,2006-04-30,253241.6399043727
394865,16,"Minneapolis, MN",msa,MN,2006-05-31,253631.9587108888
394865,16,"Minneapolis, MN",msa,MN,2006-06-30,254103.40104331053
394865,16,"Minneapolis, MN",msa,MN,2006-07-31,254237.8101325746
394865,16,"Minneapolis, MN",msa,MN,2006-08-31,254101.6700760806
394865,16,"Minneapolis, MN",msa,MN,2006-09-30,253555.3605706836
394865,16,"Minneapolis, MN",msa,MN,2006-10-31,253035.95665140336
394865,16,"Minneapolis, MN",msa,MN,2006-11-30,252489.4271399997
394865,16,"Minneapolis, MN",msa,MN,2006-12-31,252206.0993228519
394865,16,"Minneapolis, MN",msa,MN,2007-01-31,252084.13780833795
394865,16,"Minneapolis, MN",msa,MN,2007-02-28,252130.18417849
394865,16,"Minneapolis, MN",msa,MN,2007-03-31,251970.357489982
394865,16,"Minneapolis, MN",msa,MN,2007-04-30,251615.0137791281
394865,16,"Minneapolis, MN",msa,MN,2007-05-31,251034.34922287424
394865,16,"Minneapolis, MN",msa,MN,2007-06-30,250367.57597233847
394865,16,"Minneapolis, MN",msa,MN,2007-07-31,249392.6063084436
394865,16,"Minneapolis, MN",msa,MN,2007-08-31,248368.91252740976
394865,16,"Minneapolis, MN",msa,MN,2007-09-30,247223.35499719932
394865,16,"Minneapolis, MN",msa,MN,2007-10-31,246207.39042054096
394865,16,"Minneapolis, MN",msa,MN,2007-11-30,244893.0061464176
394865,16,"Minneapolis, MN",msa,MN,2007-12-31,243211.9002695937
394865,16,"Minneapolis, MN",msa,MN,2008-01-31,241139.2296914016
394865,16,"Minneapolis, MN",msa,MN,2008-02-29,238700.03896767637
394865,16,"Minneapolis, MN",msa,MN,2008-03-31,236297.96606153963
394865,16,"Minneapolis, MN",msa,MN,2008-04-30,234145.98454338557
394865,16,"Minneapolis, MN",msa,MN,2008-05-31,232443.1301820261
394865,16,"Minneapolis, MN",msa,MN,2008-06-30,231112.6902501774
394865,16,"Minneapolis, MN",msa,MN,2008-07-31,229599.9705041305
394865,16,"Minneapolis, MN",msa,MN,2008-08-31,227419.69481446716
394865,16,"Minneapolis, MN",msa,MN,2008-09-30,224724.47871425687
394865,16,"Minneapolis, MN",msa,MN,2008-10-31,221853.5068361543
394865,16,"Minneapolis, MN",msa,MN,2008-11-30,219246.97847083808
394865,16,"Minneapolis, MN",msa,MN,2008-12-31,216802.18223896364
394865,16,"Minneapolis, MN",msa,MN,2009-01-31,214444.48311160828
394865,16,"Minneapolis, MN",msa,MN,2009-02-28,212198.5157599355
394865,16,"Minneapolis, MN",msa,MN,2009-03-31,209742.38383584595
394865,16,"Minneapolis, MN",msa,MN,2009-04-30,207608.7973905732
394865,16,"Minneapolis, MN",msa,MN,2009-05-31,206223.2243104031
394865,16,"Minneapolis, MN",msa,MN,2009-06-30,205686.00764152003
394865,16,"Minneapolis, MN",msa,MN,2009-07-31,205531.82879066025
394865,16,"Minneapolis, MN",msa,MN,2009-08-31,205471.1092054674
394865,16,"Minneapolis, MN",msa,MN,2009-09-30,205161.2672743016
394865,16,"Minneapolis, MN",msa,MN,2009-10-31,204548.04350850885
394865,16,"Minneapolis, MN",msa,MN,2009-11-30,203739.9734960716
394865,16,"Minneapolis, MN",msa,MN,2009-12-31,203271.19829892204
394865,16,"Minneapolis, MN",msa,MN,2010-01-31,203112.91373327925
394865,16,"Minneapolis, MN",msa,MN,2010-02-28,203359.0725535206
394865,16,"Minneapolis, MN",msa,MN,2010-03-31,204018.2838420481
394865,16,"Minneapolis, MN",msa,MN,2010-04-30,204775.0482758221
394865,16,"Minneapolis, MN",msa,MN,2010-05-31,205372.9974235211
394865,16,"Minneapolis, MN",msa,MN,2010-06-30,205322.57755341308
394865,16,"Minneapolis, MN",msa,MN,2010-07-31,204735.76022130364
394865,16,"Minneapolis, MN",msa,MN,2010-08-31,203364.32126750867
394865,16,"Minneapolis, MN",msa,MN,2010-09-30,201322.77246951908
394865,16,"Minneapolis, MN",msa,MN,2010-10-31,199001.69216023077
394865,16,"Minneapolis, MN",msa,MN,2010-11-30,196902.1790851977
394865,16,"Minneapolis, MN",msa,MN,2010-12-31,194661.2968569194
394865,16,"Minneapolis, MN",msa,MN,2011-01-31,192601.6537293878
394865,16,"Minneapolis, MN",msa,MN,2011-02-28,190370.8153117024
394865,16,"Minneapolis, MN",msa,MN,2011-03-31,188805.9032682994
394865,16,"Minneapolis, MN",msa,MN,2011-04-30,187157.60143130517
394865,16,"Minneapolis, MN",msa,MN,2011-05-31,185551.4139868732
394865,16,"Minneapolis, MN",msa,MN,2011-06-30,183743.6339317914
394865,16,"Minneapolis, MN",msa,MN,2011-07-31,181989.5486256492
394865,16,"Minneapolis, MN",msa,MN,2011-08-31,180463.2239783524
394865,16,"Minneapolis, MN",msa,MN,2011-09-30,179071.90794730364
394865,16,"Minneapolis, MN",msa,MN,2011-10-31,177825.3421730098
394865,16,"Minneapolis, MN",msa,MN,2011-11-30,176556.0268898116
394865,16,"Minneapolis, MN",msa,MN,2011-12-31,175224.09427761578
394865,16,"Minneapolis, MN",msa,MN,2012-01-31,174166.92595742733
394865,16,"Minneapolis, MN",msa,MN,2012-02-29,173734.88140398782
394865,16,"Minneapolis, MN",msa,MN,2012-03-31,174176.60140008022
394865,16,"Minneapolis, MN",msa,MN,2012-04-30,174913.16103187634
394865,16,"Minneapolis, MN",msa,MN,2012-05-31,175776.47195960014
394865,16,"Minneapolis, MN",msa,MN,2012-06-30,176929.0723199681
394865,16,"Minneapolis, MN",msa,MN,2012-07-31,178570.72078892388
394865,16,"Minneapolis, MN",msa,MN,2012-08-31,180563.1519329541
394865,16,"Minneapolis, MN",msa,MN,2012-09-30,182714.95781938927
394865,16,"Minneapolis, MN",msa,MN,2012-10-31,184937.38627194063
394865,16,"Minneapolis, MN",msa,MN,2012-11-30,186961.0443223974
394865,16,"Minneapolis, MN",msa,MN,2012-12-31,188829.16592003056
394865,16,"Minneapolis, MN",msa,MN,2013-01-31,190552.2778289148
394865,16,"Minneapolis, MN",msa,MN,2013-02-28,192247.65387139635
394865,16,"Minneapolis, MN",msa,MN,2013-03-31,193927.7593819549
394865,16,"Minneapolis, MN",msa,MN,2013-04-30,195459.07911831103
394865,16,"Minneapolis, MN",msa,MN,2013-05-31,197018.62884572137
394865,16,"Minneapolis, MN",msa,MN,2013-06-30,198661.3231111473
394865,16,"Minneapolis, MN",msa,MN,2013-07-31,200496.21249904184
394865,16,"Minneapolis, MN",msa,MN,2013-08-31,202672.5001433481
394865,16,"Minneapolis, MN",msa,MN,2013-09-30,204791.9080253971
394865,16,"Minneapolis, MN",msa,MN,2013-10-31,206911.9700459158
394865,16,"Minneapolis, MN",msa,MN,2013-11-30,208690.7074353304
394865,16,"Minneapolis, MN",msa,MN,2013-12-31,210389.32349036608
394865,16,"Minneapolis, MN",msa,MN,2014-01-31,211899.8204508516
394865,16,"Minneapolis, MN",msa,MN,2014-02-28,213434.61289159456
394865,16,"Minneapolis, MN",msa,MN,2014-03-31,215063.734609312
394865,16,"Minneapolis, MN",msa,MN,2014-04-30,216541.88478675295
394865,16,"Minneapolis, MN",msa,MN,2014-05-31,217772.1407765285
394865,16,"Minneapolis, MN",msa,MN,2014-06-30,218337.46214304504
394865,16,"Minneapolis, MN",msa,MN,2014-07-31,218655.96055912157
394865,16,"Minneapolis, MN",msa,MN,2014-08-31,218853.51493515496
394865,16,"Minneapolis, MN",msa,MN,2014-09-30,219225.32110622383
394865,16,"Minneapolis, MN",msa,MN,2014-10-31,219574.0000882597
394865,16,"Minneapolis, MN",msa,MN,2014-11-30,220060.90765022472
394865,16,"Minneapolis, MN",msa,MN,2014-12-31,220646.92210680144
394865,16,"Minneapolis, MN",msa,MN,2015-01-31,221575.0163499601
394865,16,"Minneapolis, MN",msa,MN,2015-02-28,222832.57252613668
394865,16,"Minneapolis, MN",msa,MN,2015-03-31,224339.8646116062
394865,16,"Minneapolis, MN",msa,MN,2015-04-30,225859.0327499268
394865,16,"Minneapolis, MN",msa,MN,2015-05-31,227158.75373018187
394865,16,"Minneapolis, MN",msa,MN,2015-06-30,227999.0561570569
394865,16,"Minneapolis, MN",msa,MN,2015-07-31,228693.1189847277
394865,16,"Minneapolis, MN",msa,MN,2015-08-31,229405.5489445601
394865,16,"Minneapolis, MN",msa,MN,2015-09-30,230453.77873613
394865,16,"Minneapolis, MN",msa,MN,2015-10-31,231628.8692744864
394865,16,"Minneapolis, MN",msa,MN,2015-11-30,232923.8047165526
394865,16,"Minneapolis, MN",msa,MN,2015-12-31,234430.27739512225
394865,16,"Minneapolis, MN",msa,MN,2016-01-31,236234.1740730969
394865,16,"Minneapolis, MN",msa,MN,2016-02-29,238066.96051514492
394865,16,"Minneapolis, MN",msa,MN,2016-03-31,239681.5924734167
394865,16,"Minneapolis, MN",msa,MN,2016-04-30,241217.5838763377
394865,16,"Minneapolis, MN",msa,MN,2016-05-31,242403.27398244827
394865,16,"Minneapolis, MN",msa,MN,2016-06-30,243392.56193273384
394865,16,"Minneapolis, MN",msa,MN,2016-07-31,243957.27871082723
394865,16,"Minneapolis, MN",msa,MN,2016-08-31,244497.77691460968
394865,16,"Minneapolis, MN",msa,MN,2016-09-30,245260.57974278668
394865,16,"Minneapolis, MN",msa,MN,2016-10-31,246357.2362028005
394865,16,"Minneapolis, MN",msa,MN,2016-11-30,247822.359482626
394865,16,"Minneapolis, MN",msa,MN,2016-12-31,249535.3304602161
394865,16,"Minneapolis, MN",msa,MN,2017-01-31,251508.92467529172
394865,16,"Minneapolis, MN",msa,MN,2017-02-28,253746.95613403383
394865,16,"Minneapolis, MN",msa,MN,2017-03-31,255999.60432763948
394865,16,"Minneapolis, MN",msa,MN,2017-04-30,258341.32155964023
394865,16,"Minneapolis, MN",msa,MN,2017-05-31,260252.3418685818
394865,16,"Minneapolis, MN",msa,MN,2017-06-30,261704.3769167394
394865,16,"Minneapolis, MN",msa,MN,2017-07-31,262481.68804169336
394865,16,"Minneapolis, MN",msa,MN,2017-08-31,262943.2757969501
394865,16,"Minneapolis, MN",msa,MN,2017-09-30,263367.7062391656
394865,16,"Minneapolis, MN",msa,MN,2017-10-31,263991.2050612502
394865,16,"Minneapolis, MN",msa,MN,2017-11-30,265103.45781784994
394865,16,"Minneapolis, MN",msa,MN,2017-12-31,266818.03130380745
394865,16,"Minneapolis, MN",msa,MN,2018-01-31,268773.18108008214
394865,16,"Minneapolis, MN",msa,MN,2018-02-28,270912.93751813186
394865,16,"Minneapolis, MN",msa,MN,2018-03-31,273248.55285097804
394865,16,"Minneapolis, MN",msa,MN,2018-04-30,275570.47135554545
394865,16,"Minneapolis, MN",msa,MN,2018-05-31,277600.4963653676
394865,16,"Minneapolis, MN",msa,MN,2018-06-30,278810.2464975723
394865,16,"Minneapolis, MN",msa,MN,2018-07-31,280105.3979954223
394865,16,"Minneapolis, MN",msa,MN,2018-08-31,281126.04554471624
394865,16,"Minneapolis, MN",msa,MN,2018-09-30,282039.6110652083
394865,16,"Minneapolis, MN",msa,MN,2018-10-31,282369.1010246608
394865,16,"Minneapolis, MN",msa,MN,2018-11-30,282699.1869673384
394865,16,"Minneapolis, MN",msa,MN,2018-12-31,283439.59071722225
394865,16,"Minneapolis, MN",msa,MN,2019-01-31,284667.70245570905
394865,16,"Minneapolis, MN",msa,MN,2019-02-28,286550.0254741647
394865,16,"Minneapolis, MN",msa,MN,2019-03-31,288519.9477629783
394865,16,"Minneapolis, MN",msa,MN,2019-04-30,290180.838705481
394865,16,"Minneapolis, MN",msa,MN,2019-05-31,291094.8783168416
394865,16,"Minneapolis, MN",msa,MN,2019-06-30,291689.27947320486
394865,16,"Minneapolis, MN",msa,MN,2019-07-31,292045.04440045607
394865,16,"Minneapolis, MN",msa,MN,2019-08-31,292364.8561164322
394865,16,"Minneapolis, MN",msa,MN,2019-09-30,292544.3128492535
394865,16,"Minneapolis, MN",msa,MN,2019-10-31,293067.8828254861
394865,16,"Minneapolis, MN",msa,MN,2019-11-30,294111.04298910446
394865,16,"Minneapolis, MN",msa,MN,2019-12-31,295606.3494792367
394865,16,"Minneapolis, MN",msa,MN,2020-01-31,297562.7128215412
394865,16,"Minneapolis, MN",msa,MN,2020-02-29,299797.1742572819
394865,16,"Minneapolis, MN",msa,MN,2020-03-31,302197.540790942
394865,16,"Minneapolis, MN",msa,MN,2020-04-30,304270.38210388634
394865,16,"Minneapolis, MN",msa,MN,2020-05-31,305239.5672933731
394865,16,"Minneapolis, MN",msa,MN,2020-06-30,305238.37857582123
394865,16,"Minneapolis, MN",msa,MN,2020-07-31,304891.3351813126
394865,16,"Minneapolis, MN",msa,MN,2020-08-31,305503.0216379117
394865,16,"Minneapolis, MN",msa,MN,2020-09-30,307688.1763710323
394865,16,"Minneapolis, MN",msa,MN,2020-10-31,311121.9438255919
394865,16,"Minneapolis, MN",msa,MN,2020-11-30,315143.77790123085
394865,16,"Minneapolis, MN",msa,MN,2020-12-31,319243.5239813474
394865,16,"Minneapolis, MN",msa,MN,2021-01-31,323063.3385080284
394865,16,"Minneapolis, MN",msa,MN,2021-02-28,327106.9265898073
394865,16,"Minneapolis, MN",msa,MN,2021-03-31,331268.5357167309
394865,16,"Minneapolis, MN",msa,MN,2021-04-30,335774.40561296383
394865,16,"Minneapolis, MN",msa,MN,2021-05-31,340581.32368789945
394865,16,"Minneapolis, MN",msa,MN,2021-06-30,345408.06927408604
394865,16,"Minneapolis, MN",msa,MN,2021-07-31,349410.0629900324
394865,16,"Minneapolis, MN",msa,MN,2021-08-31,351541.65078168595
394865,16,"Minneapolis, MN",msa,MN,2021-09-30,351932.70617368416
394865,16,"Minneapolis, MN",msa,MN,2021-10-31,351884.31848542363
394865,16,"Minneapolis, MN",msa,MN,2021-11-30,352572.75440008874
394865,16,"Minneapolis, MN",msa,MN,2021-12-31,354062.97772904305
394865,16,"Minneapolis, MN",msa,MN,2022-01-31,356944.8573192668
394865,16,"Minneapolis, MN",msa,MN,2022-02-28,360862.05993444094
394865,16,"Minneapolis, MN",msa,MN,2022-03-31,365951.20055478514
394865,16,"Minneapolis, MN",msa,MN,2022-04-30,371120.0506831509
394865,16,"Minneapolis, MN",msa,MN,2022-05-31,375473.59503780096
394865,16,"Minneapolis, MN",msa,MN,2022-06-30,378381.0852978823
394865,16,"Minneapolis, MN",msa,MN,2022-07-31,378558.426614414
394865,16,"Minneapolis, MN",msa,MN,2022-08-31,376617.1819495363
394865,16,"Minneapolis, MN",msa,MN,2022-09-30,373503.5499336952
394865,16,"Minneapolis, MN",msa,MN,2022-10-31,371451.96024676313
394865,16,"Minneapolis, MN",msa,MN,2022-11-30,370199.2494738607
394865,16,"Minneapolis, MN",msa,MN,2022-12-31,369223.4786594782
394865,16,"Minneapolis, MN",msa,MN,2023-01-31,367814.554906741
394865,16,"Minneapolis, MN",msa,MN,2023-02-28,366890.6229811986
394865,16,"Minneapolis, MN",msa,MN,2023-03-31,366739.18831955845
394865,16,"Minneapolis, MN",msa,MN,2023-04-30,367584.31365900167
394865,16,"Minneapolis, MN",msa,MN,2023-05-31,368917.61055402673
394865,16,"Minneapolis, MN",msa,MN,2023-06-30,370685.71506929054
394865,16,"Minneapolis, MN",msa,MN,2023-07-31,372304.6445225982
394865,16,"Minneapolis, MN",msa,MN,2023-08-31,373604.1740861682
394865,16,"Minneapolis, MN",msa,MN,2023-09-30,374272.8195394469
394865,16,"Minneapolis, MN",msa,MN,2023-10-31,374214.7462179714
394865,16,"Minneapolis, MN",msa,MN,2023-11-30,373779.9518160592
394865,16,"Minneapolis, MN",msa,MN,2023-12-31,373187.6466062279
394865,16,"Minneapolis, MN",msa,MN,2024-01-31,372819.9421718852
394865,16,"Minneapolis, MN",msa,MN,2024-02-29,373104.8130287116
394865,16,"Minneapolis, MN",msa,MN,2024-03-31,374327.99757194007
394865,16,"Minneapolis, MN",msa,MN,2024-04-30,375688.0968941042
394865,16,"Minneapolis, MN",msa,MN,2024-05-31,376207.9775749277
394865,16,"Minneapolis, MN",msa,MN,2024-06-30,375577.33048989
394865,16,"Minneapolis, MN",msa,MN,2024-07-31,374786.0449092912
394865,16,"Minneapolis, MN",msa,MN,2024-08-31,374656.8386818919
394865,16,"Minneapolis, MN",msa,MN,2024-09-30,375211.3073953884
394865,16,"Minneapolis, MN",msa,MN,2024-10-31,376487.4257402426
394865,16,"Minneapolis, MN",msa,MN,2024-11-30,378019.366915199
394865,16,"Minneapolis, MN",msa,MN,2024-12-31,380020.92292787856
394865,16,"Minneapolis, MN",msa,MN,2025-01-31,381702.4512637553
394865,16,"Minneapolis, MN",msa,MN,2025-02-28,382696.923733878
394865,16,"Minneapolis, MN",msa,MN,2025-03-31,382390.6755287572
394865,16,"Minneapolis, MN",msa,MN,2025-04-30,381611.8581156843
394865,16,"Minneapolis, MN",msa,MN,2025-05-31,380703.86353352974
394865,16,"Minneapolis, MN",msa,MN,2025-06-30,380368.0356474205
394865,16,"Minneapolis, MN",msa,MN,2025-07-31,380859.6826701972
394865,16,"Minneapolis, MN",msa,MN,2025-08-31,381838.77730861126
394865,16,"Minneapolis, MN",msa,MN,2025-09-30,383086.0542359119
394865,16,"Minneapolis, MN",msa,MN,2025-10-31,384251.1903229304
394865,16,"Minneapolis, MN",msa,MN,2025-11-30,385453.8278953647
394865,16,"Minneapolis, MN",msa,MN,2025-12-31,386905.9132571285
394865,16,"Minneapolis, MN",msa,MN,2026-01-31,388168.9589873978
394865,16,"Minneapolis, MN",msa,MN,2026-02-28,389360.5943875935
394865,16,"Minneapolis, MN",msa,MN,2026-03-31,389754.92805289855
394865,16,"Minneapolis, MN",msa,MN,2026-04-30,389534.79981398256
394865,16,"Minneapolis, MN",msa,MN,2026-05-31,388773.7731415546
394865,16,"Minneapolis, MN",msa,MN,2026-06-30,388288.4390014404
394865,16,"Minneapolis, MN",msa,MN,2026-07-31,388266.7009050219
394865,16,"Minneapolis, MN",msa,MN,2026-08-31,388864.70457971696
394913,1,"New York, NY",msa,NY,2000-01-31,220013.12364290468
394913,1,"New York, NY",msa,NY,2000-02-29,220948.0552826976
394913,1,"New York, NY",msa,NY,2000-03-31,221891.64607429737
394913,1,"New York, NY",msa,NY,2000-04-30,223803.72614244287
394913,1,"New York, NY",msa,NY,2000-05-31,225783.7512683644
394913,1,"New York, NY",msa,NY,2000-06-30,227978.9009928925
394913,1,"New York, NY",msa,NY,2000-07-31,230377.1568261204
394913,1,"New York, NY",msa,NY,2000-08-31,232931.4303411051
394913,1,"New York, NY",msa,NY,2000-09-30,235545.44706857816
394913,1,"New York, NY",msa,NY,2000-10-31,238152.6937629789
394913,1,"New York, NY",msa,NY,2000-11-30,240680.45206697987
394913,1,"New York, NY",msa,NY,2000-12-31,243067.52699076632
394913,1,"New York, NY",msa,NY,2001-01-31,245342.1123149577
394913,1,"New York, NY",msa,NY,2001-02-28,247674.49316413933
394913,1,"New York, NY",msa,NY,2001-03-31,249938.00903531245
394913,1,"New York, NY",msa,NY,2001-04-30,252226.77195138903
394913,1,"New York, NY",msa,NY,2001-05-31,254476.1735358892
394913,1,"New York, NY",msa,NY,2001-06-30,256898.68803812485
394913,1,"New York, NY",msa,NY,2001-07-31,259367.52239308352
394913,1,"New York, NY",msa,NY,2001-08-31,262018.8605581569
394913,1,"New York, NY",msa,NY,2001-09-30,264754.3758987657
394913,1,"New York, NY",msa,NY,2001-10-31,267700.78672718635
394913,1,"New York, NY",msa,NY,2001-11-30,270539.1940510638
394913,1,"New York, NY",msa,NY,2001-12-31,273269.5300983976
394913,1,"New York, NY",msa,NY,2002-01-31,275975.0064270725
394913,1,"New York, NY",msa,NY,2002-02-28,278568.33155936335
394913,1,"New York, NY",msa,NY,2002-03-31,281033.7531181252
394913,1,"New York, NY",msa,NY,2002-04-30,283376.2989386601
394913,1,"New York, NY",msa,NY,2002-05-31,285816.9322174316
394913,1,"New York, NY",msa,NY,2002-06-30,288579.59961849794
394913,1,"New York, NY",msa,NY,2002-07-31,291635.5760789241
394913,1,"New York, NY",msa,NY,2002-08-31,295321.03676369524
394913,1,"New York, NY",msa,NY,2002-09-30,299327.46391104395
394913,1,"New York, NY",msa,NY,2002-10-31,303420.4196940009
394913,1,"New York, NY",msa,NY,2002-11-30,307211.41200900584
394913,1,"New York, NY",msa,NY,2002-12-31,310931.4861298544
394913,1,"New York, NY",msa,NY,2003-01-31,314635.7852588392
394913,1,"New York, NY",msa,NY,2003-02-28,318347.8618034126
394913,1,"New York, NY",msa,NY,2003-03-31,322202.6763128276
394913,1,"New York, NY",msa,NY,2003-04-30,325883.1073675033
394913,1,"New York, NY",msa,NY,2003-05-31,329605.1942971475
394913,1,"New York, NY",msa,NY,2003-06-30,333284.7799602986
394913,1,"New York, NY",msa,NY,2003-07-31,337140.2131934408
394913,1,"New York, NY",msa,NY,2003-08-31,340977.27863867214
394913,1,"New York, NY",msa,NY,2003-09-30,344581.9198909562
394913,1,"New York, NY",msa,NY,2003-10-31,347951.857043292
394913,1,"New York, NY",msa,NY,2003-11-30,351097.1731501312
394913,1,"New York, NY",msa,NY,2003-12-31,354114.58372176933
394913,1,"New York, NY",msa,NY,2004-01-31,357330.74079167814
394913,1,"New York, NY",msa,NY,2004-02-29,360543.17643657554
394913,1,"New York, NY",msa,NY,2004-03-31,363866.8567877093
394913,1,"New York, NY",msa,NY,2004-04-30,367112.8611113524
394913,1,"New York, NY",msa,NY,2004-05-31,370828.27700323536
394913,1,"New York, NY",msa,NY,2004-06-30,374931.087040362
394913,1,"New York, NY",msa,NY,2004-07-31,379514.4457666336
394913,1,"New York, NY",msa,NY,2004-08-31,384263.5535179164
394913,1,"New York, NY",msa,NY,2004-09-30,389188.74126385455
394913,1,"New York, NY",msa,NY,2004-10-31,394129.6737249322
394913,1,"New York, NY",msa,NY,2004-11-30,398875.27514315216
394913,1,"New York, NY",msa,NY,2004-12-31,403282.9409422469
394913,1,"New York, NY",msa,NY,2005-01-31,407419.3377931609
394913,1,"New York, NY",msa,NY,2005-02-28,411437.7082651591
394913,1,"New York, NY",msa,NY,2005-03-31,415521.1585935638
394913,1,"New York, NY",msa,NY,2005-04-30,420170.5348439812
394913,1,"New York, NY",msa,NY,2005-05-31,425210.56221754703
394913,1,"New York, NY",msa,NY,2005-06-30,430315.49529111007
394913,1,"New York, NY",msa,NY,2005-07-31,435157.4712884018
394913,1,"New York, NY",msa,NY,2005-08-31,439941.239993673
394913,1,"New York, NY",msa,NY,2005-09-30,444775.29058690416
394913,1,"New York, NY",msa,NY,2005-10-31,449709.9666935985
394913,1,"New York, NY",msa,NY,2005-11-30,454264.0225658745
394913,1,"New York, NY",msa,NY,2005-12-31,458657.10895226174
394913,1,"New York, NY",msa,NY,2006-01-31,462567.5338043308
394913,1,"New York, NY",msa,NY,2006-02-28,466458.8715390876
394913,1,"New York, NY",msa,NY,2006-03-31,469780.8324867184
394913,1,"New York, NY",msa,NY,2006-04-30,472771.9622060743
394913,1,"New York, NY",msa,NY,2006-05-31,475356.4590551377
394913,1,"New York, NY",msa,NY,2006-06-30,477769.5486633317
394913,1,"New York, NY",msa,NY,2006-07-31,479534.2873435519
394913,1,"New York, NY",msa,NY,2006-08-31,480400.8194382864
394913,1,"New York, NY",msa,NY,2006-09-30,480318.348411758
394913,1,"New York, NY",msa,NY,2006-10-31,479394.66609183
394913,1,"New York, NY",msa,NY,2006-11-30,477976.3045370365
394913,1,"New York, NY",msa,NY,2006-12-31,476304.96916104417
394913,1,"New York, NY",msa,NY,2007-01-31,474708.74676448427
394913,1,"New York, NY",msa,NY,2007-02-28,473486.1423660351
394913,1,"New York, NY",msa,NY,2007-03-31,473213.1886224514
394913,1,"New York, NY",msa,NY,2007-04-30,473033.9170510578
394913,1,"New York, NY",msa,NY,2007-05-31,472861.8781817916
394913,1,"New York, NY",msa,NY,2007-06-30,471718.03976352623
394913,1,"New York, NY",msa,NY,2007-07-31,470111.9576802762
394913,1,"New York, NY",msa,NY,2007-08-31,468371.7202057304
394913,1,"New York, NY",msa,NY,2007-09-30,466505.19482981606
394913,1,"New York, NY",msa,NY,2007-10-31,465117.0652120815
394913,1,"New York, NY",msa,NY,2007-11-30,463718.9523618406
394913,1,"New York, NY",msa,NY,2007-12-31,462364.6366288855
394913,1,"New York, NY",msa,NY,2008-01-31,461082.97872737
394913,1,"New York, NY",msa,NY,2008-02-29,459717.6637252706
394913,1,"New York, NY",msa,NY,2008-03-31,457959.3851803881
394913,1,"New York, NY",msa,NY,2008-04-30,455939.77228759805
394913,1,"New York, NY",msa,NY,2008-05-31,453061.5688223348
394913,1,"New York, NY",msa,NY,2008-06-30,450122.2678965884
394913,1,"New York, NY",msa,NY,2008-07-31,446888.8384173519
394913,1,"New York, NY",msa,NY,2008-08-31,443864.68858863815
394913,1,"New York, NY",msa,NY,2008-09-30,440745.827545508
394913,1,"New York, NY",msa,NY,2008-10-31,437388.6934019511
394913,1,"New York, NY",msa,NY,2008-11-30,433871.0357727411
394913,1,"New York, NY",msa,NY,2008-12-31,430494.1268539133
394913,1,"New York, NY",msa,NY,2009-01-31,426992.8121879818
394913,1,"New York, NY",msa,NY,2009-02-28,423593.6151735599
394913,1,"New York, NY",msa,NY,2009-03-31,420313.0950613468
394913,1,"New York, NY",msa,NY,2009-04-30,417111.96315424703
394913,1,"New York, NY",msa,NY,2009-05-31,414349.5172760554
394913,1,"New York, NY",msa,NY,2009-06-30,411586.1775549089
394913,1,"New York, NY",msa,NY,2009-07-31,409005.5286858028
394913,1,"New York, NY",msa,NY,2009-08-31,406267.137320349
394913,1,"New York, NY",msa,NY,2009-09-30,403997.59552298434
394913,1,"New York, NY",msa,NY,2009-10-31,402239.8397830462
394913,1,"New York, NY",msa,NY,2009-11-30,401116.384317765
394913,1,"New York, NY",msa,NY,2009-12-31,400416.8503122421
394913,1,"New York, NY",msa,NY,2010-01-31,400168.8692823162
394913,1,"New York, NY",msa,NY,2010-02-28,400334.14327288215
394913,1,"New York, NY",msa,NY,2010-03-31,400296.4563584048
394913,1,"New York, NY",msa,NY,2010-04-30,400290.4420099789
394913,1,"New York, NY",msa,NY,2010-05-31,400111.53358807246
394913,1,"New York, NY",msa,NY,2010-06-30,400496.7632545754
394913,1,"New York, NY",msa,NY,2010-07-31,400928.0394092786
394913,1,"New York, NY",msa,NY,2010-08-31,401124.7876781724
394913,1,"New York, NY",msa,NY,2010-09-30,400679.4625724429
394913,1,"New York, NY",msa,NY,2010-10-31,399527.5105524906
394913,1,"New York, NY",msa,NY,2010-11-30,397927.6511840688
394913,1,"New York, NY",msa,NY,2010-12-31,396005.06469313713
394913,1,"New York, NY",msa,NY,2011-01-31,394517.4698914069
394913,1,"New York, NY",msa,NY,2011-02-28,393352.4711756492
394913,1,"New York, NY",msa,NY,2011-03-31,392693.9989121107
394913,1,"New York, NY",msa,NY,2011-04-30,391728.0096740614
394913,1,"New York, NY",msa,NY,2011-05-31,390616.1941991383
394913,1,"New York, NY",msa,NY,2011-06-30,389045.11995925376
394913,1,"New York, NY",msa,NY,2011-07-31,387444.7706943562
394913,1,"New York, NY",msa,NY,2011-08-31,385812.0757826425
394913,1,"New York, NY",msa,NY,2011-09-30,384230.23974794033
394913,1,"New York, NY",msa,NY,2011-10-31,382639.6243922636
394913,1,"New York, NY",msa,NY,2011-11-30,380943.1604256068
394913,1,"New York, NY",msa,NY,2011-12-31,379393.8448865209
394913,1,"New York, NY",msa,NY,2012-01-31,377970.9228462647
394913,1,"New York, NY",msa,NY,2012-02-29,377095.5263586281
394913,1,"New York, NY",msa,NY,2012-03-31,377036.73722692655
394913,1,"New York, NY",msa,NY,2012-04-30,377560.3258969394
394913,1,"New York, NY",msa,NY,2012-05-31,378429.6701420292
394913,1,"New York, NY",msa,NY,2012-06-30,378927.36045838427
394913,1,"New York, NY",msa,NY,2012-07-31,379287.9628485683
394913,1,"New York, NY",msa,NY,2012-08-31,379192.8021408809
394913,1,"New York, NY",msa,NY,2012-09-30,379311.4708268324
394913,1,"New York, NY",msa,NY,2012-10-31,379264.95434231
394913,1,"New York, NY",msa,NY,2012-11-30,379422.877118808
394913,1,"New York, NY",msa,NY,2012-12-31,379471.5391314637
394913,1,"New York, NY",msa,NY,2013-01-31,380179.92294193833
394913,1,"New York, NY",msa,NY,2013-02-28,381139.38665517065
394913,1,"New York, NY",msa,NY,2013-03-31,382212.708371476
394913,1,"New York, NY",msa,NY,2013-04-30,383172.01974410826
394913,1,"New York, NY",msa,NY,2013-05-31,384349.1472921456
394913,1,"New York, NY",msa,NY,2013-06-30,385960.8070290159
394913,1,"New York, NY",msa,NY,2013-07-31,387708.6797080392
394913,1,"New York, NY",msa,NY,2013-08-31,389685.9972567445
394913,1,"New York, NY",msa,NY,2013-09-30,391684.0600528792
394913,1,"New York, NY",msa,NY,2013-10-31,393729.3475828352
394913,1,"New York, NY",msa,NY,2013-11-30,395220.9540934109
394913,1,"New York, NY",msa,NY,2013-12-31,396237.5530402558
394913,1,"New York, NY",msa,NY,2014-01-31,397424.2775415897
394913,1,"New York, NY",msa,NY,2014-02-28,399183.6449166476
394913,1,"New York, NY",msa,NY,2014-03-31,401731.7725229456
394913,1,"New York, NY",msa,NY,2014-04-30,404509.9045116717
394913,1,"New York, NY",msa,NY,2014-05-31,407242.6871397853
394913,1,"New York, NY",msa,NY,2014-06-30,409075.5714928244
394913,1,"New York, NY",msa,NY,2014-07-31,410074.6760105295
394913,1,"New York, NY",msa,NY,2014-08-31,410536.7557353104
394913,1,"New York, NY",msa,NY,2014-09-30,411322.044263736
394913,1,"New York, NY",msa,NY,2014-10-31,412294.8739153079
394913,1,"New York, NY",msa,NY,2014-11-30,413552.0716109897
394913,1,"New York, NY",msa,NY,2014-12-31,414386.4905923368
394913,1,"New York, NY",msa,NY,2015-01-31,414918.4315883268
394913,1,"New York, NY",msa,NY,2015-02-28,415119.8999736146
394913,1,"New York, NY",msa,NY,2015-03-31,415596.4195146127
394913,1,"New York, NY",msa,NY,2015-04-30,416213.42416567606
394913,1,"New York, NY",msa,NY,2015-05-31,417447.4494920524
394913,1,"New York, NY",msa,NY,2015-06-30,418644.6843956185
394913,1,"New York, NY",msa,NY,2015-07-31,420040.6741794676
394913,1,"New York, NY",msa,NY,2015-08-31,421822.786346244
394913,1,"New York, NY",msa,NY,2015-09-30,424404.7251082501
394913,1,"New York, NY",msa,NY,2015-10-31,427405.16848232417
394913,1,"New York, NY",msa,NY,2015-11-30,430081.4945612207
394913,1,"New York, NY",msa,NY,2015-12-31,432399.8244050727
394913,1,"New York, NY",msa,NY,2016-01-31,434168.8631725406
394913,1,"New York, NY",msa,NY,2016-02-29,435525.31853122846
394913,1,"New York, NY",msa,NY,2016-03-31,436260.12873323617
394913,1,"New York, NY",msa,NY,2016-04-30,437250.6681574139
394913,1,"New York, NY",msa,NY,2016-05-31,438531.6035085824
394913,1,"New York, NY",msa,NY,2016-06-30,440167.74029007467
394913,1,"New York, NY",msa,NY,2016-07-31,441418.6550516053
394913,1,"New York, NY",msa,NY,2016-08-31,442050.3686015206
394913,1,"New York, NY",msa,NY,2016-09-30,442413.333074729
394913,1,"New York, NY",msa,NY,2016-10-31,443186.78051511775
394913,1,"New York, NY",msa,NY,2016-11-30,444743.70477768703
394913,1,"New York, NY",msa,NY,2016-12-31,447270.9329261225
394913,1,"New York, NY",msa,NY,2017-01-31,449757.76608484215
394913,1,"New York, NY",msa,NY,2017-02-28,452347.8388700986
394913,1,"New York, NY",msa,NY,2017-03-31,454728.1343405364
394913,1,"New York, NY",msa,NY,2017-04-30,457729.1893987052
394913,1,"New York, NY",msa,NY,2017-05-31,460362.5218059964
394913,1,"New York, NY",msa,NY,2017-06-30,462621.3854484298
394913,1,"New York, NY",msa,NY,2017-07-31,464207.5004340298
394913,1,"New York, NY",msa,NY,2017-08-31,465823.26417849975
394913,1,"New York, NY",msa,NY,2017-09-30,467441.09934326616
394913,1,"New York, NY",msa,NY,2017-10-31,469263.9319225565
394913,1,"New York, NY",msa,NY,2017-11-30,470838.3083237326
394913,1,"New York, NY",msa,NY,2017-12-31,472605.0501089042
394913,1,"New York, NY",msa,NY,2018-01-31,474357.2165752621
394913,1,"New York, NY",msa,NY,2018-02-28,475927.270534355
394913,1,"New York, NY",msa,NY,2018-03-31,477745.17218524497
394913,1,"New York, NY",msa,NY,2018-04-30,479648.51176307583
394913,1,"New York, NY",msa,NY,2018-05-31,482263.6881574515
394913,1,"New York, NY",msa,NY,2018-06-30,484494.02653604606
394913,1,"New York, NY",msa,NY,2018-07-31,486930.9514341588
394913,1,"New York, NY",msa,NY,2018-08-31,488967.51056895015
394913,1,"New York, NY",msa,NY,2018-09-30,490829.0082624888
394913,1,"New York, NY",msa,NY,2018-10-31,491862.6590295694
394913,1,"New York, NY",msa,NY,2018-11-30,492753.6298068894
394913,1,"New York, NY",msa,NY,2018-12-31,493375.3401459991
394913,1,"New York, NY",msa,NY,2019-01-31,494427.1598461983
394913,1,"New York, NY",msa,NY,2019-02-28,496012.6516914514
394913,1,"New York, NY",msa,NY,2019-03-31,498036.85959737416
394913,1,"New York, NY",msa,NY,2019-04-30,500241.7494753152
394913,1,"New York, NY",msa,NY,2019-05-31,501705.3304054556
394913,1,"New York, NY",msa,NY,2019-06-30,502995.13786206587
394913,1,"New York, NY",msa,NY,2019-07-31,503698.9865484995
394913,1,"New York, NY",msa,NY,2019-08-31,504194.401738768
394913,1,"New York, NY",msa,NY,2019-09-30,503922.6850939425
394913,1,"New York, NY",msa,NY,2019-10-31,503957.8955945207
394913,1,"New York, NY",msa,NY,2019-11-30,504943.09165194485
394913,1,"New York, NY",msa,NY,2019-12-31,506624.9323082219
394913,1,"New York, NY",msa,NY,2020-01-31,509099.7808388056
394913,1,"New York, NY",msa,NY,2020-02-29,511374.80615041725
394913,1,"New York, NY",msa,NY,2020-03-31,513991.5245072749
394913,1,"New York, NY",msa,NY,2020-04-30,516370.699582899
394913,1,"New York, NY",msa,NY,2020-05-31,518256.3329480796
394913,1,"New York, NY",msa,NY,2020-06-30,518602.6874750903
394913,1,"New York, NY",msa,NY,2020-07-31,517673.01911021565
394913,1,"New York, NY",msa,NY,2020-08-31,516977.9699681464
394913,1,"New York, NY",msa,NY,2020-09-30,518676.4775894569
394913,1,"New York, NY",msa,NY,2020-10-31,522440.0640488528
394913,1,"New York, NY",msa,NY,2020-11-30,527888.7290140629
394913,1,"New York, NY",msa,NY,2020-12-31,534285.8106885453
394913,1,"New York, NY",msa,NY,2021-01-31,540374.1521960212
394913,1,"New York, NY",msa,NY,2021-02-28,546738.8503333158
394913,1,"New York, NY",msa,NY,2021-03-31,552647.232132923
394913,1,"New York, NY",msa,NY,2021-04-30,558569.0492272414
394913,1,"New York, NY",msa,NY,2021-05-31,564278.899200909
394913,1,"New York, NY",msa,NY,2021-06-30,569399.6510023281
394913,1,"New York, NY",msa,NY,2021-07-31,573668.9976667982
394913,1,"New York, NY",msa,NY,2021-08-31,576238.4252980212
394913,1,"New York, NY",msa,NY,2021-09-30,577807.0322309872
394913,1,"New York, NY",msa,NY,2021-10-31,580020.1114887735
394913,1,"New York, NY",msa,NY,2021-11-30,583570.9750904228
394913,1,"New York, NY",msa,NY,2021-12-31,587574.7301613819
394913,1,"New York, NY",msa,NY,2022-01-31,591831.0476904083
394913,1,"New York, NY",msa,NY,2022-02-28,596516.713546634
394913,1,"New York, NY",msa,NY,2022-03-31,602904.5788400368
394913,1,"New York, NY",msa,NY,2022-04-30,609625.5880898554
394913,1,"New York, NY",msa,NY,2022-05-31,616407.4275581202
394913,1,"New York, NY",msa,NY,2022-06-30,622612.1825307248
394913,1,"New York, NY",msa,NY,2022-07-31,626560.7005498045
394913,1,"New York, NY",msa,NY,2022-08-31,627294.9030499997
394913,1,"New York, NY",msa,NY,2022-09-30,624745.984943897
394913,1,"New York, NY",msa,NY,2022-10-31,622138.1147189918
394913,1,"New York, NY",msa,NY,2022-11-30,620079.6952912409
394913,1,"New York, NY",msa,NY,2022-12-31,618626.1567936834
394913,1,"New York, NY",msa,NY,2023-01-31,617792.2368978068
394913,1,"New York, NY",msa,NY,2023-02-28,616411.0825806498
394913,1,"New York, NY",msa,NY,2023-03-31,616732.1146226955
394913,1,"New York, NY",msa,NY,2023-04-30,618775.9463532754
394913,1,"New York, NY",msa,NY,2023-05-31,622878.3577589034
394913,1,"New York, NY",msa,NY,2023-06-30,627122.7841412281
394913,1,"New York, NY",msa,NY,2023-07-31,630789.4941316477
394913,1,"New York, NY",msa,NY,2023-08-31,634147.9005627758
394913,1,"New York, NY",msa,NY,2023-09-30,636923.5019901952
394913,1,"New York, NY",msa,NY,2023-10-31,639312.623129057
394913,1,"New York, NY",msa,NY,2023-11-30,641666.3534881448
394913,1,"New York, NY",msa,NY,2023-12-31,644479.4922735776
394913,1,"New York, NY",msa,NY,2024-01-31,647415.9141545346
394913,1,"New York, NY",msa,NY,2024-02-29,651526.5464951065
394913,1,"New York, NY",msa,NY,2024-03-31,657019.6872262222
394913,1,"New York, NY",msa,NY,2024-04-30,663229.382188659
394913,1,"New York, NY",msa,NY,2024-05-31,667965.2700577498
394913,1,"New York, NY",msa,NY,2024-06-30,671096.9407934755
394913,1,"New York, NY",msa,NY,2024-07-31,673888.932079036
394913,1,"New York, NY",msa,NY,2024-08-31,677693.5131541734
394913,1,"New York, NY",msa,NY,2024-09-30,681786.6125158527
394913,1,"New York, NY",msa,NY,2024-10-31,685368.9693550402
394913,1,"New York, NY",msa,NY,2024-11-30,688185.2772535252
394913,1,"New York, NY",msa,NY,2024-12-31,689998.928136948
394913,1,"New York, NY",msa,NY,2025-01-31,691088.3258445623
394913,1,"New York, NY",msa,NY,2025-02-28,692391.5926876193
394913,1,"New York, NY",msa,NY,2025-03-31,694103.0979812207
394913,1,"New York, NY",msa,NY,2025-04-30,696558.135203801
394913,1,"New York, NY",msa,NY,2025-05-31,698341.7052137937
394913,1,"New York, NY",msa,NY,2025-06-30,699829.6519837453
394913,1,"New York, NY",msa,NY,2025-07-31,701011.9864913365
394913,1,"New York, NY",msa,NY,2025-08-31,701808.5868968983
394913,1,"New York, NY",msa,NY,2025-09-30,703220.8787976685
394913,1,"New York, NY",msa,NY,2025-10-31,705575.9405520526
394913,1,"New York, NY",msa,NY,2025-11-30,708946.1758726238
394913,1,"New York, NY",msa,NY,2025-12-31,712394.824490482
394913,1,"New York, NY",msa,NY,2026-01-31,715484.0294527664
394913,1,"New York, NY",msa,NY,2026-02-28,719086.8624340501
394913,1,"New York, NY",msa,NY,2026-03-31,722906.4551327535
394913,1,"New York, NY",msa,NY,2026-04-30,725334.9455156295
394913,1,"New York, NY",msa,NY,2026-05-31,726872.5619048398
394913,1,"New York, NY",msa,NY,2026-06-30,728366.5977854148
394913,1,"New York, NY",msa,NY,2026-07-31,731367.8022536244
394913,1,"New York, NY",msa,NY,2026-08-31,735075.4727195766
394943,22,"Orlando, FL",msa,FL,2000-01-31,119996.61371819166
394943,22,"Orlando, FL",msa,FL,2000-02-29,120324.75877289438
394943,22,"Orlando, FL",msa,FL,2000-03-31,120712.47043050842
394943,22,"Orlando, FL",msa,FL,2000-04-30,121427.32563906151
394943,22,"Orlando, FL",msa,FL,2000-05-31,122142.40132504042
394943,22,"Orlando, FL",msa,FL,2000-06-30,122849.30497829584
394943,22,"Orlando, FL",msa,FL,2000-07-31,123547.93086539686
394943,22,"Orlando, FL",msa,FL,2000-08-31,124264.01805783527
394943,22,"Orlando, FL",msa,FL,2000-09-30,125017.23446893223
394943,22,"Orlando, FL",msa,FL,2000-10-31,125860.61609868646
394943,22,"Orlando, FL",msa,FL,2000-11-30,126707.91127060016
394943,22,"Orlando, FL",msa,FL,2000-12-31,127501.549814653
394943,22,"Orlando, FL",msa,FL,2001-01-31,128183.52783046394
394943,22,"Orlando, FL",msa,FL,2001-02-28,128806.87384923332
394943,22,"Orlando, FL",msa,FL,2001-03-31,129443.7299179972
394943,22,"Orlando, FL",msa,FL,2001-04-30,130188.93302734704
394943,22,"Orlando, FL",msa,FL,2001-05-31,131055.90652077932
394943,22,"Orlando, FL",msa,FL,2001-06-30,131947.44513976705
394943,22,"Orlando, FL",msa,FL,2001-07-31,132802.8974995277
394943,22,"Orlando, FL",msa,FL,2001-08-31,133656.44055671268
394943,22,"Orlando, FL",msa,FL,2001-09-30,134484.05124681987
394943,22,"Orlando, FL",msa,FL,2001-10-31,135385.59186479123
394943,22,"Orlando, FL",msa,FL,2001-11-30,136285.00650944986
394943,22,"Orlando, FL",msa,FL,2001-12-31,137139.52743934863
394943,22,"Orlando, FL",msa,FL,2002-01-31,137910.2788899224
394943,22,"Orlando, FL",msa,FL,2002-02-28,138623.58570635537
394943,22,"Orlando, FL",msa,FL,2002-03-31,139410.8243721238
394943,22,"Orlando, FL",msa,FL,2002-04-30,140230.66349005353
394943,22,"Orlando, FL",msa,FL,2002-05-31,141110.07308566832
394943,22,"Orlando, FL",msa,FL,2002-06-30,142037.67456631723
394943,22,"Orlando, FL",msa,FL,2002-07-31,142942.16952069555
394943,22,"Orlando, FL",msa,FL,2002-08-31,143855.10198311158
394943,22,"Orlando, FL",msa,FL,2002-09-30,144700.9135112357
394943,22,"Orlando, FL",msa,FL,2002-10-31,145635.44069522087
394943,22,"Orlando, FL",msa,FL,2002-11-30,146557.8183447192
394943,22,"Orlando, FL",msa,FL,2002-12-31,147436.368065835
394943,22,"Orlando, FL",msa,FL,2003-01-31,148233.5821933238
394943,22,"Orlando, FL",msa,FL,2003-02-28,149043.0806919318
394943,22,"Orlando, FL",msa,FL,2003-03-31,149998.91303047215
394943,22,"Orlando, FL",msa,FL,2003-04-30,151056.63772778993
394943,22,"Orlando, FL",msa,FL,2003-05-31,152154.3409462728
394943,22,"Orlando, FL",msa,FL,2003-06-30,153227.3949183555
394943,22,"Orlando, FL",msa,FL,2003-07-31,154285.55546672668
394943,22,"Orlando, FL",msa,FL,2003-08-31,155351.67641563574
394943,22,"Orlando, FL",msa,FL,2003-09-30,156374.61639236822
394943,22,"Orlando, FL",msa,FL,2003-10-31,157465.10292099617
394943,22,"Orlando, FL",msa,FL,2003-11-30,158651.51033241223
394943,22,"Orlando, FL",msa,FL,2003-12-31,159932.78845952902
394943,22,"Orlando, FL",msa,FL,2004-01-31,161183.05399148274
394943,22,"Orlando, FL",msa,FL,2004-02-29,162434.632572165
394943,22,"Orlando, FL",msa,FL,2004-03-31,163642.3996016486
394943,22,"Orlando, FL",msa,FL,2004-04-30,165032.10352737285
394943,22,"Orlando, FL",msa,FL,2004-05-31,166688.42725850348
394943,22,"Orlando, FL",msa,FL,2004-06-30,168778.84839042276
394943,22,"Orlando, FL",msa,FL,2004-07-31,171168.15222519205
394943,22,"Orlando, FL",msa,FL,2004-08-31,173873.67677845326
394943,22,"Orlando, FL",msa,FL,2004-09-30,176540.48825466097
394943,22,"Orlando, FL",msa,FL,2004-10-31,179246.32317318814
394943,22,"Orlando, FL",msa,FL,2004-11-30,181733.06289846904
394943,22,"Orlando, FL",msa,FL,2004-12-31,184189.1667184688
394943,22,"Orlando, FL",msa,FL,2005-01-31,186749.92064993945
394943,22,"Orlando, FL",msa,FL,2005-02-28,189583.39371294572
394943,22,"Orlando, FL",msa,FL,2005-03-31,193057.32507523976
394943,22,"Orlando, FL",msa,FL,2005-04-30,197358.98390359437
394943,22,"Orlando, FL",msa,FL,2005-05-31,202324.1516475593
394943,22,"Orlando, FL",msa,FL,2005-06-30,207953.72002000213
394943,22,"Orlando, FL",msa,FL,2005-07-31,213985.86096712016
394943,22,"Orlando, FL",msa,FL,2005-08-31,220248.57417545628
394943,22,"Orlando, FL",msa,FL,2005-09-30,226180.24044370177
394943,22,"Orlando, FL",msa,FL,2005-10-31,231470.49222095907
394943,22,"Orlando, FL",msa,FL,2005-11-30,236754.86019954667
394943,22,"Orlando, FL",msa,FL,2005-12-31,242206.9580634644
394943,22,"Orlando, FL",msa,FL,2006-01-31,247580.7312815276
394943,22,"Orlando, FL",msa,FL,2006-02-28,252513.938399746
394943,22,"Orlando, FL",msa,FL,2006-03-31,257330.4082939036
394943,22,"Orlando, FL",msa,FL,2006-04-30,262341.5753229119
394943,22,"Orlando, FL",msa,FL,2006-05-31,267076.0217212108
394943,22,"Orlando, FL",msa,FL,2006-06-30,270926.7255702598
394943,22,"Orlando, FL",msa,FL,2006-07-31,273617.88684317225
394943,22,"Orlando, FL",msa,FL,2006-08-31,275093.67468699743
394943,22,"Orlando, FL",msa,FL,2006-09-30,275376.28459539445
394943,22,"Orlando, FL",msa,FL,2006-10-31,275370.85533040034
394943,22,"Orlando, FL",msa,FL,2006-11-30,274830.06472812005
394943,22,"Orlando, FL",msa,FL,2006-12-31,274274.9786843524
394943,22,"Orlando, FL",msa,FL,2007-01-31,272791.7168305094
394943,22,"Orlando, FL",msa,FL,2007-02-28,271677.78342966986
394943,22,"Orlando, FL",msa,FL,2007-03-31,270602.35304308246
394943,22,"Orlando, FL",msa,FL,2007-04-30,270227.3180042767
394943,22,"Orlando, FL",msa,FL,2007-05-31,269778.0987498517
394943,22,"Orlando, FL",msa,FL,2007-06-30,268737.269689897
394943,22,"Orlando, FL",msa,FL,2007-07-31,266729.79549977387
394943,22,"Orlando, FL",msa,FL,2007-08-31,263993.4365827765
394943,22,"Orlando, FL",msa,FL,2007-09-30,261107.1472098913
394943,22,"Orlando, FL",msa,FL,2007-10-31,257796.5715165179
394943,22,"Orlando, FL",msa,FL,2007-11-30,254523.0827703415
394943,22,"Orlando, FL",msa,FL,2007-12-31,250594.7630616293
394943,22,"Orlando, FL",msa,FL,2008-01-31,246995.88540922152
394943,22,"Orlando, FL",msa,FL,2008-02-29,242372.44869663185
394943,22,"Orlando, FL",msa,FL,2008-03-31,237703.252570416
394943,22,"Orlando, FL",msa,FL,2008-04-30,232552.6368887068
394943,22,"Orlando, FL",msa,FL,2008-05-31,227103.57122170835
394943,22,"Orlando, FL",msa,FL,2008-06-30,221853.7368048985
394943,22,"Orlando, FL",msa,FL,2008-07-31,216994.4043000973
394943,22,"Orlando, FL",msa,FL,2008-08-31,212570.4550267562
394943,22,"Orlando, FL",msa,FL,2008-09-30,208400.97206883808
394943,22,"Orlando, FL",msa,FL,2008-10-31,203961.18327998384
394943,22,"Orlando, FL",msa,FL,2008-11-30,198749.3814159209
394943,22,"Orlando, FL",msa,FL,2008-12-31,192996.83640169425
394943,22,"Orlando, FL",msa,FL,2009-01-31,186654.65890217645
394943,22,"Orlando, FL",msa,FL,2009-02-28,181352.4785812548
394943,22,"Orlando, FL",msa,FL,2009-03-31,177250.09128276308
394943,22,"Orlando, FL",msa,FL,2009-04-30,173592.79466677763
394943,22,"Orlando, FL",msa,FL,2009-05-31,170388.55638304222
394943,22,"Orlando, FL",msa,FL,2009-06-30,166792.88851504494
394943,22,"Orlando, FL",msa,FL,2009-07-31,163942.5861620633
394943,22,"Orlando, FL",msa,FL,2009-08-31,161009.66364986505
394943,22,"Orlando, FL",msa,FL,2009-09-30,158161.37354552213
394943,22,"Orlando, FL",msa,FL,2009-10-31,155426.57533094572
394943,22,"Orlando, FL",msa,FL,2009-11-30,153638.6606684327
394943,22,"Orlando, FL",msa,FL,2009-12-31,152643.53499543728
394943,22,"Orlando, FL",msa,FL,2010-01-31,151492.0047396104
394943,22,"Orlando, FL",msa,FL,2010-02-28,150297.26760291072
394943,22,"Orlando, FL",msa,FL,2010-03-31,149106.67840293504
394943,22,"Orlando, FL",msa,FL,2010-04-30,148340.8251197369
394943,22,"Orlando, FL",msa,FL,2010-05-31,147541.30011768595
394943,22,"Orlando, FL",msa,FL,2010-06-30,146648.46362443932
394943,22,"Orlando, FL",msa,FL,2010-07-31,145627.96489739476
394943,22,"Orlando, FL",msa,FL,2010-08-31,144413.4756132574
394943,22,"Orlando, FL",msa,FL,2010-09-30,142977.96635843607
394943,22,"Orlando, FL",msa,FL,2010-10-31,141722.66551890186
394943,22,"Orlando, FL",msa,FL,2010-11-30,140267.5663570338
394943,22,"Orlando, FL",msa,FL,2010-12-31,138622.8484884098
394943,22,"Orlando, FL",msa,FL,2011-01-31,136939.874224138
394943,22,"Orlando, FL",msa,FL,2011-02-28,135396.4523806404
394943,22,"Orlando, FL",msa,FL,2011-03-31,133838.58528180874
394943,22,"Orlando, FL",msa,FL,2011-04-30,132222.8133967755
394943,22,"Orlando, FL",msa,FL,2011-05-31,130781.19720374176
394943,22,"Orlando, FL",msa,FL,2011-06-30,129728.2886910859
394943,22,"Orlando, FL",msa,FL,2011-07-31,128769.01412376988
394943,22,"Orlando, FL",msa,FL,2011-08-31,128082.6237462081
394943,22,"Orlando, FL",msa,FL,2011-09-30,127483.4472824963
394943,22,"Orlando, FL",msa,FL,2011-10-31,127153.53223272848
394943,22,"Orlando, FL",msa,FL,2011-11-30,126891.49948416345
394943,22,"Orlando, FL",msa,FL,2011-12-31,126878.77659479703
394943,22,"Orlando, FL",msa,FL,2012-01-31,127177.67794075968
394943,22,"Orlando, FL",msa,FL,2012-02-29,127656.5861331075
394943,22,"Orlando, FL",msa,FL,2012-03-31,128121.53492006268
394943,22,"Orlando, FL",msa,FL,2012-04-30,128570.8484851796
394943,22,"Orlando, FL",msa,FL,2012-05-31,129117.84353757316
394943,22,"Orlando, FL",msa,FL,2012-06-30,129955.16392099144
394943,22,"Orlando, FL",msa,FL,2012-07-31,130825.04968204552
394943,22,"Orlando, FL",msa,FL,2012-08-31,131729.9924375038
394943,22,"Orlando, FL",msa,FL,2012-09-30,132861.11411485836
394943,22,"Orlando, FL",msa,FL,2012-10-31,134207.43760583768
394943,22,"Orlando, FL",msa,FL,2012-11-30,135665.43695541992
394943,22,"Orlando, FL",msa,FL,2012-12-31,137272.872627346
394943,22,"Orlando, FL",msa,FL,2013-01-31,139038.1354271002
394943,22,"Orlando, FL",msa,FL,2013-02-28,140916.86153421763
394943,22,"Orlando, FL",msa,FL,2013-03-31,142782.49807624065
394943,22,"Orlando, FL",msa,FL,2013-04-30,144801.33947919137
394943,22,"Orlando, FL",msa,FL,2013-05-31,147183.32829040187
394943,22,"Orlando, FL",msa,FL,2013-06-30,149660.22330461416
394943,22,"Orlando, FL",msa,FL,2013-07-31,152029.90935697543
394943,22,"Orlando, FL",msa,FL,2013-08-31,154387.61261079175
394943,22,"Orlando, FL",msa,FL,2013-09-30,156873.7475334029
394943,22,"Orlando, FL",msa,FL,2013-10-31,159461.73239237125
394943,22,"Orlando, FL",msa,FL,2013-11-30,161592.90843908975
394943,22,"Orlando, FL",msa,FL,2013-12-31,163511.08500104002
394943,22,"Orlando, FL",msa,FL,2014-01-31,165396.80399383252
394943,22,"Orlando, FL",msa,FL,2014-02-28,167531.9680598708
394943,22,"Orlando, FL",msa,FL,2014-03-31,169363.77376353645
394943,22,"Orlando, FL",msa,FL,2014-04-30,170804.45837956062
394943,22,"Orlando, FL",msa,FL,2014-05-31,171999.22872030098
394943,22,"Orlando, FL",msa,FL,2014-06-30,173043.22034975432
394943,22,"Orlando, FL",msa,FL,2014-07-31,174087.2347970059
394943,22,"Orlando, FL",msa,FL,2014-08-31,175067.3551871172
394943,22,"Orlando, FL",msa,FL,2014-09-30,176187.32686775178
394943,22,"Orlando, FL",msa,FL,2014-10-31,177075.9368944436
394943,22,"Orlando, FL",msa,FL,2014-11-30,178033.5513274217
394943,22,"Orlando, FL",msa,FL,2014-12-31,179021.3939988677
394943,22,"Orlando, FL",msa,FL,2015-01-31,180242.641191378
394943,22,"Orlando, FL",msa,FL,2015-02-28,181362.2647383015
394943,22,"Orlando, FL",msa,FL,2015-03-31,182319.59580506908
394943,22,"Orlando, FL",msa,FL,2015-04-30,183261.50858055783
394943,22,"Orlando, FL",msa,FL,2015-05-31,184273.0348530332
394943,22,"Orlando, FL",msa,FL,2015-06-30,185269.6610599932
394943,22,"Orlando, FL",msa,FL,2015-07-31,186337.9878121928
394943,22,"Orlando, FL",msa,FL,2015-08-31,187566.9233372746
394943,22,"Orlando, FL",msa,FL,2015-09-30,189132.46949778812
394943,22,"Orlando, FL",msa,FL,2015-10-31,190816.09769907748
394943,22,"Orlando, FL",msa,FL,2015-11-30,192298.8973626079
394943,22,"Orlando, FL",msa,FL,2015-12-31,193579.5981262513
394943,22,"Orlando, FL",msa,FL,2016-01-31,194884.5997527881
394943,22,"Orlando, FL",msa,FL,2016-02-29,196353.18070538132
394943,22,"Orlando, FL",msa,FL,2016-03-31,197609.0571754995
394943,22,"Orlando, FL",msa,FL,2016-04-30,198922.96740845745
394943,22,"Orlando, FL",msa,FL,2016-05-31,200183.6868489904
394943,22,"Orlando, FL",msa,FL,2016-06-30,201715.28401732523
394943,22,"Orlando, FL",msa,FL,2016-07-31,203012.70762108816
394943,22,"Orlando, FL",msa,FL,2016-08-31,204444.0798154873
394943,22,"Orlando, FL",msa,FL,2016-09-30,206083.1589532169
394943,22,"Orlando, FL",msa,FL,2016-10-31,207782.90982653087
394943,22,"Orlando, FL",msa,FL,2016-11-30,209177.02782856123
394943,22,"Orlando, FL",msa,FL,2016-12-31,210309.97914774573
394943,22,"Orlando, FL",msa,FL,2017-01-31,211450.3253771404
394943,22,"Orlando, FL",msa,FL,2017-02-28,212781.7724845844
394943,22,"Orlando, FL",msa,FL,2017-03-31,214266.16083629464
394943,22,"Orlando, FL",msa,FL,2017-04-30,215963.46242696643
394943,22,"Orlando, FL",msa,FL,2017-05-31,217611.86783479704
394943,22,"Orlando, FL",msa,FL,2017-06-30,219382.28711757343
394943,22,"Orlando, FL",msa,FL,2017-07-31,220971.9553127367
394943,22,"Orlando, FL",msa,FL,2017-08-31,222635.58580792937
394943,22,"Orlando, FL",msa,FL,2017-09-30,224237.9850919116
394943,22,"Orlando, FL",msa,FL,2017-10-31,225923.22444852232
394943,22,"Orlando, FL",msa,FL,2017-11-30,227479.60972365123
394943,22,"Orlando, FL",msa,FL,2017-12-31,229033.6992470099
394943,22,"Orlando, FL",msa,FL,2018-01-31,230516.16601735065
394943,22,"Orlando, FL",msa,FL,2018-02-28,232068.4228714176
394943,22,"Orlando, FL",msa,FL,2018-03-31,233742.1109660129
394943,22,"Orlando, FL",msa,FL,2018-04-30,235489.51455286657
394943,22,"Orlando, FL",msa,FL,2018-05-31,237248.32684878455
394943,22,"Orlando, FL",msa,FL,2018-06-30,238665.8223559952
394943,22,"Orlando, FL",msa,FL,2018-07-31,240142.5929537958
394943,22,"Orlando, FL",msa,FL,2018-08-31,241621.4253714085
394943,22,"Orlando, FL",msa,FL,2018-09-30,243218.7163462136
394943,22,"Orlando, FL",msa,FL,2018-10-31,244657.57233457043
394943,22,"Orlando, FL",msa,FL,2018-11-30,246007.58496393356
394943,22,"Orlando, FL",msa,FL,2018-12-31,247395.40820104151
394943,22,"Orlando, FL",msa,FL,2019-01-31,248919.39698514296
394943,22,"Orlando, FL",msa,FL,2019-02-28,250718.0167408236
394943,22,"Orlando, FL",msa,FL,2019-03-31,252272.77267881297
394943,22,"Orlando, FL",msa,FL,2019-04-30,253391.02301923244
394943,22,"Orlando, FL",msa,FL,2019-05-31,254114.0620629049
394943,22,"Orlando, FL",msa,FL,2019-06-30,254828.6402051244
394943,22,"Orlando, FL",msa,FL,2019-07-31,255585.4311557475
394943,22,"Orlando, FL",msa,FL,2019-08-31,256321.80304280296
394943,22,"Orlando, FL",msa,FL,2019-09-30,257039.71229312
394943,22,"Orlando, FL",msa,FL,2019-10-31,257907.5221473968
394943,22,"Orlando, FL",msa,FL,2019-11-30,259094.17709449143
394943,22,"Orlando, FL",msa,FL,2019-12-31,260587.2258411815
394943,22,"Orlando, FL",msa,FL,2020-01-31,262404.8498576667
394943,22,"Orlando, FL",msa,FL,2020-02-29,264180.06138997973
394943,22,"Orlando, FL",msa,FL,2020-03-31,265875.05194592726
394943,22,"Orlando, FL",msa,FL,2020-04-30,267182.5824392775
394943,22,"Orlando, FL",msa,FL,2020-05-31,267826.7074694564
394943,22,"Orlando, FL",msa,FL,2020-06-30,268179.2677849724
394943,22,"Orlando, FL",msa,FL,2020-07-31,268768.2786171968
394943,22,"Orlando, FL",msa,FL,2020-08-31,270303.6477595688
394943,22,"Orlando, FL",msa,FL,2020-09-30,272656.0178827036
394943,22,"Orlando, FL",msa,FL,2020-10-31,275420.53383971815
394943,22,"Orlando, FL",msa,FL,2020-11-30,278527.2428110043
394943,22,"Orlando, FL",msa,FL,2020-12-31,281529.82963804505
394943,22,"Orlando, FL",msa,FL,2021-01-31,284675.265474996
394943,22,"Orlando, FL",msa,FL,2021-02-28,287882.1110987347
394943,22,"Orlando, FL",msa,FL,2021-03-31,291413.99127293023
394943,22,"Orlando, FL",msa,FL,2021-04-30,295279.3490376862
394943,22,"Orlando, FL",msa,FL,2021-05-31,299843.773387163
394943,22,"Orlando, FL",msa,FL,2021-06-30,305402.85351285065
394943,22,"Orlando, FL",msa,FL,2021-07-31,310728.3694568649
394943,22,"Orlando, FL",msa,FL,2021-08-31,315434.61054705386
394943,22,"Orlando, FL",msa,FL,2021-09-30,319207.3256728132
394943,22,"Orlando, FL",msa,FL,2021-10-31,323475.63835426606
394943,22,"Orlando, FL",msa,FL,2021-11-30,328551.4155592643
394943,22,"Orlando, FL",msa,FL,2021-12-31,334308.32490713673
394943,22,"Orlando, FL",msa,FL,2022-01-31,341546.9441536883
394943,22,"Orlando, FL",msa,FL,2022-02-28,349929.504837367
394943,22,"Orlando, FL",msa,FL,2022-03-31,359585.3835960701
394943,22,"Orlando, FL",msa,FL,2022-04-30,369611.9602293868
394943,22,"Orlando, FL",msa,FL,2022-05-31,379126.66254352295
394943,22,"Orlando, FL",msa,FL,2022-06-30,387669.3313610912
394943,22,"Orlando, FL",msa,FL,2022-07-31,393617.13289122825
394943,22,"Orlando, FL",msa,FL,2022-08-31,396799.4744891799
394943,22,"Orlando, FL",msa,FL,2022-09-30,397438.3799019173
394943,22,"Orlando, FL",msa,FL,2022-10-31,397049.4872064178
394943,22,"Orlando, FL",msa,FL,2022-11-30,396363.61111194623
394943,22,"Orlando, FL",msa,FL,2022-12-31,395329.1928476153
394943,22,"Orlando, FL",msa,FL,2023-01-31,393911.4032433335
394943,22,"Orlando, FL",msa,FL,2023-02-28,392670.9562083879
394943,22,"Orlando, FL",msa,FL,2023-03-31,392285.6712769324
394943,22,"Orlando, FL",msa,FL,2023-04-30,392666.2852337943
394943,22,"Orlando, FL",msa,FL,2023-05-31,393760.69018607406
394943,22,"Orlando, FL",msa,FL,2023-06-30,395345.32525934
394943,22,"Orlando, FL",msa,FL,2023-07-31,397188.8553618821
394943,22,"Orlando, FL",msa,FL,2023-08-31,398999.303202484
394943,22,"Orlando, FL",msa,FL,2023-09-30,400419.0870893935
394943,22,"Orlando, FL",msa,FL,2023-10-31,401625.4561904157
394943,22,"Orlando, FL",msa,FL,2023-11-30,402665.548066352
394943,22,"Orlando, FL",msa,FL,2023-12-31,403660.39164930506
394943,22,"Orlando, FL",msa,FL,2024-01-31,404599.4746435157
394943,22,"Orlando, FL",msa,FL,2024-02-29,405767.81012801983
394943,22,"Orlando, FL",msa,FL,2024-03-31,407055.1950333654
394943,22,"Orlando, FL",msa,FL,2024-04-30,408169.3870336541
394943,22,"Orlando, FL",msa,FL,2024-05-31,408525.07435205375
394943,22,"Orlando, FL",msa,FL,2024-06-30,408056.3406328354
394943,22,"Orlando, FL",msa,FL,2024-07-31,407527.938647876
394943,22,"Orlando, FL",msa,FL,2024-08-31,407089.6995009608
394943,22,"Orlando, FL",msa,FL,2024-09-30,406832.7128461618
394943,22,"Orlando, FL",msa,FL,2024-10-31,406253.78151953855
394943,22,"Orlando, FL",msa,FL,2024-11-30,405537.7215476805
394943,22,"Orlando, FL",msa,FL,2024-12-31,404889.0181138971
394943,22,"Orlando, FL",msa,FL,2025-01-31,404340.6423619166
394943,22,"Orlando, FL",msa,FL,2025-02-28,403547.65875910845
394943,22,"Orlando, FL",msa,FL,2025-03-31,402060.049403305
394943,22,"Orlando, FL",msa,FL,2025-04-30,400135.2054906848
394943,22,"Orlando, FL",msa,FL,2025-05-31,397878.2042984932
394943,22,"Orlando, FL",msa,FL,2025-06-30,395468.8743242996
394943,22,"Orlando, FL",msa,FL,2025-07-31,392901.9891079912
394943,22,"Orlando, FL",msa,FL,2025-08-31,390594.6958496566
394943,22,"Orlando, FL",msa,FL,2025-09-30,389006.82131233165
394943,22,"Orlando, FL",msa,FL,2025-10-31,388021.9951216073
394943,22,"Orlando, FL",msa,FL,2025-11-30,387570.7040811305
394943,22,"Orlando, FL",msa,FL,2025-12-31,387481.91222479474
394943,22,"Orlando, FL",msa,FL,2026-01-31,387501.4991523467
394943,22,"Orlando, FL",msa,FL,2026-02-28,387505.6078510965
394943,22,"Orlando, FL",msa,FL,2026-03-31,387211.9833338224
394943,22,"Orlando, FL",msa,FL,2026-04-30,386536.9495005216
394943,22,"Orlando, FL",msa,FL,2026-05-31,385535.8144098742
394943,22,"Orlando, FL",msa,FL,2026-06-30,384445.693230381
394943,22,"Orlando, FL",msa,FL,2026-07-31,383798.8690999329
394943,22,"Orlando, FL",msa,FL,2026-08-31,383445.4629870343
394974,7,"Philadelphia, PA",msa,PA,2000-01-31,123349.74208738252
394974,7,"Philadelphia, PA",msa,PA,2000-02-29,123623.90238739288
394974,7,"Philadelphia, PA",msa,PA,2000-03-31,123811.00587843348
394974,7,"Philadelphia, PA",msa,PA,2000-04-30,124272.70298540372
394974,7,"Philadelphia, PA",msa,PA,2000-05-31,124719.49043448974
394974,7,"Philadelphia, PA",msa,PA,2000-06-30,125258.34315559588
394974,7,"Philadelphia, PA",msa,PA,2000-07-31,125818.37165533262
394974,7,"Philadelphia, PA",msa,PA,2000-08-31,126422.4372713152
394974,7,"Philadelphia, PA",msa,PA,2000-09-30,127083.12061607624
394974,7,"Philadelphia, PA",msa,PA,2000-10-31,127768.23738008116
394974,7,"Philadelphia, PA",msa,PA,2000-11-30,128405.40661636637
394974,7,"Philadelphia, PA",msa,PA,2000-12-31,128968.34806658627
394974,7,"Philadelphia, PA",msa,PA,2001-01-31,129502.7107957073
394974,7,"Philadelphia, PA",msa,PA,2001-02-28,130077.2745750241
394974,7,"Philadelphia, PA",msa,PA,2001-03-31,130706.83532993298
394974,7,"Philadelphia, PA",msa,PA,2001-04-30,131368.1041017235
394974,7,"Philadelphia, PA",msa,PA,2001-05-31,132027.6429369235
394974,7,"Philadelphia, PA",msa,PA,2001-06-30,132746.08601501974
394974,7,"Philadelphia, PA",msa,PA,2001-07-31,133580.98951151417
394974,7,"Philadelphia, PA",msa,PA,2001-08-31,134523.7242451855
394974,7,"Philadelphia, PA",msa,PA,2001-09-30,135540.02619696938
394974,7,"Philadelphia, PA",msa,PA,2001-10-31,136507.5525451471
394974,7,"Philadelphia, PA",msa,PA,2001-11-30,137485.1526176282
394974,7,"Philadelphia, PA",msa,PA,2001-12-31,138305.55823513845
394974,7,"Philadelphia, PA",msa,PA,2002-01-31,139101.84464236393
394974,7,"Philadelphia, PA",msa,PA,2002-02-28,139838.62193283453
394974,7,"Philadelphia, PA",msa,PA,2002-03-31,140681.8115480462
394974,7,"Philadelphia, PA",msa,PA,2002-04-30,141632.35665825618
394974,7,"Philadelphia, PA",msa,PA,2002-05-31,142657.388348693
394974,7,"Philadelphia, PA",msa,PA,2002-06-30,143843.16637048658
394974,7,"Philadelphia, PA",msa,PA,2002-07-31,145141.50041145808
394974,7,"Philadelphia, PA",msa,PA,2002-08-31,146725.15007852935
394974,7,"Philadelphia, PA",msa,PA,2002-09-30,148445.49419387456
394974,7,"Philadelphia, PA",msa,PA,2002-10-31,150194.62879697172
394974,7,"Philadelphia, PA",msa,PA,2002-11-30,151741.5794217159
394974,7,"Philadelphia, PA",msa,PA,2002-12-31,153234.97654827518
394974,7,"Philadelphia, PA",msa,PA,2003-01-31,154629.70448099368
394974,7,"Philadelphia, PA",msa,PA,2003-02-28,155983.82488847515
394974,7,"Philadelphia, PA",msa,PA,2003-03-31,157238.05777519467
394974,7,"Philadelphia, PA",msa,PA,2003-04-30,158598.27737556494
394974,7,"Philadelphia, PA",msa,PA,2003-05-31,160133.27069011025
394974,7,"Philadelphia, PA",msa,PA,2003-06-30,161887.78076099537
394974,7,"Philadelphia, PA",msa,PA,2003-07-31,163831.77905180748
394974,7,"Philadelphia, PA",msa,PA,2003-08-31,165894.17061289775
394974,7,"Philadelphia, PA",msa,PA,2003-09-30,167975.17058929187
394974,7,"Philadelphia, PA",msa,PA,2003-10-31,169908.0328470495
394974,7,"Philadelphia, PA",msa,PA,2003-11-30,171697.91731254882
394974,7,"Philadelphia, PA",msa,PA,2003-12-31,173242.85004439738
394974,7,"Philadelphia, PA",msa,PA,2004-01-31,174690.33660791194
394974,7,"Philadelphia, PA",msa,PA,2004-02-29,176055.12917813126
394974,7,"Philadelphia, PA",msa,PA,2004-03-31,177523.3426217873
394974,7,"Philadelphia, PA",msa,PA,2004-04-30,179162.38634129465
394974,7,"Philadelphia, PA",msa,PA,2004-05-31,181161.70191573643
394974,7,"Philadelphia, PA",msa,PA,2004-06-30,183580.52068248656
394974,7,"Philadelphia, PA",msa,PA,2004-07-31,186376.30807555385
394974,7,"Philadelphia, PA",msa,PA,2004-08-31,189412.7382682145
394974,7,"Philadelphia, PA",msa,PA,2004-09-30,192228.54413981465
394974,7,"Philadelphia, PA",msa,PA,2004-10-31,194642.11120316532
394974,7,"Philadelphia, PA",msa,PA,2004-11-30,196660.65388038472
394974,7,"Philadelphia, PA",msa,PA,2004-12-31,198704.08222192584
394974,7,"Philadelphia, PA",msa,PA,2005-01-31,200877.8817808807
394974,7,"Philadelphia, PA",msa,PA,2005-02-28,202875.3351966733
394974,7,"Philadelphia, PA",msa,PA,2005-03-31,204743.96400388388
394974,7,"Philadelphia, PA",msa,PA,2005-04-30,206637.12981892785
394974,7,"Philadelphia, PA",msa,PA,2005-05-31,209003.90466376813
394974,7,"Philadelphia, PA",msa,PA,2005-06-30,211816.9928831984
394974,7,"Philadelphia, PA",msa,PA,2005-07-31,214889.24849917472
394974,7,"Philadelphia, PA",msa,PA,2005-08-31,217922.93739173657
394974,7,"Philadelphia, PA",msa,PA,2005-09-30,220693.73054787164
394974,7,"Philadelphia, PA",msa,PA,2005-10-31,223339.7131040337
394974,7,"Philadelphia, PA",msa,PA,2005-11-30,225702.1480693392
394974,7,"Philadelphia, PA",msa,PA,2005-12-31,227876.8686614975
394974,7,"Philadelphia, PA",msa,PA,2006-01-31,229583.08815388405
394974,7,"Philadelphia, PA",msa,PA,2006-02-28,231142.95764279284
394974,7,"Philadelphia, PA",msa,PA,2006-03-31,232638.3744195482
394974,7,"Philadelphia, PA",msa,PA,2006-04-30,234315.6887710969
394974,7,"Philadelphia, PA",msa,PA,2006-05-31,236056.57476804612
394974,7,"Philadelphia, PA",msa,PA,2006-06-30,237806.6042715304
394974,7,"Philadelphia, PA",msa,PA,2006-07-31,239361.87094788687
394974,7,"Philadelphia, PA",msa,PA,2006-08-31,240516.10082207576
394974,7,"Philadelphia, PA",msa,PA,2006-09-30,241175.8985498827
394974,7,"Philadelphia, PA",msa,PA,2006-10-31,241517.1046427323
394974,7,"Philadelphia, PA",msa,PA,2006-11-30,241590.19468169735
394974,7,"Philadelphia, PA",msa,PA,2006-12-31,241477.49348905045
394974,7,"Philadelphia, PA",msa,PA,2007-01-31,241212.6572612883
394974,7,"Philadelphia, PA",msa,PA,2007-02-28,241098.63047132755
394974,7,"Philadelphia, PA",msa,PA,2007-03-31,241399.7307082873
394974,7,"Philadelphia, PA",msa,PA,2007-04-30,241864.40212957063
394974,7,"Philadelphia, PA",msa,PA,2007-05-31,242574.1736830228
394974,7,"Philadelphia, PA",msa,PA,2007-06-30,243108.26926585624
394974,7,"Philadelphia, PA",msa,PA,2007-07-31,243516.8087522547
394974,7,"Philadelphia, PA",msa,PA,2007-08-31,243388.75645805048
394974,7,"Philadelphia, PA",msa,PA,2007-09-30,242920.4295810068
394974,7,"Philadelphia, PA",msa,PA,2007-10-31,242471.09386972676
394974,7,"Philadelphia, PA",msa,PA,2007-11-30,242060.7639109457
394974,7,"Philadelphia, PA",msa,PA,2007-12-31,241598.3184983501
394974,7,"Philadelphia, PA",msa,PA,2008-01-31,240800.3578016448
394974,7,"Philadelphia, PA",msa,PA,2008-02-29,240314.76994486773
394974,7,"Philadelphia, PA",msa,PA,2008-03-31,240084.86095363865
394974,7,"Philadelphia, PA",msa,PA,2008-04-30,240106.6402423568
394974,7,"Philadelphia, PA",msa,PA,2008-05-31,239633.53343686392
394974,7,"Philadelphia, PA",msa,PA,2008-06-30,238734.08890768487
394974,7,"Philadelphia, PA",msa,PA,2008-07-31,237379.62074757568
394974,7,"Philadelphia, PA",msa,PA,2008-08-31,235835.19435177
394974,7,"Philadelphia, PA",msa,PA,2008-09-30,234070.02647930756
394974,7,"Philadelphia, PA",msa,PA,2008-10-31,232299.5153797655
394974,7,"Philadelphia, PA",msa,PA,2008-11-30,230671.58152614743
394974,7,"Philadelphia, PA",msa,PA,2008-12-31,229186.64397592985
394974,7,"Philadelphia, PA",msa,PA,2009-01-31,227812.18408519775
394974,7,"Philadelphia, PA",msa,PA,2009-02-28,226758.1105368464
394974,7,"Philadelphia, PA",msa,PA,2009-03-31,226161.2925828599
394974,7,"Philadelphia, PA",msa,PA,2009-04-30,225818.7908963365
394974,7,"Philadelphia, PA",msa,PA,2009-05-31,225351.40475652195
394974,7,"Philadelphia, PA",msa,PA,2009-06-30,224697.77144264325
394974,7,"Philadelphia, PA",msa,PA,2009-07-31,223794.84714748315
394974,7,"Philadelphia, PA",msa,PA,2009-08-31,222868.3052566537
394974,7,"Philadelphia, PA",msa,PA,2009-09-30,221886.99993584643
394974,7,"Philadelphia, PA",msa,PA,2009-10-31,221297.27211960775
394974,7,"Philadelphia, PA",msa,PA,2009-11-30,221079.74232880145
394974,7,"Philadelphia, PA",msa,PA,2009-12-31,221065.30083563435
394974,7,"Philadelphia, PA",msa,PA,2010-01-31,221174.89194645392
394974,7,"Philadelphia, PA",msa,PA,2010-02-28,221226.2966720335
394974,7,"Philadelphia, PA",msa,PA,2010-03-31,221357.82532924763
394974,7,"Philadelphia, PA",msa,PA,2010-04-30,221528.7535713181
394974,7,"Philadelphia, PA",msa,PA,2010-05-31,221803.3619165472
394974,7,"Philadelphia, PA",msa,PA,2010-06-30,222054.3635783106
394974,7,"Philadelphia, PA",msa,PA,2010-07-31,221910.215147598
394974,7,"Philadelphia, PA",msa,PA,2010-08-31,221159.67934235404
394974,7,"Philadelphia, PA",msa,PA,2010-09-30,219789.73417976816
394974,7,"Philadelphia, PA",msa,PA,2010-10-31,218098.50290759155
394974,7,"Philadelphia, PA",msa,PA,2010-11-30,216319.903150464
394974,7,"Philadelphia, PA",msa,PA,2010-12-31,214777.70957303056
394974,7,"Philadelphia, PA",msa,PA,2011-01-31,213560.4351439221
394974,7,"Philadelphia, PA",msa,PA,2011-02-28,212733.943181025
394974,7,"Philadelphia, PA",msa,PA,2011-03-31,212064.7539024311
394974,7,"Philadelphia, PA",msa,PA,2011-04-30,211209.09533620783
394974,7,"Philadelphia, PA",msa,PA,2011-05-31,210018.8284506968
394974,7,"Philadelphia, PA",msa,PA,2011-06-30,208616.9142079648
394974,7,"Philadelphia, PA",msa,PA,2011-07-31,207278.15927064477
394974,7,"Philadelphia, PA",msa,PA,2011-08-31,206142.2634818801
394974,7,"Philadelphia, PA",msa,PA,2011-09-30,205026.00633770027
394974,7,"Philadelphia, PA",msa,PA,2011-10-31,203965.9303624344
394974,7,"Philadelphia, PA",msa,PA,2011-11-30,202987.96275825056
394974,7,"Philadelphia, PA",msa,PA,2011-12-31,202204.20072035387
394974,7,"Philadelphia, PA",msa,PA,2012-01-31,201457.36788319304
394974,7,"Philadelphia, PA",msa,PA,2012-02-29,200922.15725217265
394974,7,"Philadelphia, PA",msa,PA,2012-03-31,200768.70188536003
394974,7,"Philadelphia, PA",msa,PA,2012-04-30,200926.54325878771
394974,7,"Philadelphia, PA",msa,PA,2012-05-31,200995.79265544703
394974,7,"Philadelphia, PA",msa,PA,2012-06-30,200890.1185500117
394974,7,"Philadelphia, PA",msa,PA,2012-07-31,200669.6613439615
394974,7,"Philadelphia, PA",msa,PA,2012-08-31,200263.4652318664
394974,7,"Philadelphia, PA",msa,PA,2012-09-30,199941.20314741708
394974,7,"Philadelphia, PA",msa,PA,2012-10-31,199515.6278677605
394974,7,"Philadelphia, PA",msa,PA,2012-11-30,199297.62221346132
394974,7,"Philadelphia, PA",msa,PA,2012-12-31,199276.71850387132
394974,7,"Philadelphia, PA",msa,PA,2013-01-31,199577.25890918457
394974,7,"Philadelphia, PA",msa,PA,2013-02-28,199976.94609567465
394974,7,"Philadelphia, PA",msa,PA,2013-03-31,200421.1660845274
394974,7,"Philadelphia, PA",msa,PA,2013-04-30,200938.19532867952
394974,7,"Philadelphia, PA",msa,PA,2013-05-31,201638.60021546663
394974,7,"Philadelphia, PA",msa,PA,2013-06-30,202307.6471316797
394974,7,"Philadelphia, PA",msa,PA,2013-07-31,202710.5958502484
394974,7,"Philadelphia, PA",msa,PA,2013-08-31,203058.2377233169
394974,7,"Philadelphia, PA",msa,PA,2013-09-30,203397.53012089792
394974,7,"Philadelphia, PA",msa,PA,2013-10-31,204018.41092453044
394974,7,"Philadelphia, PA",msa,PA,2013-11-30,204643.78671289372
394974,7,"Philadelphia, PA",msa,PA,2013-12-31,205296.73946183705
394974,7,"Philadelphia, PA",msa,PA,2014-01-31,205918.89709785412
394974,7,"Philadelphia, PA",msa,PA,2014-02-28,206323.00175878243
394974,7,"Philadelphia, PA",msa,PA,2014-03-31,206630.26112895613
394974,7,"Philadelphia, PA",msa,PA,2014-04-30,206900.86686841585
394974,7,"Philadelphia, PA",msa,PA,2014-05-31,207513.5967180815
394974,7,"Philadelphia, PA",msa,PA,2014-06-30,207968.91631578343
394974,7,"Philadelphia, PA",msa,PA,2014-07-31,208389.17380985423
394974,7,"Philadelphia, PA",msa,PA,2014-08-31,208507.90436634325
394974,7,"Philadelphia, PA",msa,PA,2014-09-30,208553.610640978
394974,7,"Philadelphia, PA",msa,PA,2014-10-31,208374.62408285556
394974,7,"Philadelphia, PA",msa,PA,2014-11-30,208294.1507558741
394974,7,"Philadelphia, PA",msa,PA,2014-12-31,208447.28368893205
394974,7,"Philadelphia, PA",msa,PA,2015-01-31,208808.79650601256
394974,7,"Philadelphia, PA",msa,PA,2015-02-28,209272.78534987607
394974,7,"Philadelphia, PA",msa,PA,2015-03-31,209800.56101555485
394974,7,"Philadelphia, PA",msa,PA,2015-04-30,210307.85172730277
394974,7,"Philadelphia, PA",msa,PA,2015-05-31,210917.48673226536
394974,7,"Philadelphia, PA",msa,PA,2015-06-30,211432.03599527432
394974,7,"Philadelphia, PA",msa,PA,2015-07-31,212203.76037956288
394974,7,"Philadelphia, PA",msa,PA,2015-08-31,213113.11824442665
394974,7,"Philadelphia, PA",msa,PA,2015-09-30,214113.04527305043
394974,7,"Philadelphia, PA",msa,PA,2015-10-31,214869.95110544315
394974,7,"Philadelphia, PA",msa,PA,2015-11-30,215317.0062554976
394974,7,"Philadelphia, PA",msa,PA,2015-12-31,215840.2971058472
394974,7,"Philadelphia, PA",msa,PA,2016-01-31,216592.0372421702
394974,7,"Philadelphia, PA",msa,PA,2016-02-29,217389.8025110369
394974,7,"Philadelphia, PA",msa,PA,2016-03-31,217791.55417765127
394974,7,"Philadelphia, PA",msa,PA,2016-04-30,218110.3072180237
394974,7,"Philadelphia, PA",msa,PA,2016-05-31,218559.369496105
394974,7,"Philadelphia, PA",msa,PA,2016-06-30,219292.5745816117
394974,7,"Philadelphia, PA",msa,PA,2016-07-31,219987.36142633847
394974,7,"Philadelphia, PA",msa,PA,2016-08-31,220755.8873645468
394974,7,"Philadelphia, PA",msa,PA,2016-09-30,221509.37229515647
394974,7,"Philadelphia, PA",msa,PA,2016-10-31,222450.71118065264
394974,7,"Philadelphia, PA",msa,PA,2016-11-30,223305.01376394404
394974,7,"Philadelphia, PA",msa,PA,2016-12-31,224278.39684022035
394974,7,"Philadelphia, PA",msa,PA,2017-01-31,224989.76257843617
394974,7,"Philadelphia, PA",msa,PA,2017-02-28,225603.6275851403
394974,7,"Philadelphia, PA",msa,PA,2017-03-31,226169.97447348115
394974,7,"Philadelphia, PA",msa,PA,2017-04-30,227081.293971634
394974,7,"Philadelphia, PA",msa,PA,2017-05-31,228095.06068916467
394974,7,"Philadelphia, PA",msa,PA,2017-06-30,229092.56076755887
394974,7,"Philadelphia, PA",msa,PA,2017-07-31,229760.26780916643
394974,7,"Philadelphia, PA",msa,PA,2017-08-31,230298.9418226787
394974,7,"Philadelphia, PA",msa,PA,2017-09-30,230919.23872361088
394974,7,"Philadelphia, PA",msa,PA,2017-10-31,231769.9018317237
394974,7,"Philadelphia, PA",msa,PA,2017-11-30,232887.5793597859
394974,7,"Philadelphia, PA",msa,PA,2017-12-31,234037.72592869352
394974,7,"Philadelphia, PA",msa,PA,2018-01-31,235142.4457478705
394974,7,"Philadelphia, PA",msa,PA,2018-02-28,236146.16931054904
394974,7,"Philadelphia, PA",msa,PA,2018-03-31,237351.34211559696
394974,7,"Philadelphia, PA",msa,PA,2018-04-30,238321.98421113813
394974,7,"Philadelphia, PA",msa,PA,2018-05-31,239004.0461321321
394974,7,"Philadelphia, PA",msa,PA,2018-06-30,239128.20737361023
394974,7,"Philadelphia, PA",msa,PA,2018-07-31,239378.3351618614
394974,7,"Philadelphia, PA",msa,PA,2018-08-31,239788.79577489835
394974,7,"Philadelphia, PA",msa,PA,2018-09-30,240461.61253793887
394974,7,"Philadelphia, PA",msa,PA,2018-10-31,241109.2495762295
394974,7,"Philadelphia, PA",msa,PA,2018-11-30,241864.6654079335
394974,7,"Philadelphia, PA",msa,PA,2018-12-31,242634.72195555948
394974,7,"Philadelphia, PA",msa,PA,2019-01-31,243594.79049026163
394974,7,"Philadelphia, PA",msa,PA,2019-02-28,244730.7649244649
394974,7,"Philadelphia, PA",msa,PA,2019-03-31,245958.99949774973
394974,7,"Philadelphia, PA",msa,PA,2019-04-30,246985.19194816487
394974,7,"Philadelphia, PA",msa,PA,2019-05-31,247652.28895744533
394974,7,"Philadelphia, PA",msa,PA,2019-06-30,248312.4533344757
394974,7,"Philadelphia, PA",msa,PA,2019-07-31,248942.05758290092
394974,7,"Philadelphia, PA",msa,PA,2019-08-31,249577.584011544
394974,7,"Philadelphia, PA",msa,PA,2019-09-30,250069.19465593665
394974,7,"Philadelphia, PA",msa,PA,2019-10-31,250731.2757001695
394974,7,"Philadelphia, PA",msa,PA,2019-11-30,251850.5266758144
394974,7,"Philadelphia, PA",msa,PA,2019-12-31,253113.8597986401
394974,7,"Philadelphia, PA",msa,PA,2020-01-31,254748.0019135639
394974,7,"Philadelphia, PA",msa,PA,2020-02-29,256568.23756129315
394974,7,"Philadelphia, PA",msa,PA,2020-03-31,258765.2726047777
394974,7,"Philadelphia, PA",msa,PA,2020-04-30,260844.0348127861
394974,7,"Philadelphia, PA",msa,PA,2020-05-31,262091.41818262148
394974,7,"Philadelphia, PA",msa,PA,2020-06-30,262564.5167691407
394974,7,"Philadelphia, PA",msa,PA,2020-07-31,262904.43326646724
394974,7,"Philadelphia, PA",msa,PA,2020-08-31,263987.58272744104
394974,7,"Philadelphia, PA",msa,PA,2020-09-30,266331.6934944038
394974,7,"Philadelphia, PA",msa,PA,2020-10-31,269622.304318233
394974,7,"Philadelphia, PA",msa,PA,2020-11-30,273805.5202389399
394974,7,"Philadelphia, PA",msa,PA,2020-12-31,278154.8436061637
394974,7,"Philadelphia, PA",msa,PA,2021-01-31,282209.8244181294
394974,7,"Philadelphia, PA",msa,PA,2021-02-28,286117.3789579952
394974,7,"Philadelphia, PA",msa,PA,2021-03-31,289969.67833055474
394974,7,"Philadelphia, PA",msa,PA,2021-04-30,293794.65238846286
394974,7,"Philadelphia, PA",msa,PA,2021-05-31,297590.91937860154
394974,7,"Philadelphia, PA",msa,PA,2021-06-30,301310.1446721967
394974,7,"Philadelphia, PA",msa,PA,2021-07-31,304064.6429178302
394974,7,"Philadelphia, PA",msa,PA,2021-08-31,305327.8966027768
394974,7,"Philadelphia, PA",msa,PA,2021-09-30,304925.5928170012
394974,7,"Philadelphia, PA",msa,PA,2021-10-31,304632.96702120715
394974,7,"Philadelphia, PA",msa,PA,2021-11-30,305074.6086964763
394974,7,"Philadelphia, PA",msa,PA,2021-12-31,306695.0667539093
394974,7,"Philadelphia, PA",msa,PA,2022-01-31,309894.4932526537
394974,7,"Philadelphia, PA",msa,PA,2022-02-28,314302.245506388
394974,7,"Philadelphia, PA",msa,PA,2022-03-31,319706.89102695417
394974,7,"Philadelphia, PA",msa,PA,2022-04-30,325030.67894606787
394974,7,"Philadelphia, PA",msa,PA,2022-05-31,329806.712368139
394974,7,"Philadelphia, PA",msa,PA,2022-06-30,333604.6253027968
394974,7,"Philadelphia, PA",msa,PA,2022-07-31,335293.19485593814
394974,7,"Philadelphia, PA",msa,PA,2022-08-31,335175.6952213579
394974,7,"Philadelphia, PA",msa,PA,2022-09-30,334083.43635770405
394974,7,"Philadelphia, PA",msa,PA,2022-10-31,333686.8160288502
394974,7,"Philadelphia, PA",msa,PA,2022-11-30,333857.38062002376
394974,7,"Philadelphia, PA",msa,PA,2022-12-31,334167.7274807032
394974,7,"Philadelphia, PA",msa,PA,2023-01-31,334178.7624425067
394974,7,"Philadelphia, PA",msa,PA,2023-02-28,334320.7416156934
394974,7,"Philadelphia, PA",msa,PA,2023-03-31,335308.4536564464
394974,7,"Philadelphia, PA",msa,PA,2023-04-30,337273.4787881037
394974,7,"Philadelphia, PA",msa,PA,2023-05-31,340170.0671493773
394974,7,"Philadelphia, PA",msa,PA,2023-06-30,343198.6942050926
394974,7,"Philadelphia, PA",msa,PA,2023-07-31,346148.2828879957
394974,7,"Philadelphia, PA",msa,PA,2023-08-31,348856.2625727685
394974,7,"Philadelphia, PA",msa,PA,2023-09-30,351173.52742034633
394974,7,"Philadelphia, PA",msa,PA,2023-10-31,352894.9137854099
394974,7,"Philadelphia, PA",msa,PA,2023-11-30,354283.32388731145
394974,7,"Philadelphia, PA",msa,PA,2023-12-31,355478.4463078011
394974,7,"Philadelphia, PA",msa,PA,2024-01-31,356700.4939788408
394974,7,"Philadelphia, PA",msa,PA,2024-02-29,358273.6314592824
394974,7,"Philadelphia, PA",msa,PA,2024-03-31,360632.51129599655
394974,7,"Philadelphia, PA",msa,PA,2024-04-30,363407.4162227674
394974,7,"Philadelphia, PA",msa,PA,2024-05-31,365487.9155683336
394974,7,"Philadelphia, PA",msa,PA,2024-06-30,366423.2277069053
394974,7,"Philadelphia, PA",msa,PA,2024-07-31,366811.105290622
394974,7,"Philadelphia, PA",msa,PA,2024-08-31,367545.173085013
394974,7,"Philadelphia, PA",msa,PA,2024-09-30,368731.6502789332
394974,7,"Philadelphia, PA",msa,PA,2024-10-31,370083.2985478324
394974,7,"Philadelphia, PA",msa,PA,2024-11-30,371212.32737309154
394974,7,"Philadelphia, PA",msa,PA,2024-12-31,372439.4406931205
394974,7,"Philadelphia, PA",msa,PA,2025-01-31,373567.2851778234
394974,7,"Philadelphia, PA",msa,PA,2025-02-28,374665.5838775442
394974,7,"Philadelphia, PA",msa,PA,2025-03-31,375365.1796503043
394974,7,"Philadelphia, PA",msa,PA,2025-04-30,376232.0179962656
394974,7,"Philadelphia, PA",msa,PA,2025-05-31,377169.7347492383
394974,7,"Philadelphia, PA",msa,PA,2025-06-30,378082.3953719389
394974,7,"Philadelphia, PA",msa,PA,2025-07-31,379118.3139584299
394974,7,"Philadelphia, PA",msa,PA,2025-08-31,379881.7424793844
394974,7,"Philadelphia, PA",msa,PA,2025-09-30,380700.458003144
394974,7,"Philadelphia, PA",msa,PA,2025-10-31,381220.7791424876
394974,7,"Philadelphia, PA",msa,PA,2025-11-30,381890.2178780732
394974,7,"Philadelphia, PA",msa,PA,2025-12-31,382772.2808382773
394974,7,"Philadelphia, PA",msa,PA,2026-01-31,383700.2238016245
394974,7,"Philadelphia, PA",msa,PA,2026-02-28,384558.179473497
394974,7,"Philadelphia, PA",msa,PA,2026-03-31,385441.678859256
394974,7,"Philadelphia, PA",msa,PA,2026-04-30,386107.8942643032
394974,7,"Philadelphia, PA",msa,PA,2026-05-31,386784.1534278762
394974,7,"Philadelphia, PA",msa,PA,2026-06-30,387484.6563631784
394974,7,"Philadelphia, PA",msa,PA,2026-07-31,388451.1486914793
394974,7,"Philadelphia, PA",msa,PA,2026-08-31,389523.6104454603
394976,11,"Phoenix, AZ",msa,AZ,2000-01-31,143582.04251861756
394976,11,"Phoenix, AZ",msa,AZ,2000-02-29,143873.41321202595
394976,11,"Phoenix, AZ",msa,AZ,2000-03-31,144257.13691362683
394976,11,"Phoenix, AZ",msa,AZ,2000-04-30,145045.15714134896
394976,11,"Phoenix, AZ",msa,AZ,2000-05-31,145911.66557714
394976,11,"Phoenix, AZ",msa,AZ,2000-06-30,146648.29833650702
394976,11,"Phoenix, AZ",msa,AZ,2000-07-31,147380.3511835013
394976,11,"Phoenix, AZ",msa,AZ,2000-08-31,148069.2688799576
394976,11,"Phoenix, AZ",msa,AZ,2000-09-30,148850.87403686534
394976,11,"Phoenix, AZ",msa,AZ,2000-10-31,149580.42322168758
394976,11,"Phoenix, AZ",msa,AZ,2000-11-30,150308.66351322446
394976,11,"Phoenix, AZ",msa,AZ,2000-12-31,151030.61531891825
394976,11,"Phoenix, AZ",msa,AZ,2001-01-31,151720.84947205943
394976,11,"Phoenix, AZ",msa,AZ,2001-02-28,152391.4840694524
394976,11,"Phoenix, AZ",msa,AZ,2001-03-31,153055.39877961983
394976,11,"Phoenix, AZ",msa,AZ,2001-04-30,153734.1071771954
394976,11,"Phoenix, AZ",msa,AZ,2001-05-31,154415.0596551295
394976,11,"Phoenix, AZ",msa,AZ,2001-06-30,155076.90676429932
394976,11,"Phoenix, AZ",msa,AZ,2001-07-31,155688.1611705209
394976,11,"Phoenix, AZ",msa,AZ,2001-08-31,156281.1405648689
394976,11,"Phoenix, AZ",msa,AZ,2001-09-30,156874.8359510445
394976,11,"Phoenix, AZ",msa,AZ,2001-10-31,157527.4482252465
394976,11,"Phoenix, AZ",msa,AZ,2001-11-30,158239.37775371858
394976,11,"Phoenix, AZ",msa,AZ,2001-12-31,158902.58176948084
394976,11,"Phoenix, AZ",msa,AZ,2002-01-31,159447.56365641617
394976,11,"Phoenix, AZ",msa,AZ,2002-02-28,159910.69678140074
394976,11,"Phoenix, AZ",msa,AZ,2002-03-31,160431.59609642075
394976,11,"Phoenix, AZ",msa,AZ,2002-04-30,161020.24237174084
394976,11,"Phoenix, AZ",msa,AZ,2002-05-31,161587.4005629005
394976,11,"Phoenix, AZ",msa,AZ,2002-06-30,162229.29695419417
394976,11,"Phoenix, AZ",msa,AZ,2002-07-31,162930.0856147289
394976,11,"Phoenix, AZ",msa,AZ,2002-08-31,163785.28473214386
394976,11,"Phoenix, AZ",msa,AZ,2002-09-30,164498.92112910005
394976,11,"Phoenix, AZ",msa,AZ,2002-10-31,165188.52586305115
394976,11,"Phoenix, AZ",msa,AZ,2002-11-30,165790.6837951875
394976,11,"Phoenix, AZ",msa,AZ,2002-12-31,166483.221029726
394976,11,"Phoenix, AZ",msa,AZ,2003-01-31,167140.14278400652
394976,11,"Phoenix, AZ",msa,AZ,2003-02-28,167834.81479673533
394976,11,"Phoenix, AZ",msa,AZ,2003-03-31,168445.23234032383
394976,11,"Phoenix, AZ",msa,AZ,2003-04-30,169130.6859876358
394976,11,"Phoenix, AZ",msa,AZ,2003-05-31,169820.57903108522
394976,11,"Phoenix, AZ",msa,AZ,2003-06-30,170580.31778736747
394976,11,"Phoenix, AZ",msa,AZ,2003-07-31,171342.2038975719
394976,11,"Phoenix, AZ",msa,AZ,2003-08-31,172170.0572041093
394976,11,"Phoenix, AZ",msa,AZ,2003-09-30,173155.3916754518
394976,11,"Phoenix, AZ",msa,AZ,2003-10-31,174167.26329527266
394976,11,"Phoenix, AZ",msa,AZ,2003-11-30,175082.0306087501
394976,11,"Phoenix, AZ",msa,AZ,2003-12-31,175852.2015779649
394976,11,"Phoenix, AZ",msa,AZ,2004-01-31,176509.1993242139
394976,11,"Phoenix, AZ",msa,AZ,2004-02-29,177315.40517707387
394976,11,"Phoenix, AZ",msa,AZ,2004-03-31,178325.6750944323
394976,11,"Phoenix, AZ",msa,AZ,2004-04-30,179575.88595168534
394976,11,"Phoenix, AZ",msa,AZ,2004-05-31,181108.9347629299
394976,11,"Phoenix, AZ",msa,AZ,2004-06-30,182771.68028309828
394976,11,"Phoenix, AZ",msa,AZ,2004-09-30,190508.71997487065
394976,11,"Phoenix, AZ",msa,AZ,2004-10-31,193266.41414457755
394976,11,"Phoenix, AZ",msa,AZ,2004-11-30,196055.7477687277
394976,11,"Phoenix, AZ",msa,AZ,2004-12-31,199625.78777306585
394976,11,"Phoenix, AZ",msa,AZ,2005-01-31,203565.5611628086
394976,11,"Phoenix, AZ",msa,AZ,2005-02-28,208551.5488656037
394976,11,"Phoenix, AZ",msa,AZ,2005-03-31,213688.0797626255
394976,11,"Phoenix, AZ",msa,AZ,2005-04-30,219640.8449237944
394976,11,"Phoenix, AZ",msa,AZ,2005-05-31,226303.41802609293
394976,11,"Phoenix, AZ",msa,AZ,2005-06-30,234969.13239815756
394976,11,"Phoenix, AZ",msa,AZ,2005-07-31,244838.78458969475
394976,11,"Phoenix, AZ",msa,AZ,2005-08-31,254740.58604608185
394976,11,"Phoenix, AZ",msa,AZ,2005-09-30,265031.75276975374
394976,11,"Phoenix, AZ",msa,AZ,2005-10-31,274114.2005246368
394976,11,"Phoenix, AZ",msa,AZ,2005-11-30,282715.4639821034
394976,11,"Phoenix, AZ",msa,AZ,2005-12-31,288261.3182906353
394976,11,"Phoenix, AZ",msa,AZ,2006-01-31,291000.738751022
394976,11,"Phoenix, AZ",msa,AZ,2006-02-28,294642.54719589633
394976,11,"Phoenix, AZ",msa,AZ,2006-03-31,299120.6301279853
394976,11,"Phoenix, AZ",msa,AZ,2006-04-30,304447.7241588689
394976,11,"Phoenix, AZ",msa,AZ,2006-05-31,307446.8699725457
394976,11,"Phoenix, AZ",msa,AZ,2006-06-30,308900.72031782405
394976,11,"Phoenix, AZ",msa,AZ,2006-07-31,308589.5429509683
394976,11,"Phoenix, AZ",msa,AZ,2006-08-31,306703.3988437483
394976,11,"Phoenix, AZ",msa,AZ,2006-09-30,303683.8197250048
394976,11,"Phoenix, AZ",msa,AZ,2006-10-31,301732.41865559673
394976,11,"Phoenix, AZ",msa,AZ,2006-11-30,299364.74170458526
394976,11,"Phoenix, AZ",msa,AZ,2006-12-31,297168.30699891684
394976,11,"Phoenix, AZ",msa,AZ,2007-01-31,294672.9608678044
394976,11,"Phoenix, AZ",msa,AZ,2007-02-28,292958.1326302888
394976,11,"Phoenix, AZ",msa,AZ,2007-03-31,291935.44049688283
394976,11,"Phoenix, AZ",msa,AZ,2007-04-30,291550.11260092555
394976,11,"Phoenix, AZ",msa,AZ,2007-05-31,291298.3925978653
394976,11,"Phoenix, AZ",msa,AZ,2007-06-30,290367.2344698934
394976,11,"Phoenix, AZ",msa,AZ,2007-07-31,288621.4277150978
394976,11,"Phoenix, AZ",msa,AZ,2007-08-31,286116.91826426546
394976,11,"Phoenix, AZ",msa,AZ,2007-09-30,283136.03455758194
394976,11,"Phoenix, AZ",msa,AZ,2007-10-31,280102.085831758
394976,11,"Phoenix, AZ",msa,AZ,2007-11-30,276081.95428924245
394976,11,"Phoenix, AZ",msa,AZ,2007-12-31,271808.24723866064
394976,11,"Phoenix, AZ",msa,AZ,2008-01-31,267274.5517775294
394976,11,"Phoenix, AZ",msa,AZ,2008-02-29,261922.51489135643
394976,11,"Phoenix, AZ",msa,AZ,2008-03-31,256202.9724094622
394976,11,"Phoenix, AZ",msa,AZ,2008-04-30,249373.8811770958
394976,11,"Phoenix, AZ",msa,AZ,2008-05-31,243899.0164794577
394976,11,"Phoenix, AZ",msa,AZ,2008-06-30,238630.2225602429
394976,11,"Phoenix, AZ",msa,AZ,2008-07-31,233111.31639856397
394976,11,"Phoenix, AZ",msa,AZ,2008-08-31,226233.68011966543
394976,11,"Phoenix, AZ",msa,AZ,2008-09-30,219232.9311397284
394976,11,"Phoenix, AZ",msa,AZ,2008-10-31,213204.76790473275
394976,11,"Phoenix, AZ",msa,AZ,2008-11-30,206138.77598063063
394976,11,"Phoenix, AZ",msa,AZ,2008-12-31,198788.3547072256
394976,11,"Phoenix, AZ",msa,AZ,2009-01-31,191825.16300275375
394976,11,"Phoenix, AZ",msa,AZ,2009-02-28,187426.6213579689
394976,11,"Phoenix, AZ",msa,AZ,2009-03-31,183687.64412389623
394976,11,"Phoenix, AZ",msa,AZ,2009-04-30,180153.62363755272
394976,11,"Phoenix, AZ",msa,AZ,2009-05-31,176132.52263854
394976,11,"Phoenix, AZ",msa,AZ,2009-06-30,172739.85400571438
394976,11,"Phoenix, AZ",msa,AZ,2009-07-31,170018.90094145163
394976,11,"Phoenix, AZ",msa,AZ,2009-08-31,167795.75494741948
394976,11,"Phoenix, AZ",msa,AZ,2009-09-30,165793.8933741227
394976,11,"Phoenix, AZ",msa,AZ,2009-10-31,163177.73593955004
394976,11,"Phoenix, AZ",msa,AZ,2009-11-30,162154.47025837054
394976,11,"Phoenix, AZ",msa,AZ,2009-12-31,161906.95302762414
394976,11,"Phoenix, AZ",msa,AZ,2010-01-31,162275.87566464613
394976,11,"Phoenix, AZ",msa,AZ,2010-02-28,161573.55312207327
394976,11,"Phoenix, AZ",msa,AZ,2010-03-31,160431.07740586245
394976,11,"Phoenix, AZ",msa,AZ,2010-04-30,159855.1428816033
394976,11,"Phoenix, AZ",msa,AZ,2010-05-31,159123.4496893106
394976,11,"Phoenix, AZ",msa,AZ,2010-06-30,158401.685492158
394976,11,"Phoenix, AZ",msa,AZ,2010-07-31,156196.61397007378
394976,11,"Phoenix, AZ",msa,AZ,2010-08-31,154141.38323565785
394976,11,"Phoenix, AZ",msa,AZ,2010-09-30,151542.06293379652
394976,11,"Phoenix, AZ",msa,AZ,2010-10-31,149785.68379381183
394976,11,"Phoenix, AZ",msa,AZ,2010-11-30,147924.49413279488
394976,11,"Phoenix, AZ",msa,AZ,2010-12-31,146120.68515863648
394976,11,"Phoenix, AZ",msa,AZ,2011-01-31,143897.7579102275
394976,11,"Phoenix, AZ",msa,AZ,2011-02-28,141944.62347705875
394976,11,"Phoenix, AZ",msa,AZ,2011-03-31,140637.16295404616
394976,11,"Phoenix, AZ",msa,AZ,2011-04-30,139171.08699094213
394976,11,"Phoenix, AZ",msa,AZ,2011-05-31,137639.53824445108
394976,11,"Phoenix, AZ",msa,AZ,2011-06-30,135932.80815689804
394976,11,"Phoenix, AZ",msa,AZ,2011-07-31,135075.25685115773
394976,11,"Phoenix, AZ",msa,AZ,2011-08-31,134728.46063625283
394976,11,"Phoenix, AZ",msa,AZ,2011-09-30,134668.46427689644
394976,11,"Phoenix, AZ",msa,AZ,2011-10-31,134748.54685613178
394976,11,"Phoenix, AZ",msa,AZ,2011-11-30,134807.9760939591
394976,11,"Phoenix, AZ",msa,AZ,2011-12-31,135754.86649960172
394976,11,"Phoenix, AZ",msa,AZ,2012-01-31,136617.04329075813
394976,11,"Phoenix, AZ",msa,AZ,2012-02-29,137764.98038160382
394976,11,"Phoenix, AZ",msa,AZ,2012-03-31,138592.47725134305
394976,11,"Phoenix, AZ",msa,AZ,2012-04-30,140282.7053312784
394976,11,"Phoenix, AZ",msa,AZ,2012-05-31,142804.27744629464
394976,11,"Phoenix, AZ",msa,AZ,2012-06-30,145886.38788301827
394976,11,"Phoenix, AZ",msa,AZ,2012-07-31,149313.36973982156
394976,11,"Phoenix, AZ",msa,AZ,2012-08-31,152806.38236768902
394976,11,"Phoenix, AZ",msa,AZ,2012-09-30,156542.35049997727
394976,11,"Phoenix, AZ",msa,AZ,2012-10-31,159958.30105539973
394976,11,"Phoenix, AZ",msa,AZ,2012-11-30,162981.67379151526
394976,11,"Phoenix, AZ",msa,AZ,2012-12-31,165420.2002235845
394976,11,"Phoenix, AZ",msa,AZ,2013-01-31,167797.9283146961
394976,11,"Phoenix, AZ",msa,AZ,2013-02-28,170163.15422106677
394976,11,"Phoenix, AZ",msa,AZ,2013-03-31,172787.04090023143
394976,11,"Phoenix, AZ",msa,AZ,2013-04-30,175759.76958681562
394976,11,"Phoenix, AZ",msa,AZ,2013-05-31,179091.07121149878
394976,11,"Phoenix, AZ",msa,AZ,2013-06-30,182515.3438813277
394976,11,"Phoenix, AZ",msa,AZ,2013-07-31,185787.40806518064
394976,11,"Phoenix, AZ",msa,AZ,2013-08-31,188889.763706074
394976,11,"Phoenix, AZ",msa,AZ,2013-09-30,191814.492617439
394976,11,"Phoenix, AZ",msa,AZ,2013-10-31,194437.254975303
394976,11,"Phoenix, AZ",msa,AZ,2013-11-30,196420.97647232644
394976,11,"Phoenix, AZ",msa,AZ,2013-12-31,197813.4861438704
394976,11,"Phoenix, AZ",msa,AZ,2014-01-31,199477.37732061977
394976,11,"Phoenix, AZ",msa,AZ,2014-02-28,201325.52735998528
394976,11,"Phoenix, AZ",msa,AZ,2014-03-31,203199.7433204116
394976,11,"Phoenix, AZ",msa,AZ,2014-04-30,204358.64761339643
394976,11,"Phoenix, AZ",msa,AZ,2014-05-31,205066.1410123634
394976,11,"Phoenix, AZ",msa,AZ,2014-06-30,205417.8877635121
394976,11,"Phoenix, AZ",msa,AZ,2014-07-31,205627.65558005564
394976,11,"Phoenix, AZ",msa,AZ,2014-08-31,205856.58035886585
394976,11,"Phoenix, AZ",msa,AZ,2014-09-30,206188.0904359489
394976,11,"Phoenix, AZ",msa,AZ,2014-10-31,206371.21761222548
394976,11,"Phoenix, AZ",msa,AZ,2014-11-30,206735.03316280103
394976,11,"Phoenix, AZ",msa,AZ,2014-12-31,207124.1777209769
394976,11,"Phoenix, AZ",msa,AZ,2015-01-31,207807.9914417516
394976,11,"Phoenix, AZ",msa,AZ,2015-02-28,208612.22465467785
394976,11,"Phoenix, AZ",msa,AZ,2015-03-31,209715.9024996269
394976,11,"Phoenix, AZ",msa,AZ,2015-04-30,210989.1457063084
394976,11,"Phoenix, AZ",msa,AZ,2015-05-31,212538.05755863263
394976,11,"Phoenix, AZ",msa,AZ,2015-06-30,214124.994954474
394976,11,"Phoenix, AZ",msa,AZ,2015-07-31,215835.8757215481
394976,11,"Phoenix, AZ",msa,AZ,2015-08-31,217621.04077280647
394976,11,"Phoenix, AZ",msa,AZ,2015-09-30,219643.38394974265
394976,11,"Phoenix, AZ",msa,AZ,2015-10-31,221763.1465441607
394976,11,"Phoenix, AZ",msa,AZ,2015-11-30,223903.6105798513
394976,11,"Phoenix, AZ",msa,AZ,2015-12-31,225888.08725947636
394976,11,"Phoenix, AZ",msa,AZ,2016-01-31,228201.187072497
394976,11,"Phoenix, AZ",msa,AZ,2016-02-29,230296.72597737293
394976,11,"Phoenix, AZ",msa,AZ,2016-03-31,231860.20759408743
394976,11,"Phoenix, AZ",msa,AZ,2016-04-30,232799.1248595531
394976,11,"Phoenix, AZ",msa,AZ,2016-05-31,233670.46182972155
394976,11,"Phoenix, AZ",msa,AZ,2016-06-30,234691.0226471957
394976,11,"Phoenix, AZ",msa,AZ,2016-07-31,235726.61887810013
394976,11,"Phoenix, AZ",msa,AZ,2016-08-31,236635.5025844747
394976,11,"Phoenix, AZ",msa,AZ,2016-09-30,237838.94797278664
394976,11,"Phoenix, AZ",msa,AZ,2016-10-31,239034.2485511052
394976,11,"Phoenix, AZ",msa,AZ,2016-11-30,240212.45599751288
394976,11,"Phoenix, AZ",msa,AZ,2016-12-31,241307.8706915167
394976,11,"Phoenix, AZ",msa,AZ,2017-01-31,242399.27355058
394976,11,"Phoenix, AZ",msa,AZ,2017-02-28,243678.61137059727
394976,11,"Phoenix, AZ",msa,AZ,2017-03-31,245134.91448537496
394976,11,"Phoenix, AZ",msa,AZ,2017-04-30,246684.94985407288
394976,11,"Phoenix, AZ",msa,AZ,2017-05-31,248188.45928469664
394976,11,"Phoenix, AZ",msa,AZ,2017-06-30,249673.79404495144
394976,11,"Phoenix, AZ",msa,AZ,2017-07-31,251108.24241421855
394976,11,"Phoenix, AZ",msa,AZ,2017-08-31,252573.08251936745
394976,11,"Phoenix, AZ",msa,AZ,2017-09-30,254052.66120867932
394976,11,"Phoenix, AZ",msa,AZ,2017-10-31,255588.38273609072
394976,11,"Phoenix, AZ",msa,AZ,2017-11-30,256865.00909054963
394976,11,"Phoenix, AZ",msa,AZ,2017-12-31,258137.56005787692
394976,11,"Phoenix, AZ",msa,AZ,2018-01-31,259727.4127571714
394976,11,"Phoenix, AZ",msa,AZ,2018-02-28,261647.1346686709
394976,11,"Phoenix, AZ",msa,AZ,2018-03-31,263597.44897362374
394976,11,"Phoenix, AZ",msa,AZ,2018-04-30,265197.3299158039
394976,11,"Phoenix, AZ",msa,AZ,2018-05-31,266955.7507436459
394976,11,"Phoenix, AZ",msa,AZ,2018-06-30,268745.177623126
394976,11,"Phoenix, AZ",msa,AZ,2018-07-31,270906.94035882014
394976,11,"Phoenix, AZ",msa,AZ,2018-08-31,272858.2543757605
394976,11,"Phoenix, AZ",msa,AZ,2018-09-30,274712.50019431027
394976,11,"Phoenix, AZ",msa,AZ,2018-10-31,276191.46868095105
394976,11,"Phoenix, AZ",msa,AZ,2018-11-30,277525.2468057954
394976,11,"Phoenix, AZ",msa,AZ,2018-12-31,278680.6671300073
394976,11,"Phoenix, AZ",msa,AZ,2019-01-31,280038.1109880771
394976,11,"Phoenix, AZ",msa,AZ,2019-02-28,281625.16963109566
394976,11,"Phoenix, AZ",msa,AZ,2019-03-31,283109.0551616457
394976,11,"Phoenix, AZ",msa,AZ,2019-04-30,284298.3211954984
394976,11,"Phoenix, AZ",msa,AZ,2019-05-31,285151.0464666033
394976,11,"Phoenix, AZ",msa,AZ,2019-06-30,286052.7068748921
394976,11,"Phoenix, AZ",msa,AZ,2019-07-31,286904.523810254
394976,11,"Phoenix, AZ",msa,AZ,2019-08-31,288053.7881038771
394976,11,"Phoenix, AZ",msa,AZ,2019-09-30,289519.6840916294
394976,11,"Phoenix, AZ",msa,AZ,2019-10-31,291355.6628851078
394976,11,"Phoenix, AZ",msa,AZ,2019-11-30,293519.0825743967
394976,11,"Phoenix, AZ",msa,AZ,2019-12-31,295749.7000753302
394976,11,"Phoenix, AZ",msa,AZ,2020-01-31,298585.83735498466
394976,11,"Phoenix, AZ",msa,AZ,2020-02-29,301836.1336679754
394976,11,"Phoenix, AZ",msa,AZ,2020-03-31,305608.5099737313
394976,11,"Phoenix, AZ",msa,AZ,2020-04-30,308976.60468811274
394976,11,"Phoenix, AZ",msa,AZ,2020-05-31,311291.7655936706
394976,11,"Phoenix, AZ",msa,AZ,2020-06-30,312806.4820885927
394976,11,"Phoenix, AZ",msa,AZ,2020-07-31,314451.2819137655
394976,11,"Phoenix, AZ",msa,AZ,2020-08-31,317300.2828820837
394976,11,"Phoenix, AZ",msa,AZ,2020-09-30,321861.4918297531
394976,11,"Phoenix, AZ",msa,AZ,2020-10-31,327320.563164261
394976,11,"Phoenix, AZ",msa,AZ,2020-11-30,333309.7982283091
394976,11,"Phoenix, AZ",msa,AZ,2020-12-31,339137.556349507
394976,11,"Phoenix, AZ",msa,AZ,2021-01-31,344923.3173262333
394976,11,"Phoenix, AZ",msa,AZ,2021-02-28,351057.3789948011
394976,11,"Phoenix, AZ",msa,AZ,2021-03-31,358392.8485133122
394976,11,"Phoenix, AZ",msa,AZ,2021-04-30,366971.3237651991
394976,11,"Phoenix, AZ",msa,AZ,2021-05-31,377256.5081787845
394976,11,"Phoenix, AZ",msa,AZ,2021-06-30,388515.9886916291
394976,11,"Phoenix, AZ",msa,AZ,2021-07-31,399706.11672763975
394976,11,"Phoenix, AZ",msa,AZ,2021-08-31,409569.7299230775
394976,11,"Phoenix, AZ",msa,AZ,2021-09-30,417845.140617837
394976,11,"Phoenix, AZ",msa,AZ,2021-10-31,425241.9641405594
394976,11,"Phoenix, AZ",msa,AZ,2021-11-30,432249.3156213874
394976,11,"Phoenix, AZ",msa,AZ,2021-12-31,438760.2979328055
394976,11,"Phoenix, AZ",msa,AZ,2022-01-31,445660.66879853886
394976,11,"Phoenix, AZ",msa,AZ,2022-02-28,453566.39253228944
394976,11,"Phoenix, AZ",msa,AZ,2022-03-31,463359.2004539457
394976,11,"Phoenix, AZ",msa,AZ,2022-04-30,474195.53485371865
394976,11,"Phoenix, AZ",msa,AZ,2022-05-31,484866.7630803394
394976,11,"Phoenix, AZ",msa,AZ,2022-06-30,493629.4065790661
394976,11,"Phoenix, AZ",msa,AZ,2022-07-31,497917.8745697271
394976,11,"Phoenix, AZ",msa,AZ,2022-08-31,496550.323293433
394976,11,"Phoenix, AZ",msa,AZ,2022-09-30,490223.5958648639
394976,11,"Phoenix, AZ",msa,AZ,2022-10-31,482325.7209446821
394976,11,"Phoenix, AZ",msa,AZ,2022-11-30,473823.7362388976
394976,11,"Phoenix, AZ",msa,AZ,2022-12-31,465484.8962716206
394976,11,"Phoenix, AZ",msa,AZ,2023-01-31,457371.7346520738
394976,11,"Phoenix, AZ",msa,AZ,2023-02-28,451073.48551900656
394976,11,"Phoenix, AZ",msa,AZ,2023-03-31,447429.94105485216
394976,11,"Phoenix, AZ",msa,AZ,2023-04-30,446055.8841251756
394976,11,"Phoenix, AZ",msa,AZ,2023-05-31,446488.1095207597
394976,11,"Phoenix, AZ",msa,AZ,2023-06-30,448196.2561792725
394976,11,"Phoenix, AZ",msa,AZ,2023-07-31,450773.4341045098
394976,11,"Phoenix, AZ",msa,AZ,2023-08-31,453662.3926973679
394976,11,"Phoenix, AZ",msa,AZ,2023-09-30,456107.268121845
394976,11,"Phoenix, AZ",msa,AZ,2023-10-31,458203.1674521473
394976,11,"Phoenix, AZ",msa,AZ,2023-11-30,459849.4831144792
394976,11,"Phoenix, AZ",msa,AZ,2023-12-31,460682.2676290776
394976,11,"Phoenix, AZ",msa,AZ,2024-01-31,461054.6341414149
394976,11,"Phoenix, AZ",msa,AZ,2024-02-29,461645.1163145679
394976,11,"Phoenix, AZ",msa,AZ,2024-03-31,463115.886975892
394976,11,"Phoenix, AZ",msa,AZ,2024-04-30,464819.8573626826
394976,11,"Phoenix, AZ",msa,AZ,2024-05-31,466107.89742223657
394976,11,"Phoenix, AZ",msa,AZ,2024-06-30,466185.9425917087
394976,11,"Phoenix, AZ",msa,AZ,2024-07-31,465492.7996862219
394976,11,"Phoenix, AZ",msa,AZ,2024-08-31,464303.2989055056
394976,11,"Phoenix, AZ",msa,AZ,2024-09-30,463316.4174018871
394976,11,"Phoenix, AZ",msa,AZ,2024-10-31,462584.33497308334
394976,11,"Phoenix, AZ",msa,AZ,2024-11-30,461971.28950288455
394976,11,"Phoenix, AZ",msa,AZ,2024-12-31,461454.8346989664
394976,11,"Phoenix, AZ",msa,AZ,2025-01-31,460586.1793591772
394976,11,"Phoenix, AZ",msa,AZ,2025-02-28,459145.8205180417
394976,11,"Phoenix, AZ",msa,AZ,2025-03-31,457011.5150179608
394976,11,"Phoenix, AZ",msa,AZ,2025-04-30,454994.4192353026
394976,11,"Phoenix, AZ",msa,AZ,2025-05-31,452985.3170278277
394976,11,"Phoenix, AZ",msa,AZ,2025-06-30,451125.79313218856
394976,11,"Phoenix, AZ",msa,AZ,2025-07-31,449165.8739688576
394976,11,"Phoenix, AZ",msa,AZ,2025-08-31,447519.9287071474
394976,11,"Phoenix, AZ",msa,AZ,2025-09-30,446431.9657541435
394976,11,"Phoenix, AZ",msa,AZ,2025-10-31,445913.5104678241
394976,11,"Phoenix, AZ",msa,AZ,2025-11-30,446042.26916983776
394976,11,"Phoenix, AZ",msa,AZ,2025-12-31,446688.507408598
394976,11,"Phoenix, AZ",msa,AZ,2026-01-31,447408.664574029
394976,11,"Phoenix, AZ",msa,AZ,2026-02-28,447945.9736379616
394976,11,"Phoenix, AZ",msa,AZ,2026-03-31,447725.5289157716
394976,11,"Phoenix, AZ",msa,AZ,2026-04-30,446711.381046695
394976,11,"Phoenix, AZ",msa,AZ,2026-05-31,445131.3564062999
394976,11,"Phoenix, AZ",msa,AZ,2026-06-30,443547.3722174408
394976,11,"Phoenix, AZ",msa,AZ,2026-07-31,442633.7643882986
394976,11,"Phoenix, AZ",msa,AZ,2026-08-31,442078.41997486586
394982,27,"Pittsburgh, PA",msa,PA,2000-01-31,89870.51378068328
394982,27,"Pittsburgh, PA",msa,PA,2000-02-29,89977.45399816336
394982,27,"Pittsburgh, PA",msa,PA,2000-03-31,90106.82440622884
394982,27,"Pittsburgh, PA",msa,PA,2000-04-30,90359.90252555332
394982,27,"Pittsburgh, PA",msa,PA,2000-05-31,90721.54476057037
394982,27,"Pittsburgh, PA",msa,PA,2000-06-30,91087.17776093696
394982,27,"Pittsburgh, PA",msa,PA,2000-07-31,91526.95135168698
394982,27,"Pittsburgh, PA",msa,PA,2000-08-31,91892.0995773521
394982,27,"Pittsburgh, PA",msa,PA,2000-09-30,92319.3096122228
394982,27,"Pittsburgh, PA",msa,PA,2000-10-31,92660.54982890816
394982,27,"Pittsburgh, PA",msa,PA,2000-11-30,93018.23428184834
394982,27,"Pittsburgh, PA",msa,PA,2000-12-31,93396.91145440804
394982,27,"Pittsburgh, PA",msa,PA,2001-01-31,93834.62606887956
394982,27,"Pittsburgh, PA",msa,PA,2001-02-28,94275.6511825039
394982,27,"Pittsburgh, PA",msa,PA,2001-03-31,94641.9130102998
394982,27,"Pittsburgh, PA",msa,PA,2001-04-30,95023.1224668304
394982,27,"Pittsburgh, PA",msa,PA,2001-05-31,95398.0558305318
394982,27,"Pittsburgh, PA",msa,PA,2001-06-30,95838.77772687534
394982,27,"Pittsburgh, PA",msa,PA,2001-07-31,96334.91515731411
394982,27,"Pittsburgh, PA",msa,PA,2001-08-31,96874.98355479748
394982,27,"Pittsburgh, PA",msa,PA,2001-09-30,97393.89716426724
394982,27,"Pittsburgh, PA",msa,PA,2001-10-31,97830.71626550984
394982,27,"Pittsburgh, PA",msa,PA,2001-11-30,98229.63566486286
394982,27,"Pittsburgh, PA",msa,PA,2001-12-31,98642.89087233842
394982,27,"Pittsburgh, PA",msa,PA,2002-01-31,99036.67157030724
394982,27,"Pittsburgh, PA",msa,PA,2002-02-28,99438.58174575852
394982,27,"Pittsburgh, PA",msa,PA,2002-03-31,99826.85331095208
394982,27,"Pittsburgh, PA",msa,PA,2002-04-30,100214.13637102472
394982,27,"Pittsburgh, PA",msa,PA,2002-05-31,100631.31385300196
394982,27,"Pittsburgh, PA",msa,PA,2002-06-30,100968.62623057872
394982,27,"Pittsburgh, PA",msa,PA,2002-07-31,101431.23072541606
394982,27,"Pittsburgh, PA",msa,PA,2002-08-31,102057.67560506408
394982,27,"Pittsburgh, PA",msa,PA,2002-09-30,102682.97515450038
394982,27,"Pittsburgh, PA",msa,PA,2002-10-31,103218.608074849
394982,27,"Pittsburgh, PA",msa,PA,2002-11-30,103510.66668772776
394982,27,"Pittsburgh, PA",msa,PA,2002-12-31,103810.31404606393
394982,27,"Pittsburgh, PA",msa,PA,2003-01-31,104199.06799348304
394982,27,"Pittsburgh, PA",msa,PA,2003-02-28,104509.91958011485
394982,27,"Pittsburgh, PA",msa,PA,2003-03-31,104741.06398027558
394982,27,"Pittsburgh, PA",msa,PA,2003-04-30,104962.54377423842
394982,27,"Pittsburgh, PA",msa,PA,2003-05-31,105527.93734933372
394982,27,"Pittsburgh, PA",msa,PA,2003-06-30,106510.13707828092
394982,27,"Pittsburgh, PA",msa,PA,2003-07-31,107478.20609854376
394982,27,"Pittsburgh, PA",msa,PA,2003-08-31,108174.78780970772
394982,27,"Pittsburgh, PA",msa,PA,2003-09-30,108479.58572137397
394982,27,"Pittsburgh, PA",msa,PA,2003-10-31,108670.78690526552
394982,27,"Pittsburgh, PA",msa,PA,2003-11-30,108648.5672959509
394982,27,"Pittsburgh, PA",msa,PA,2003-12-31,108797.11844610942
394982,27,"Pittsburgh, PA",msa,PA,2004-01-31,108830.68856483352
394982,27,"Pittsburgh, PA",msa,PA,2004-02-29,109230.08754100914
394982,27,"Pittsburgh, PA",msa,PA,2004-03-31,109645.75104185444
394982,27,"Pittsburgh, PA",msa,PA,2004-04-30,110023.53168221404
394982,27,"Pittsburgh, PA",msa,PA,2004-05-31,110426.89632079728
394982,27,"Pittsburgh, PA",msa,PA,2004-06-30,110896.88903371451
394982,27,"Pittsburgh, PA",msa,PA,2004-07-31,111552.63233138226
394982,27,"Pittsburgh, PA",msa,PA,2004-08-31,112101.56552105011
394982,27,"Pittsburgh, PA",msa,PA,2004-09-30,112611.41797059732
394982,27,"Pittsburgh, PA",msa,PA,2004-10-31,113147.67695242724
394982,27,"Pittsburgh, PA",msa,PA,2004-11-30,113729.25739690468
394982,27,"Pittsburgh, PA",msa,PA,2004-12-31,114263.6968622202
394982,27,"Pittsburgh, PA",msa,PA,2005-01-31,114781.09875332715
394982,27,"Pittsburgh, PA",msa,PA,2005-02-28,114903.00563815472
394982,27,"Pittsburgh, PA",msa,PA,2005-03-31,115050.39404509356
394982,27,"Pittsburgh, PA",msa,PA,2005-04-30,115471.60645089688
394982,27,"Pittsburgh, PA",msa,PA,2005-05-31,116212.35756041958
394982,27,"Pittsburgh, PA",msa,PA,2005-06-30,116941.61048447344
394982,27,"Pittsburgh, PA",msa,PA,2005-07-31,117449.72933264251
394982,27,"Pittsburgh, PA",msa,PA,2005-08-31,118007.85045296846
394982,27,"Pittsburgh, PA",msa,PA,2005-09-30,118414.01689035817
394982,27,"Pittsburgh, PA",msa,PA,2005-10-31,118744.78800822169
394982,27,"Pittsburgh, PA",msa,PA,2005-11-30,119066.63738883664
394982,27,"Pittsburgh, PA",msa,PA,2005-12-31,119440.13948638429
394982,27,"Pittsburgh, PA",msa,PA,2006-01-31,119801.9573465372
394982,27,"Pittsburgh, PA",msa,PA,2006-02-28,120144.27844026971
394982,27,"Pittsburgh, PA",msa,PA,2006-03-31,120551.60334833294
394982,27,"Pittsburgh, PA",msa,PA,2006-04-30,120954.9339818319
394982,27,"Pittsburgh, PA",msa,PA,2006-05-31,121322.25642508098
394982,27,"Pittsburgh, PA",msa,PA,2006-06-30,121718.49144636931
394982,27,"Pittsburgh, PA",msa,PA,2006-07-31,121991.14291687582
394982,27,"Pittsburgh, PA",msa,PA,2006-08-31,122089.22093970054
394982,27,"Pittsburgh, PA",msa,PA,2006-09-30,122051.30188909693
394982,27,"Pittsburgh, PA",msa,PA,2006-10-31,122112.44124162162
394982,27,"Pittsburgh, PA",msa,PA,2006-11-30,122256.10490673177
394982,27,"Pittsburgh, PA",msa,PA,2006-12-31,122436.46389522385
394982,27,"Pittsburgh, PA",msa,PA,2007-01-31,122585.16783632305
394982,27,"Pittsburgh, PA",msa,PA,2007-02-28,122820.30572728348
394982,27,"Pittsburgh, PA",msa,PA,2007-03-31,123052.01820530632
394982,27,"Pittsburgh, PA",msa,PA,2007-04-30,123154.5961858429
394982,27,"Pittsburgh, PA",msa,PA,2007-05-31,123258.71301877858
394982,27,"Pittsburgh, PA",msa,PA,2007-06-30,123315.07666324847
394982,27,"Pittsburgh, PA",msa,PA,2007-07-31,123613.25070914328
394982,27,"Pittsburgh, PA",msa,PA,2007-08-31,123911.34985581314
394982,27,"Pittsburgh, PA",msa,PA,2007-09-30,124338.35082631442
394982,27,"Pittsburgh, PA",msa,PA,2007-10-31,124679.27345243975
394982,27,"Pittsburgh, PA",msa,PA,2007-11-30,125012.3748032963
394982,27,"Pittsburgh, PA",msa,PA,2007-12-31,125215.87231883676
394982,27,"Pittsburgh, PA",msa,PA,2008-01-31,125366.50736960964
394982,27,"Pittsburgh, PA",msa,PA,2008-02-29,125382.91569396078
394982,27,"Pittsburgh, PA",msa,PA,2008-03-31,125338.73761227062
394982,27,"Pittsburgh, PA",msa,PA,2008-04-30,125418.13484657336
394982,27,"Pittsburgh, PA",msa,PA,2008-05-31,125457.08863271851
394982,27,"Pittsburgh, PA",msa,PA,2008-06-30,125476.85221365646
394982,27,"Pittsburgh, PA",msa,PA,2008-07-31,125395.6555930631
394982,27,"Pittsburgh, PA",msa,PA,2008-08-31,125316.7303770191
394982,27,"Pittsburgh, PA",msa,PA,2008-09-30,125317.30420595338
394982,27,"Pittsburgh, PA",msa,PA,2008-10-31,125283.68559414684
394982,27,"Pittsburgh, PA",msa,PA,2008-11-30,125252.21099628852
394982,27,"Pittsburgh, PA",msa,PA,2008-12-31,124887.49402197104
394982,27,"Pittsburgh, PA",msa,PA,2009-01-31,124472.68335039348
394982,27,"Pittsburgh, PA",msa,PA,2009-02-28,124450.71861874303
394982,27,"Pittsburgh, PA",msa,PA,2009-03-31,124688.430944147
394982,27,"Pittsburgh, PA",msa,PA,2009-04-30,124989.77069669894
394982,27,"Pittsburgh, PA",msa,PA,2009-05-31,125157.00691760633
394982,27,"Pittsburgh, PA",msa,PA,2009-06-30,125383.62125797778
394982,27,"Pittsburgh, PA",msa,PA,2009-07-31,125634.98638897178
394982,27,"Pittsburgh, PA",msa,PA,2009-08-31,125549.32657418698
394982,27,"Pittsburgh, PA",msa,PA,2009-09-30,125388.10581102
394982,27,"Pittsburgh, PA",msa,PA,2009-10-31,125403.52347417084
394982,27,"Pittsburgh, PA",msa,PA,2009-11-30,125859.9962054633
394982,27,"Pittsburgh, PA",msa,PA,2009-12-31,126592.8799345554
394982,27,"Pittsburgh, PA",msa,PA,2010-01-31,127411.80596329752
394982,27,"Pittsburgh, PA",msa,PA,2010-02-28,128255.02235481686
394982,27,"Pittsburgh, PA",msa,PA,2010-03-31,129252.48131352558
394982,27,"Pittsburgh, PA",msa,PA,2010-04-30,130310.67674211058
394982,27,"Pittsburgh, PA",msa,PA,2010-05-31,131053.4559873586
394982,27,"Pittsburgh, PA",msa,PA,2010-06-30,131372.64989511247
394982,27,"Pittsburgh, PA",msa,PA,2010-07-31,131358.8315785488
394982,27,"Pittsburgh, PA",msa,PA,2010-08-31,131203.8952893451
394982,27,"Pittsburgh, PA",msa,PA,2010-09-30,131081.4616862431
394982,27,"Pittsburgh, PA",msa,PA,2010-10-31,130742.9630873545
394982,27,"Pittsburgh, PA",msa,PA,2010-11-30,130384.772160542
394982,27,"Pittsburgh, PA",msa,PA,2010-12-31,129881.89789965317
394982,27,"Pittsburgh, PA",msa,PA,2011-01-31,129657.49610631436
394982,27,"Pittsburgh, PA",msa,PA,2011-02-28,129485.1093979492
394982,27,"Pittsburgh, PA",msa,PA,2011-03-31,129369.320888673
394982,27,"Pittsburgh, PA",msa,PA,2011-04-30,129083.81380316752
394982,27,"Pittsburgh, PA",msa,PA,2011-05-31,128816.30516877564
394982,27,"Pittsburgh, PA",msa,PA,2011-06-30,128490.63235563845
394982,27,"Pittsburgh, PA",msa,PA,2011-07-31,128258.64054088334
394982,27,"Pittsburgh, PA",msa,PA,2011-08-31,128148.47196413408
394982,27,"Pittsburgh, PA",msa,PA,2011-09-30,128258.56178697504
394982,27,"Pittsburgh, PA",msa,PA,2011-10-31,128239.99124178116
394982,27,"Pittsburgh, PA",msa,PA,2011-11-30,128172.48274759317
394982,27,"Pittsburgh, PA",msa,PA,2011-12-31,128056.55649574232
394982,27,"Pittsburgh, PA",msa,PA,2012-01-31,128102.43831398337
394982,27,"Pittsburgh, PA",msa,PA,2012-02-29,128509.40120976248
394982,27,"Pittsburgh, PA",msa,PA,2012-03-31,129256.3383922442
394982,27,"Pittsburgh, PA",msa,PA,2012-04-30,129835.7570139524
394982,27,"Pittsburgh, PA",msa,PA,2012-05-31,130214.53844398928
394982,27,"Pittsburgh, PA",msa,PA,2012-06-30,130145.430228013
394982,27,"Pittsburgh, PA",msa,PA,2012-07-31,130224.93485497731
394982,27,"Pittsburgh, PA",msa,PA,2012-08-31,130179.65299446316
394982,27,"Pittsburgh, PA",msa,PA,2012-09-30,130204.97101206704
394982,27,"Pittsburgh, PA",msa,PA,2012-10-31,130116.85104282152
394982,27,"Pittsburgh, PA",msa,PA,2012-11-30,130069.6631725694
394982,27,"Pittsburgh, PA",msa,PA,2012-12-31,130104.10239156216
394982,27,"Pittsburgh, PA",msa,PA,2013-01-31,130139.34823702712
394982,27,"Pittsburgh, PA",msa,PA,2013-02-28,130166.90775989796
394982,27,"Pittsburgh, PA",msa,PA,2013-03-31,130617.4413915905
394982,27,"Pittsburgh, PA",msa,PA,2013-04-30,131545.74868711116
394982,27,"Pittsburgh, PA",msa,PA,2013-05-31,132717.49468783243
394982,27,"Pittsburgh, PA",msa,PA,2013-06-30,133561.99770609674
394982,27,"Pittsburgh, PA",msa,PA,2013-07-31,133866.59775937095
394982,27,"Pittsburgh, PA",msa,PA,2013-08-31,134031.0848327894
394982,27,"Pittsburgh, PA",msa,PA,2013-09-30,134009.5016132785
394982,27,"Pittsburgh, PA",msa,PA,2013-10-31,134330.35071869963
394982,27,"Pittsburgh, PA",msa,PA,2013-11-30,134541.2020433664
394982,27,"Pittsburgh, PA",msa,PA,2013-12-31,134868.2127221712
394982,27,"Pittsburgh, PA",msa,PA,2014-01-31,134894.05551686944
394982,27,"Pittsburgh, PA",msa,PA,2014-02-28,134972.08329070942
394982,27,"Pittsburgh, PA",msa,PA,2014-03-31,135165.4104223868
394982,27,"Pittsburgh, PA",msa,PA,2014-04-30,135774.00155390857
394982,27,"Pittsburgh, PA",msa,PA,2014-05-31,136574.52980130838
394982,27,"Pittsburgh, PA",msa,PA,2014-06-30,137486.25623053606
394982,27,"Pittsburgh, PA",msa,PA,2014-07-31,138398.48299945562
394982,27,"Pittsburgh, PA",msa,PA,2014-08-31,139057.0968256094
394982,27,"Pittsburgh, PA",msa,PA,2014-09-30,139403.255624172
394982,27,"Pittsburgh, PA",msa,PA,2014-10-31,139346.4146443005
394982,27,"Pittsburgh, PA",msa,PA,2014-11-30,139421.86162642456
394982,27,"Pittsburgh, PA",msa,PA,2014-12-31,139732.32056642967
394982,27,"Pittsburgh, PA",msa,PA,2015-01-31,140105.94762870867
394982,27,"Pittsburgh, PA",msa,PA,2015-02-28,140465.55154702856
394982,27,"Pittsburgh, PA",msa,PA,2015-03-31,140970.88927071766
394982,27,"Pittsburgh, PA",msa,PA,2015-04-30,141683.74627307671
394982,27,"Pittsburgh, PA",msa,PA,2015-05-31,142465.43773407422
394982,27,"Pittsburgh, PA",msa,PA,2015-06-30,143073.3214060722
394982,27,"Pittsburgh, PA",msa,PA,2015-07-31,143821.42490250742
394982,27,"Pittsburgh, PA",msa,PA,2015-08-31,144665.69242859064
394982,27,"Pittsburgh, PA",msa,PA,2015-09-30,145470.01924269457
394982,27,"Pittsburgh, PA",msa,PA,2015-10-31,146086.07964958806
394982,27,"Pittsburgh, PA",msa,PA,2015-11-30,146378.8115041384
394982,27,"Pittsburgh, PA",msa,PA,2015-12-31,146766.19979713726
394982,27,"Pittsburgh, PA",msa,PA,2016-01-31,147194.76864612466
394982,27,"Pittsburgh, PA",msa,PA,2016-02-29,147685.63137140535
394982,27,"Pittsburgh, PA",msa,PA,2016-03-31,147722.60444854616
394982,27,"Pittsburgh, PA",msa,PA,2016-04-30,147883.58981515255
394982,27,"Pittsburgh, PA",msa,PA,2016-05-31,148221.21720413564
394982,27,"Pittsburgh, PA",msa,PA,2016-06-30,148806.89141507304
394982,27,"Pittsburgh, PA",msa,PA,2016-07-31,149086.94861712403
394982,27,"Pittsburgh, PA",msa,PA,2016-08-31,149355.87097881458
394982,27,"Pittsburgh, PA",msa,PA,2016-09-30,149737.38050509346
394982,27,"Pittsburgh, PA",msa,PA,2016-10-31,150274.45096055235
394982,27,"Pittsburgh, PA",msa,PA,2016-11-30,150846.16605252924
394982,27,"Pittsburgh, PA",msa,PA,2016-12-31,151549.65874620795
394982,27,"Pittsburgh, PA",msa,PA,2017-01-31,152094.37213050114
394982,27,"Pittsburgh, PA",msa,PA,2017-02-28,152423.6911880079
394982,27,"Pittsburgh, PA",msa,PA,2017-03-31,152479.43639118504
394982,27,"Pittsburgh, PA",msa,PA,2017-04-30,152705.81220311683
394982,27,"Pittsburgh, PA",msa,PA,2017-05-31,153052.340544384
394982,27,"Pittsburgh, PA",msa,PA,2017-06-30,153556.34403043383
394982,27,"Pittsburgh, PA",msa,PA,2017-07-31,154059.32450039862
394982,27,"Pittsburgh, PA",msa,PA,2017-08-31,154693.14820610514
394982,27,"Pittsburgh, PA",msa,PA,2017-09-30,155342.6502425453
394982,27,"Pittsburgh, PA",msa,PA,2017-10-31,156201.47267756882
394982,27,"Pittsburgh, PA",msa,PA,2017-11-30,157035.84647996418
394982,27,"Pittsburgh, PA",msa,PA,2017-12-31,157903.17805982105
394982,27,"Pittsburgh, PA",msa,PA,2018-01-31,158481.29987486507
394982,27,"Pittsburgh, PA",msa,PA,2018-02-28,159053.70357429865
394982,27,"Pittsburgh, PA",msa,PA,2018-03-31,159901.1494406317
394982,27,"Pittsburgh, PA",msa,PA,2018-04-30,160818.0065183893
394982,27,"Pittsburgh, PA",msa,PA,2018-05-31,161522.0951775426
394982,27,"Pittsburgh, PA",msa,PA,2018-06-30,161977.8284811374
394982,27,"Pittsburgh, PA",msa,PA,2018-07-31,162549.56050749353
394982,27,"Pittsburgh, PA",msa,PA,2018-08-31,163254.61925094156
394982,27,"Pittsburgh, PA",msa,PA,2018-09-30,163735.76324998494
394982,27,"Pittsburgh, PA",msa,PA,2018-10-31,163905.05460947697
394982,27,"Pittsburgh, PA",msa,PA,2018-11-30,163921.2809379989
394982,27,"Pittsburgh, PA",msa,PA,2018-12-31,163978.9180007753
394982,27,"Pittsburgh, PA",msa,PA,2019-01-31,164308.91390342
394982,27,"Pittsburgh, PA",msa,PA,2019-02-28,165095.88235405742
394982,27,"Pittsburgh, PA",msa,PA,2019-03-31,166048.13764547967
394982,27,"Pittsburgh, PA",msa,PA,2019-04-30,166906.93087722632
394982,27,"Pittsburgh, PA",msa,PA,2019-05-31,167481.61100760117
394982,27,"Pittsburgh, PA",msa,PA,2019-06-30,168120.06907469928
394982,27,"Pittsburgh, PA",msa,PA,2019-07-31,168730.2443834136
394982,27,"Pittsburgh, PA",msa,PA,2019-08-31,169267.7276607401
394982,27,"Pittsburgh, PA",msa,PA,2019-09-30,169588.37278553797
394982,27,"Pittsburgh, PA",msa,PA,2019-10-31,170125.6030145353
394982,27,"Pittsburgh, PA",msa,PA,2019-11-30,170874.29321722916
394982,27,"Pittsburgh, PA",msa,PA,2019-12-31,171854.2588157651
394982,27,"Pittsburgh, PA",msa,PA,2020-01-31,172992.01998403654
394982,27,"Pittsburgh, PA",msa,PA,2020-02-29,174295.44008796502
394982,27,"Pittsburgh, PA",msa,PA,2020-03-31,175646.44459940048
394982,27,"Pittsburgh, PA",msa,PA,2020-04-30,176921.66491245653
394982,27,"Pittsburgh, PA",msa,PA,2020-05-31,177511.0827250831
394982,27,"Pittsburgh, PA",msa,PA,2020-06-30,177579.0754991024
394982,27,"Pittsburgh, PA",msa,PA,2020-07-31,177784.15778887342
394982,27,"Pittsburgh, PA",msa,PA,2020-08-31,178832.13603782505
394982,27,"Pittsburgh, PA",msa,PA,2020-09-30,181165.4048614152
394982,27,"Pittsburgh, PA",msa,PA,2020-10-31,183928.96121563815
394982,27,"Pittsburgh, PA",msa,PA,2020-11-30,187080.2060220863
394982,27,"Pittsburgh, PA",msa,PA,2020-12-31,189838.80079064207
394982,27,"Pittsburgh, PA",msa,PA,2021-01-31,192282.53798471924
394982,27,"Pittsburgh, PA",msa,PA,2021-02-28,194852.9060273935
394982,27,"Pittsburgh, PA",msa,PA,2021-03-31,197534.14450273957
394982,27,"Pittsburgh, PA",msa,PA,2021-04-30,200286.5583600381
394982,27,"Pittsburgh, PA",msa,PA,2021-05-31,202853.4286438024
394982,27,"Pittsburgh, PA",msa,PA,2021-06-30,205649.89325471155
394982,27,"Pittsburgh, PA",msa,PA,2021-07-31,207650.0795827013
394982,27,"Pittsburgh, PA",msa,PA,2021-08-31,208297.3169909819
394982,27,"Pittsburgh, PA",msa,PA,2021-09-30,207110.3062689637
394982,27,"Pittsburgh, PA",msa,PA,2021-10-31,205870.9335135376
394982,27,"Pittsburgh, PA",msa,PA,2021-11-30,205140.34240122643
394982,27,"Pittsburgh, PA",msa,PA,2021-12-31,205190.93170286535
394982,27,"Pittsburgh, PA",msa,PA,2022-01-31,206636.543938528
394982,27,"Pittsburgh, PA",msa,PA,2022-02-28,209367.32654911585
394982,27,"Pittsburgh, PA",msa,PA,2022-03-31,212962.74177958272
394982,27,"Pittsburgh, PA",msa,PA,2022-04-30,215757.70356146
394982,27,"Pittsburgh, PA",msa,PA,2022-05-31,217424.93656495624
394982,27,"Pittsburgh, PA",msa,PA,2022-06-30,218515.6880258729
394982,27,"Pittsburgh, PA",msa,PA,2022-07-31,218496.5221683164
394982,27,"Pittsburgh, PA",msa,PA,2022-08-31,217570.71386425896
394982,27,"Pittsburgh, PA",msa,PA,2022-09-30,215927.2216799443
394982,27,"Pittsburgh, PA",msa,PA,2022-10-31,215058.49519403756
394982,27,"Pittsburgh, PA",msa,PA,2022-11-30,214681.7654510003
394982,27,"Pittsburgh, PA",msa,PA,2022-12-31,214233.14977391405
394982,27,"Pittsburgh, PA",msa,PA,2023-01-31,213357.5320449989
394982,27,"Pittsburgh, PA",msa,PA,2023-02-28,212286.4587206299
394982,27,"Pittsburgh, PA",msa,PA,2023-03-31,211961.9677141613
394982,27,"Pittsburgh, PA",msa,PA,2023-04-30,212465.5036613811
394982,27,"Pittsburgh, PA",msa,PA,2023-05-31,213955.5371506741
394982,27,"Pittsburgh, PA",msa,PA,2023-06-30,215800.4396428802
394982,27,"Pittsburgh, PA",msa,PA,2023-07-31,217667.4255392514
394982,27,"Pittsburgh, PA",msa,PA,2023-08-31,219401.1629404172
394982,27,"Pittsburgh, PA",msa,PA,2023-09-30,220768.46170458343
394982,27,"Pittsburgh, PA",msa,PA,2023-10-31,221680.3758046253
394982,27,"Pittsburgh, PA",msa,PA,2023-11-30,222108.72336342963
394982,27,"Pittsburgh, PA",msa,PA,2023-12-31,222291.07452455143
394982,27,"Pittsburgh, PA",msa,PA,2024-01-31,222474.09280798805
394982,27,"Pittsburgh, PA",msa,PA,2024-02-29,222940.5334358705
394982,27,"Pittsburgh, PA",msa,PA,2024-03-31,223963.01024984464
394982,27,"Pittsburgh, PA",msa,PA,2024-04-30,225448.8598254138
394982,27,"Pittsburgh, PA",msa,PA,2024-05-31,227192.1871167449
394982,27,"Pittsburgh, PA",msa,PA,2024-06-30,228642.08119681932
394982,27,"Pittsburgh, PA",msa,PA,2024-07-31,229009.34185515397
394982,27,"Pittsburgh, PA",msa,PA,2024-08-31,228514.58880544425
394982,27,"Pittsburgh, PA",msa,PA,2024-09-30,227680.4671503693
394982,27,"Pittsburgh, PA",msa,PA,2024-10-31,227420.6844511994
394982,27,"Pittsburgh, PA",msa,PA,2024-11-30,227559.0115929084
394982,27,"Pittsburgh, PA",msa,PA,2024-12-31,228134.80168621597
394982,27,"Pittsburgh, PA",msa,PA,2025-01-31,228654.9056053212
394982,27,"Pittsburgh, PA",msa,PA,2025-02-28,229147.96531691105
394982,27,"Pittsburgh, PA",msa,PA,2025-03-31,229369.01658065096
394982,27,"Pittsburgh, PA",msa,PA,2025-04-30,229681.0998494251
394982,27,"Pittsburgh, PA",msa,PA,2025-05-31,230067.142444114
394982,27,"Pittsburgh, PA",msa,PA,2025-06-30,230415.8229066929
394982,27,"Pittsburgh, PA",msa,PA,2025-07-31,231118.9228101037
394982,27,"Pittsburgh, PA",msa,PA,2025-08-31,231572.0461919224
394982,27,"Pittsburgh, PA",msa,PA,2025-09-30,231825.69871813865
394982,27,"Pittsburgh, PA",msa,PA,2025-10-31,231460.69152119165
394982,27,"Pittsburgh, PA",msa,PA,2025-11-30,231367.05663475287
394982,27,"Pittsburgh, PA",msa,PA,2025-12-31,231519.72569040424
394982,27,"Pittsburgh, PA",msa,PA,2026-01-31,231906.5493706372
394982,27,"Pittsburgh, PA",msa,PA,2026-02-28,232252.15110601383
394982,27,"Pittsburgh, PA",msa,PA,2026-03-31,232350.77418527787
394982,27,"Pittsburgh, PA",msa,PA,2026-04-30,232180.63959860508
394982,27,"Pittsburgh, PA",msa,PA,2026-05-31,231802.40202950416
394982,27,"Pittsburgh, PA",msa,PA,2026-06-30,231714.47635667276
394982,27,"Pittsburgh, PA",msa,PA,2026-07-31,231744.42085554745
394982,27,"Pittsburgh, PA",msa,PA,2026-08-31,232121.5014222624
394998,25,"Portland, OR",msa,OR,2000-01-31,174377.76067399044
394998,25,"Portland, OR",msa,OR,2000-02-29,174849.05187805963
394998,25,"Portland, OR",msa,OR,2000-03-31,175229.92259821531
394998,25,"Portland, OR",msa,OR,2000-04-30,175968.9356023348
394998,25,"Portland, OR",msa,OR,2000-05-31,176488.07969032464
394998,25,"Portland, OR",msa,OR,2000-06-30,176976.03967583893
394998,25,"Portland, OR",msa,OR,2000-07-31,177467.81802053112
394998,25,"Portland, OR",msa,OR,2000-08-31,178097.14762336342
394998,25,"Portland, OR",msa,OR,2000-09-30,178587.31108725493
394998,25,"Portland, OR",msa,OR,2000-10-31,178958.42968499463
394998,25,"Portland, OR",msa,OR,2000-11-30,179202.97762661552
394998,25,"Portland, OR",msa,OR,2000-12-31,179540.01393254544
394998,25,"Portland, OR",msa,OR,2001-01-31,179833.5235593639
394998,25,"Portland, OR",msa,OR,2001-02-28,180086.53409200802
394998,25,"Portland, OR",msa,OR,2001-03-31,180252.52490079845
394998,25,"Portland, OR",msa,OR,2001-04-30,180563.1222907855
394998,25,"Portland, OR",msa,OR,2001-05-31,180986.21603846276
394998,25,"Portland, OR",msa,OR,2001-06-30,181590.17506168864
394998,25,"Portland, OR",msa,OR,2001-07-31,182275.66070960005
394998,25,"Portland, OR",msa,OR,2001-08-31,183106.79280275884
394998,25,"Portland, OR",msa,OR,2001-09-30,183858.98092863156
394998,25,"Portland, OR",msa,OR,2001-10-31,184571.0226680003
394998,25,"Portland, OR",msa,OR,2001-11-30,185152.39678603876
394998,25,"Portland, OR",msa,OR,2001-12-31,185794.20838948264
394998,25,"Portland, OR",msa,OR,2002-01-31,186309.3055068545
394998,25,"Portland, OR",msa,OR,2002-02-28,186781.00839358452
394998,25,"Portland, OR",msa,OR,2002-03-31,187240.62644485373
394998,25,"Portland, OR",msa,OR,2002-04-30,187800.2526493225
394998,25,"Portland, OR",msa,OR,2002-05-31,188527.81358588705
394998,25,"Portland, OR",msa,OR,2002-06-30,189444.89411624585
394998,25,"Portland, OR",msa,OR,2002-07-31,190488.6205266225
394998,25,"Portland, OR",msa,OR,2002-08-31,191407.70472952057
394998,25,"Portland, OR",msa,OR,2002-09-30,192112.95503793145
394998,25,"Portland, OR",msa,OR,2002-10-31,192684.99612142207
394998,25,"Portland, OR",msa,OR,2002-11-30,193316.5957503513
394998,25,"Portland, OR",msa,OR,2002-12-31,193995.9156274371
394998,25,"Portland, OR",msa,OR,2003-01-31,194582.7739329361
394998,25,"Portland, OR",msa,OR,2003-02-28,195070.07574142472
394998,25,"Portland, OR",msa,OR,2003-03-31,195566.18106138884
394998,25,"Portland, OR",msa,OR,2003-04-30,196239.2231769423
394998,25,"Portland, OR",msa,OR,2003-05-31,197075.56075199577
394998,25,"Portland, OR",msa,OR,2003-06-30,198068.46770730344
394998,25,"Portland, OR",msa,OR,2003-07-31,199278.83030519463
394998,25,"Portland, OR",msa,OR,2003-08-31,200614.97873765492
394998,25,"Portland, OR",msa,OR,2003-09-30,201918.6079128148
394998,25,"Portland, OR",msa,OR,2003-10-31,203140.13188115685
394998,25,"Portland, OR",msa,OR,2003-11-30,204304.27399735697
394998,25,"Portland, OR",msa,OR,2003-12-31,205416.2880426665
394998,25,"Portland, OR",msa,OR,2004-01-31,206213.9187007975
394998,25,"Portland, OR",msa,OR,2004-02-29,206962.73157334083
394998,25,"Portland, OR",msa,OR,2004-03-31,207751.9512893687
394998,25,"Portland, OR",msa,OR,2004-04-30,208936.83362498396
394998,25,"Portland, OR",msa,OR,2004-05-31,210403.2527250621
394998,25,"Portland, OR",msa,OR,2004-06-30,212236.252060544
394998,25,"Portland, OR",msa,OR,2004-07-31,214351.99047041903
394998,25,"Portland, OR",msa,OR,2004-08-31,216691.0899719497
394998,25,"Portland, OR",msa,OR,2004-09-30,218794.65573054148
394998,25,"Portland, OR",msa,OR,2004-10-31,220818.60645899677
394998,25,"Portland, OR",msa,OR,2004-11-30,222576.08231466464
394998,25,"Portland, OR",msa,OR,2004-12-31,224375.05867416583
394998,25,"Portland, OR",msa,OR,2005-01-31,225744.01679059284
394998,25,"Portland, OR",msa,OR,2005-02-28,227194.9976603316
394998,25,"Portland, OR",msa,OR,2005-03-31,229021.35267255627
394998,25,"Portland, OR",msa,OR,2005-04-30,231880.78836761657
394998,25,"Portland, OR",msa,OR,2005-05-31,235420.0625447743
394998,25,"Portland, OR",msa,OR,2005-06-30,239663.64459577785
394998,25,"Portland, OR",msa,OR,2005-07-31,244359.26896432575
394998,25,"Portland, OR",msa,OR,2005-08-31,249607.74061583373
394998,25,"Portland, OR",msa,OR,2005-09-30,255076.14871897065
394998,25,"Portland, OR",msa,OR,2005-10-31,259835.2514578461
394998,25,"Portland, OR",msa,OR,2005-11-30,263996.7331077235
394998,25,"Portland, OR",msa,OR,2005-12-31,268298.5700590775
394998,25,"Portland, OR",msa,OR,2006-01-31,272744.7985755008
394998,25,"Portland, OR",msa,OR,2006-02-28,276649.91048270545
394998,25,"Portland, OR",msa,OR,2006-03-31,279954.2371623442
394998,25,"Portland, OR",msa,OR,2006-04-30,283624.77029164834
394998,25,"Portland, OR",msa,OR,2006-05-31,288049.3601393508
394998,25,"Portland, OR",msa,OR,2006-06-30,293469.85492711654
394998,25,"Portland, OR",msa,OR,2006-07-31,298065.2695803607
394998,25,"Portland, OR",msa,OR,2006-08-31,302040.34868184774
394998,25,"Portland, OR",msa,OR,2006-09-30,303873.0756590313
394998,25,"Portland, OR",msa,OR,2006-10-31,305091.7220617644
394998,25,"Portland, OR",msa,OR,2006-11-30,305747.379537148
394998,25,"Portland, OR",msa,OR,2006-12-31,306657.01280996413
394998,25,"Portland, OR",msa,OR,2007-01-31,307572.3864726732
394998,25,"Portland, OR",msa,OR,2007-02-28,308441.93145641056
394998,25,"Portland, OR",msa,OR,2007-03-31,309524.9143063205
394998,25,"Portland, OR",msa,OR,2007-04-30,311170.9525143534
394998,25,"Portland, OR",msa,OR,2007-05-31,313219.186497044
394998,25,"Portland, OR",msa,OR,2007-06-30,314565.7679266604
394998,25,"Portland, OR",msa,OR,2007-07-31,315332.9614115037
394998,25,"Portland, OR",msa,OR,2007-08-31,315396.06035948463
394998,25,"Portland, OR",msa,OR,2007-09-30,315448.7295594706
394998,25,"Portland, OR",msa,OR,2007-10-31,315103.6261391707
394998,25,"Portland, OR",msa,OR,2007-11-30,314261.95458102383
394998,25,"Portland, OR",msa,OR,2007-12-31,312944.9240511627
394998,25,"Portland, OR",msa,OR,2008-01-31,311004.7478397059
394998,25,"Portland, OR",msa,OR,2008-02-29,309652.6877532397
394998,25,"Portland, OR",msa,OR,2008-03-31,308200.0140949981
394998,25,"Portland, OR",msa,OR,2008-04-30,306696.9456314173
394998,25,"Portland, OR",msa,OR,2008-05-31,304331.86857199954
394998,25,"Portland, OR",msa,OR,2008-06-30,301673.6526065314
394998,25,"Portland, OR",msa,OR,2008-07-31,299077.0719230065
394998,25,"Portland, OR",msa,OR,2008-08-31,296125.5606196073
394998,25,"Portland, OR",msa,OR,2008-09-30,293091.8264765166
394998,25,"Portland, OR",msa,OR,2008-10-31,289996.1760261208
394998,25,"Portland, OR",msa,OR,2008-11-30,287166.2509120644
394998,25,"Portland, OR",msa,OR,2008-12-31,283962.26419761823
394998,25,"Portland, OR",msa,OR,2009-01-31,281254.9572280864
394998,25,"Portland, OR",msa,OR,2009-02-28,278423.42970976414
394998,25,"Portland, OR",msa,OR,2009-03-31,275917.86140980426
394998,25,"Portland, OR",msa,OR,2009-04-30,272987.5184682452
394998,25,"Portland, OR",msa,OR,2009-05-31,270236.6177360029
394998,25,"Portland, OR",msa,OR,2009-06-30,267251.6510746498
394998,25,"Portland, OR",msa,OR,2009-07-31,264332.8755920057
394998,25,"Portland, OR",msa,OR,2009-08-31,262029.48934288727
394998,25,"Portland, OR",msa,OR,2009-09-30,260625.8629260274
394998,25,"Portland, OR",msa,OR,2009-10-31,259894.79542179249
394998,25,"Portland, OR",msa,OR,2009-11-30,259371.2471486412
394998,25,"Portland, OR",msa,OR,2009-12-31,259060.8191473024
394998,25,"Portland, OR",msa,OR,2010-01-31,258478.82980222275
394998,25,"Portland, OR",msa,OR,2010-02-28,257910.6278301374
394998,25,"Portland, OR",msa,OR,2010-03-31,257974.6178469299
394998,25,"Portland, OR",msa,OR,2010-04-30,258455.04881900625
394998,25,"Portland, OR",msa,OR,2010-05-31,258270.99804675693
394998,25,"Portland, OR",msa,OR,2010-06-30,256995.41595358905
394998,25,"Portland, OR",msa,OR,2010-07-31,254939.6072049527
394998,25,"Portland, OR",msa,OR,2010-08-31,252565.0402381609
394998,25,"Portland, OR",msa,OR,2010-09-30,249874.42871783665
394998,25,"Portland, OR",msa,OR,2010-10-31,247327.8206674409
394998,25,"Portland, OR",msa,OR,2010-11-30,245134.55270788888
394998,25,"Portland, OR",msa,OR,2010-12-31,243252.3867525037
394998,25,"Portland, OR",msa,OR,2011-01-31,241478.95227625396
394998,25,"Portland, OR",msa,OR,2011-02-28,239638.36262248352
394998,25,"Portland, OR",msa,OR,2011-03-31,237373.44136495452
394998,25,"Portland, OR",msa,OR,2011-04-30,234883.4242632512
394998,25,"Portland, OR",msa,OR,2011-05-31,232548.2479650704
394998,25,"Portland, OR",msa,OR,2011-06-30,231035.68340997363
394998,25,"Portland, OR",msa,OR,2011-07-31,230157.3558736504
394998,25,"Portland, OR",msa,OR,2011-08-31,229457.9807721449
394998,25,"Portland, OR",msa,OR,2011-09-30,228423.07945776568
394998,25,"Portland, OR",msa,OR,2011-10-31,227202.3851042576
394998,25,"Portland, OR",msa,OR,2011-11-30,225753.95994933648
394998,25,"Portland, OR",msa,OR,2011-12-31,224440.85017170003
394998,25,"Portland, OR",msa,OR,2012-01-31,223326.92554408967
394998,25,"Portland, OR",msa,OR,2012-02-29,222794.79721419723
394998,25,"Portland, OR",msa,OR,2012-03-31,222865.44534320792
394998,25,"Portland, OR",msa,OR,2012-04-30,223191.68561089167
394998,25,"Portland, OR",msa,OR,2012-05-31,223552.03118096563
394998,25,"Portland, OR",msa,OR,2012-06-30,224035.2472206972
394998,25,"Portland, OR",msa,OR,2012-07-31,224839.8863104708
394998,25,"Portland, OR",msa,OR,2012-08-31,225998.16118184745
394998,25,"Portland, OR",msa,OR,2012-09-30,227588.1862244261
394998,25,"Portland, OR",msa,OR,2012-10-31,229638.39497662315
394998,25,"Portland, OR",msa,OR,2012-11-30,232019.47576752515
394998,25,"Portland, OR",msa,OR,2012-12-31,234473.47502495215
394998,25,"Portland, OR",msa,OR,2013-01-31,237047.16969117048
394998,25,"Portland, OR",msa,OR,2013-02-28,239657.73255591615
394998,25,"Portland, OR",msa,OR,2013-03-31,242076.33230085825
394998,25,"Portland, OR",msa,OR,2013-04-30,244253.2549310471
394998,25,"Portland, OR",msa,OR,2013-05-31,246630.9118887125
394998,25,"Portland, OR",msa,OR,2013-06-30,249233.25691985464
394998,25,"Portland, OR",msa,OR,2013-07-31,251922.1008852844
394998,25,"Portland, OR",msa,OR,2013-08-31,254495.37576582425
394998,25,"Portland, OR",msa,OR,2013-09-30,257114.80231392127
394998,25,"Portland, OR",msa,OR,2013-10-31,259816.1419038301
394998,25,"Portland, OR",msa,OR,2013-11-30,262275.0126146197
394998,25,"Portland, OR",msa,OR,2013-12-31,264657.01878143504
394998,25,"Portland, OR",msa,OR,2014-01-31,266752.6949486656
394998,25,"Portland, OR",msa,OR,2014-02-28,268781.7060781166
394998,25,"Portland, OR",msa,OR,2014-03-31,270719.441803042
394998,25,"Portland, OR",msa,OR,2014-04-30,272598.61384307005
394998,25,"Portland, OR",msa,OR,2014-05-31,274537.16439458844
394998,25,"Portland, OR",msa,OR,2014-06-30,275915.4822266673
394998,25,"Portland, OR",msa,OR,2014-07-31,277269.414554873
394998,25,"Portland, OR",msa,OR,2014-08-31,278475.456007271
394998,25,"Portland, OR",msa,OR,2014-09-30,280169.2149645796
394998,25,"Portland, OR",msa,OR,2014-10-31,281784.5276630229
394998,25,"Portland, OR",msa,OR,2014-11-30,283686.91496126127
394998,25,"Portland, OR",msa,OR,2014-12-31,285935.9365517279
394998,25,"Portland, OR",msa,OR,2015-01-31,288606.5355060737
394998,25,"Portland, OR",msa,OR,2015-02-28,291531.53073766205
394998,25,"Portland, OR",msa,OR,2015-03-31,294167.2511212791
394998,25,"Portland, OR",msa,OR,2015-04-30,296515.0519295628
394998,25,"Portland, OR",msa,OR,2015-05-31,298816.8385406957
394998,25,"Portland, OR",msa,OR,2015-06-30,301263.80299585307
394998,25,"Portland, OR",msa,OR,2015-07-31,304140.24737147737
394998,25,"Portland, OR",msa,OR,2015-08-31,307341.2260054495
394998,25,"Portland, OR",msa,OR,2015-09-30,310995.3575059885
394998,25,"Portland, OR",msa,OR,2015-10-31,315005.2873585637
394998,25,"Portland, OR",msa,OR,2015-11-30,319091.1764503166
394998,25,"Portland, OR",msa,OR,2015-12-31,323528.85189823847
394998,25,"Portland, OR",msa,OR,2016-01-31,327964.3902898522
394998,25,"Portland, OR",msa,OR,2016-02-29,332234.47939227085
394998,25,"Portland, OR",msa,OR,2016-03-31,335983.7215329504
394998,25,"Portland, OR",msa,OR,2016-04-30,339813.16550977336
394998,25,"Portland, OR",msa,OR,2016-05-31,343725.08017827425
394998,25,"Portland, OR",msa,OR,2016-06-30,347447.9212431104
394998,25,"Portland, OR",msa,OR,2016-07-31,350576.1896778689
394998,25,"Portland, OR",msa,OR,2016-08-31,353025.2709013881
394998,25,"Portland, OR",msa,OR,2016-09-30,355011.2081012123
394998,25,"Portland, OR",msa,OR,2016-10-31,357186.1980967019
394998,25,"Portland, OR",msa,OR,2016-11-30,359808.16717119067
394998,25,"Portland, OR",msa,OR,2016-12-31,363096.6606460228
394998,25,"Portland, OR",msa,OR,2017-01-31,366339.4479116568
394998,25,"Portland, OR",msa,OR,2017-02-28,369686.4705280669
394998,25,"Portland, OR",msa,OR,2017-03-31,372810.2208212887
394998,25,"Portland, OR",msa,OR,2017-04-30,375806.9034798172
394998,25,"Portland, OR",msa,OR,2017-05-31,378150.3329904485
394998,25,"Portland, OR",msa,OR,2017-06-30,380098.0536428701
394998,25,"Portland, OR",msa,OR,2017-07-31,381484.74793627486
394998,25,"Portland, OR",msa,OR,2017-08-31,382689.3165053565
394998,25,"Portland, OR",msa,OR,2017-09-30,383669.4098743559
394998,25,"Portland, OR",msa,OR,2017-10-31,384567.8978268076
394998,25,"Portland, OR",msa,OR,2017-11-30,385683.7450411829
394998,25,"Portland, OR",msa,OR,2017-12-31,387327.96220655873
394998,25,"Portland, OR",msa,OR,2018-01-31,389731.2728184916
394998,25,"Portland, OR",msa,OR,2018-02-28,392531.710592641
394998,25,"Portland, OR",msa,OR,2018-03-31,395517.4169498311
394998,25,"Portland, OR",msa,OR,2018-04-30,397850.1141450852
394998,25,"Portland, OR",msa,OR,2018-05-31,399715.9142650901
394998,25,"Portland, OR",msa,OR,2018-06-30,400429.74746853166
394998,25,"Portland, OR",msa,OR,2018-07-31,401302.44171972666
394998,25,"Portland, OR",msa,OR,2018-08-31,401740.6926594392
394998,25,"Portland, OR",msa,OR,2018-09-30,402236.1367705805
394998,25,"Portland, OR",msa,OR,2018-10-31,402183.7034014575
394998,25,"Portland, OR",msa,OR,2018-11-30,402212.98051166727
394998,25,"Portland, OR",msa,OR,2018-12-31,402745.9702256303
394998,25,"Portland, OR",msa,OR,2019-01-31,403929.6696070717
394998,25,"Portland, OR",msa,OR,2019-02-28,405737.2186841188
394998,25,"Portland, OR",msa,OR,2019-03-31,407604.8880350762
394998,25,"Portland, OR",msa,OR,2019-04-30,409013.6923766073
394998,25,"Portland, OR",msa,OR,2019-05-31,409494.0885478522
394998,25,"Portland, OR",msa,OR,2019-06-30,409513.5568546918
394998,25,"Portland, OR",msa,OR,2019-07-31,409201.4059463608
394998,25,"Portland, OR",msa,OR,2019-08-31,409151.4323338668
394998,25,"Portland, OR",msa,OR,2019-09-30,409390.72362190206
394998,25,"Portland, OR",msa,OR,2019-10-31,410309.8892949428
394998,25,"Portland, OR",msa,OR,2019-11-30,412080.5714788973
394998,25,"Portland, OR",msa,OR,2019-12-31,414409.9105370647
394998,25,"Portland, OR",msa,OR,2020-01-31,417571.5501308081
394998,25,"Portland, OR",msa,OR,2020-02-29,420798.2823509442
394998,25,"Portland, OR",msa,OR,2020-03-31,424160.6236139871
394998,25,"Portland, OR",msa,OR,2020-04-30,426637.1637201544
394998,25,"Portland, OR",msa,OR,2020-05-31,427506.8292681877
394998,25,"Portland, OR",msa,OR,2020-06-30,427217.6460658871
394998,25,"Portland, OR",msa,OR,2020-07-31,427076.56266072375
394998,25,"Portland, OR",msa,OR,2020-08-31,429062.3273261748
394998,25,"Portland, OR",msa,OR,2020-09-30,433547.9895337739
394998,25,"Portland, OR",msa,OR,2020-10-31,439747.178664431
394998,25,"Portland, OR",msa,OR,2020-11-30,446923.286989904
394998,25,"Portland, OR",msa,OR,2020-12-31,454020.2240977431
394998,25,"Portland, OR",msa,OR,2021-01-31,460837.8672970738
394998,25,"Portland, OR",msa,OR,2021-02-28,468107.5927639892
394998,25,"Portland, OR",msa,OR,2021-03-31,476229.0298161251
394998,25,"Portland, OR",msa,OR,2021-04-30,484770.5443700748
394998,25,"Portland, OR",msa,OR,2021-05-31,493091.8004126651
394998,25,"Portland, OR",msa,OR,2021-06-30,500387.8710304314
394998,25,"Portland, OR",msa,OR,2021-07-31,506668.3608822922
394998,25,"Portland, OR",msa,OR,2021-08-31,511188.3512683383
394998,25,"Portland, OR",msa,OR,2021-09-30,514474.8321335144
394998,25,"Portland, OR",msa,OR,2021-10-31,517443.9346388541
394998,25,"Portland, OR",msa,OR,2021-11-30,521043.3411919263
394998,25,"Portland, OR",msa,OR,2021-12-31,525482.3788997683
394998,25,"Portland, OR",msa,OR,2022-01-31,531672.0395125982
394998,25,"Portland, OR",msa,OR,2022-02-28,539830.8449586354
394998,25,"Portland, OR",msa,OR,2022-03-31,549821.238293873
394998,25,"Portland, OR",msa,OR,2022-04-30,559799.4954640939
394998,25,"Portland, OR",msa,OR,2022-05-31,567889.9342472089
394998,25,"Portland, OR",msa,OR,2022-06-30,572459.9091733918
394998,25,"Portland, OR",msa,OR,2022-07-31,571422.5646923076
394998,25,"Portland, OR",msa,OR,2022-08-31,565764.8444638271
394998,25,"Portland, OR",msa,OR,2022-09-30,558020.6043889456
394998,25,"Portland, OR",msa,OR,2022-10-31,552276.0902792291
394998,25,"Portland, OR",msa,OR,2022-11-30,548279.9041868561
394998,25,"Portland, OR",msa,OR,2022-12-31,544917.8675880056
394998,25,"Portland, OR",msa,OR,2023-01-31,540773.4800932199
394998,25,"Portland, OR",msa,OR,2023-02-28,537417.3832308984
394998,25,"Portland, OR",msa,OR,2023-03-31,535615.959765325
394998,25,"Portland, OR",msa,OR,2023-04-30,535896.623534769
394998,25,"Portland, OR",msa,OR,2023-05-31,537701.3712106724
394998,25,"Portland, OR",msa,OR,2023-06-30,540253.9353560427
394998,25,"Portland, OR",msa,OR,2023-07-31,542763.3928898267
394998,25,"Portland, OR",msa,OR,2023-08-31,544726.425133783
394998,25,"Portland, OR",msa,OR,2023-09-30,545870.8136175465
394998,25,"Portland, OR",msa,OR,2023-10-31,546420.0894951549
394998,25,"Portland, OR",msa,OR,2023-11-30,546294.116709543
394998,25,"Portland, OR",msa,OR,2023-12-31,546053.1622972423
394998,25,"Portland, OR",msa,OR,2024-01-31,545989.6507648022
394998,25,"Portland, OR",msa,OR,2024-02-29,546400.227358045
394998,25,"Portland, OR",msa,OR,2024-03-31,547568.3946425559
394998,25,"Portland, OR",msa,OR,2024-04-30,548731.4445853229
394998,25,"Portland, OR",msa,OR,2024-05-31,549453.2001576949
394998,25,"Portland, OR",msa,OR,2024-06-30,549129.6086395954
394998,25,"Portland, OR",msa,OR,2024-07-31,548866.2593027743
394998,25,"Portland, OR",msa,OR,2024-08-31,548924.0500875574
394998,25,"Portland, OR",msa,OR,2024-09-30,549804.124101407
394998,25,"Portland, OR",msa,OR,2024-10-31,551077.616409096
394998,25,"Portland, OR",msa,OR,2024-11-30,552863.0093423077
394998,25,"Portland, OR",msa,OR,2024-12-31,554754.6953788628
394998,25,"Portland, OR",msa,OR,2025-01-31,556040.3717697405
394998,25,"Portland, OR",msa,OR,2025-02-28,556118.5256970491
394998,25,"Portland, OR",msa,OR,2025-03-31,554432.2007542693
394998,25,"Portland, OR",msa,OR,2025-04-30,552108.8157394337
394998,25,"Portland, OR",msa,OR,2025-05-31,549455.0433625608
394998,25,"Portland, OR",msa,OR,2025-06-30,547340.5658882298
394998,25,"Portland, OR",msa,OR,2025-07-31,545801.1632030853
394998,25,"Portland, OR",msa,OR,2025-08-31,544819.3664231306
394998,25,"Portland, OR",msa,OR,2025-09-30,544657.2071714947
394998,25,"Portland, OR",msa,OR,2025-10-31,545319.5181458395
394998,25,"Portland, OR",msa,OR,2025-11-30,546640.3562876448
394998,25,"Portland, OR",msa,OR,2025-12-31,548020.2944408829
394998,25,"Portland, OR",msa,OR,2026-01-31,548822.3428409988
394998,25,"Portland, OR",msa,OR,2026-02-28,548792.5619560342
394998,25,"Portland, OR",msa,OR,2026-03-31,547664.6788001294
394998,25,"Portland, OR",msa,OR,2026-04-30,545504.1781964415
394998,25,"Portland, OR",msa,OR,2026-05-31,543213.6106276211
394998,25,"Portland, OR",msa,OR,2026-06-30,541947.4113340323
394998,25,"Portland, OR",msa,OR,2026-07-31,541896.8029423441
394998,25,"Portland, OR",msa,OR,2026-08-31,542842.5785935312
395025,13,"Riverside, CA",msa,CA,2000-01-31,137839.93686999407
395025,13,"Riverside, CA",msa,CA,2000-02-29,138403.35383418686
395025,13,"Riverside, CA",msa,CA,2000-03-31,138948.6685319766
395025,13,"Riverside, CA",msa,CA,2000-04-30,140065.54293314109
395025,13,"Riverside, CA",msa,CA,2000-05-31,141167.72043966496
395025,13,"Riverside, CA",msa,CA,2000-06-30,142320.1206259183
395025,13,"Riverside, CA",msa,CA,2000-07-31,143474.6943799628
395025,13,"Riverside, CA",msa,CA,2000-08-31,144762.1797545696
395025,13,"Riverside, CA",msa,CA,2000-09-30,146064.10217454928
395025,13,"Riverside, CA",msa,CA,2000-10-31,147415.85882430317
395025,13,"Riverside, CA",msa,CA,2000-11-30,148690.65733603633
395025,13,"Riverside, CA",msa,CA,2000-12-31,149928.6677878787
395025,13,"Riverside, CA",msa,CA,2001-01-31,151152.6472943107
395025,13,"Riverside, CA",msa,CA,2001-02-28,152225.41780834852
395025,13,"Riverside, CA",msa,CA,2001-03-31,153423.6313613112
395025,13,"Riverside, CA",msa,CA,2001-04-30,154681.67108398036
395025,13,"Riverside, CA",msa,CA,2001-05-31,156077.37293363246
395025,13,"Riverside, CA",msa,CA,2001-06-30,157485.60744244786
395025,13,"Riverside, CA",msa,CA,2001-07-31,159073.189955038
395025,13,"Riverside, CA",msa,CA,2001-08-31,160893.65830929216
395025,13,"Riverside, CA",msa,CA,2001-09-30,162678.03582632748
395025,13,"Riverside, CA",msa,CA,2001-10-31,164295.04262132838
395025,13,"Riverside, CA",msa,CA,2001-11-30,165755.32953417415
395025,13,"Riverside, CA",msa,CA,2001-12-31,167256.87877747652
395025,13,"Riverside, CA",msa,CA,2002-01-31,168637.65021306058
395025,13,"Riverside, CA",msa,CA,2002-02-28,169869.2784215906
395025,13,"Riverside, CA",msa,CA,2002-03-31,171006.2170444404
395025,13,"Riverside, CA",msa,CA,2002-04-30,172240.15299431118
395025,13,"Riverside, CA",msa,CA,2002-05-31,173726.4739940499
395025,13,"Riverside, CA",msa,CA,2002-06-30,175669.8731496799
395025,13,"Riverside, CA",msa,CA,2002-07-31,177922.3751501164
395025,13,"Riverside, CA",msa,CA,2002-08-31,180645.50220169744
395025,13,"Riverside, CA",msa,CA,2002-09-30,183462.4546218292
395025,13,"Riverside, CA",msa,CA,2002-10-31,186243.3459045942
395025,13,"Riverside, CA",msa,CA,2002-11-30,188889.83196593844
395025,13,"Riverside, CA",msa,CA,2002-12-31,191309.72764871956
395025,13,"Riverside, CA",msa,CA,2003-01-31,193676.4133646945
395025,13,"Riverside, CA",msa,CA,2003-02-28,195674.8751286182
395025,13,"Riverside, CA",msa,CA,2003-03-31,197830.13270131897
395025,13,"Riverside, CA",msa,CA,2003-04-30,200399.15337815872
395025,13,"Riverside, CA",msa,CA,2003-05-31,203578.10632858807
395025,13,"Riverside, CA",msa,CA,2003-06-30,206945.8434389995
395025,13,"Riverside, CA",msa,CA,2003-07-31,210359.20596638764
395025,13,"Riverside, CA",msa,CA,2003-08-31,214008.34558600117
395025,13,"Riverside, CA",msa,CA,2003-09-30,217631.2295937886
395025,13,"Riverside, CA",msa,CA,2003-10-31,221471.28047324545
395025,13,"Riverside, CA",msa,CA,2003-11-30,225238.82914263333
395025,13,"Riverside, CA",msa,CA,2003-12-31,229080.99234208337
395025,13,"Riverside, CA",msa,CA,2004-01-31,232524.16131950333
395025,13,"Riverside, CA",msa,CA,2004-02-29,236250.74740243095
395025,13,"Riverside, CA",msa,CA,2004-03-31,240674.14963507335
395025,13,"Riverside, CA",msa,CA,2004-04-30,245809.9607584904
395025,13,"Riverside, CA",msa,CA,2004-05-31,251192.4055993296
395025,13,"Riverside, CA",msa,CA,2004-06-30,257426.9666000978
395025,13,"Riverside, CA",msa,CA,2004-07-31,264610.06756356027
395025,13,"Riverside, CA",msa,CA,2004-08-31,273201.5064589461
395025,13,"Riverside, CA",msa,CA,2004-09-30,280921.1935132471
395025,13,"Riverside, CA",msa,CA,2004-10-31,288006.72368687665
395025,13,"Riverside, CA",msa,CA,2004-11-30,293546.4558919929
395025,13,"Riverside, CA",msa,CA,2004-12-31,300005.71778312325
395025,13,"Riverside, CA",msa,CA,2005-01-31,305565.0630174571
395025,13,"Riverside, CA",msa,CA,2005-02-28,311719.8625876614
395025,13,"Riverside, CA",msa,CA,2005-03-31,316836.92417624086
395025,13,"Riverside, CA",msa,CA,2005-04-30,323594.11123331374
395025,13,"Riverside, CA",msa,CA,2005-05-31,329191.6233583427
395025,13,"Riverside, CA",msa,CA,2005-06-30,334786.6598893587
395025,13,"Riverside, CA",msa,CA,2005-07-31,339663.5435805574
395025,13,"Riverside, CA",msa,CA,2005-08-31,345258.48357028235
395025,13,"Riverside, CA",msa,CA,2005-09-30,351134.5843507604
395025,13,"Riverside, CA",msa,CA,2005-10-31,356695.414708115
395025,13,"Riverside, CA",msa,CA,2005-11-30,361650.1088512265
395025,13,"Riverside, CA",msa,CA,2005-12-31,365748.9012096336
395025,13,"Riverside, CA",msa,CA,2006-01-31,369614.0040216465
395025,13,"Riverside, CA",msa,CA,2006-02-28,373267.5743050639
395025,13,"Riverside, CA",msa,CA,2006-03-31,377269.04895533365
395025,13,"Riverside, CA",msa,CA,2006-04-30,380874.30965574767
395025,13,"Riverside, CA",msa,CA,2006-05-31,384183.38180602185
395025,13,"Riverside, CA",msa,CA,2006-06-30,387034.3915064592
395025,13,"Riverside, CA",msa,CA,2006-07-31,389233.5098552809
395025,13,"Riverside, CA",msa,CA,2006-08-31,390885.8563221441
395025,13,"Riverside, CA",msa,CA,2006-09-30,392127.6598262119
395025,13,"Riverside, CA",msa,CA,2006-10-31,393006.2447368009
395025,13,"Riverside, CA",msa,CA,2006-11-30,393504.5212114696
395025,13,"Riverside, CA",msa,CA,2006-12-31,393462.7584696956
395025,13,"Riverside, CA",msa,CA,2007-01-31,393145.5346184865
395025,13,"Riverside, CA",msa,CA,2007-02-28,393262.4951703343
395025,13,"Riverside, CA",msa,CA,2007-03-31,392523.7964487446
395025,13,"Riverside, CA",msa,CA,2007-04-30,390924.7297154968
395025,13,"Riverside, CA",msa,CA,2007-05-31,387774.74419995566
395025,13,"Riverside, CA",msa,CA,2007-06-30,384020.9448977292
395025,13,"Riverside, CA",msa,CA,2007-07-31,379704.9380358661
395025,13,"Riverside, CA",msa,CA,2007-08-31,374281.9322285272
395025,13,"Riverside, CA",msa,CA,2007-09-30,368120.3488887542
395025,13,"Riverside, CA",msa,CA,2007-10-31,361709.6284525101
395025,13,"Riverside, CA",msa,CA,2007-11-30,355702.6700750206
395025,13,"Riverside, CA",msa,CA,2007-12-31,350071.92874107667
395025,13,"Riverside, CA",msa,CA,2008-01-31,344494.7900140515
395025,13,"Riverside, CA",msa,CA,2008-02-29,337378.03157402395
395025,13,"Riverside, CA",msa,CA,2008-03-31,327733.40520183014
395025,13,"Riverside, CA",msa,CA,2008-04-30,316239.00289584586
395025,13,"Riverside, CA",msa,CA,2008-05-31,304623.73812934686
395025,13,"Riverside, CA",msa,CA,2008-06-30,293560.761722751
395025,13,"Riverside, CA",msa,CA,2008-07-31,281819.72398565075
395025,13,"Riverside, CA",msa,CA,2008-08-31,270034.9447950381
395025,13,"Riverside, CA",msa,CA,2008-09-30,258843.80867741976
395025,13,"Riverside, CA",msa,CA,2008-10-31,250006.34469071185
395025,13,"Riverside, CA",msa,CA,2008-11-30,241634.8217855882
395025,13,"Riverside, CA",msa,CA,2008-12-31,233205.3326464108
395025,13,"Riverside, CA",msa,CA,2009-01-31,224689.8097252233
395025,13,"Riverside, CA",msa,CA,2009-02-28,218900.20696594
395025,13,"Riverside, CA",msa,CA,2009-03-31,214670.14123714663
395025,13,"Riverside, CA",msa,CA,2009-04-30,210834.1184829593
395025,13,"Riverside, CA",msa,CA,2009-05-31,206164.13081258824
395025,13,"Riverside, CA",msa,CA,2009-06-30,202655.73851120225
395025,13,"Riverside, CA",msa,CA,2009-07-31,200032.45846961657
395025,13,"Riverside, CA",msa,CA,2009-08-31,197619.79162971769
395025,13,"Riverside, CA",msa,CA,2009-09-30,194679.8084924526
395025,13,"Riverside, CA",msa,CA,2009-10-31,192484.426659056
395025,13,"Riverside, CA",msa,CA,2009-11-30,192051.5688536596
395025,13,"Riverside, CA",msa,CA,2009-12-31,193085.1386788652
395025,13,"Riverside, CA",msa,CA,2010-01-31,194897.11585238835
395025,13,"Riverside, CA",msa,CA,2010-02-28,195894.81083358405
395025,13,"Riverside, CA",msa,CA,2010-03-31,196723.19782080335
395025,13,"Riverside, CA",msa,CA,2010-04-30,197465.50165782947
395025,13,"Riverside, CA",msa,CA,2010-05-31,198684.43835160823
395025,13,"Riverside, CA",msa,CA,2010-06-30,199248.5038098912
395025,13,"Riverside, CA",msa,CA,2010-07-31,199220.3071184072
395025,13,"Riverside, CA",msa,CA,2010-08-31,198044.3715128328
395025,13,"Riverside, CA",msa,CA,2010-09-30,197390.5738809629
395025,13,"Riverside, CA",msa,CA,2010-10-31,196186.04408255665
395025,13,"Riverside, CA",msa,CA,2010-11-30,196004.27670887075
395025,13,"Riverside, CA",msa,CA,2010-12-31,195932.2849230248
395025,13,"Riverside, CA",msa,CA,2011-01-31,196203.93790445747
395025,13,"Riverside, CA",msa,CA,2011-02-28,195911.9951211002
395025,13,"Riverside, CA",msa,CA,2011-03-31,195270.0340673942
395025,13,"Riverside, CA",msa,CA,2011-04-30,194254.56854916635
395025,13,"Riverside, CA",msa,CA,2011-05-31,193552.75248225188
395025,13,"Riverside, CA",msa,CA,2011-06-30,192278.45115201172
395025,13,"Riverside, CA",msa,CA,2011-07-31,191179.863096319
395025,13,"Riverside, CA",msa,CA,2011-08-31,189940.7939921167
395025,13,"Riverside, CA",msa,CA,2011-09-30,189014.606132436
395025,13,"Riverside, CA",msa,CA,2011-10-31,188129.42353869567
395025,13,"Riverside, CA",msa,CA,2011-11-30,187725.71393573357
395025,13,"Riverside, CA",msa,CA,2011-12-31,187440.08506632005
395025,13,"Riverside, CA",msa,CA,2012-01-31,187386.8685429952
395025,13,"Riverside, CA",msa,CA,2012-02-29,186729.1733983405
395025,13,"Riverside, CA",msa,CA,2012-03-31,186167.8527666377
395025,13,"Riverside, CA",msa,CA,2012-04-30,185917.9524589173
395025,13,"Riverside, CA",msa,CA,2012-05-31,186446.53640266843
395025,13,"Riverside, CA",msa,CA,2012-06-30,187409.4639053208
395025,13,"Riverside, CA",msa,CA,2012-07-31,188365.4429318409
395025,13,"Riverside, CA",msa,CA,2012-08-31,189448.41026323184
395025,13,"Riverside, CA",msa,CA,2012-09-30,191139.54069295077
395025,13,"Riverside, CA",msa,CA,2012-10-31,193578.2036863406
395025,13,"Riverside, CA",msa,CA,2012-11-30,196418.25410762508
395025,13,"Riverside, CA",msa,CA,2012-12-31,199477.9560562178
395025,13,"Riverside, CA",msa,CA,2013-01-31,202590.80890597787
395025,13,"Riverside, CA",msa,CA,2013-02-28,205357.0246655061
395025,13,"Riverside, CA",msa,CA,2013-03-31,208179.52969747005
395025,13,"Riverside, CA",msa,CA,2013-04-30,211503.4504024945
395025,13,"Riverside, CA",msa,CA,2013-05-31,216202.46493992716
395025,13,"Riverside, CA",msa,CA,2013-06-30,221496.08932089084
395025,13,"Riverside, CA",msa,CA,2013-07-31,226754.38237574795
395025,13,"Riverside, CA",msa,CA,2013-08-31,231982.53794564915
395025,13,"Riverside, CA",msa,CA,2013-09-30,237673.2621539393
395025,13,"Riverside, CA",msa,CA,2013-10-31,243826.53146424648
395025,13,"Riverside, CA",msa,CA,2013-11-30,249409.30477232745
395025,13,"Riverside, CA",msa,CA,2013-12-31,253802.22959216483
395025,13,"Riverside, CA",msa,CA,2014-01-31,257082.4468855128
395025,13,"Riverside, CA",msa,CA,2014-02-28,259703.21339346375
395025,13,"Riverside, CA",msa,CA,2014-03-31,262370.89488173084
395025,13,"Riverside, CA",msa,CA,2014-04-30,265278.61391952133
395025,13,"Riverside, CA",msa,CA,2014-05-31,268425.3931113626
395025,13,"Riverside, CA",msa,CA,2014-06-30,270923.04569724546
395025,13,"Riverside, CA",msa,CA,2014-07-31,272700.449805664
395025,13,"Riverside, CA",msa,CA,2014-08-31,273999.4872120029
395025,13,"Riverside, CA",msa,CA,2014-09-30,275769.16772277403
395025,13,"Riverside, CA",msa,CA,2014-10-31,277793.15350678883
395025,13,"Riverside, CA",msa,CA,2014-11-30,280095.9520056378
395025,13,"Riverside, CA",msa,CA,2014-12-31,282194.24057991203
395025,13,"Riverside, CA",msa,CA,2015-01-31,283973.52546556434
395025,13,"Riverside, CA",msa,CA,2015-02-28,285177.36013627803
395025,13,"Riverside, CA",msa,CA,2015-03-31,286091.3167773926
395025,13,"Riverside, CA",msa,CA,2015-04-30,287296.50166441227
395025,13,"Riverside, CA",msa,CA,2015-05-31,289115.7830851299
395025,13,"Riverside, CA",msa,CA,2015-06-30,291100.246246713
395025,13,"Riverside, CA",msa,CA,2015-07-31,292944.3092302857
395025,13,"Riverside, CA",msa,CA,2015-08-31,294432.1466316949
395025,13,"Riverside, CA",msa,CA,2015-09-30,295673.0039827049
395025,13,"Riverside, CA",msa,CA,2015-10-31,296623.9293911126
395025,13,"Riverside, CA",msa,CA,2015-11-30,297295.56565204245
395025,13,"Riverside, CA",msa,CA,2015-12-31,297847.32838591334
395025,13,"Riverside, CA",msa,CA,2016-01-31,299367.2731283079
395025,13,"Riverside, CA",msa,CA,2016-02-29,301877.10854883085
395025,13,"Riverside, CA",msa,CA,2016-03-31,304742.7456024681
395025,13,"Riverside, CA",msa,CA,2016-04-30,307358.42974327103
395025,13,"Riverside, CA",msa,CA,2016-05-31,309515.4043070494
395025,13,"Riverside, CA",msa,CA,2016-06-30,311720.0670236051
395025,13,"Riverside, CA",msa,CA,2016-07-31,313094.1016403102
395025,13,"Riverside, CA",msa,CA,2016-08-31,314118.8956765313
395025,13,"Riverside, CA",msa,CA,2016-09-30,313205.77469538304
395025,13,"Riverside, CA",msa,CA,2016-10-31,311338.2512650956
395025,13,"Riverside, CA",msa,CA,2016-11-30,308584.2588389259
395025,13,"Riverside, CA",msa,CA,2016-12-31,307047.4276070951
395025,13,"Riverside, CA",msa,CA,2017-01-31,308418.30882930063
395025,13,"Riverside, CA",msa,CA,2017-02-28,312507.9821533288
395025,13,"Riverside, CA",msa,CA,2017-03-31,318512.1541607419
395025,13,"Riverside, CA",msa,CA,2017-04-30,323901.0090652417
395025,13,"Riverside, CA",msa,CA,2017-05-31,327960.6935869688
395025,13,"Riverside, CA",msa,CA,2017-06-30,331145.02403050073
395025,13,"Riverside, CA",msa,CA,2017-07-31,333601.748731282
395025,13,"Riverside, CA",msa,CA,2017-08-31,336461.1748439658
395025,13,"Riverside, CA",msa,CA,2017-09-30,339956.2598735025
395025,13,"Riverside, CA",msa,CA,2017-10-31,344388.28721612453
395025,13,"Riverside, CA",msa,CA,2017-11-30,348829.6259845201
395025,13,"Riverside, CA",msa,CA,2017-12-31,353194.354884574
395025,13,"Riverside, CA",msa,CA,2018-01-31,356696.65898345906
395025,13,"Riverside, CA",msa,CA,2018-02-28,359158.44760725927
395025,13,"Riverside, CA",msa,CA,2018-03-31,360412.5296209782
395025,13,"Riverside, CA",msa,CA,2018-04-30,361235.0512752474
395025,13,"Riverside, CA",msa,CA,2018-05-31,362424.06761869206
395025,13,"Riverside, CA",msa,CA,2018-06-30,363804.9865119308
395025,13,"Riverside, CA",msa,CA,2018-07-31,365429.5231873484
395025,13,"Riverside, CA",msa,CA,2018-08-31,367190.3715830101
395025,13,"Riverside, CA",msa,CA,2018-09-30,369081.32707399206
395025,13,"Riverside, CA",msa,CA,2018-10-31,371443.51359846425
395025,13,"Riverside, CA",msa,CA,2018-11-30,373375.739196273
395025,13,"Riverside, CA",msa,CA,2018-12-31,375045.95916138747
395025,13,"Riverside, CA",msa,CA,2019-01-31,375784.640104254
395025,13,"Riverside, CA",msa,CA,2019-02-28,376442.665697273
395025,13,"Riverside, CA",msa,CA,2019-03-31,376857.4065743128
395025,13,"Riverside, CA",msa,CA,2019-04-30,377151.4869582624
395025,13,"Riverside, CA",msa,CA,2019-05-31,376789.1028506193
395025,13,"Riverside, CA",msa,CA,2019-06-30,376366.9587459534
395025,13,"Riverside, CA",msa,CA,2019-07-31,376268.5610736918
395025,13,"Riverside, CA",msa,CA,2019-08-31,376846.4883695032
395025,13,"Riverside, CA",msa,CA,2019-09-30,378183.1439445436
395025,13,"Riverside, CA",msa,CA,2019-10-31,380270.9441849634
395025,13,"Riverside, CA",msa,CA,2019-11-30,383216.9371409104
395025,13,"Riverside, CA",msa,CA,2019-12-31,386172.56111092167
395025,13,"Riverside, CA",msa,CA,2020-01-31,388650.2767961282
395025,13,"Riverside, CA",msa,CA,2020-02-29,390412.4236649778
395025,13,"Riverside, CA",msa,CA,2020-03-31,391934.3086112625
395025,13,"Riverside, CA",msa,CA,2020-04-30,393120.146580609
395025,13,"Riverside, CA",msa,CA,2020-05-31,393527.28980743577
395025,13,"Riverside, CA",msa,CA,2020-06-30,393342.3763811656
395025,13,"Riverside, CA",msa,CA,2020-07-31,393850.8608328602
395025,13,"Riverside, CA",msa,CA,2020-08-31,396218.8654598245
395025,13,"Riverside, CA",msa,CA,2020-09-30,401164.0921856547
395025,13,"Riverside, CA",msa,CA,2020-10-31,407952.74517421
395025,13,"Riverside, CA",msa,CA,2020-11-30,416291.4868220397
395025,13,"Riverside, CA",msa,CA,2020-12-31,425023.8643358292
395025,13,"Riverside, CA",msa,CA,2021-01-31,432829.8939464093
395025,13,"Riverside, CA",msa,CA,2021-02-28,440052.92322291486
395025,13,"Riverside, CA",msa,CA,2021-03-31,447113.3844136933
395025,13,"Riverside, CA",msa,CA,2021-04-30,455469.69571400207
395025,13,"Riverside, CA",msa,CA,2021-05-31,465095.8821586704
395025,13,"Riverside, CA",msa,CA,2021-06-30,475135.8552255873
395025,13,"Riverside, CA",msa,CA,2021-07-31,484563.896410096
395025,13,"Riverside, CA",msa,CA,2021-08-31,492333.8819206692
395025,13,"Riverside, CA",msa,CA,2021-09-30,498757.02437523287
395025,13,"Riverside, CA",msa,CA,2021-10-31,504806.78513034695
395025,13,"Riverside, CA",msa,CA,2021-11-30,511327.5504496752
395025,13,"Riverside, CA",msa,CA,2021-12-31,518544.8517993048
395025,13,"Riverside, CA",msa,CA,2022-01-31,527105.5958974571
395025,13,"Riverside, CA",msa,CA,2022-02-28,536892.5181824543
395025,13,"Riverside, CA",msa,CA,2022-03-31,548148.341911629
395025,13,"Riverside, CA",msa,CA,2022-04-30,559240.3312267358
395025,13,"Riverside, CA",msa,CA,2022-05-31,568791.1727877437
395025,13,"Riverside, CA",msa,CA,2022-06-30,575510.2256981907
395025,13,"Riverside, CA",msa,CA,2022-07-31,578222.1955319816
395025,13,"Riverside, CA",msa,CA,2022-08-31,576870.2186124608
395025,13,"Riverside, CA",msa,CA,2022-09-30,572831.6642945841
395025,13,"Riverside, CA",msa,CA,2022-10-31,569144.8853870308
395025,13,"Riverside, CA",msa,CA,2022-11-30,566131.7380175773
395025,13,"Riverside, CA",msa,CA,2022-12-31,563422.9124225583
395025,13,"Riverside, CA",msa,CA,2023-01-31,558853.7801458779
395025,13,"Riverside, CA",msa,CA,2023-02-28,554105.0148704817
395025,13,"Riverside, CA",msa,CA,2023-03-31,550485.3780582465
395025,13,"Riverside, CA",msa,CA,2023-04-30,549519.9208461625
395025,13,"Riverside, CA",msa,CA,2023-05-31,550834.373326368
395025,13,"Riverside, CA",msa,CA,2023-06-30,553610.1380761601
395025,13,"Riverside, CA",msa,CA,2023-07-31,557288.870977478
395025,13,"Riverside, CA",msa,CA,2023-08-31,561471.562922896
395025,13,"Riverside, CA",msa,CA,2023-09-30,565555.6852868104
395025,13,"Riverside, CA",msa,CA,2023-10-31,569675.2881350982
395025,13,"Riverside, CA",msa,CA,2023-11-30,573204.9467704588
395025,13,"Riverside, CA",msa,CA,2023-12-31,576405.2380323829
395025,13,"Riverside, CA",msa,CA,2024-01-31,578409.1404406442
395025,13,"Riverside, CA",msa,CA,2024-02-29,579780.4373494383
395025,13,"Riverside, CA",msa,CA,2024-03-31,581324.6036884182
395025,13,"Riverside, CA",msa,CA,2024-04-30,583459.0668872946
395025,13,"Riverside, CA",msa,CA,2024-05-31,586129.2062103184
395025,13,"Riverside, CA",msa,CA,2024-06-30,587942.1607777496
395025,13,"Riverside, CA",msa,CA,2024-07-31,589537.7310968118
395025,13,"Riverside, CA",msa,CA,2024-08-31,590636.9410208737
395025,13,"Riverside, CA",msa,CA,2024-09-30,592108.6637573779
395025,13,"Riverside, CA",msa,CA,2024-10-31,593311.7501351523
395025,13,"Riverside, CA",msa,CA,2024-11-30,594718.7038256171
395025,13,"Riverside, CA",msa,CA,2024-12-31,595798.2284752746
395025,13,"Riverside, CA",msa,CA,2025-01-31,595720.048481429
395025,13,"Riverside, CA",msa,CA,2025-02-28,594613.4657398685
395025,13,"Riverside, CA",msa,CA,2025-03-31,592043.3095819391
395025,13,"Riverside, CA",msa,CA,2025-04-30,589908.3627156339
395025,13,"Riverside, CA",msa,CA,2025-05-31,587423.3879392884
395025,13,"Riverside, CA",msa,CA,2025-06-30,584969.877672007
395025,13,"Riverside, CA",msa,CA,2025-07-31,582379.6595570405
395025,13,"Riverside, CA",msa,CA,2025-08-31,580048.1989162101
395025,13,"Riverside, CA",msa,CA,2025-09-30,578692.9880776554
395025,13,"Riverside, CA",msa,CA,2025-10-31,578550.7961286252
395025,13,"Riverside, CA",msa,CA,2025-11-30,579612.7834997739
395025,13,"Riverside, CA",msa,CA,2025-12-31,581232.7926938086
395025,13,"Riverside, CA",msa,CA,2026-01-31,582410.861829865
395025,13,"Riverside, CA",msa,CA,2026-02-28,583199.8046075172
395025,13,"Riverside, CA",msa,CA,2026-03-31,583470.2835579636
395025,13,"Riverside, CA",msa,CA,2026-04-30,583247.1122296425
395025,13,"Riverside, CA",msa,CA,2026-05-31,582457.7926138082
395025,13,"Riverside, CA",msa,CA,2026-06-30,581485.8513744575
395025,13,"Riverside, CA",msa,CA,2026-07-31,581098.9693337312
395025,13,"Riverside, CA",msa,CA,2026-08-31,581454.4224984803
395045,26,"Sacramento, CA",msa,CA,2000-01-31,169664.2044500805
395045,26,"Sacramento, CA",msa,CA,2000-02-29,170121.43890484908
395045,26,"Sacramento, CA",msa,CA,2000-03-31,170760.94031973745
395045,26,"Sacramento, CA",msa,CA,2000-04-30,172022.16442873917
395045,26,"Sacramento, CA",msa,CA,2000-05-31,173519.9782550451
395045,26,"Sacramento, CA",msa,CA,2000-06-30,174979.77748632073
395045,26,"Sacramento, CA",msa,CA,2000-07-31,176804.93097881493
395045,26,"Sacramento, CA",msa,CA,2000-08-31,178783.31888562164
395045,26,"Sacramento, CA",msa,CA,2000-09-30,181084.97449552175
395045,26,"Sacramento, CA",msa,CA,2000-10-31,183421.37696528845
395045,26,"Sacramento, CA",msa,CA,2000-11-30,186057.02602377257
395045,26,"Sacramento, CA",msa,CA,2000-12-31,188740.84305328532
395045,26,"Sacramento, CA",msa,CA,2001-01-31,191312.75465510192
395045,26,"Sacramento, CA",msa,CA,2001-02-28,193827.4994925813
395045,26,"Sacramento, CA",msa,CA,2001-03-31,196475.994613072
395045,26,"Sacramento, CA",msa,CA,2001-04-30,199678.25989616796
395045,26,"Sacramento, CA",msa,CA,2001-05-31,203183.25014836463
395045,26,"Sacramento, CA",msa,CA,2001-06-30,207090.36495945373
395045,26,"Sacramento, CA",msa,CA,2001-07-31,210896.31012773013
395045,26,"Sacramento, CA",msa,CA,2001-08-31,214299.45442773515
395045,26,"Sacramento, CA",msa,CA,2001-09-30,217162.3391855293
395045,26,"Sacramento, CA",msa,CA,2001-10-31,219591.12100483337
395045,26,"Sacramento, CA",msa,CA,2001-11-30,221811.62792031383
395045,26,"Sacramento, CA",msa,CA,2001-12-31,224040.08104667813
395045,26,"Sacramento, CA",msa,CA,2002-01-31,225788.5298995142
395045,26,"Sacramento, CA",msa,CA,2002-02-28,227440.8259644579
395045,26,"Sacramento, CA",msa,CA,2002-03-31,228947.8260427326
395045,26,"Sacramento, CA",msa,CA,2002-04-30,230929.0547621411
395045,26,"Sacramento, CA",msa,CA,2002-05-31,233227.61357742644
395045,26,"Sacramento, CA",msa,CA,2002-06-30,235867.137454036
395045,26,"Sacramento, CA",msa,CA,2002-07-31,238964.93059340317
395045,26,"Sacramento, CA",msa,CA,2002-08-31,242739.27124851363
395045,26,"Sacramento, CA",msa,CA,2002-09-30,246706.45189380983
395045,26,"Sacramento, CA",msa,CA,2002-10-31,250692.57976746708
395045,26,"Sacramento, CA",msa,CA,2002-11-30,254625.24998476464
395045,26,"Sacramento, CA",msa,CA,2002-12-31,258430.93882511216
395045,26,"Sacramento, CA",msa,CA,2003-01-31,261851.8182074175
395045,26,"Sacramento, CA",msa,CA,2003-02-28,264883.79105650337
395045,26,"Sacramento, CA",msa,CA,2003-03-31,268052.5332042737
395045,26,"Sacramento, CA",msa,CA,2003-04-30,271945.1509362681
395045,26,"Sacramento, CA",msa,CA,2003-05-31,275923.6949302147
395045,26,"Sacramento, CA",msa,CA,2003-06-30,279925.50890970137
395045,26,"Sacramento, CA",msa,CA,2003-07-31,283452.7034035286
395045,26,"Sacramento, CA",msa,CA,2003-08-31,287079.92874173727
395045,26,"Sacramento, CA",msa,CA,2003-09-30,290457.6102097799
395045,26,"Sacramento, CA",msa,CA,2003-10-31,294137.15045406035
395045,26,"Sacramento, CA",msa,CA,2003-11-30,297439.4186375635
395045,26,"Sacramento, CA",msa,CA,2003-12-31,300896.9944584324
395045,26,"Sacramento, CA",msa,CA,2004-01-31,304173.7835798328
395045,26,"Sacramento, CA",msa,CA,2004-02-29,307838.9741915487
395045,26,"Sacramento, CA",msa,CA,2004-03-31,311731.096950403
395045,26,"Sacramento, CA",msa,CA,2004-04-30,315385.41867739387
395045,26,"Sacramento, CA",msa,CA,2004-05-31,319994.5348785646
395045,26,"Sacramento, CA",msa,CA,2004-06-30,325578.95225452125
395045,26,"Sacramento, CA",msa,CA,2004-07-31,333338.05006843334
395045,26,"Sacramento, CA",msa,CA,2004-08-31,341448.8390502177
395045,26,"Sacramento, CA",msa,CA,2004-09-30,349574.4317856282
395045,26,"Sacramento, CA",msa,CA,2004-10-31,356872.68571280333
395045,26,"Sacramento, CA",msa,CA,2004-11-30,363988.5105013967
395045,26,"Sacramento, CA",msa,CA,2004-12-31,370477.9501709256
395045,26,"Sacramento, CA",msa,CA,2005-01-31,376951.7282977524
395045,26,"Sacramento, CA",msa,CA,2005-02-28,383225.4297838272
395045,26,"Sacramento, CA",msa,CA,2005-03-31,389205.76732207206
395045,26,"Sacramento, CA",msa,CA,2005-04-30,395435.6575127444
395045,26,"Sacramento, CA",msa,CA,2005-05-31,401518.19304250175
395045,26,"Sacramento, CA",msa,CA,2005-06-30,408129.3411435832
395045,26,"Sacramento, CA",msa,CA,2005-07-31,414251.3790423633
395045,26,"Sacramento, CA",msa,CA,2005-08-31,419908.5786006814
395045,26,"Sacramento, CA",msa,CA,2005-09-30,425277.7138245839
395045,26,"Sacramento, CA",msa,CA,2005-10-31,429768.9491060586
395045,26,"Sacramento, CA",msa,CA,2005-11-30,433588.8360977126
395045,26,"Sacramento, CA",msa,CA,2005-12-31,437079.0732443586
395045,26,"Sacramento, CA",msa,CA,2006-01-31,439685.8305810476
395045,26,"Sacramento, CA",msa,CA,2006-02-28,441626.6304484348
395045,26,"Sacramento, CA",msa,CA,2006-03-31,442273.43582572206
395045,26,"Sacramento, CA",msa,CA,2006-04-30,442800.4720417882
395045,26,"Sacramento, CA",msa,CA,2006-05-31,442395.8372179622
395045,26,"Sacramento, CA",msa,CA,2006-06-30,441834.6933327682
395045,26,"Sacramento, CA",msa,CA,2006-07-31,440336.9500932057
395045,26,"Sacramento, CA",msa,CA,2006-08-31,438296.6317333264
395045,26,"Sacramento, CA",msa,CA,2006-09-30,434704.2319381495
395045,26,"Sacramento, CA",msa,CA,2006-10-31,429225.7324748408
395045,26,"Sacramento, CA",msa,CA,2006-11-30,423856.3355906181
395045,26,"Sacramento, CA",msa,CA,2006-12-31,418106.8514756076
395045,26,"Sacramento, CA",msa,CA,2007-01-31,413519.8365233852
395045,26,"Sacramento, CA",msa,CA,2007-02-28,409902.0384073633
395045,26,"Sacramento, CA",msa,CA,2007-03-31,407475.23133845255
395045,26,"Sacramento, CA",msa,CA,2007-04-30,405368.16002637474
395045,26,"Sacramento, CA",msa,CA,2007-05-31,401877.21800289705
395045,26,"Sacramento, CA",msa,CA,2007-06-30,397284.3741922141
395045,26,"Sacramento, CA",msa,CA,2007-07-31,392101.6576055526
395045,26,"Sacramento, CA",msa,CA,2007-08-31,387050.917036999
395045,26,"Sacramento, CA",msa,CA,2007-09-30,382307.3492022164
395045,26,"Sacramento, CA",msa,CA,2007-10-31,376541.8808267765
395045,26,"Sacramento, CA",msa,CA,2007-11-30,369523.68202359806
395045,26,"Sacramento, CA",msa,CA,2007-12-31,363442.34948864765
395045,26,"Sacramento, CA",msa,CA,2008-01-31,356764.2424280018
395045,26,"Sacramento, CA",msa,CA,2008-02-29,350025.9492704379
395045,26,"Sacramento, CA",msa,CA,2008-03-31,340753.92304513446
395045,26,"Sacramento, CA",msa,CA,2008-04-30,331786.88675859134
395045,26,"Sacramento, CA",msa,CA,2008-05-31,322984.31741867727
395045,26,"Sacramento, CA",msa,CA,2008-06-30,314762.4678318978
395045,26,"Sacramento, CA",msa,CA,2008-07-31,307569.07003655384
395045,26,"Sacramento, CA",msa,CA,2008-08-31,301137.6431369492
395045,26,"Sacramento, CA",msa,CA,2008-09-30,294237.1069587602
395045,26,"Sacramento, CA",msa,CA,2008-10-31,288672.7860920125
395045,26,"Sacramento, CA",msa,CA,2008-11-30,283547.802614798
395045,26,"Sacramento, CA",msa,CA,2008-12-31,280275.1664467782
395045,26,"Sacramento, CA",msa,CA,2009-01-31,276526.2910555802
395045,26,"Sacramento, CA",msa,CA,2009-02-28,272472.90182490955
395045,26,"Sacramento, CA",msa,CA,2009-03-31,268732.8952138887
395045,26,"Sacramento, CA",msa,CA,2009-04-30,265877.542785071
395045,26,"Sacramento, CA",msa,CA,2009-05-31,263221.26306120894
395045,26,"Sacramento, CA",msa,CA,2009-06-30,260841.56083549737
395045,26,"Sacramento, CA",msa,CA,2009-07-31,257338.7890258936
395045,26,"Sacramento, CA",msa,CA,2009-08-31,254181.000177779
395045,26,"Sacramento, CA",msa,CA,2009-09-30,251533.2946126596
395045,26,"Sacramento, CA",msa,CA,2009-10-31,249743.2284959437
395045,26,"Sacramento, CA",msa,CA,2009-11-30,248888.9513502709
395045,26,"Sacramento, CA",msa,CA,2009-12-31,247471.62187911515
395045,26,"Sacramento, CA",msa,CA,2010-01-31,246762.7234829158
395045,26,"Sacramento, CA",msa,CA,2010-02-28,246124.63712991012
395045,26,"Sacramento, CA",msa,CA,2010-03-31,246291.73453894616
395045,26,"Sacramento, CA",msa,CA,2010-04-30,245818.4046640492
395045,26,"Sacramento, CA",msa,CA,2010-05-31,245571.01589712975
395045,26,"Sacramento, CA",msa,CA,2010-06-30,245024.58106779
395045,26,"Sacramento, CA",msa,CA,2010-07-31,244497.59858045168
395045,26,"Sacramento, CA",msa,CA,2010-08-31,243063.30161289056
395045,26,"Sacramento, CA",msa,CA,2010-09-30,240267.03761353265
395045,26,"Sacramento, CA",msa,CA,2010-10-31,237518.18619372288
395045,26,"Sacramento, CA",msa,CA,2010-11-30,235515.83065652524
395045,26,"Sacramento, CA",msa,CA,2010-12-31,234906.70509195176
395045,26,"Sacramento, CA",msa,CA,2011-01-31,234004.67492284245
395045,26,"Sacramento, CA",msa,CA,2011-02-28,232247.68361293376
395045,26,"Sacramento, CA",msa,CA,2011-03-31,229956.31805606195
395045,26,"Sacramento, CA",msa,CA,2011-04-30,227464.1896134637
395045,26,"Sacramento, CA",msa,CA,2011-05-31,224669.21927833543
395045,26,"Sacramento, CA",msa,CA,2011-06-30,221545.94216536533
395045,26,"Sacramento, CA",msa,CA,2011-07-31,218959.66780883732
395045,26,"Sacramento, CA",msa,CA,2011-08-31,217172.9003495272
395045,26,"Sacramento, CA",msa,CA,2011-09-30,216307.7032544034
395045,26,"Sacramento, CA",msa,CA,2011-10-31,214958.9562509893
395045,26,"Sacramento, CA",msa,CA,2011-11-30,213717.63568424844
395045,26,"Sacramento, CA",msa,CA,2011-12-31,212220.10232904603
395045,26,"Sacramento, CA",msa,CA,2012-01-31,211530.53331950703
395045,26,"Sacramento, CA",msa,CA,2012-02-29,211140.59105988123
395045,26,"Sacramento, CA",msa,CA,2012-03-31,211340.01157336409
395045,26,"Sacramento, CA",msa,CA,2012-04-30,211792.49440361108
395045,26,"Sacramento, CA",msa,CA,2012-05-31,212508.8002284424
395045,26,"Sacramento, CA",msa,CA,2012-06-30,213681.3666326064
395045,26,"Sacramento, CA",msa,CA,2012-07-31,214690.3012250003
395045,26,"Sacramento, CA",msa,CA,2012-08-31,216027.4428640957
395045,26,"Sacramento, CA",msa,CA,2012-09-30,217762.97911062208
395045,26,"Sacramento, CA",msa,CA,2012-10-31,220604.482530474
395045,26,"Sacramento, CA",msa,CA,2012-11-30,224337.66094858467
395045,26,"Sacramento, CA",msa,CA,2012-12-31,228606.9459364007
395045,26,"Sacramento, CA",msa,CA,2013-01-31,233452.0162093234
395045,26,"Sacramento, CA",msa,CA,2013-02-28,238340.1644282138
395045,26,"Sacramento, CA",msa,CA,2013-03-31,243310.63606819496
395045,26,"Sacramento, CA",msa,CA,2013-04-30,248628.0162959961
395045,26,"Sacramento, CA",msa,CA,2013-05-31,255104.7325125089
395045,26,"Sacramento, CA",msa,CA,2013-06-30,262352.8374062839
395045,26,"Sacramento, CA",msa,CA,2013-07-31,268913.0130208446
395045,26,"Sacramento, CA",msa,CA,2013-08-31,274568.85422582726
395045,26,"Sacramento, CA",msa,CA,2013-09-30,279813.30582056334
395045,26,"Sacramento, CA",msa,CA,2013-10-31,285187.97456565424
395045,26,"Sacramento, CA",msa,CA,2013-11-30,289921.28472168953
395045,26,"Sacramento, CA",msa,CA,2013-12-31,293243.8271390608
395045,26,"Sacramento, CA",msa,CA,2014-01-31,295770.7641154185
395045,26,"Sacramento, CA",msa,CA,2014-02-28,297839.8631743339
395045,26,"Sacramento, CA",msa,CA,2014-03-31,300423.3798350242
395045,26,"Sacramento, CA",msa,CA,2014-04-30,303158.6364882328
395045,26,"Sacramento, CA",msa,CA,2014-05-31,306125.426646365
395045,26,"Sacramento, CA",msa,CA,2014-06-30,308077.7955217751
395045,26,"Sacramento, CA",msa,CA,2014-07-31,308695.82003239286
395045,26,"Sacramento, CA",msa,CA,2014-08-31,308337.33953518
395045,26,"Sacramento, CA",msa,CA,2014-09-30,308695.0724736129
395045,26,"Sacramento, CA",msa,CA,2014-10-31,310001.311926918
395045,26,"Sacramento, CA",msa,CA,2014-11-30,312218.3484135201
395045,26,"Sacramento, CA",msa,CA,2014-12-31,314372.337239588
395045,26,"Sacramento, CA",msa,CA,2015-01-31,316790.2776840047
395045,26,"Sacramento, CA",msa,CA,2015-02-28,319155.7481304714
395045,26,"Sacramento, CA",msa,CA,2015-03-31,321601.2669730178
395045,26,"Sacramento, CA",msa,CA,2015-04-30,323974.9406973822
395045,26,"Sacramento, CA",msa,CA,2015-05-31,326341.81699214975
395045,26,"Sacramento, CA",msa,CA,2015-06-30,328338.6668960817
395045,26,"Sacramento, CA",msa,CA,2015-07-31,329502.3078367309
395045,26,"Sacramento, CA",msa,CA,2015-08-31,330426.72741564515
395045,26,"Sacramento, CA",msa,CA,2015-09-30,332028.7001027099
395045,26,"Sacramento, CA",msa,CA,2015-10-31,334620.8959510382
395045,26,"Sacramento, CA",msa,CA,2015-11-30,337797.1962628022
395045,26,"Sacramento, CA",msa,CA,2015-12-31,340725.40040075226
395045,26,"Sacramento, CA",msa,CA,2016-01-31,344104.96719392925
395045,26,"Sacramento, CA",msa,CA,2016-02-29,347284.291814297
395045,26,"Sacramento, CA",msa,CA,2016-03-31,350156.5866124092
395045,26,"Sacramento, CA",msa,CA,2016-04-30,352457.69110940234
395045,26,"Sacramento, CA",msa,CA,2016-05-31,354532.314662954
395045,26,"Sacramento, CA",msa,CA,2016-06-30,356429.938036074
395045,26,"Sacramento, CA",msa,CA,2016-07-31,357729.7104978191
395045,26,"Sacramento, CA",msa,CA,2016-08-31,358752.2419963767
395045,26,"Sacramento, CA",msa,CA,2016-09-30,360257.7868491588
395045,26,"Sacramento, CA",msa,CA,2016-10-31,362449.4927409198
395045,26,"Sacramento, CA",msa,CA,2016-11-30,365341.7669753993
395045,26,"Sacramento, CA",msa,CA,2016-12-31,368480.6120608345
395045,26,"Sacramento, CA",msa,CA,2017-01-31,371895.56751439424
395045,26,"Sacramento, CA",msa,CA,2017-02-28,375331.3736200342
395045,26,"Sacramento, CA",msa,CA,2017-03-31,378521.270735022
395045,26,"Sacramento, CA",msa,CA,2017-04-30,381430.8079705634
395045,26,"Sacramento, CA",msa,CA,2017-05-31,383810.9462050106
395045,26,"Sacramento, CA",msa,CA,2017-06-30,385936.3217049108
395045,26,"Sacramento, CA",msa,CA,2017-07-31,387671.89488615486
395045,26,"Sacramento, CA",msa,CA,2017-08-31,389586.83875144046
395045,26,"Sacramento, CA",msa,CA,2017-09-30,391825.3358918214
395045,26,"Sacramento, CA",msa,CA,2017-10-31,394815.8346901857
395045,26,"Sacramento, CA",msa,CA,2017-11-30,397894.0838797301
395045,26,"Sacramento, CA",msa,CA,2017-12-31,401295.7376452284
395045,26,"Sacramento, CA",msa,CA,2018-01-31,404870.5023334615
395045,26,"Sacramento, CA",msa,CA,2018-02-28,408388.7823776868
395045,26,"Sacramento, CA",msa,CA,2018-03-31,411472.4022423164
395045,26,"Sacramento, CA",msa,CA,2018-04-30,413861.4045338
395045,26,"Sacramento, CA",msa,CA,2018-05-31,416296.7520087442
395045,26,"Sacramento, CA",msa,CA,2018-06-30,418258.1502277775
395045,26,"Sacramento, CA",msa,CA,2018-07-31,419526.1774910456
395045,26,"Sacramento, CA",msa,CA,2018-08-31,420037.67037763377
395045,26,"Sacramento, CA",msa,CA,2018-09-30,420383.9170498497
395045,26,"Sacramento, CA",msa,CA,2018-10-31,420941.5566916725
395045,26,"Sacramento, CA",msa,CA,2018-11-30,421380.7640614063
395045,26,"Sacramento, CA",msa,CA,2018-12-31,421783.59332513175
395045,26,"Sacramento, CA",msa,CA,2019-01-31,422632.6298521785
395045,26,"Sacramento, CA",msa,CA,2019-02-28,424166.9269684095
395045,26,"Sacramento, CA",msa,CA,2019-03-31,426299.2573412547
395045,26,"Sacramento, CA",msa,CA,2019-04-30,428119.7025213011
395045,26,"Sacramento, CA",msa,CA,2019-05-31,429390.82545255375
395045,26,"Sacramento, CA",msa,CA,2019-06-30,430088.310101327
395045,26,"Sacramento, CA",msa,CA,2019-07-31,430532.409456109
395045,26,"Sacramento, CA",msa,CA,2019-08-31,430955.4090152389
395045,26,"Sacramento, CA",msa,CA,2019-09-30,431679.4736544799
395045,26,"Sacramento, CA",msa,CA,2019-10-31,432933.1855212152
395045,26,"Sacramento, CA",msa,CA,2019-11-30,434959.79923224536
395045,26,"Sacramento, CA",msa,CA,2019-12-31,437055.18121375394
395045,26,"Sacramento, CA",msa,CA,2020-01-31,439452.6302187901
395045,26,"Sacramento, CA",msa,CA,2020-02-29,441887.19365423947
395045,26,"Sacramento, CA",msa,CA,2020-03-31,444783.3398841713
395045,26,"Sacramento, CA",msa,CA,2020-04-30,447212.6280821338
395045,26,"Sacramento, CA",msa,CA,2020-05-31,447980.8496449354
395045,26,"Sacramento, CA",msa,CA,2020-06-30,447606.2037119486
395045,26,"Sacramento, CA",msa,CA,2020-07-31,447455.9545501584
395045,26,"Sacramento, CA",msa,CA,2020-08-31,449397.00293937325
395045,26,"Sacramento, CA",msa,CA,2020-09-30,453954.68862793694
395045,26,"Sacramento, CA",msa,CA,2020-10-31,460448.7154846452
395045,26,"Sacramento, CA",msa,CA,2020-11-30,468499.2166972719
395045,26,"Sacramento, CA",msa,CA,2020-12-31,477085.6829045427
395045,26,"Sacramento, CA",msa,CA,2021-01-31,485583.8304792393
395045,26,"Sacramento, CA",msa,CA,2021-02-28,494286.0825785254
395045,26,"Sacramento, CA",msa,CA,2021-03-31,503356.8711511616
395045,26,"Sacramento, CA",msa,CA,2021-04-30,513559.7877672645
395045,26,"Sacramento, CA",msa,CA,2021-05-31,524633.3412551304
395045,26,"Sacramento, CA",msa,CA,2021-06-30,535500.6397385743
395045,26,"Sacramento, CA",msa,CA,2021-07-31,544907.5752884196
395045,26,"Sacramento, CA",msa,CA,2021-08-31,551039.860130594
395045,26,"Sacramento, CA",msa,CA,2021-09-30,554846.8125415897
395045,26,"Sacramento, CA",msa,CA,2021-10-31,557649.6342343522
395045,26,"Sacramento, CA",msa,CA,2021-11-30,561725.6217246233
395045,26,"Sacramento, CA",msa,CA,2021-12-31,567003.4844884896
395045,26,"Sacramento, CA",msa,CA,2022-01-31,575205.4536903593
395045,26,"Sacramento, CA",msa,CA,2022-02-28,585394.1932100108
395045,26,"Sacramento, CA",msa,CA,2022-03-31,597654.7078311807
395045,26,"Sacramento, CA",msa,CA,2022-04-30,608421.2484368171
395045,26,"Sacramento, CA",msa,CA,2022-05-31,616576.9428535167
395045,26,"Sacramento, CA",msa,CA,2022-06-30,620640.1555237581
395045,26,"Sacramento, CA",msa,CA,2022-07-31,619802.2259506072
395045,26,"Sacramento, CA",msa,CA,2022-08-31,613962.0351405552
395045,26,"Sacramento, CA",msa,CA,2022-09-30,604951.0654662112
395045,26,"Sacramento, CA",msa,CA,2022-10-31,596319.7136593965
395045,26,"Sacramento, CA",msa,CA,2022-11-30,588855.5953685575
395045,26,"Sacramento, CA",msa,CA,2022-12-31,581747.835878068
395045,26,"Sacramento, CA",msa,CA,2023-01-31,573886.7258366275
395045,26,"Sacramento, CA",msa,CA,2023-02-28,567518.3987873016
395045,26,"Sacramento, CA",msa,CA,2023-03-31,563806.101240348
395045,26,"Sacramento, CA",msa,CA,2023-04-30,563133.6096243747
395045,26,"Sacramento, CA",msa,CA,2023-05-31,563973.9623642487
395045,26,"Sacramento, CA",msa,CA,2023-06-30,566250.5360952577
395045,26,"Sacramento, CA",msa,CA,2023-07-31,569587.1064263122
395045,26,"Sacramento, CA",msa,CA,2023-08-31,573369.3135654354
395045,26,"Sacramento, CA",msa,CA,2023-09-30,575952.2763679529
395045,26,"Sacramento, CA",msa,CA,2023-10-31,577447.9102715327
395045,26,"Sacramento, CA",msa,CA,2023-11-30,578090.6789500933
395045,26,"Sacramento, CA",msa,CA,2023-12-31,578428.0709500783
395045,26,"Sacramento, CA",msa,CA,2024-01-31,578518.6211741517
395045,26,"Sacramento, CA",msa,CA,2024-02-29,579290.9680819971
395045,26,"Sacramento, CA",msa,CA,2024-03-31,581697.2853765821
395045,26,"Sacramento, CA",msa,CA,2024-04-30,584903.895103428
395045,26,"Sacramento, CA",msa,CA,2024-05-31,587653.5210803691
395045,26,"Sacramento, CA",msa,CA,2024-06-30,588485.9027459801
395045,26,"Sacramento, CA",msa,CA,2024-07-31,588758.8600123284
395045,26,"Sacramento, CA",msa,CA,2024-08-31,588471.4790248118
395045,26,"Sacramento, CA",msa,CA,2024-09-30,588690.2200508366
395045,26,"Sacramento, CA",msa,CA,2024-10-31,588844.0679960079
395045,26,"Sacramento, CA",msa,CA,2024-11-30,589695.3135406369
395045,26,"Sacramento, CA",msa,CA,2024-12-31,590691.1219110655
395045,26,"Sacramento, CA",msa,CA,2025-01-31,591147.5684787988
395045,26,"Sacramento, CA",msa,CA,2025-02-28,590647.0279172827
395045,26,"Sacramento, CA",msa,CA,2025-03-31,589000.4248176388
395045,26,"Sacramento, CA",msa,CA,2025-04-30,587021.9930053133
395045,26,"Sacramento, CA",msa,CA,2025-05-31,584381.3314014263
395045,26,"Sacramento, CA",msa,CA,2025-06-30,581530.44763599
395045,26,"Sacramento, CA",msa,CA,2025-07-31,578841.3270928917
395045,26,"Sacramento, CA",msa,CA,2025-08-31,576628.7083280062
395045,26,"Sacramento, CA",msa,CA,2025-09-30,575537.2198417023
395045,26,"Sacramento, CA",msa,CA,2025-10-31,575312.1287867549
395045,26,"Sacramento, CA",msa,CA,2025-11-30,576093.4140152481
395045,26,"Sacramento, CA",msa,CA,2025-12-31,577330.1546698181
395045,26,"Sacramento, CA",msa,CA,2026-01-31,578014.2572887699
395045,26,"Sacramento, CA",msa,CA,2026-02-28,578066.3227898648
395045,26,"Sacramento, CA",msa,CA,2026-03-31,577377.9200852287
395045,26,"Sacramento, CA",msa,CA,2026-04-30,576298.4162133475
395045,26,"Sacramento, CA",msa,CA,2026-05-31,575057.6070552925
395045,26,"Sacramento, CA",msa,CA,2026-06-30,574134.5646148461
395045,26,"Sacramento, CA",msa,CA,2026-07-31,574121.6826701286
395045,26,"Sacramento, CA",msa,CA,2026-08-31,574820.3983003246
395055,24,"San Antonio, TX",msa,TX,2000-01-31,115646.95775160786
395055,24,"San Antonio, TX",msa,TX,2000-02-29,115756.12028634967
395055,24,"San Antonio, TX",msa,TX,2000-03-31,115842.63032002564
395055,24,"San Antonio, TX",msa,TX,2000-04-30,116005.88297250617
395055,24,"San Antonio, TX",msa,TX,2000-05-31,115493.54752486768
395055,24,"San Antonio, TX",msa,TX,2000-06-30,114770.836436382
395055,24,"San Antonio, TX",msa,TX,2000-07-31,113962.73984824626
395055,24,"San Antonio, TX",msa,TX,2000-08-31,113794.12029122889
395055,24,"San Antonio, TX",msa,TX,2000-09-30,113790.76856116536
395055,24,"San Antonio, TX",msa,TX,2000-10-31,113826.91347946244
395055,24,"San Antonio, TX",msa,TX,2000-11-30,113812.73718460114
395055,24,"San Antonio, TX",msa,TX,2000-12-31,113781.11935447378
395055,24,"San Antonio, TX",msa,TX,2001-01-31,113620.9459519742
395055,24,"San Antonio, TX",msa,TX,2001-02-28,113345.29061700816
395055,24,"San Antonio, TX",msa,TX,2001-03-31,113003.8680881624
395055,24,"San Antonio, TX",msa,TX,2001-04-30,112726.4340847732
395055,24,"San Antonio, TX",msa,TX,2001-05-31,112596.79021263433
395055,24,"San Antonio, TX",msa,TX,2001-06-30,112560.67516876594
395055,24,"San Antonio, TX",msa,TX,2001-07-31,112591.24790172008
395055,24,"San Antonio, TX",msa,TX,2001-08-31,112630.49839289732
395055,24,"San Antonio, TX",msa,TX,2001-09-30,112598.05041233316
395055,24,"San Antonio, TX",msa,TX,2001-10-31,112555.505812725
395055,24,"San Antonio, TX",msa,TX,2001-11-30,112442.70310629896
395055,24,"San Antonio, TX",msa,TX,2001-12-31,112361.12336811471
395055,24,"San Antonio, TX",msa,TX,2002-01-31,112243.35288984672
395055,24,"San Antonio, TX",msa,TX,2002-02-28,112209.50206385674
395055,24,"San Antonio, TX",msa,TX,2002-03-31,112305.64231924944
395055,24,"San Antonio, TX",msa,TX,2002-04-30,112619.0387807922
395055,24,"San Antonio, TX",msa,TX,2002-05-31,113029.42995680704
395055,24,"San Antonio, TX",msa,TX,2002-06-30,113462.55156140124
395055,24,"San Antonio, TX",msa,TX,2002-07-31,113868.90132480569
395055,24,"San Antonio, TX",msa,TX,2002-08-31,114311.1158380726
395055,24,"San Antonio, TX",msa,TX,2002-09-30,114753.84447992996
395055,24,"San Antonio, TX",msa,TX,2002-10-31,115180.04471199856
395055,24,"San Antonio, TX",msa,TX,2002-11-30,115659.8421279122
395055,24,"San Antonio, TX",msa,TX,2002-12-31,116053.17372728093
395055,24,"San Antonio, TX",msa,TX,2003-01-31,116252.8342034428
395055,24,"San Antonio, TX",msa,TX,2003-02-28,116213.43678287927
395055,24,"San Antonio, TX",msa,TX,2003-03-31,116109.62527977552
395055,24,"San Antonio, TX",msa,TX,2003-04-30,116170.47329095782
395055,24,"San Antonio, TX",msa,TX,2003-05-31,116453.55389980727
395055,24,"San Antonio, TX",msa,TX,2003-06-30,116893.3690853751
395055,24,"San Antonio, TX",msa,TX,2003-07-31,117375.12211044368
395055,24,"San Antonio, TX",msa,TX,2003-08-31,117832.1137887612
395055,24,"San Antonio, TX",msa,TX,2003-09-30,118257.26920172264
395055,24,"San Antonio, TX",msa,TX,2003-10-31,118563.23408112743
395055,24,"San Antonio, TX",msa,TX,2003-11-30,118635.12576132682
395055,24,"San Antonio, TX",msa,TX,2003-12-31,118757.15517649746
395055,24,"San Antonio, TX",msa,TX,2004-01-31,119393.22536326898
395055,24,"San Antonio, TX",msa,TX,2004-02-29,120730.166867133
395055,24,"San Antonio, TX",msa,TX,2004-03-31,122060.44330789364
395055,24,"San Antonio, TX",msa,TX,2004-04-30,123450.10110674628
395055,24,"San Antonio, TX",msa,TX,2004-05-31,124494.8298881742
395055,24,"San Antonio, TX",msa,TX,2004-06-30,125640.3839014512
395055,24,"San Antonio, TX",msa,TX,2004-07-31,126573.36048883612
395055,24,"San Antonio, TX",msa,TX,2004-08-31,127274.00319568184
395055,24,"San Antonio, TX",msa,TX,2004-09-30,128210.56411281128
395055,24,"San Antonio, TX",msa,TX,2004-10-31,128957.38059385652
395055,24,"San Antonio, TX",msa,TX,2004-11-30,129875.57609844484
395055,24,"San Antonio, TX",msa,TX,2004-12-31,130440.8733139311
395055,24,"San Antonio, TX",msa,TX,2005-01-31,130855.27408422584
395055,24,"San Antonio, TX",msa,TX,2005-02-28,131218.63037748926
395055,24,"San Antonio, TX",msa,TX,2005-03-31,131599.7628812011
395055,24,"San Antonio, TX",msa,TX,2005-04-30,132099.08627027817
395055,24,"San Antonio, TX",msa,TX,2005-05-31,132617.52092139647
395055,24,"San Antonio, TX",msa,TX,2005-06-30,133065.14584375103
395055,24,"San Antonio, TX",msa,TX,2005-07-31,133409.69091273827
395055,24,"San Antonio, TX",msa,TX,2005-08-31,133699.29620482193
395055,24,"San Antonio, TX",msa,TX,2005-09-30,134051.5860040973
395055,24,"San Antonio, TX",msa,TX,2005-10-31,134632.245124039
395055,24,"San Antonio, TX",msa,TX,2005-11-30,135125.0992720038
395055,24,"San Antonio, TX",msa,TX,2005-12-31,135601.31294296894
395055,24,"San Antonio, TX",msa,TX,2006-01-31,135868.27988968324
395055,24,"San Antonio, TX",msa,TX,2006-02-28,136203.03626177693
395055,24,"San Antonio, TX",msa,TX,2006-03-31,136563.84422585857
395055,24,"San Antonio, TX",msa,TX,2006-04-30,137022.3279458876
395055,24,"San Antonio, TX",msa,TX,2006-05-31,137691.52513718602
395055,24,"San Antonio, TX",msa,TX,2006-06-30,138552.89192462584
395055,24,"San Antonio, TX",msa,TX,2006-07-31,139601.2087997291
395055,24,"San Antonio, TX",msa,TX,2006-08-31,140566.19882624535
395055,24,"San Antonio, TX",msa,TX,2006-09-30,141567.9360651529
395055,24,"San Antonio, TX",msa,TX,2006-10-31,142594.4464634754
395055,24,"San Antonio, TX",msa,TX,2006-11-30,143742.06012009745
395055,24,"San Antonio, TX",msa,TX,2006-12-31,144975.94360524285
395055,24,"San Antonio, TX",msa,TX,2007-01-31,145898.54982464472
395055,24,"San Antonio, TX",msa,TX,2007-02-28,146311.31963131714
395055,24,"San Antonio, TX",msa,TX,2007-03-31,146359.90622311103
395055,24,"San Antonio, TX",msa,TX,2007-04-30,146477.2231618236
395055,24,"San Antonio, TX",msa,TX,2007-05-31,147199.93624203152
395055,24,"San Antonio, TX",msa,TX,2007-06-30,148180.2022551199
395055,24,"San Antonio, TX",msa,TX,2007-07-31,149304.31858941578
395055,24,"San Antonio, TX",msa,TX,2007-08-31,150205.6535636539
395055,24,"San Antonio, TX",msa,TX,2007-09-30,150924.78272277745
395055,24,"San Antonio, TX",msa,TX,2007-10-31,151588.36365966915
395055,24,"San Antonio, TX",msa,TX,2007-11-30,152171.2482044729
395055,24,"San Antonio, TX",msa,TX,2007-12-31,152779.61599021597
395055,24,"San Antonio, TX",msa,TX,2008-01-31,152818.87987438822
395055,24,"San Antonio, TX",msa,TX,2008-02-29,152558.40082065936
395055,24,"San Antonio, TX",msa,TX,2008-03-31,152171.1014698278
395055,24,"San Antonio, TX",msa,TX,2008-04-30,152120.57361420532
395055,24,"San Antonio, TX",msa,TX,2008-05-31,152239.0608148003
395055,24,"San Antonio, TX",msa,TX,2008-06-30,152228.4107615889
395055,24,"San Antonio, TX",msa,TX,2008-07-31,152071.41245674444
395055,24,"San Antonio, TX",msa,TX,2008-08-31,151517.09044740218
395055,24,"San Antonio, TX",msa,TX,2008-09-30,150841.72717165455
395055,24,"San Antonio, TX",msa,TX,2008-10-31,150188.06929744376
395055,24,"San Antonio, TX",msa,TX,2008-11-30,149796.7009872936
395055,24,"San Antonio, TX",msa,TX,2008-12-31,149440.3343604788
395055,24,"San Antonio, TX",msa,TX,2009-01-31,148985.28265118873
395055,24,"San Antonio, TX",msa,TX,2009-02-28,148363.9582593206
395055,24,"San Antonio, TX",msa,TX,2009-03-31,147917.02566757263
395055,24,"San Antonio, TX",msa,TX,2009-04-30,147562.31632246217
395055,24,"San Antonio, TX",msa,TX,2009-05-31,147313.18115409484
395055,24,"San Antonio, TX",msa,TX,2009-06-30,146883.33522237933
395055,24,"San Antonio, TX",msa,TX,2009-07-31,146419.34315143176
395055,24,"San Antonio, TX",msa,TX,2009-08-31,145728.79809631658
395055,24,"San Antonio, TX",msa,TX,2009-09-30,145164.39691980815
395055,24,"San Antonio, TX",msa,TX,2009-10-31,144777.44989797383
395055,24,"San Antonio, TX",msa,TX,2009-11-30,144787.25082305912
395055,24,"San Antonio, TX",msa,TX,2009-12-31,144837.35998964854
395055,24,"San Antonio, TX",msa,TX,2010-01-31,144910.33601842748
395055,24,"San Antonio, TX",msa,TX,2010-02-28,144945.5851173763
395055,24,"San Antonio, TX",msa,TX,2010-03-31,145146.1055844222
395055,24,"San Antonio, TX",msa,TX,2010-04-30,145384.2911643296
395055,24,"San Antonio, TX",msa,TX,2010-05-31,145707.60444466674
395055,24,"San Antonio, TX",msa,TX,2010-06-30,145766.00405786085
395055,24,"San Antonio, TX",msa,TX,2010-07-31,145746.38208911565
395055,24,"San Antonio, TX",msa,TX,2010-08-31,145731.43727964247
395055,24,"San Antonio, TX",msa,TX,2010-09-30,145614.11447859593
395055,24,"San Antonio, TX",msa,TX,2010-10-31,145196.1891053332
395055,24,"San Antonio, TX",msa,TX,2010-11-30,144366.28477228482
395055,24,"San Antonio, TX",msa,TX,2010-12-31,143555.36971503298
395055,24,"San Antonio, TX",msa,TX,2011-01-31,142946.8843041741
395055,24,"San Antonio, TX",msa,TX,2011-02-28,142392.2651994078
395055,24,"San Antonio, TX",msa,TX,2011-03-31,142137.28430598482
395055,24,"San Antonio, TX",msa,TX,2011-04-30,141761.04080039985
395055,24,"San Antonio, TX",msa,TX,2011-05-31,141430.3143087274
395055,24,"San Antonio, TX",msa,TX,2011-06-30,140754.74212005505
395055,24,"San Antonio, TX",msa,TX,2011-07-31,140258.80734461962
395055,24,"San Antonio, TX",msa,TX,2011-08-31,139872.48522200747
395055,24,"San Antonio, TX",msa,TX,2011-09-30,139678.83487160574
395055,24,"San Antonio, TX",msa,TX,2011-10-31,139495.5008075497
395055,24,"San Antonio, TX",msa,TX,2011-11-30,139471.48756543393
395055,24,"San Antonio, TX",msa,TX,2011-12-31,139304.4272900515
395055,24,"San Antonio, TX",msa,TX,2012-01-31,139153.7339956346
395055,24,"San Antonio, TX",msa,TX,2012-02-29,139153.5593245757
395055,24,"San Antonio, TX",msa,TX,2012-03-31,139637.44211373082
395055,24,"San Antonio, TX",msa,TX,2012-04-30,140392.45733093168
395055,24,"San Antonio, TX",msa,TX,2012-05-31,141190.137220879
395055,24,"San Antonio, TX",msa,TX,2012-06-30,141875.352260969
395055,24,"San Antonio, TX",msa,TX,2012-07-31,142321.36306062344
395055,24,"San Antonio, TX",msa,TX,2012-08-31,142638.97057216414
395055,24,"San Antonio, TX",msa,TX,2012-09-30,142762.0988932484
395055,24,"San Antonio, TX",msa,TX,2012-10-31,142948.60474473375
395055,24,"San Antonio, TX",msa,TX,2012-11-30,143088.27761344615
395055,24,"San Antonio, TX",msa,TX,2012-12-31,143274.8806162861
395055,24,"San Antonio, TX",msa,TX,2013-01-31,143701.6929674211
395055,24,"San Antonio, TX",msa,TX,2013-02-28,144315.3194425667
395055,24,"San Antonio, TX",msa,TX,2013-03-31,145157.83722752627
395055,24,"San Antonio, TX",msa,TX,2013-04-30,145910.37528889766
395055,24,"San Antonio, TX",msa,TX,2013-05-31,146659.8713263588
395055,24,"San Antonio, TX",msa,TX,2013-06-30,147453.31350461222
395055,24,"San Antonio, TX",msa,TX,2013-07-31,148176.2349562872
395055,24,"San Antonio, TX",msa,TX,2013-08-31,148970.45058194918
395055,24,"San Antonio, TX",msa,TX,2013-09-30,149652.95429775934
395055,24,"San Antonio, TX",msa,TX,2013-10-31,150394.81120484773
395055,24,"San Antonio, TX",msa,TX,2013-11-30,150938.19027889147
395055,24,"San Antonio, TX",msa,TX,2013-12-31,151452.120347403
395055,24,"San Antonio, TX",msa,TX,2014-01-31,152236.17515200953
395055,24,"San Antonio, TX",msa,TX,2014-02-28,153326.53952087744
395055,24,"San Antonio, TX",msa,TX,2014-03-31,154572.24465028077
395055,24,"San Antonio, TX",msa,TX,2014-04-30,155683.370256252
395055,24,"San Antonio, TX",msa,TX,2014-05-31,156731.87347788844
395055,24,"San Antonio, TX",msa,TX,2014-06-30,157769.74583033638
395055,24,"San Antonio, TX",msa,TX,2014-07-31,158744.73266380906
395055,24,"San Antonio, TX",msa,TX,2014-08-31,159521.06270099347
395055,24,"San Antonio, TX",msa,TX,2014-09-30,160056.32476008104
395055,24,"San Antonio, TX",msa,TX,2014-10-31,160439.81633289534
395055,24,"San Antonio, TX",msa,TX,2014-11-30,161055.70802743718
395055,24,"San Antonio, TX",msa,TX,2014-12-31,161911.01923934184
395055,24,"San Antonio, TX",msa,TX,2015-01-31,163113.38306479316
395055,24,"San Antonio, TX",msa,TX,2015-02-28,164423.0977373795
395055,24,"San Antonio, TX",msa,TX,2015-03-31,165703.81670457183
395055,24,"San Antonio, TX",msa,TX,2015-04-30,166831.3187137416
395055,24,"San Antonio, TX",msa,TX,2015-05-31,167848.77118647422
395055,24,"San Antonio, TX",msa,TX,2015-06-30,168881.07189091365
395055,24,"San Antonio, TX",msa,TX,2015-07-31,169943.49801600186
395055,24,"San Antonio, TX",msa,TX,2015-08-31,171163.37467122488
395055,24,"San Antonio, TX",msa,TX,2015-09-30,172385.45137958808
395055,24,"San Antonio, TX",msa,TX,2015-10-31,173545.10283968932
395055,24,"San Antonio, TX",msa,TX,2015-11-30,174484.58986290684
395055,24,"San Antonio, TX",msa,TX,2015-12-31,175505.88603996477
395055,24,"San Antonio, TX",msa,TX,2016-01-31,176641.7616972807
395055,24,"San Antonio, TX",msa,TX,2016-02-29,177829.5414276918
395055,24,"San Antonio, TX",msa,TX,2016-03-31,178605.3832316062
395055,24,"San Antonio, TX",msa,TX,2016-04-30,179359.95986653471
395055,24,"San Antonio, TX",msa,TX,2016-05-31,180103.1069041011
395055,24,"San Antonio, TX",msa,TX,2016-06-30,181099.60561557824
395055,24,"San Antonio, TX",msa,TX,2016-07-31,181975.8432624644
395055,24,"San Antonio, TX",msa,TX,2016-08-31,182812.319275992
395055,24,"San Antonio, TX",msa,TX,2016-09-30,183637.69548344496
395055,24,"San Antonio, TX",msa,TX,2016-10-31,184454.01654833835
395055,24,"San Antonio, TX",msa,TX,2016-11-30,185362.15294508985
395055,24,"San Antonio, TX",msa,TX,2016-12-31,186335.6735020712
395055,24,"San Antonio, TX",msa,TX,2017-01-31,187474.9579666408
395055,24,"San Antonio, TX",msa,TX,2017-02-28,188610.3614324458
395055,24,"San Antonio, TX",msa,TX,2017-03-31,189796.8642717749
395055,24,"San Antonio, TX",msa,TX,2017-04-30,190917.11270941305
395055,24,"San Antonio, TX",msa,TX,2017-05-31,191841.21296931445
395055,24,"San Antonio, TX",msa,TX,2017-06-30,192713.47831897577
395055,24,"San Antonio, TX",msa,TX,2017-07-31,193432.33562682391
395055,24,"San Antonio, TX",msa,TX,2017-08-31,194248.0969090072
395055,24,"San Antonio, TX",msa,TX,2017-09-30,194890.66349953925
395055,24,"San Antonio, TX",msa,TX,2017-10-31,195646.4132903779
395055,24,"San Antonio, TX",msa,TX,2017-11-30,196479.91455303557
395055,24,"San Antonio, TX",msa,TX,2017-12-31,197636.6625296936
395055,24,"San Antonio, TX",msa,TX,2018-01-31,198853.9386283045
395055,24,"San Antonio, TX",msa,TX,2018-02-28,199913.5273820914
395055,24,"San Antonio, TX",msa,TX,2018-03-31,200937.3107648166
395055,24,"San Antonio, TX",msa,TX,2018-04-30,201798.29690665976
395055,24,"San Antonio, TX",msa,TX,2018-05-31,202707.19321833065
395055,24,"San Antonio, TX",msa,TX,2018-06-30,203477.5226609785
395055,24,"San Antonio, TX",msa,TX,2018-07-31,204383.70309076825
395055,24,"San Antonio, TX",msa,TX,2018-08-31,205210.56263007844
395055,24,"San Antonio, TX",msa,TX,2018-09-30,205936.2306576043
395055,24,"San Antonio, TX",msa,TX,2018-10-31,206528.35565303403
395055,24,"San Antonio, TX",msa,TX,2018-11-30,207230.5487342258
395055,24,"San Antonio, TX",msa,TX,2018-12-31,208127.3243463439
395055,24,"San Antonio, TX",msa,TX,2019-01-31,208943.75977163052
395055,24,"San Antonio, TX",msa,TX,2019-02-28,209534.05160476585
395055,24,"San Antonio, TX",msa,TX,2019-03-31,209905.7474378864
395055,24,"San Antonio, TX",msa,TX,2019-04-30,210235.7973737136
395055,24,"San Antonio, TX",msa,TX,2019-05-31,210662.86684422696
395055,24,"San Antonio, TX",msa,TX,2019-06-30,211181.4082133989
395055,24,"San Antonio, TX",msa,TX,2019-07-31,211723.5773371757
395055,24,"San Antonio, TX",msa,TX,2019-08-31,212431.6233903817
395055,24,"San Antonio, TX",msa,TX,2019-09-30,213250.3880551076
395055,24,"San Antonio, TX",msa,TX,2019-10-31,214334.69973724533
395055,24,"San Antonio, TX",msa,TX,2019-11-30,215535.2699398919
395055,24,"San Antonio, TX",msa,TX,2019-12-31,216734.77652341043
395055,24,"San Antonio, TX",msa,TX,2020-01-31,217960.16502922704
395055,24,"San Antonio, TX",msa,TX,2020-02-29,219117.0492456878
395055,24,"San Antonio, TX",msa,TX,2020-03-31,220137.86006628943
395055,24,"San Antonio, TX",msa,TX,2020-04-30,220790.04393320665
395055,24,"San Antonio, TX",msa,TX,2020-05-31,221085.40632412027
395055,24,"San Antonio, TX",msa,TX,2020-06-30,221384.19314507145
395055,24,"San Antonio, TX",msa,TX,2020-07-31,222181.67826682687
395055,24,"San Antonio, TX",msa,TX,2020-08-31,223548.3138340566
395055,24,"San Antonio, TX",msa,TX,2020-09-30,225693.69648110663
395055,24,"San Antonio, TX",msa,TX,2020-10-31,228272.51772081968
395055,24,"San Antonio, TX",msa,TX,2020-11-30,231256.8870559584
395055,24,"San Antonio, TX",msa,TX,2020-12-31,234060.4510342166
395055,24,"San Antonio, TX",msa,TX,2021-01-31,236801.1556549256
395055,24,"San Antonio, TX",msa,TX,2021-02-28,239631.6335834472
395055,24,"San Antonio, TX",msa,TX,2021-03-31,242858.28587425876
395055,24,"San Antonio, TX",msa,TX,2021-04-30,246389.48216213868
395055,24,"San Antonio, TX",msa,TX,2021-05-31,250430.5712762988
395055,24,"San Antonio, TX",msa,TX,2021-06-30,254804.54306033623
395055,24,"San Antonio, TX",msa,TX,2021-07-31,259086.14504929283
395055,24,"San Antonio, TX",msa,TX,2021-08-31,262512.5469414757
395055,24,"San Antonio, TX",msa,TX,2021-09-30,265183.55172996555
395055,24,"San Antonio, TX",msa,TX,2021-10-31,267703.74401886854
395055,24,"San Antonio, TX",msa,TX,2021-11-30,270927.3152745328
395055,24,"San Antonio, TX",msa,TX,2021-12-31,274601.5620169108
395055,24,"San Antonio, TX",msa,TX,2022-01-31,279220.04182020907
395055,24,"San Antonio, TX",msa,TX,2022-02-28,284162.66704869206
395055,24,"San Antonio, TX",msa,TX,2022-03-31,289662.4904220605
395055,24,"San Antonio, TX",msa,TX,2022-04-30,295189.1588934115
395055,24,"San Antonio, TX",msa,TX,2022-05-31,300340.9189879524
395055,24,"San Antonio, TX",msa,TX,2022-06-30,304701.8554183912
395055,24,"San Antonio, TX",msa,TX,2022-07-31,307308.03160533286
395055,24,"San Antonio, TX",msa,TX,2022-08-31,307927.0939338202
395055,24,"San Antonio, TX",msa,TX,2022-09-30,307036.5844218163
395055,24,"San Antonio, TX",msa,TX,2022-10-31,305921.9999034545
395055,24,"San Antonio, TX",msa,TX,2022-11-30,304945.9739908316
395055,24,"San Antonio, TX",msa,TX,2022-12-31,304134.0649145059
395055,24,"San Antonio, TX",msa,TX,2023-01-31,303225.21484541154
395055,24,"San Antonio, TX",msa,TX,2023-02-28,301974.46776647767
395055,24,"San Antonio, TX",msa,TX,2023-03-31,300668.588445248
395055,24,"San Antonio, TX",msa,TX,2023-04-30,299597.7094000015
395055,24,"San Antonio, TX",msa,TX,2023-05-31,299331.1134328805
395055,24,"San Antonio, TX",msa,TX,2023-06-30,299667.9826246509
395055,24,"San Antonio, TX",msa,TX,2023-07-31,299833.48913511605
395055,24,"San Antonio, TX",msa,TX,2023-08-31,299792.25375245727
395055,24,"San Antonio, TX",msa,TX,2023-09-30,299084.49940209085
395055,24,"San Antonio, TX",msa,TX,2023-10-31,298003.8912598668
395055,24,"San Antonio, TX",msa,TX,2023-11-30,296636.9027495093
395055,24,"San Antonio, TX",msa,TX,2023-12-31,295089.4282210344
395055,24,"San Antonio, TX",msa,TX,2024-01-31,293880.50153853936
395055,24,"San Antonio, TX",msa,TX,2024-02-29,293148.33153086965
395055,24,"San Antonio, TX",msa,TX,2024-03-31,293168.01878709625
395055,24,"San Antonio, TX",msa,TX,2024-04-30,293444.17184405617
395055,24,"San Antonio, TX",msa,TX,2024-05-31,293419.76281753235
395055,24,"San Antonio, TX",msa,TX,2024-06-30,292998.9667201744
395055,24,"San Antonio, TX",msa,TX,2024-07-31,292129.953701749
395055,24,"San Antonio, TX",msa,TX,2024-08-31,291383.8072987709
395055,24,"San Antonio, TX",msa,TX,2024-09-30,290738.87124969537
395055,24,"San Antonio, TX",msa,TX,2024-10-31,290147.4171181075
395055,24,"San Antonio, TX",msa,TX,2024-11-30,289397.1952623064
395055,24,"San Antonio, TX",msa,TX,2024-12-31,288764.95653439243
395055,24,"San Antonio, TX",msa,TX,2025-01-31,288231.5279917905
395055,24,"San Antonio, TX",msa,TX,2025-02-28,287791.8509785487
395055,24,"San Antonio, TX",msa,TX,2025-03-31,286827.67521680385
395055,24,"San Antonio, TX",msa,TX,2025-04-30,285665.30716255907
395055,24,"San Antonio, TX",msa,TX,2025-05-31,284381.4905016929
395055,24,"San Antonio, TX",msa,TX,2025-06-30,283359.5439671684
395055,24,"San Antonio, TX",msa,TX,2025-07-31,282577.3145570571
395055,24,"San Antonio, TX",msa,TX,2025-08-31,282036.28302380745
395055,24,"San Antonio, TX",msa,TX,2025-09-30,281688.0622717254
395055,24,"San Antonio, TX",msa,TX,2025-10-31,281288.3011697915
395055,24,"San Antonio, TX",msa,TX,2025-11-30,280984.3583907588
395055,24,"San Antonio, TX",msa,TX,2025-12-31,280789.6877779404
395055,24,"San Antonio, TX",msa,TX,2026-01-31,280615.0333288397
395055,24,"San Antonio, TX",msa,TX,2026-02-28,280425.9838094705
395055,24,"San Antonio, TX",msa,TX,2026-03-31,280117.6241377576
395055,24,"San Antonio, TX",msa,TX,2026-04-30,279664.3704571742
395055,24,"San Antonio, TX",msa,TX,2026-05-31,278914.89683605515
395055,24,"San Antonio, TX",msa,TX,2026-06-30,278020.5977809313
395055,24,"San Antonio, TX",msa,TX,2026-07-31,277236.2449699485
395055,24,"San Antonio, TX",msa,TX,2026-08-31,276746.6634399583
395056,17,"San Diego, CA",msa,CA,2000-01-31,216414.09671273868
395056,17,"San Diego, CA",msa,CA,2000-02-29,217270.90567383828
395056,17,"San Diego, CA",msa,CA,2000-03-31,218309.48548073592
395056,17,"San Diego, CA",msa,CA,2000-04-30,220661.08514692477
395056,17,"San Diego, CA",msa,CA,2000-05-31,223201.2432106452
395056,17,"San Diego, CA",msa,CA,2000-06-30,226397.25796140707
395056,17,"San Diego, CA",msa,CA,2000-07-31,230072.1438345204
395056,17,"San Diego, CA",msa,CA,2000-08-31,234103.7215528576
395056,17,"San Diego, CA",msa,CA,2000-09-30,237903.23453770523
395056,17,"San Diego, CA",msa,CA,2000-10-31,241146.0661174292
395056,17,"San Diego, CA",msa,CA,2000-11-30,244309.78662178735
395056,17,"San Diego, CA",msa,CA,2000-12-31,247109.59874942145
395056,17,"San Diego, CA",msa,CA,2001-01-31,249550.9049696387
395056,17,"San Diego, CA",msa,CA,2001-02-28,252320.0871045175
395056,17,"San Diego, CA",msa,CA,2001-03-31,255893.15526830484
395056,17,"San Diego, CA",msa,CA,2001-04-30,260336.52455413205
395056,17,"San Diego, CA",msa,CA,2001-05-31,264423.9396680284
395056,17,"San Diego, CA",msa,CA,2001-06-30,267621.3888171661
395056,17,"San Diego, CA",msa,CA,2001-07-31,270174.5629458008
395056,17,"San Diego, CA",msa,CA,2001-08-31,272594.82357927086
395056,17,"San Diego, CA",msa,CA,2001-09-30,275263.5438788918
395056,17,"San Diego, CA",msa,CA,2001-10-31,277963.9279652255
395056,17,"San Diego, CA",msa,CA,2001-11-30,280646.65335653373
395056,17,"San Diego, CA",msa,CA,2001-12-31,282808.88156898075
395056,17,"San Diego, CA",msa,CA,2002-01-31,284862.8703708772
395056,17,"San Diego, CA",msa,CA,2002-02-28,286845.54870767327
395056,17,"San Diego, CA",msa,CA,2002-03-31,289364.704788255
395056,17,"San Diego, CA",msa,CA,2002-04-30,292366.0330844336
395056,17,"San Diego, CA",msa,CA,2002-05-31,296093.3885693275
395056,17,"San Diego, CA",msa,CA,2002-06-30,300218.6195735095
395056,17,"San Diego, CA",msa,CA,2002-07-31,305346.00248154835
395056,17,"San Diego, CA",msa,CA,2002-08-31,310943.67028817587
395056,17,"San Diego, CA",msa,CA,2002-09-30,316783.8270407909
395056,17,"San Diego, CA",msa,CA,2002-10-31,322489.07076153846
395056,17,"San Diego, CA",msa,CA,2002-11-30,327724.94531307835
395056,17,"San Diego, CA",msa,CA,2002-12-31,333248.2321151136
395056,17,"San Diego, CA",msa,CA,2003-01-31,338080.2456653963
395056,17,"San Diego, CA",msa,CA,2003-02-28,342647.90313923126
395056,17,"San Diego, CA",msa,CA,2003-03-31,347301.689252066
395056,17,"San Diego, CA",msa,CA,2003-04-30,352229.96486192866
395056,17,"San Diego, CA",msa,CA,2003-05-31,357686.380065542
395056,17,"San Diego, CA",msa,CA,2003-06-30,362450.1447114034
395056,17,"San Diego, CA",msa,CA,2003-07-31,368227.6479726589
395056,17,"San Diego, CA",msa,CA,2003-08-31,373705.9291623491
395056,17,"San Diego, CA",msa,CA,2003-09-30,380146.2631349634
395056,17,"San Diego, CA",msa,CA,2003-10-31,385825.62143663055
395056,17,"San Diego, CA",msa,CA,2003-11-30,391336.168062638
395056,17,"San Diego, CA",msa,CA,2003-12-31,393930.903694888
395056,17,"San Diego, CA",msa,CA,2004-01-31,397870.1826613282
395056,17,"San Diego, CA",msa,CA,2004-02-29,403828.2690268445
395056,17,"San Diego, CA",msa,CA,2004-03-31,412465.2027821333
395056,17,"San Diego, CA",msa,CA,2004-04-30,420657.7093823733
395056,17,"San Diego, CA",msa,CA,2004-05-31,428932.371039042
395056,17,"San Diego, CA",msa,CA,2004-06-30,441452.9044604552
395056,17,"San Diego, CA",msa,CA,2004-07-31,454770.1871212479
395056,17,"San Diego, CA",msa,CA,2004-08-31,467784.087295169
395056,17,"San Diego, CA",msa,CA,2004-09-30,478181.7352185431
395056,17,"San Diego, CA",msa,CA,2004-10-31,487768.9972146035
395056,17,"San Diego, CA",msa,CA,2004-11-30,495565.1793607692
395056,17,"San Diego, CA",msa,CA,2004-12-31,502206.9939221726
395056,17,"San Diego, CA",msa,CA,2005-01-31,506587.2825724446
395056,17,"San Diego, CA",msa,CA,2005-02-28,510248.19865826383
395056,17,"San Diego, CA",msa,CA,2005-03-31,515601.3906917507
395056,17,"San Diego, CA",msa,CA,2005-04-30,522657.4911461346
395056,17,"San Diego, CA",msa,CA,2005-05-31,530169.0829018629
395056,17,"San Diego, CA",msa,CA,2005-06-30,534098.3649340827
395056,17,"San Diego, CA",msa,CA,2005-07-31,536217.6216561076
395056,17,"San Diego, CA",msa,CA,2005-08-31,537909.8743688726
395056,17,"San Diego, CA",msa,CA,2005-09-30,539425.1352209753
395056,17,"San Diego, CA",msa,CA,2005-10-31,540282.8671250198
395056,17,"San Diego, CA",msa,CA,2005-11-30,540532.1114693568
395056,17,"San Diego, CA",msa,CA,2005-12-31,540635.7736085701
395056,17,"San Diego, CA",msa,CA,2006-01-31,541761.8499575468
395056,17,"San Diego, CA",msa,CA,2006-02-28,541641.6614613353
395056,17,"San Diego, CA",msa,CA,2006-03-31,541722.7676663852
395056,17,"San Diego, CA",msa,CA,2006-04-30,541117.3986699439
395056,17,"San Diego, CA",msa,CA,2006-05-31,542038.8330187466
395056,17,"San Diego, CA",msa,CA,2006-06-30,541669.90960837
395056,17,"San Diego, CA",msa,CA,2006-07-31,539802.7756456182
395056,17,"San Diego, CA",msa,CA,2006-08-31,536429.5463701525
395056,17,"San Diego, CA",msa,CA,2006-09-30,533177.2360463334
395056,17,"San Diego, CA",msa,CA,2006-10-31,530408.378859214
395056,17,"San Diego, CA",msa,CA,2006-11-30,528787.6865059427
395056,17,"San Diego, CA",msa,CA,2006-12-31,527086.7938813645
395056,17,"San Diego, CA",msa,CA,2007-01-31,525630.9312542658
395056,17,"San Diego, CA",msa,CA,2007-02-28,523543.84719214495
395056,17,"San Diego, CA",msa,CA,2007-03-31,518808.3304144608
395056,17,"San Diego, CA",msa,CA,2007-04-30,513445.7323329978
395056,17,"San Diego, CA",msa,CA,2007-05-31,507538.6233230535
395056,17,"San Diego, CA",msa,CA,2007-06-30,503060.5323524364
395056,17,"San Diego, CA",msa,CA,2007-07-31,498278.67394847074
395056,17,"San Diego, CA",msa,CA,2007-08-31,494769.4963965464
395056,17,"San Diego, CA",msa,CA,2007-09-30,490604.0161147348
395056,17,"San Diego, CA",msa,CA,2007-10-31,486314.1929824419
395056,17,"San Diego, CA",msa,CA,2007-11-30,480844.526238634
395056,17,"San Diego, CA",msa,CA,2007-12-31,476445.9142615295
395056,17,"San Diego, CA",msa,CA,2008-01-31,470762.93891035015
395056,17,"San Diego, CA",msa,CA,2008-02-29,463730.8201243317
395056,17,"San Diego, CA",msa,CA,2008-03-31,455514.5132246773
395056,17,"San Diego, CA",msa,CA,2008-04-30,448532.2024290045
395056,17,"San Diego, CA",msa,CA,2008-05-31,440841.15527247527
395056,17,"San Diego, CA",msa,CA,2008-06-30,432864.2820028618
395056,17,"San Diego, CA",msa,CA,2008-07-31,423768.2548181317
395056,17,"San Diego, CA",msa,CA,2008-08-31,414900.6139808616
395056,17,"San Diego, CA",msa,CA,2008-09-30,404774.9193851909
395056,17,"San Diego, CA",msa,CA,2008-10-31,395542.7390626791
395056,17,"San Diego, CA",msa,CA,2008-11-30,387063.674286387
395056,17,"San Diego, CA",msa,CA,2008-12-31,380935.2628336347
395056,17,"San Diego, CA",msa,CA,2009-01-31,375691.6430641259
395056,17,"San Diego, CA",msa,CA,2009-02-28,372284.9686616001
395056,17,"San Diego, CA",msa,CA,2009-03-31,370249.2064693196
395056,17,"San Diego, CA",msa,CA,2009-04-30,366299.3718135359
395056,17,"San Diego, CA",msa,CA,2009-05-31,363179.3947859693
395056,17,"San Diego, CA",msa,CA,2009-06-30,357994.4924907913
395056,17,"San Diego, CA",msa,CA,2009-07-31,356072.9299795218
395056,17,"San Diego, CA",msa,CA,2009-08-31,353474.3256785435
395056,17,"San Diego, CA",msa,CA,2009-09-30,353799.6514855015
395056,17,"San Diego, CA",msa,CA,2009-10-31,354212.56299728324
395056,17,"San Diego, CA",msa,CA,2009-11-30,357140.58645330975
395056,17,"San Diego, CA",msa,CA,2009-12-31,360404.7704061093
395056,17,"San Diego, CA",msa,CA,2010-01-31,363709.2835122223
395056,17,"San Diego, CA",msa,CA,2010-02-28,365774.1177929787
395056,17,"San Diego, CA",msa,CA,2010-03-31,367802.8001906234
395056,17,"San Diego, CA",msa,CA,2010-04-30,371077.7059266013
395056,17,"San Diego, CA",msa,CA,2010-05-31,372430.7130560778
395056,17,"San Diego, CA",msa,CA,2010-06-30,372621.32539984566
395056,17,"San Diego, CA",msa,CA,2010-07-31,370816.90157747903
395056,17,"San Diego, CA",msa,CA,2010-08-31,368971.3896237607
395056,17,"San Diego, CA",msa,CA,2010-09-30,366248.4152785817
395056,17,"San Diego, CA",msa,CA,2010-10-31,362402.03706596233
395056,17,"San Diego, CA",msa,CA,2010-11-30,358913.8480530395
395056,17,"San Diego, CA",msa,CA,2010-12-31,357163.98694493534
395056,17,"San Diego, CA",msa,CA,2011-01-31,356132.53209217155
395056,17,"San Diego, CA",msa,CA,2011-02-28,355234.83721371903
395056,17,"San Diego, CA",msa,CA,2011-03-31,353049.1816398792
395056,17,"San Diego, CA",msa,CA,2011-04-30,351466.4757082318
395056,17,"San Diego, CA",msa,CA,2011-05-31,349861.5761784787
395056,17,"San Diego, CA",msa,CA,2011-06-30,348963.8723146836
395056,17,"San Diego, CA",msa,CA,2011-07-31,347517.6761371403
395056,17,"San Diego, CA",msa,CA,2011-08-31,344597.79336264124
395056,17,"San Diego, CA",msa,CA,2011-09-30,341294.25852229586
395056,17,"San Diego, CA",msa,CA,2011-10-31,338475.58820058155
395056,17,"San Diego, CA",msa,CA,2011-11-30,337184.3458216018
395056,17,"San Diego, CA",msa,CA,2011-12-31,336113.796198962
395056,17,"San Diego, CA",msa,CA,2012-01-31,336413.024964402
395056,17,"San Diego, CA",msa,CA,2012-02-29,337214.2309560969
395056,17,"San Diego, CA",msa,CA,2012-03-31,338208.347403718
395056,17,"San Diego, CA",msa,CA,2012-04-30,337967.0570392639
395056,17,"San Diego, CA",msa,CA,2012-05-31,338221.79403045354
395056,17,"San Diego, CA",msa,CA,2012-06-30,339998.47337416746
395056,17,"San Diego, CA",msa,CA,2012-07-31,342062.8515976123
395056,17,"San Diego, CA",msa,CA,2012-08-31,344617.62124021887
395056,17,"San Diego, CA",msa,CA,2012-09-30,347515.66396612
395056,17,"San Diego, CA",msa,CA,2012-10-31,351619.4386757035
395056,17,"San Diego, CA",msa,CA,2012-11-30,356219.4615938272
395056,17,"San Diego, CA",msa,CA,2012-12-31,361093.57891537127
395056,17,"San Diego, CA",msa,CA,2013-01-31,366303.2079980998
395056,17,"San Diego, CA",msa,CA,2013-02-28,371570.30264149833
395056,17,"San Diego, CA",msa,CA,2013-03-31,376074.7636091544
395056,17,"San Diego, CA",msa,CA,2013-04-30,380937.2551795859
395056,17,"San Diego, CA",msa,CA,2013-05-31,387036.9749767711
395056,17,"San Diego, CA",msa,CA,2013-06-30,395021.70319195424
395056,17,"San Diego, CA",msa,CA,2013-07-31,402490.5278698044
395056,17,"San Diego, CA",msa,CA,2013-08-31,409313.7542259735
395056,17,"San Diego, CA",msa,CA,2013-09-30,415333.7822732378
395056,17,"San Diego, CA",msa,CA,2013-10-31,421132.75744879176
395056,17,"San Diego, CA",msa,CA,2013-11-30,425356.2602271924
395056,17,"San Diego, CA",msa,CA,2013-12-31,428524.7776689869
395056,17,"San Diego, CA",msa,CA,2014-01-31,431135.2959004347
395056,17,"San Diego, CA",msa,CA,2014-02-28,434238.2142709885
395056,17,"San Diego, CA",msa,CA,2014-03-31,437377.19522136543
395056,17,"San Diego, CA",msa,CA,2014-04-30,440971.4391710514
395056,17,"San Diego, CA",msa,CA,2014-05-31,444341.5400306227
395056,17,"San Diego, CA",msa,CA,2014-06-30,447387.247618789
395056,17,"San Diego, CA",msa,CA,2014-07-31,448358.5187294024
395056,17,"San Diego, CA",msa,CA,2014-08-31,448681.8450547177
395056,17,"San Diego, CA",msa,CA,2014-09-30,449268.5245397151
395056,17,"San Diego, CA",msa,CA,2014-10-31,451342.1802330043
395056,17,"San Diego, CA",msa,CA,2014-11-30,454083.227993598
395056,17,"San Diego, CA",msa,CA,2014-12-31,456838.3394555512
395056,17,"San Diego, CA",msa,CA,2015-01-31,459893.3826118202
395056,17,"San Diego, CA",msa,CA,2015-02-28,463159.8031785943
395056,17,"San Diego, CA",msa,CA,2015-03-31,466418.6770654805
395056,17,"San Diego, CA",msa,CA,2015-04-30,469273.6119330942
395056,17,"San Diego, CA",msa,CA,2015-05-31,471988.47993240407
395056,17,"San Diego, CA",msa,CA,2015-06-30,474793.83606833854
395056,17,"San Diego, CA",msa,CA,2015-07-31,476946.8984073437
395056,17,"San Diego, CA",msa,CA,2015-08-31,479369.4069092533
395056,17,"San Diego, CA",msa,CA,2015-09-30,482494.524395949
395056,17,"San Diego, CA",msa,CA,2015-10-31,487094.35312614567
395056,17,"San Diego, CA",msa,CA,2015-11-30,491767.3301853494
395056,17,"San Diego, CA",msa,CA,2015-12-31,495984.8381011034
395056,17,"San Diego, CA",msa,CA,2016-01-31,500366.5831346996
395056,17,"San Diego, CA",msa,CA,2016-02-29,504533.5083961116
395056,17,"San Diego, CA",msa,CA,2016-03-31,507561.15111305285
395056,17,"San Diego, CA",msa,CA,2016-04-30,509342.4242901132
395056,17,"San Diego, CA",msa,CA,2016-05-31,510369.0554669749
395056,17,"San Diego, CA",msa,CA,2016-06-30,512174.37999449327
395056,17,"San Diego, CA",msa,CA,2016-07-31,513593.3277423207
395056,17,"San Diego, CA",msa,CA,2016-08-31,515418.75778449007
395056,17,"San Diego, CA",msa,CA,2016-09-30,516925.9520037608
395056,17,"San Diego, CA",msa,CA,2016-10-31,519993.2108208708
395056,17,"San Diego, CA",msa,CA,2016-11-30,523557.45584755857
395056,17,"San Diego, CA",msa,CA,2016-12-31,528484.6389992564
395056,17,"San Diego, CA",msa,CA,2017-01-31,532991.4298732328
395056,17,"San Diego, CA",msa,CA,2017-02-28,537304.7230893482
395056,17,"San Diego, CA",msa,CA,2017-03-31,540277.0343667847
395056,17,"San Diego, CA",msa,CA,2017-04-30,543404.5592451186
395056,17,"San Diego, CA",msa,CA,2017-05-31,546012.5413332289
395056,17,"San Diego, CA",msa,CA,2017-06-30,549383.5924636698
395056,17,"San Diego, CA",msa,CA,2017-07-31,551808.0535097976
395056,17,"San Diego, CA",msa,CA,2017-08-31,555106.9614293628
395056,17,"San Diego, CA",msa,CA,2017-09-30,558338.3490006364
395056,17,"San Diego, CA",msa,CA,2017-10-31,562894.6473371137
395056,17,"San Diego, CA",msa,CA,2017-11-30,566872.5454341847
395056,17,"San Diego, CA",msa,CA,2017-12-31,571364.4432452652
395056,17,"San Diego, CA",msa,CA,2018-01-31,575119.9143810376
395056,17,"San Diego, CA",msa,CA,2018-02-28,578357.6232827861
395056,17,"San Diego, CA",msa,CA,2018-03-31,580475.4892579507
395056,17,"San Diego, CA",msa,CA,2018-04-30,582275.0152518057
395056,17,"San Diego, CA",msa,CA,2018-05-31,584548.4874951825
395056,17,"San Diego, CA",msa,CA,2018-06-30,586340.63811368
395056,17,"San Diego, CA",msa,CA,2018-07-31,587959.6695943516
395056,17,"San Diego, CA",msa,CA,2018-08-31,589294.8824788114
395056,17,"San Diego, CA",msa,CA,2018-09-30,590542.5831548272
395056,17,"San Diego, CA",msa,CA,2018-10-31,591816.6565593168
395056,17,"San Diego, CA",msa,CA,2018-11-30,592448.4855696346
395056,17,"San Diego, CA",msa,CA,2018-12-31,592242.1852227794
395056,17,"San Diego, CA",msa,CA,2019-01-31,591792.8285134308
395056,17,"San Diego, CA",msa,CA,2019-02-28,591577.2774062357
395056,17,"San Diego, CA",msa,CA,2019-03-31,592542.1311180241
395056,17,"San Diego, CA",msa,CA,2019-04-30,593877.1627762021
395056,17,"San Diego, CA",msa,CA,2019-05-31,594624.6848709133
395056,17,"San Diego, CA",msa,CA,2019-06-30,595134.3995047003
395056,17,"San Diego, CA",msa,CA,2019-07-31,595142.3284931813
395056,17,"San Diego, CA",msa,CA,2019-08-31,595874.6328087923
395056,17,"San Diego, CA",msa,CA,2019-09-30,596322.7325412856
395056,17,"San Diego, CA",msa,CA,2019-10-31,597463.7117177251
395056,17,"San Diego, CA",msa,CA,2019-11-30,599584.0924993255
395056,17,"San Diego, CA",msa,CA,2019-12-31,602813.4920250418
395056,17,"San Diego, CA",msa,CA,2020-01-31,606579.4650504744
395056,17,"San Diego, CA",msa,CA,2020-02-29,610788.4488334242
395056,17,"San Diego, CA",msa,CA,2020-03-31,615394.6921825329
395056,17,"San Diego, CA",msa,CA,2020-04-30,620130.0027251976
395056,17,"San Diego, CA",msa,CA,2020-05-31,622517.171732492
395056,17,"San Diego, CA",msa,CA,2020-06-30,622773.5316571606
395056,17,"San Diego, CA",msa,CA,2020-07-31,622581.5405107746
395056,17,"San Diego, CA",msa,CA,2020-08-31,625084.2710309995
395056,17,"San Diego, CA",msa,CA,2020-09-30,631563.0811634639
395056,17,"San Diego, CA",msa,CA,2020-10-31,640629.6669688447
395056,17,"San Diego, CA",msa,CA,2020-11-30,652135.2958785862
395056,17,"San Diego, CA",msa,CA,2020-12-31,664059.3662388809
395056,17,"San Diego, CA",msa,CA,2021-01-31,675645.2511580895
395056,17,"San Diego, CA",msa,CA,2021-02-28,686581.6612792299
395056,17,"San Diego, CA",msa,CA,2021-03-31,698100.7443348721
395056,17,"San Diego, CA",msa,CA,2021-04-30,711686.0681482038
395056,17,"San Diego, CA",msa,CA,2021-05-31,727447.450266066
395056,17,"San Diego, CA",msa,CA,2021-06-30,743459.8871081037
395056,17,"San Diego, CA",msa,CA,2021-07-31,756389.6163056167
395056,17,"San Diego, CA",msa,CA,2021-08-31,763459.7302900581
395056,17,"San Diego, CA",msa,CA,2021-09-30,766141.8930881695
395056,17,"San Diego, CA",msa,CA,2021-10-31,768504.5400520464
395056,17,"San Diego, CA",msa,CA,2021-11-30,773706.8738970613
395056,17,"San Diego, CA",msa,CA,2021-12-31,782013.6179893162
395056,17,"San Diego, CA",msa,CA,2022-01-31,797151.7141365093
395056,17,"San Diego, CA",msa,CA,2022-02-28,819027.7111721071
395056,17,"San Diego, CA",msa,CA,2022-03-31,846545.0330532592
395056,17,"San Diego, CA",msa,CA,2022-04-30,871642.9762034584
395056,17,"San Diego, CA",msa,CA,2022-05-31,890093.1390574254
395056,17,"San Diego, CA",msa,CA,2022-06-30,900206.2398457193
395056,17,"San Diego, CA",msa,CA,2022-07-31,900532.8447953645
395056,17,"San Diego, CA",msa,CA,2022-08-31,892440.9562140242
395056,17,"San Diego, CA",msa,CA,2022-09-30,879169.8114115888
395056,17,"San Diego, CA",msa,CA,2022-10-31,867240.4542381301
395056,17,"San Diego, CA",msa,CA,2022-11-30,858180.60493903
395056,17,"San Diego, CA",msa,CA,2022-12-31,851490.9510851451
395056,17,"San Diego, CA",msa,CA,2023-01-31,844313.1761477971
395056,17,"San Diego, CA",msa,CA,2023-02-28,839159.0373349604
395056,17,"San Diego, CA",msa,CA,2023-03-31,837357.7570840936
395056,17,"San Diego, CA",msa,CA,2023-04-30,840511.0980081987
395056,17,"San Diego, CA",msa,CA,2023-05-31,847256.2806395803
395056,17,"San Diego, CA",msa,CA,2023-06-30,856699.3237939142
395056,17,"San Diego, CA",msa,CA,2023-07-31,868041.0688814558
395056,17,"San Diego, CA",msa,CA,2023-08-31,879905.5378519547
395056,17,"San Diego, CA",msa,CA,2023-09-30,891368.9312063743
395056,17,"San Diego, CA",msa,CA,2023-10-31,900773.871246246
395056,17,"San Diego, CA",msa,CA,2023-11-30,907246.3369780204
395056,17,"San Diego, CA",msa,CA,2023-12-31,910661.5861163771
395056,17,"San Diego, CA",msa,CA,2024-01-31,912953.1553156864
395056,17,"San Diego, CA",msa,CA,2024-02-29,917532.6612591936
395056,17,"San Diego, CA",msa,CA,2024-03-31,925824.3991869884
395056,17,"San Diego, CA",msa,CA,2024-04-30,936170.0397744596
395056,17,"San Diego, CA",msa,CA,2024-05-31,945022.3581794888
395056,17,"San Diego, CA",msa,CA,2024-06-30,949552.9340840564
395056,17,"San Diego, CA",msa,CA,2024-07-31,951005.3580892975
395056,17,"San Diego, CA",msa,CA,2024-08-31,950558.5292911598
395056,17,"San Diego, CA",msa,CA,2024-09-30,950103.2334747856
395056,17,"San Diego, CA",msa,CA,2024-10-31,949382.4089122516
395056,17,"San Diego, CA",msa,CA,2024-11-30,949576.235693422
395056,17,"San Diego, CA",msa,CA,2024-12-31,950089.2851119874
395056,17,"San Diego, CA",msa,CA,2025-01-31,950195.1034330945
395056,17,"San Diego, CA",msa,CA,2025-02-28,949654.5168050416
395056,17,"San Diego, CA",msa,CA,2025-03-31,947512.3532946164
395056,17,"San Diego, CA",msa,CA,2025-04-30,944328.4843795252
395056,17,"San Diego, CA",msa,CA,2025-05-31,939467.532065816
395056,17,"San Diego, CA",msa,CA,2025-06-30,934188.5595933176
395056,17,"San Diego, CA",msa,CA,2025-07-31,929776.6430852436
395056,17,"San Diego, CA",msa,CA,2025-08-31,926328.2444633776
395056,17,"San Diego, CA",msa,CA,2025-09-30,924457.3225966422
395056,17,"San Diego, CA",msa,CA,2025-10-31,924425.075992357
395056,17,"San Diego, CA",msa,CA,2025-11-30,925430.9913437
395056,17,"San Diego, CA",msa,CA,2025-12-31,927602.862709868
395056,17,"San Diego, CA",msa,CA,2026-01-31,928831.999749639
395056,17,"San Diego, CA",msa,CA,2026-02-28,929851.391968522
395056,17,"San Diego, CA",msa,CA,2026-03-31,930229.6896642912
395056,17,"San Diego, CA",msa,CA,2026-04-30,930113.7186728014
395056,17,"San Diego, CA",msa,CA,2026-05-31,929535.8738896924
395056,17,"San Diego, CA",msa,CA,2026-06-30,928845.6369158452
395056,17,"San Diego, CA",msa,CA,2026-07-31,929312.8320153176
395056,17,"San Diego, CA",msa,CA,2026-08-31,930784.8778449764
395057,12,"San Francisco, CA",msa,CA,2000-01-31,286923.6873343162
395057,12,"San Francisco, CA",msa,CA,2000-02-29,288046.0749260464
395057,12,"San Francisco, CA",msa,CA,2000-03-31,289756.6941266271
395057,12,"San Francisco, CA",msa,CA,2000-04-30,294397.3788929304
395057,12,"San Francisco, CA",msa,CA,2000-05-31,300793.0686887186
395057,12,"San Francisco, CA",msa,CA,2000-06-30,307431.71329544444
395057,12,"San Francisco, CA",msa,CA,2000-07-31,313693.3696002403
395057,12,"San Francisco, CA",msa,CA,2000-08-31,319194.82799593674
395057,12,"San Francisco, CA",msa,CA,2000-09-30,325102.4132417745
395057,12,"San Francisco, CA",msa,CA,2000-10-31,330776.40485907043
395057,12,"San Francisco, CA",msa,CA,2000-11-30,336598.4427401498
395057,12,"San Francisco, CA",msa,CA,2000-12-31,342559.6541646144
395057,12,"San Francisco, CA",msa,CA,2001-01-31,347730.9197496409
395057,12,"San Francisco, CA",msa,CA,2001-02-28,352606.1095066895
395057,12,"San Francisco, CA",msa,CA,2001-03-31,357833.8121126781
395057,12,"San Francisco, CA",msa,CA,2001-04-30,363637.3057931694
395057,12,"San Francisco, CA",msa,CA,2001-05-31,368682.5714864312
395057,12,"San Francisco, CA",msa,CA,2001-06-30,372275.3817098304
395057,12,"San Francisco, CA",msa,CA,2001-07-31,375068.7186346104
395057,12,"San Francisco, CA",msa,CA,2001-08-31,377707.2279262284
395057,12,"San Francisco, CA",msa,CA,2001-09-30,379938.0801736678
395057,12,"San Francisco, CA",msa,CA,2001-10-31,381351.4003867474
395057,12,"San Francisco, CA",msa,CA,2001-11-30,382265.65144257713
395057,12,"San Francisco, CA",msa,CA,2001-12-31,382226.6487224784
395057,12,"San Francisco, CA",msa,CA,2002-01-31,381805.1813706082
395057,12,"San Francisco, CA",msa,CA,2002-02-28,381650.9177771778
395057,12,"San Francisco, CA",msa,CA,2002-03-31,382467.4048056928
395057,12,"San Francisco, CA",msa,CA,2002-04-30,384681.5525860012
395057,12,"San Francisco, CA",msa,CA,2002-05-31,387491.8900928013
395057,12,"San Francisco, CA",msa,CA,2002-06-30,391463.82258325047
395057,12,"San Francisco, CA",msa,CA,2002-07-31,395935.1469662456
395057,12,"San Francisco, CA",msa,CA,2002-08-31,400868.6951713354
395057,12,"San Francisco, CA",msa,CA,2002-09-30,405282.1065556729
395057,12,"San Francisco, CA",msa,CA,2002-10-31,408862.79640085314
395057,12,"San Francisco, CA",msa,CA,2002-11-30,412026.8149228944
395057,12,"San Francisco, CA",msa,CA,2002-12-31,414767.59010467055
395057,12,"San Francisco, CA",msa,CA,2003-01-31,417451.9390388604
395057,12,"San Francisco, CA",msa,CA,2003-02-28,420206.5743658333
395057,12,"San Francisco, CA",msa,CA,2003-03-31,423034.14213637233
395057,12,"San Francisco, CA",msa,CA,2003-04-30,425906.7156487045
395057,12,"San Francisco, CA",msa,CA,2003-05-31,427773.0402160239
395057,12,"San Francisco, CA",msa,CA,2003-06-30,429161.6368861734
395057,12,"San Francisco, CA",msa,CA,2003-07-31,430608.5429599146
395057,12,"San Francisco, CA",msa,CA,2003-08-31,433298.0948509053
395057,12,"San Francisco, CA",msa,CA,2003-09-30,436722.715069395
395057,12,"San Francisco, CA",msa,CA,2003-10-31,440913.0091173374
395057,12,"San Francisco, CA",msa,CA,2003-11-30,445012.5788979528
395057,12,"San Francisco, CA",msa,CA,2003-12-31,449363.3020791863
395057,12,"San Francisco, CA",msa,CA,2004-01-31,454624.57968089945
395057,12,"San Francisco, CA",msa,CA,2004-02-29,460718.3099330627
395057,12,"San Francisco, CA",msa,CA,2004-03-31,468292.20744129625
395057,12,"San Francisco, CA",msa,CA,2004-04-30,475759.3411417313
395057,12,"San Francisco, CA",msa,CA,2004-05-31,483358.28566192486
395057,12,"San Francisco, CA",msa,CA,2004-06-30,490759.6506798764
395057,12,"San Francisco, CA",msa,CA,2004-07-31,498471.8980095074
395057,12,"San Francisco, CA",msa,CA,2004-08-31,506042.4764789419
395057,12,"San Francisco, CA",msa,CA,2004-09-30,513792.8053009563
395057,12,"San Francisco, CA",msa,CA,2004-10-31,521369.22960158746
395057,12,"San Francisco, CA",msa,CA,2004-11-30,529478.4177822097
395057,12,"San Francisco, CA",msa,CA,2004-12-31,537770.2943756403
395057,12,"San Francisco, CA",msa,CA,2005-01-31,546334.7283744542
395057,12,"San Francisco, CA",msa,CA,2005-02-28,555378.6702101259
395057,12,"San Francisco, CA",msa,CA,2005-03-31,564343.1813450676
395057,12,"San Francisco, CA",msa,CA,2005-04-30,573781.837912267
395057,12,"San Francisco, CA",msa,CA,2005-05-31,583098.9725515457
395057,12,"San Francisco, CA",msa,CA,2005-06-30,591839.2595884654
395057,12,"San Francisco, CA",msa,CA,2005-07-31,599040.0872506605
395057,12,"San Francisco, CA",msa,CA,2005-08-31,605551.818699859
395057,12,"San Francisco, CA",msa,CA,2005-09-30,611789.5156066312
395057,12,"San Francisco, CA",msa,CA,2005-10-31,618307.0352072923
395057,12,"San Francisco, CA",msa,CA,2005-11-30,623480.8880295398
395057,12,"San Francisco, CA",msa,CA,2005-12-31,627321.6281541251
395057,12,"San Francisco, CA",msa,CA,2006-01-31,629911.7003572299
395057,12,"San Francisco, CA",msa,CA,2006-02-28,632703.8811953844
395057,12,"San Francisco, CA",msa,CA,2006-03-31,635869.3759648959
395057,12,"San Francisco, CA",msa,CA,2006-04-30,637925.1572384221
395057,12,"San Francisco, CA",msa,CA,2006-05-31,637991.5770704696
395057,12,"San Francisco, CA",msa,CA,2006-06-30,637089.957043821
395057,12,"San Francisco, CA",msa,CA,2006-07-31,635746.743129202
395057,12,"San Francisco, CA",msa,CA,2006-08-31,635026.5748671996
395057,12,"San Francisco, CA",msa,CA,2006-09-30,633164.702649957
395057,12,"San Francisco, CA",msa,CA,2006-10-31,630769.2046271827
395057,12,"San Francisco, CA",msa,CA,2006-11-30,629093.8329846581
395057,12,"San Francisco, CA",msa,CA,2006-12-31,628391.1262432286
395057,12,"San Francisco, CA",msa,CA,2007-01-31,629305.8221537792
395057,12,"San Francisco, CA",msa,CA,2007-02-28,628218.2220641611
395057,12,"San Francisco, CA",msa,CA,2007-03-31,626656.5196641692
395057,12,"San Francisco, CA",msa,CA,2007-04-30,624198.2648024523
395057,12,"San Francisco, CA",msa,CA,2007-05-31,621493.1199595076
395057,12,"San Francisco, CA",msa,CA,2007-06-30,618237.0185654189
395057,12,"San Francisco, CA",msa,CA,2007-07-31,615020.5018998733
395057,12,"San Francisco, CA",msa,CA,2007-08-31,612108.370613966
395057,12,"San Francisco, CA",msa,CA,2007-09-30,608870.5528000897
395057,12,"San Francisco, CA",msa,CA,2007-10-31,603941.6529149001
395057,12,"San Francisco, CA",msa,CA,2007-11-30,598505.0086561142
395057,12,"San Francisco, CA",msa,CA,2007-12-31,591198.519824532
395057,12,"San Francisco, CA",msa,CA,2008-01-31,584941.5148333032
395057,12,"San Francisco, CA",msa,CA,2008-02-29,579627.0704197948
395057,12,"San Francisco, CA",msa,CA,2008-03-31,574637.6700819266
395057,12,"San Francisco, CA",msa,CA,2008-04-30,569138.7593466601
395057,12,"San Francisco, CA",msa,CA,2008-05-31,562397.5254242697
395057,12,"San Francisco, CA",msa,CA,2008-06-30,555518.9710606345
395057,12,"San Francisco, CA",msa,CA,2008-07-31,547820.4419154363
395057,12,"San Francisco, CA",msa,CA,2008-08-31,539416.6596188975
395057,12,"San Francisco, CA",msa,CA,2008-09-30,530658.8696709601
395057,12,"San Francisco, CA",msa,CA,2008-10-31,522526.7609392751
395057,12,"San Francisco, CA",msa,CA,2008-11-30,514231.3338724207
395057,12,"San Francisco, CA",msa,CA,2008-12-31,507442.0594764301
395057,12,"San Francisco, CA",msa,CA,2009-01-31,499083.77751721
395057,12,"San Francisco, CA",msa,CA,2009-02-28,492470.47375447286
395057,12,"San Francisco, CA",msa,CA,2009-03-31,486400.1227998132
395057,12,"San Francisco, CA",msa,CA,2009-04-30,480933.6991319168
395057,12,"San Francisco, CA",msa,CA,2009-05-31,475640.7667233354
395057,12,"San Francisco, CA",msa,CA,2009-06-30,472331.6662390066
395057,12,"San Francisco, CA",msa,CA,2009-07-31,470004.528638577
395057,12,"San Francisco, CA",msa,CA,2009-08-31,466120.92735922016
395057,12,"San Francisco, CA",msa,CA,2009-09-30,460700.2311775599
395057,12,"San Francisco, CA",msa,CA,2009-10-31,458488.7573483471
395057,12,"San Francisco, CA",msa,CA,2009-11-30,460591.9217695845
395057,12,"San Francisco, CA",msa,CA,2009-12-31,465958.52238482767
395057,12,"San Francisco, CA",msa,CA,2010-01-31,471145.357782654
395057,12,"San Francisco, CA",msa,CA,2010-02-28,474525.3114297278
395057,12,"San Francisco, CA",msa,CA,2010-03-31,475848.038495268
395057,12,"San Francisco, CA",msa,CA,2010-04-30,476330.86382760847
395057,12,"San Francisco, CA",msa,CA,2010-05-31,477223.1362785711
395057,12,"San Francisco, CA",msa,CA,2010-06-30,477070.7633308143
395057,12,"San Francisco, CA",msa,CA,2010-07-31,475000.5213646279
395057,12,"San Francisco, CA",msa,CA,2010-08-31,472932.8669011235
395057,12,"San Francisco, CA",msa,CA,2010-09-30,470089.3632848577
395057,12,"San Francisco, CA",msa,CA,2010-10-31,467641.0703557776
395057,12,"San Francisco, CA",msa,CA,2010-11-30,464287.66926858615
395057,12,"San Francisco, CA",msa,CA,2010-12-31,460691.0957856218
395057,12,"San Francisco, CA",msa,CA,2011-01-31,457482.66435096366
395057,12,"San Francisco, CA",msa,CA,2011-02-28,453990.5040973162
395057,12,"San Francisco, CA",msa,CA,2011-03-31,451482.4528498665
395057,12,"San Francisco, CA",msa,CA,2011-04-30,448827.0756398437
395057,12,"San Francisco, CA",msa,CA,2011-05-31,445607.259020464
395057,12,"San Francisco, CA",msa,CA,2011-06-30,441441.6504346756
395057,12,"San Francisco, CA",msa,CA,2011-07-31,438776.7473005736
395057,12,"San Francisco, CA",msa,CA,2011-08-31,435570.4525615861
395057,12,"San Francisco, CA",msa,CA,2011-09-30,433678.7967049003
395057,12,"San Francisco, CA",msa,CA,2011-10-31,430910.0836971549
395057,12,"San Francisco, CA",msa,CA,2011-11-30,429176.15107283485
395057,12,"San Francisco, CA",msa,CA,2011-12-31,427848.6394451279
395057,12,"San Francisco, CA",msa,CA,2012-01-31,426145.9493114682
395057,12,"San Francisco, CA",msa,CA,2012-02-29,425535.5279247896
395057,12,"San Francisco, CA",msa,CA,2012-03-31,424868.8460553697
395057,12,"San Francisco, CA",msa,CA,2012-04-30,425940.1043477364
395057,12,"San Francisco, CA",msa,CA,2012-05-31,428293.4433013487
395057,12,"San Francisco, CA",msa,CA,2012-06-30,432255.2887193963
395057,12,"San Francisco, CA",msa,CA,2012-07-31,437014.8840084372
395057,12,"San Francisco, CA",msa,CA,2012-08-31,443405.1935817031
395057,12,"San Francisco, CA",msa,CA,2012-09-30,450997.4213776692
395057,12,"San Francisco, CA",msa,CA,2012-10-31,459262.018349825
395057,12,"San Francisco, CA",msa,CA,2012-11-30,467531.374393123
395057,12,"San Francisco, CA",msa,CA,2012-12-31,475831.4618599414
395057,12,"San Francisco, CA",msa,CA,2013-01-31,484519.9247432753
395057,12,"San Francisco, CA",msa,CA,2013-02-28,492909.236986462
395057,12,"San Francisco, CA",msa,CA,2013-03-31,501027.70814032544
395057,12,"San Francisco, CA",msa,CA,2013-04-30,510010.6573660551
395057,12,"San Francisco, CA",msa,CA,2013-05-31,521458.1887202713
395057,12,"San Francisco, CA",msa,CA,2013-06-30,534135.9184115035
395057,12,"San Francisco, CA",msa,CA,2013-07-31,545519.4190876208
395057,12,"San Francisco, CA",msa,CA,2013-08-31,554312.6010400256
395057,12,"San Francisco, CA",msa,CA,2013-09-30,562048.5925522841
395057,12,"San Francisco, CA",msa,CA,2013-10-31,569245.8332259812
395057,12,"San Francisco, CA",msa,CA,2013-11-30,575620.6547730792
395057,12,"San Francisco, CA",msa,CA,2013-12-31,581254.7780109638
395057,12,"San Francisco, CA",msa,CA,2014-01-31,586740.7918786706
395057,12,"San Francisco, CA",msa,CA,2014-02-28,592328.4605809784
395057,12,"San Francisco, CA",msa,CA,2014-03-31,598172.3298378628
395057,12,"San Francisco, CA",msa,CA,2014-04-30,605392.2306720089
395057,12,"San Francisco, CA",msa,CA,2014-05-31,613099.739906473
395057,12,"San Francisco, CA",msa,CA,2014-06-30,619253.3259587452
395057,12,"San Francisco, CA",msa,CA,2014-07-31,622538.1102093655
395057,12,"San Francisco, CA",msa,CA,2014-08-31,625027.8837896471
395057,12,"San Francisco, CA",msa,CA,2014-09-30,629376.6664121501
395057,12,"San Francisco, CA",msa,CA,2014-10-31,635064.1946178162
395057,12,"San Francisco, CA",msa,CA,2014-11-30,641914.0244875951
395057,12,"San Francisco, CA",msa,CA,2014-12-31,648837.941259791
395057,12,"San Francisco, CA",msa,CA,2015-01-31,657064.2226528125
395057,12,"San Francisco, CA",msa,CA,2015-02-28,665950.4955990234
395057,12,"San Francisco, CA",msa,CA,2015-03-31,674664.0838092775
395057,12,"San Francisco, CA",msa,CA,2015-04-30,682790.3675019917
395057,12,"San Francisco, CA",msa,CA,2015-05-31,691090.2371199724
395057,12,"San Francisco, CA",msa,CA,2015-06-30,699148.4115335671
395057,12,"San Francisco, CA",msa,CA,2015-07-31,706296.1163245965
395057,12,"San Francisco, CA",msa,CA,2015-08-31,713184.6877087028
395057,12,"San Francisco, CA",msa,CA,2015-09-30,721003.3355732464
395057,12,"San Francisco, CA",msa,CA,2015-10-31,729799.0754052313
395057,12,"San Francisco, CA",msa,CA,2015-11-30,737875.0690457793
395057,12,"San Francisco, CA",msa,CA,2015-12-31,745321.2995617087
395057,12,"San Francisco, CA",msa,CA,2016-01-31,754054.7304845668
395057,12,"San Francisco, CA",msa,CA,2016-02-29,763486.2224514257
395057,12,"San Francisco, CA",msa,CA,2016-03-31,771225.5577951955
395057,12,"San Francisco, CA",msa,CA,2016-04-30,775735.4385794522
395057,12,"San Francisco, CA",msa,CA,2016-05-31,776704.0910881506
395057,12,"San Francisco, CA",msa,CA,2016-06-30,776145.0074949166
395057,12,"San Francisco, CA",msa,CA,2016-07-31,773707.2866431819
395057,12,"San Francisco, CA",msa,CA,2016-08-31,772066.7109052866
395057,12,"San Francisco, CA",msa,CA,2016-09-30,770953.9098578384
395057,12,"San Francisco, CA",msa,CA,2016-10-31,772310.9127836181
395057,12,"San Francisco, CA",msa,CA,2016-11-30,775253.0464540661
395057,12,"San Francisco, CA",msa,CA,2016-12-31,780928.1634631832
395057,12,"San Francisco, CA",msa,CA,2017-01-31,787879.9774630641
395057,12,"San Francisco, CA",msa,CA,2017-02-28,795019.0016932281
395057,12,"San Francisco, CA",msa,CA,2017-03-31,800691.1230062492
395057,12,"San Francisco, CA",msa,CA,2017-04-30,806051.443294582
395057,12,"San Francisco, CA",msa,CA,2017-05-31,810416.8638487272
395057,12,"San Francisco, CA",msa,CA,2017-06-30,815297.6760234336
395057,12,"San Francisco, CA",msa,CA,2017-07-31,818642.0379544835
395057,12,"San Francisco, CA",msa,CA,2017-08-31,822287.4807454548
395057,12,"San Francisco, CA",msa,CA,2017-09-30,827492.9816779345
395057,12,"San Francisco, CA",msa,CA,2017-10-31,835256.4543828933
395057,12,"San Francisco, CA",msa,CA,2017-11-30,844652.008453174
395057,12,"San Francisco, CA",msa,CA,2017-12-31,855373.736482969
395057,12,"San Francisco, CA",msa,CA,2018-01-31,867228.1080003922
395057,12,"San Francisco, CA",msa,CA,2018-02-28,878575.415029582
395057,12,"San Francisco, CA",msa,CA,2018-03-31,888222.5228786413
395057,12,"San Francisco, CA",msa,CA,2018-04-30,896530.8339576503
395057,12,"San Francisco, CA",msa,CA,2018-05-31,905422.2659729392
395057,12,"San Francisco, CA",msa,CA,2018-06-30,912990.1494250322
395057,12,"San Francisco, CA",msa,CA,2018-07-31,916865.1063563213
395057,12,"San Francisco, CA",msa,CA,2018-08-31,918583.589482843
395057,12,"San Francisco, CA",msa,CA,2018-09-30,919520.0897568996
395057,12,"San Francisco, CA",msa,CA,2018-10-31,921734.5971581223
395057,12,"San Francisco, CA",msa,CA,2018-11-30,922836.0173124148
395057,12,"San Francisco, CA",msa,CA,2018-12-31,921965.9487025234
395057,12,"San Francisco, CA",msa,CA,2019-01-31,919557.9410722
395057,12,"San Francisco, CA",msa,CA,2019-02-28,915693.8558767632
395057,12,"San Francisco, CA",msa,CA,2019-03-31,912398.1899088142
395057,12,"San Francisco, CA",msa,CA,2019-04-30,910109.7061106238
395057,12,"San Francisco, CA",msa,CA,2019-05-31,908693.4492082946
395057,12,"San Francisco, CA",msa,CA,2019-06-30,908736.7853695864
395057,12,"San Francisco, CA",msa,CA,2019-07-31,909792.7914550436
395057,12,"San Francisco, CA",msa,CA,2019-08-31,912137.8990337164
395057,12,"San Francisco, CA",msa,CA,2019-09-30,913947.7201095849
395057,12,"San Francisco, CA",msa,CA,2019-10-31,915278.4560542462
395057,12,"San Francisco, CA",msa,CA,2019-11-30,917182.1069583824
395057,12,"San Francisco, CA",msa,CA,2019-12-31,919662.6954329172
395057,12,"San Francisco, CA",msa,CA,2020-01-31,922982.0682870907
395057,12,"San Francisco, CA",msa,CA,2020-02-29,927346.3828720693
395057,12,"San Francisco, CA",msa,CA,2020-03-31,933233.2541929738
395057,12,"San Francisco, CA",msa,CA,2020-04-30,938291.5923711198
395057,12,"San Francisco, CA",msa,CA,2020-05-31,938048.3552704196
395057,12,"San Francisco, CA",msa,CA,2020-06-30,933624.0154560404
395057,12,"San Francisco, CA",msa,CA,2020-07-31,930111.9191404076
395057,12,"San Francisco, CA",msa,CA,2020-08-31,932683.4839133234
395057,12,"San Francisco, CA",msa,CA,2020-09-30,941395.8600932988
395057,12,"San Francisco, CA",msa,CA,2020-10-31,952919.5826390662
395057,12,"San Francisco, CA",msa,CA,2020-11-30,966648.903841792
395057,12,"San Francisco, CA",msa,CA,2020-12-31,980223.8827834432
395057,12,"San Francisco, CA",msa,CA,2021-01-31,993227.7698954288
395057,12,"San Francisco, CA",msa,CA,2021-02-28,1005488.4655824266
395057,12,"San Francisco, CA",msa,CA,2021-03-31,1019087.2235031502
395057,12,"San Francisco, CA",msa,CA,2021-04-30,1035708.1595599252
395057,12,"San Francisco, CA",msa,CA,2021-05-31,1054631.309762856
395057,12,"San Francisco, CA",msa,CA,2021-06-30,1073703.8801442808
395057,12,"San Francisco, CA",msa,CA,2021-07-31,1089316.618510123
395057,12,"San Francisco, CA",msa,CA,2021-08-31,1097431.6065504467
395057,12,"San Francisco, CA",msa,CA,2021-09-30,1099971.5879750983
395057,12,"San Francisco, CA",msa,CA,2021-10-31,1101761.8868631471
395057,12,"San Francisco, CA",msa,CA,2021-11-30,1107454.2131178493
395057,12,"San Francisco, CA",msa,CA,2021-12-31,1116146.978725388
395057,12,"San Francisco, CA",msa,CA,2022-01-31,1132502.9882707042
395057,12,"San Francisco, CA",msa,CA,2022-02-28,1157524.70577869
395057,12,"San Francisco, CA",msa,CA,2022-03-31,1189180.3569700166
395057,12,"San Francisco, CA",msa,CA,2022-04-30,1215067.8000314338
395057,12,"San Francisco, CA",msa,CA,2022-05-31,1229601.8773558892
395057,12,"San Francisco, CA",msa,CA,2022-06-30,1230499.0938078763
395057,12,"San Francisco, CA",msa,CA,2022-07-31,1217938.6231686666
395057,12,"San Francisco, CA",msa,CA,2022-08-31,1194443.3626411555
395057,12,"San Francisco, CA",msa,CA,2022-09-30,1166819.9227994338
395057,12,"San Francisco, CA",msa,CA,2022-10-31,1144409.273254251
395057,12,"San Francisco, CA",msa,CA,2022-11-30,1128119.931990408
395057,12,"San Francisco, CA",msa,CA,2022-12-31,1115891.2785846824
395057,12,"San Francisco, CA",msa,CA,2023-01-31,1101765.6178250294
395057,12,"San Francisco, CA",msa,CA,2023-02-28,1089747.3007077165
395057,12,"San Francisco, CA",msa,CA,2023-03-31,1081000.3254710322
395057,12,"San Francisco, CA",msa,CA,2023-04-30,1079208.8601076286
395057,12,"San Francisco, CA",msa,CA,2023-05-31,1081373.3299270822
395057,12,"San Francisco, CA",msa,CA,2023-06-30,1086226.7743121537
395057,12,"San Francisco, CA",msa,CA,2023-07-31,1093024.8100840563
395057,12,"San Francisco, CA",msa,CA,2023-08-31,1100796.7283387908
395057,12,"San Francisco, CA",msa,CA,2023-09-30,1108218.647564172
395057,12,"San Francisco, CA",msa,CA,2023-10-31,1113371.07477897
395057,12,"San Francisco, CA",msa,CA,2023-11-30,1114803.3548275328
395057,12,"San Francisco, CA",msa,CA,2023-12-31,1112830.9506358935
395057,12,"San Francisco, CA",msa,CA,2024-01-31,1108461.5541133098
395057,12,"San Francisco, CA",msa,CA,2024-02-29,1106065.1319154657
395057,12,"San Francisco, CA",msa,CA,2024-03-31,1111230.542166756
395057,12,"San Francisco, CA",msa,CA,2024-04-30,1122728.335333536
395057,12,"San Francisco, CA",msa,CA,2024-05-31,1135031.5663982776
395057,12,"San Francisco, CA",msa,CA,2024-06-30,1141018.5924352908
395057,12,"San Francisco, CA",msa,CA,2024-07-31,1143069.6594401628
395057,12,"San Francisco, CA",msa,CA,2024-08-31,1141655.3160813537
395057,12,"San Francisco, CA",msa,CA,2024-09-30,1139934.5481091898
395057,12,"San Francisco, CA",msa,CA,2024-10-31,1137123.831006253
395057,12,"San Francisco, CA",msa,CA,2024-11-30,1136964.2512303062
395057,12,"San Francisco, CA",msa,CA,2024-12-31,1138055.1292877735
395057,12,"San Francisco, CA",msa,CA,2025-01-31,1138264.4567661
395057,12,"San Francisco, CA",msa,CA,2025-02-28,1136994.6549836465
395057,12,"San Francisco, CA",msa,CA,2025-03-31,1133898.186129219
395057,12,"San Francisco, CA",msa,CA,2025-04-30,1129763.7344137137
395057,12,"San Francisco, CA",msa,CA,2025-05-31,1122555.1033359433
395057,12,"San Francisco, CA",msa,CA,2025-06-30,1113044.3704204904
395057,12,"San Francisco, CA",msa,CA,2025-07-31,1104797.390425254
395057,12,"San Francisco, CA",msa,CA,2025-08-31,1098246.4914145744
395057,12,"San Francisco, CA",msa,CA,2025-09-30,1096102.8817425508
395057,12,"San Francisco, CA",msa,CA,2025-10-31,1097110.7503329648
395057,12,"San Francisco, CA",msa,CA,2025-11-30,1100889.462598724
395057,12,"San Francisco, CA",msa,CA,2025-12-31,1106043.8400900273
395057,12,"San Francisco, CA",msa,CA,2026-01-31,1109030.8295365607
395057,12,"San Francisco, CA",msa,CA,2026-02-28,1111155.02617848
395057,12,"San Francisco, CA",msa,CA,2026-03-31,1112284.272615885
395057,12,"San Francisco, CA",msa,CA,2026-04-30,1112774.2877682506
395057,12,"San Francisco, CA",msa,CA,2026-05-31,1113727.127170528
395057,12,"San Francisco, CA",msa,CA,2026-06-30,1114545.6662214391
395057,12,"San Francisco, CA",msa,CA,2026-07-31,1117906.375194337
395057,12,"San Francisco, CA",msa,CA,2026-08-31,1123192.9916444786
395078,15,"Seattle, WA",msa,WA,2000-01-31,222310.0436477892
395078,15,"Seattle, WA",msa,WA,2000-02-29,223018.63004371896
395078,15,"Seattle, WA",msa,WA,2000-03-31,223714.9851271184
395078,15,"Seattle, WA",msa,WA,2000-04-30,225124.9464022049
395078,15,"Seattle, WA",msa,WA,2000-05-31,226711.80177867215
395078,15,"Seattle, WA",msa,WA,2000-06-30,228190.60701243463
395078,15,"Seattle, WA",msa,WA,2000-07-31,229745.61544942265
395078,15,"Seattle, WA",msa,WA,2000-08-31,230997.89776005992
395078,15,"Seattle, WA",msa,WA,2000-09-30,232087.07090658264
395078,15,"Seattle, WA",msa,WA,2000-10-31,232990.0018135676
395078,15,"Seattle, WA",msa,WA,2000-11-30,233922.98973891477
395078,15,"Seattle, WA",msa,WA,2000-12-31,235051.9116597563
395078,15,"Seattle, WA",msa,WA,2001-01-31,236326.7681839684
395078,15,"Seattle, WA",msa,WA,2001-02-28,237671.3892077469
395078,15,"Seattle, WA",msa,WA,2001-03-31,239046.301220841
395078,15,"Seattle, WA",msa,WA,2001-04-30,240303.75654200188
395078,15,"Seattle, WA",msa,WA,2001-05-31,241308.15366126437
395078,15,"Seattle, WA",msa,WA,2001-06-30,242269.56115149488
395078,15,"Seattle, WA",msa,WA,2001-07-31,243144.24245403925
395078,15,"Seattle, WA",msa,WA,2001-08-31,244227.2298458676
395078,15,"Seattle, WA",msa,WA,2001-09-30,245116.51161784257
395078,15,"Seattle, WA",msa,WA,2001-10-31,246133.8633317348
395078,15,"Seattle, WA",msa,WA,2001-11-30,247010.73010838695
395078,15,"Seattle, WA",msa,WA,2001-12-31,248145.9756689272
395078,15,"Seattle, WA",msa,WA,2002-01-31,249116.2831222131
395078,15,"Seattle, WA",msa,WA,2002-02-28,250103.1290143289
395078,15,"Seattle, WA",msa,WA,2002-03-31,251003.7904165181
395078,15,"Seattle, WA",msa,WA,2002-04-30,251856.47543429775
395078,15,"Seattle, WA",msa,WA,2002-05-31,252582.73268524115
395078,15,"Seattle, WA",msa,WA,2002-06-30,253118.46099334187
395078,15,"Seattle, WA",msa,WA,2002-07-31,253690.8591599259
395078,15,"Seattle, WA",msa,WA,2002-08-31,254425.84848346584
395078,15,"Seattle, WA",msa,WA,2002-09-30,255175.9915015014
395078,15,"Seattle, WA",msa,WA,2002-10-31,255933.7043300311
395078,15,"Seattle, WA",msa,WA,2002-11-30,256591.620893867
395078,15,"Seattle, WA",msa,WA,2002-12-31,256924.69083485848
395078,15,"Seattle, WA",msa,WA,2003-01-31,257523.19837447404
395078,15,"Seattle, WA",msa,WA,2003-02-28,258126.40584655377
395078,15,"Seattle, WA",msa,WA,2003-03-31,259327.9511364049
395078,15,"Seattle, WA",msa,WA,2003-04-30,260506.50025647075
395078,15,"Seattle, WA",msa,WA,2003-05-31,262052.7428293934
395078,15,"Seattle, WA",msa,WA,2003-06-30,263516.29930591985
395078,15,"Seattle, WA",msa,WA,2003-07-31,264940.38536898664
395078,15,"Seattle, WA",msa,WA,2003-08-31,266450.03883159003
395078,15,"Seattle, WA",msa,WA,2003-09-30,267898.27331774525
395078,15,"Seattle, WA",msa,WA,2003-10-31,269327.7356358922
395078,15,"Seattle, WA",msa,WA,2003-11-30,270376.3344631698
395078,15,"Seattle, WA",msa,WA,2003-12-31,271630.990502133
395078,15,"Seattle, WA",msa,WA,2004-01-31,273163.17530453624
395078,15,"Seattle, WA",msa,WA,2004-02-29,274889.7854719033
395078,15,"Seattle, WA",msa,WA,2004-03-31,276545.06508718734
395078,15,"Seattle, WA",msa,WA,2004-04-30,278418.0168665992
395078,15,"Seattle, WA",msa,WA,2004-05-31,280842.5401444005
395078,15,"Seattle, WA",msa,WA,2004-06-30,283825.761694274
395078,15,"Seattle, WA",msa,WA,2004-07-31,286713.7559936068
395078,15,"Seattle, WA",msa,WA,2004-08-31,289389.8237010832
395078,15,"Seattle, WA",msa,WA,2004-09-30,291868.31229328376
395078,15,"Seattle, WA",msa,WA,2004-10-31,294243.9693111047
395078,15,"Seattle, WA",msa,WA,2004-11-30,296713.77294012444
395078,15,"Seattle, WA",msa,WA,2004-12-31,299435.39873697306
395078,15,"Seattle, WA",msa,WA,2005-01-31,302527.9372089305
395078,15,"Seattle, WA",msa,WA,2005-02-28,305261.6048653887
395078,15,"Seattle, WA",msa,WA,2005-03-31,308343.9214702134
395078,15,"Seattle, WA",msa,WA,2005-04-30,311813.6663680388
395078,15,"Seattle, WA",msa,WA,2005-05-31,315951.82870848395
395078,15,"Seattle, WA",msa,WA,2005-06-30,320780.91838207474
395078,15,"Seattle, WA",msa,WA,2005-07-31,326112.7091188478
395078,15,"Seattle, WA",msa,WA,2005-08-31,332133.0862411622
395078,15,"Seattle, WA",msa,WA,2005-09-30,337599.9930165462
395078,15,"Seattle, WA",msa,WA,2005-10-31,342573.4696787573
395078,15,"Seattle, WA",msa,WA,2005-11-30,347207.8050703651
395078,15,"Seattle, WA",msa,WA,2005-12-31,351789.60242215666
395078,15,"Seattle, WA",msa,WA,2006-01-31,355588.9658742878
395078,15,"Seattle, WA",msa,WA,2006-02-28,359967.99388434784
395078,15,"Seattle, WA",msa,WA,2006-03-31,364503.4769362901
395078,15,"Seattle, WA",msa,WA,2006-04-30,370018.8873674067
395078,15,"Seattle, WA",msa,WA,2006-05-31,375432.4130057055
395078,15,"Seattle, WA",msa,WA,2006-06-30,380651.3451036043
395078,15,"Seattle, WA",msa,WA,2006-07-31,385659.9555344888
395078,15,"Seattle, WA",msa,WA,2006-08-31,390230.1862582895
395078,15,"Seattle, WA",msa,WA,2006-09-30,394252.8167945054
395078,15,"Seattle, WA",msa,WA,2006-10-31,397838.5591375767
395078,15,"Seattle, WA",msa,WA,2006-11-30,400347.88301029307
395078,15,"Seattle, WA",msa,WA,2006-12-31,401886.4441905457
395078,15,"Seattle, WA",msa,WA,2007-01-31,402730.0460067391
395078,15,"Seattle, WA",msa,WA,2007-02-28,404140.01713177847
395078,15,"Seattle, WA",msa,WA,2007-03-31,406925.3297565496
395078,15,"Seattle, WA",msa,WA,2007-04-30,410668.685548789
395078,15,"Seattle, WA",msa,WA,2007-05-31,413790.0422787747
395078,15,"Seattle, WA",msa,WA,2007-06-30,415674.6125208288
395078,15,"Seattle, WA",msa,WA,2007-07-31,416323.3163558378
395078,15,"Seattle, WA",msa,WA,2007-08-31,417132.8486813346
395078,15,"Seattle, WA",msa,WA,2007-09-30,417552.354137832
395078,15,"Seattle, WA",msa,WA,2007-10-31,416616.9765544105
395078,15,"Seattle, WA",msa,WA,2007-11-30,414336.269469544
395078,15,"Seattle, WA",msa,WA,2007-12-31,411911.9031653419
395078,15,"Seattle, WA",msa,WA,2008-01-31,409843.7940904472
395078,15,"Seattle, WA",msa,WA,2008-02-29,407505.9271885338
395078,15,"Seattle, WA",msa,WA,2008-03-31,404803.0339077973
395078,15,"Seattle, WA",msa,WA,2008-04-30,401193.9447634693
395078,15,"Seattle, WA",msa,WA,2008-05-31,397128.058503295
395078,15,"Seattle, WA",msa,WA,2008-06-30,392516.1684994943
395078,15,"Seattle, WA",msa,WA,2008-07-31,388322.50051602215
395078,15,"Seattle, WA",msa,WA,2008-08-31,383493.3164124845
395078,15,"Seattle, WA",msa,WA,2008-09-30,378628.59094901546
395078,15,"Seattle, WA",msa,WA,2008-10-31,373944.5016372823
395078,15,"Seattle, WA",msa,WA,2008-11-30,369789.7092950881
395078,15,"Seattle, WA",msa,WA,2008-12-31,365347.9089288667
395078,15,"Seattle, WA",msa,WA,2009-01-31,361192.4879196693
395078,15,"Seattle, WA",msa,WA,2009-02-28,356827.78875039984
395078,15,"Seattle, WA",msa,WA,2009-03-31,352547.4231607611
395078,15,"Seattle, WA",msa,WA,2009-04-30,347067.4241776036
395078,15,"Seattle, WA",msa,WA,2009-05-31,341971.34150430205
395078,15,"Seattle, WA",msa,WA,2009-06-30,337446.9795791529
395078,15,"Seattle, WA",msa,WA,2009-07-31,334448.3173696629
395078,15,"Seattle, WA",msa,WA,2009-08-31,332025.6734717668
395078,15,"Seattle, WA",msa,WA,2009-09-30,330152.87354657025
395078,15,"Seattle, WA",msa,WA,2009-10-31,328906.8859579082
395078,15,"Seattle, WA",msa,WA,2009-11-30,328389.29801866884
395078,15,"Seattle, WA",msa,WA,2009-12-31,328151.25094174367
395078,15,"Seattle, WA",msa,WA,2010-01-31,326782.81786308734
395078,15,"Seattle, WA",msa,WA,2010-02-28,325145.3164952159
395078,15,"Seattle, WA",msa,WA,2010-03-31,323297.68812475103
395078,15,"Seattle, WA",msa,WA,2010-04-30,323013.2993365634
395078,15,"Seattle, WA",msa,WA,2010-05-31,323235.746795812
395078,15,"Seattle, WA",msa,WA,2010-06-30,322640.5057221009
395078,15,"Seattle, WA",msa,WA,2010-07-31,320497.67246197566
395078,15,"Seattle, WA",msa,WA,2010-08-31,317047.0951409865
395078,15,"Seattle, WA",msa,WA,2010-09-30,313737.1320762507
395078,15,"Seattle, WA",msa,WA,2010-10-31,309969.4692611856
395078,15,"Seattle, WA",msa,WA,2010-11-30,306391.9272393055
395078,15,"Seattle, WA",msa,WA,2010-12-31,303037.21554990887
395078,15,"Seattle, WA",msa,WA,2011-01-31,300480.3319030128
395078,15,"Seattle, WA",msa,WA,2011-02-28,298632.9368503861
395078,15,"Seattle, WA",msa,WA,2011-03-31,296388.9109208724
395078,15,"Seattle, WA",msa,WA,2011-04-30,293947.9123485827
395078,15,"Seattle, WA",msa,WA,2011-05-31,289982.6196653422
395078,15,"Seattle, WA",msa,WA,2011-06-30,286507.2654436855
395078,15,"Seattle, WA",msa,WA,2011-07-31,282959.69736305444
395078,15,"Seattle, WA",msa,WA,2011-08-31,280281.0009186937
395078,15,"Seattle, WA",msa,WA,2011-09-30,277539.0927505876
395078,15,"Seattle, WA",msa,WA,2011-10-31,274963.43222652905
395078,15,"Seattle, WA",msa,WA,2011-11-30,272756.253068439
395078,15,"Seattle, WA",msa,WA,2011-12-31,270759.8430346661
395078,15,"Seattle, WA",msa,WA,2012-01-31,269282.1403415846
395078,15,"Seattle, WA",msa,WA,2012-02-29,267455.22474887274
395078,15,"Seattle, WA",msa,WA,2012-03-31,265255.9646093536
395078,15,"Seattle, WA",msa,WA,2012-04-30,262675.47978146374
395078,15,"Seattle, WA",msa,WA,2012-05-31,260591.13173500457
395078,15,"Seattle, WA",msa,WA,2012-06-30,259771.40186334247
395078,15,"Seattle, WA",msa,WA,2012-07-31,259893.7080445037
395078,15,"Seattle, WA",msa,WA,2012-08-31,260871.38399573776
395078,15,"Seattle, WA",msa,WA,2012-09-30,262518.4065996019
395078,15,"Seattle, WA",msa,WA,2012-10-31,264771.2862435687
395078,15,"Seattle, WA",msa,WA,2012-11-30,267656.7413651289
395078,15,"Seattle, WA",msa,WA,2012-12-31,270778.34669279726
395078,15,"Seattle, WA",msa,WA,2013-01-31,274408.04461363266
395078,15,"Seattle, WA",msa,WA,2013-02-28,277853.67994571425
395078,15,"Seattle, WA",msa,WA,2013-03-31,280987.1325028735
395078,15,"Seattle, WA",msa,WA,2013-04-30,283728.02029497497
395078,15,"Seattle, WA",msa,WA,2013-05-31,286566.79298203444
395078,15,"Seattle, WA",msa,WA,2013-06-30,289557.4385155164
395078,15,"Seattle, WA",msa,WA,2013-07-31,292518.1538632793
395078,15,"Seattle, WA",msa,WA,2013-08-31,295405.1897470658
395078,15,"Seattle, WA",msa,WA,2013-09-30,298334.2377659658
395078,15,"Seattle, WA",msa,WA,2013-10-31,301321.670192026
395078,15,"Seattle, WA",msa,WA,2013-11-30,304150.19023330515
395078,15,"Seattle, WA",msa,WA,2013-12-31,307039.6893090141
395078,15,"Seattle, WA",msa,WA,2014-01-31,309900.3729692119
395078,15,"Seattle, WA",msa,WA,2014-02-28,312561.19649310067
395078,15,"Seattle, WA",msa,WA,2014-03-31,314877.9820150477
395078,15,"Seattle, WA",msa,WA,2014-04-30,316829.14669991046
395078,15,"Seattle, WA",msa,WA,2014-05-31,318665.54046599945
395078,15,"Seattle, WA",msa,WA,2014-06-30,319913.855407816
395078,15,"Seattle, WA",msa,WA,2014-07-31,320755.2156037043
395078,15,"Seattle, WA",msa,WA,2014-08-31,321333.18373873533
395078,15,"Seattle, WA",msa,WA,2014-09-30,322330.9608804407
395078,15,"Seattle, WA",msa,WA,2014-10-31,323670.5866711911
395078,15,"Seattle, WA",msa,WA,2014-11-30,325674.3735418916
395078,15,"Seattle, WA",msa,WA,2014-12-31,328320.9234437836
395078,15,"Seattle, WA",msa,WA,2015-01-31,331815.32005369983
395078,15,"Seattle, WA",msa,WA,2015-02-28,335679.91340585874
395078,15,"Seattle, WA",msa,WA,2015-03-31,339265.6865338128
395078,15,"Seattle, WA",msa,WA,2015-04-30,342222.5488709164
395078,15,"Seattle, WA",msa,WA,2015-05-31,344841.7464680629
395078,15,"Seattle, WA",msa,WA,2015-06-30,347248.36592309806
395078,15,"Seattle, WA",msa,WA,2015-07-31,349753.3797372083
395078,15,"Seattle, WA",msa,WA,2015-08-31,352461.32718190155
395078,15,"Seattle, WA",msa,WA,2015-09-30,355647.57831254014
395078,15,"Seattle, WA",msa,WA,2015-10-31,359322.2455354074
395078,15,"Seattle, WA",msa,WA,2015-11-30,363485.6292664118
395078,15,"Seattle, WA",msa,WA,2015-12-31,368154.9096850471
395078,15,"Seattle, WA",msa,WA,2016-01-31,373421.7900570562
395078,15,"Seattle, WA",msa,WA,2016-02-29,378542.3086764901
395078,15,"Seattle, WA",msa,WA,2016-03-31,383032.66857633885
395078,15,"Seattle, WA",msa,WA,2016-04-30,386795.6409787899
395078,15,"Seattle, WA",msa,WA,2016-05-31,390096.80250161473
395078,15,"Seattle, WA",msa,WA,2016-06-30,393089.0050315067
395078,15,"Seattle, WA",msa,WA,2016-07-31,395491.7598619021
395078,15,"Seattle, WA",msa,WA,2016-08-31,397612.207844028
395078,15,"Seattle, WA",msa,WA,2016-09-30,399739.25834258925
395078,15,"Seattle, WA",msa,WA,2016-10-31,402546.5659190048
395078,15,"Seattle, WA",msa,WA,2016-11-30,406088.32889937935
395078,15,"Seattle, WA",msa,WA,2016-12-31,410620.0028435989
395078,15,"Seattle, WA",msa,WA,2017-01-31,415644.752308343
395078,15,"Seattle, WA",msa,WA,2017-02-28,421138.33969503344
395078,15,"Seattle, WA",msa,WA,2017-03-31,426773.8574907146
395078,15,"Seattle, WA",msa,WA,2017-04-30,432354.41995394113
395078,15,"Seattle, WA",msa,WA,2017-05-31,437266.42275633867
395078,15,"Seattle, WA",msa,WA,2017-06-30,441782.1367262678
395078,15,"Seattle, WA",msa,WA,2017-07-31,445716.9885981477
395078,15,"Seattle, WA",msa,WA,2017-08-31,449485.24149144767
395078,15,"Seattle, WA",msa,WA,2017-09-30,452918.0927242851
395078,15,"Seattle, WA",msa,WA,2017-10-31,456325.2321270334
395078,15,"Seattle, WA",msa,WA,2017-11-30,460089.5525538094
395078,15,"Seattle, WA",msa,WA,2017-12-31,464794.4916866878
395078,15,"Seattle, WA",msa,WA,2018-01-31,470406.0881069068
395078,15,"Seattle, WA",msa,WA,2018-02-28,476644.4898632923
395078,15,"Seattle, WA",msa,WA,2018-03-31,483468.74700719694
395078,15,"Seattle, WA",msa,WA,2018-04-30,489969.7700894149
395078,15,"Seattle, WA",msa,WA,2018-05-31,496036.9896989537
395078,15,"Seattle, WA",msa,WA,2018-06-30,499946.5797168853
395078,15,"Seattle, WA",msa,WA,2018-07-31,503493.7238523197
395078,15,"Seattle, WA",msa,WA,2018-08-31,505345.3073575376
395078,15,"Seattle, WA",msa,WA,2018-09-30,505991.47244532354
395078,15,"Seattle, WA",msa,WA,2018-10-31,505021.6787573145
395078,15,"Seattle, WA",msa,WA,2018-11-30,503797.6293351068
395078,15,"Seattle, WA",msa,WA,2018-12-31,502669.06234405
395078,15,"Seattle, WA",msa,WA,2019-01-31,501651.8417852887
395078,15,"Seattle, WA",msa,WA,2019-02-28,501354.8023263254
395078,15,"Seattle, WA",msa,WA,2019-03-31,502455.17089835927
395078,15,"Seattle, WA",msa,WA,2019-04-30,503925.18889199226
395078,15,"Seattle, WA",msa,WA,2019-05-31,505043.6030568134
395078,15,"Seattle, WA",msa,WA,2019-06-30,505625.6590610252
395078,15,"Seattle, WA",msa,WA,2019-07-31,505786.73295984464
395078,15,"Seattle, WA",msa,WA,2019-08-31,505983.9245579916
395078,15,"Seattle, WA",msa,WA,2019-09-30,506069.1720104778
395078,15,"Seattle, WA",msa,WA,2019-10-31,507215.9291849572
395078,15,"Seattle, WA",msa,WA,2019-11-30,509404.3421742275
395078,15,"Seattle, WA",msa,WA,2019-12-31,512694.606328065
395078,15,"Seattle, WA",msa,WA,2020-01-31,516427.1334379396
395078,15,"Seattle, WA",msa,WA,2020-02-29,520957.6460829759
395078,15,"Seattle, WA",msa,WA,2020-03-31,526321.7481322497
395078,15,"Seattle, WA",msa,WA,2020-04-30,532041.0461912686
395078,15,"Seattle, WA",msa,WA,2020-05-31,535342.3616030713
395078,15,"Seattle, WA",msa,WA,2020-06-30,536640.8653083512
395078,15,"Seattle, WA",msa,WA,2020-07-31,537375.2813343364
395078,15,"Seattle, WA",msa,WA,2020-08-31,540759.1983164119
395078,15,"Seattle, WA",msa,WA,2020-09-30,547633.384989494
395078,15,"Seattle, WA",msa,WA,2020-10-31,556494.3933885035
395078,15,"Seattle, WA",msa,WA,2020-11-30,566601.0056326335
395078,15,"Seattle, WA",msa,WA,2020-12-31,576036.1452977746
395078,15,"Seattle, WA",msa,WA,2021-01-31,585093.535983095
395078,15,"Seattle, WA",msa,WA,2021-02-28,594557.3934968213
395078,15,"Seattle, WA",msa,WA,2021-03-31,605668.4079571684
395078,15,"Seattle, WA",msa,WA,2021-04-30,619002.1582408716
395078,15,"Seattle, WA",msa,WA,2021-05-31,633309.8373016649
395078,15,"Seattle, WA",msa,WA,2021-06-30,646450.9607142891
395078,15,"Seattle, WA",msa,WA,2021-07-31,655893.036550617
395078,15,"Seattle, WA",msa,WA,2021-08-31,660380.0995417899
395078,15,"Seattle, WA",msa,WA,2021-09-30,661911.1390927531
395078,15,"Seattle, WA",msa,WA,2021-10-31,663388.9251759894
395078,15,"Seattle, WA",msa,WA,2021-11-30,667321.2492584727
395078,15,"Seattle, WA",msa,WA,2021-12-31,674279.5916204915
395078,15,"Seattle, WA",msa,WA,2022-01-31,687351.8430777445
395078,15,"Seattle, WA",msa,WA,2022-02-28,705544.0215985294
395078,15,"Seattle, WA",msa,WA,2022-03-31,728224.331021334
395078,15,"Seattle, WA",msa,WA,2022-04-30,749322.2227353487
395078,15,"Seattle, WA",msa,WA,2022-05-31,764546.0207723774
395078,15,"Seattle, WA",msa,WA,2022-06-30,769953.1848860405
395078,15,"Seattle, WA",msa,WA,2022-07-31,764046.9499979283
395078,15,"Seattle, WA",msa,WA,2022-08-31,750686.7180696711
395078,15,"Seattle, WA",msa,WA,2022-09-30,735060.6780708317
395078,15,"Seattle, WA",msa,WA,2022-10-31,723798.3741165921
395078,15,"Seattle, WA",msa,WA,2022-11-30,717012.8523006398
395078,15,"Seattle, WA",msa,WA,2022-12-31,712659.0783540827
395078,15,"Seattle, WA",msa,WA,2023-01-31,706799.6344989166
395078,15,"Seattle, WA",msa,WA,2023-02-28,701247.935166914
395078,15,"Seattle, WA",msa,WA,2023-03-31,696629.1756969624
395078,15,"Seattle, WA",msa,WA,2023-04-30,694851.4650305217
395078,15,"Seattle, WA",msa,WA,2023-05-31,695204.5706488468
395078,15,"Seattle, WA",msa,WA,2023-06-30,697904.9052390574
395078,15,"Seattle, WA",msa,WA,2023-07-31,702140.2449552761
395078,15,"Seattle, WA",msa,WA,2023-08-31,707198.3675931286
395078,15,"Seattle, WA",msa,WA,2023-09-30,711695.1630466385
395078,15,"Seattle, WA",msa,WA,2023-10-31,715280.1713610735
395078,15,"Seattle, WA",msa,WA,2023-11-30,717592.8029902523
395078,15,"Seattle, WA",msa,WA,2023-12-31,719057.8128098476
395078,15,"Seattle, WA",msa,WA,2024-01-31,720216.2840243228
395078,15,"Seattle, WA",msa,WA,2024-02-29,722455.6127624338
395078,15,"Seattle, WA",msa,WA,2024-03-31,727097.4314687966
395078,15,"Seattle, WA",msa,WA,2024-04-30,733110.4095744245
395078,15,"Seattle, WA",msa,WA,2024-05-31,738307.0122775384
395078,15,"Seattle, WA",msa,WA,2024-06-30,740572.9083283463
395078,15,"Seattle, WA",msa,WA,2024-07-31,741501.2645652
395078,15,"Seattle, WA",msa,WA,2024-08-31,742373.6665438224
395078,15,"Seattle, WA",msa,WA,2024-09-30,744985.8661445724
395078,15,"Seattle, WA",msa,WA,2024-10-31,748581.3745358909
395078,15,"Seattle, WA",msa,WA,2024-11-30,752491.6053379258
395078,15,"Seattle, WA",msa,WA,2024-12-31,756034.4455274615
395078,15,"Seattle, WA",msa,WA,2025-01-31,758565.0134243113
395078,15,"Seattle, WA",msa,WA,2025-02-28,759669.6023548931
395078,15,"Seattle, WA",msa,WA,2025-03-31,757651.0912827415
395078,15,"Seattle, WA",msa,WA,2025-04-30,753492.7094721022
395078,15,"Seattle, WA",msa,WA,2025-05-31,747744.9532756739
395078,15,"Seattle, WA",msa,WA,2025-06-30,742989.5417937705
395078,15,"Seattle, WA",msa,WA,2025-07-31,739490.5622685723
395078,15,"Seattle, WA",msa,WA,2025-08-31,738154.3670687745
395078,15,"Seattle, WA",msa,WA,2025-09-30,738878.1737565392
395078,15,"Seattle, WA",msa,WA,2025-10-31,741320.047700183
395078,15,"Seattle, WA",msa,WA,2025-11-30,744125.6019297343
395078,15,"Seattle, WA",msa,WA,2025-12-31,746233.6291612446
395078,15,"Seattle, WA",msa,WA,2026-01-31,747484.3758589751
395078,15,"Seattle, WA",msa,WA,2026-02-28,747137.4963682288
395078,15,"Seattle, WA",msa,WA,2026-03-31,744425.5719428118
395078,15,"Seattle, WA",msa,WA,2026-04-30,739095.5459668218
395078,15,"Seattle, WA",msa,WA,2026-05-31,733443.5789836892
395078,15,"Seattle, WA",msa,WA,2026-06-30,729403.2911999347
395078,15,"Seattle, WA",msa,WA,2026-07-31,727604.3558627358
395078,15,"Seattle, WA",msa,WA,2026-08-31,727358.8756671211
395121,21,"St. Louis, MO",msa,MO,2000-01-31,115146.85885412288
395121,21,"St. Louis, MO",msa,MO,2000-02-29,115277.1338600865
395121,21,"St. Louis, MO",msa,MO,2000-03-31,115468.92904649775
395121,21,"St. Louis, MO",msa,MO,2000-04-30,115918.10783746996
395121,21,"St. Louis, MO",msa,MO,2000-05-31,116465.9726529894
395121,21,"St. Louis, MO",msa,MO,2000-06-30,117112.40039402104
395121,21,"St. Louis, MO",msa,MO,2000-07-31,117861.1037718836
395121,21,"St. Louis, MO",msa,MO,2000-08-31,118678.74336559638
395121,21,"St. Louis, MO",msa,MO,2000-09-30,119492.7426633815
395121,21,"St. Louis, MO",msa,MO,2000-10-31,120279.66342824476
395121,21,"St. Louis, MO",msa,MO,2000-11-30,121188.03074800284
395121,21,"St. Louis, MO",msa,MO,2000-12-31,122020.5866416852
395121,21,"St. Louis, MO",msa,MO,2001-01-31,122613.1991668663
395121,21,"St. Louis, MO",msa,MO,2001-02-28,122986.51310656102
395121,21,"St. Louis, MO",msa,MO,2001-03-31,123391.03550635836
395121,21,"St. Louis, MO",msa,MO,2001-04-30,124028.72285854828
395121,21,"St. Louis, MO",msa,MO,2001-05-31,124804.4405883828
395121,21,"St. Louis, MO",msa,MO,2001-06-30,125659.43769760527
395121,21,"St. Louis, MO",msa,MO,2001-07-31,126513.39136933084
395121,21,"St. Louis, MO",msa,MO,2001-08-31,127234.74801587738
395121,21,"St. Louis, MO",msa,MO,2001-09-30,127961.53753249468
395121,21,"St. Louis, MO",msa,MO,2001-10-31,128689.52450669806
395121,21,"St. Louis, MO",msa,MO,2001-11-30,129511.19467265454
395121,21,"St. Louis, MO",msa,MO,2001-12-31,130355.55033927264
395121,21,"St. Louis, MO",msa,MO,2002-01-31,131147.52055118742
395121,21,"St. Louis, MO",msa,MO,2002-02-28,131901.1476239122
395121,21,"St. Louis, MO",msa,MO,2002-03-31,132546.19838012368
395121,21,"St. Louis, MO",msa,MO,2002-04-30,133168.79624020006
395121,21,"St. Louis, MO",msa,MO,2002-05-31,133845.62398706263
395121,21,"St. Louis, MO",msa,MO,2002-06-30,134638.43895812365
395121,21,"St. Louis, MO",msa,MO,2002-07-31,135520.89370370147
395121,21,"St. Louis, MO",msa,MO,2002-08-31,136312.50923239856
395121,21,"St. Louis, MO",msa,MO,2002-09-30,137089.10344062283
395121,21,"St. Louis, MO",msa,MO,2002-10-31,137870.99282773837
395121,21,"St. Louis, MO",msa,MO,2002-11-30,138735.98839504458
395121,21,"St. Louis, MO",msa,MO,2002-12-31,139543.16521269633
395121,21,"St. Louis, MO",msa,MO,2003-01-31,140311.8478578289
395121,21,"St. Louis, MO",msa,MO,2003-02-28,141051.184602791
395121,21,"St. Louis, MO",msa,MO,2003-03-31,141754.13369354405
395121,21,"St. Louis, MO",msa,MO,2003-04-30,142429.27544351373
395121,21,"St. Louis, MO",msa,MO,2003-05-31,143193.1918696405
395121,21,"St. Louis, MO",msa,MO,2003-06-30,144098.60572690069
395121,21,"St. Louis, MO",msa,MO,2003-07-31,145052.0492813382
395121,21,"St. Louis, MO",msa,MO,2003-08-31,146009.46044411973
395121,21,"St. Louis, MO",msa,MO,2003-09-30,147038.81815135616
395121,21,"St. Louis, MO",msa,MO,2003-10-31,148177.3333501653
395121,21,"St. Louis, MO",msa,MO,2003-11-30,149196.11222007705
395121,21,"St. Louis, MO",msa,MO,2003-12-31,150167.38823970317
395121,21,"St. Louis, MO",msa,MO,2004-01-31,150987.95223615773
395121,21,"St. Louis, MO",msa,MO,2004-02-29,151736.341145466
395121,21,"St. Louis, MO",msa,MO,2004-03-31,152342.73996628317
395121,21,"St. Louis, MO",msa,MO,2004-04-30,152940.73286014277
395121,21,"St. Louis, MO",msa,MO,2004-05-31,153736.76832476706
395121,21,"St. Louis, MO",msa,MO,2004-06-30,154623.2123335544
395121,21,"St. Louis, MO",msa,MO,2004-07-31,155628.71703578118
395121,21,"St. Louis, MO",msa,MO,2004-08-31,156480.38511521366
395121,21,"St. Louis, MO",msa,MO,2004-09-30,157163.68105124225
395121,21,"St. Louis, MO",msa,MO,2004-10-31,157734.1531385012
395121,21,"St. Louis, MO",msa,MO,2004-11-30,158349.77388745974
395121,21,"St. Louis, MO",msa,MO,2004-12-31,159093.06044327907
395121,21,"St. Louis, MO",msa,MO,2005-01-31,159840.33329717632
395121,21,"St. Louis, MO",msa,MO,2005-02-28,160535.34392916792
395121,21,"St. Louis, MO",msa,MO,2005-03-31,161227.96614806092
395121,21,"St. Louis, MO",msa,MO,2005-04-30,161914.5317544197
395121,21,"St. Louis, MO",msa,MO,2005-05-31,162715.54144052448
395121,21,"St. Louis, MO",msa,MO,2005-06-30,163490.96877616332
395121,21,"St. Louis, MO",msa,MO,2005-07-31,164262.111958344
395121,21,"St. Louis, MO",msa,MO,2005-08-31,165009.12380638428
395121,21,"St. Louis, MO",msa,MO,2005-09-30,165792.84971435496
395121,21,"St. Louis, MO",msa,MO,2005-10-31,166608.88371714603
395121,21,"St. Louis, MO",msa,MO,2005-11-30,167399.3109434844
395121,21,"St. Louis, MO",msa,MO,2005-12-31,168174.84489839262
395121,21,"St. Louis, MO",msa,MO,2006-01-31,168873.41121673989
395121,21,"St. Louis, MO",msa,MO,2006-02-28,169555.5706966758
395121,21,"St. Louis, MO",msa,MO,2006-03-31,170158.6309861016
395121,21,"St. Louis, MO",msa,MO,2006-04-30,170738.91996075134
395121,21,"St. Louis, MO",msa,MO,2006-05-31,171272.28095694058
395121,21,"St. Louis, MO",msa,MO,2006-06-30,171744.40697213614
395121,21,"St. Louis, MO",msa,MO,2006-07-31,172174.6488242468
395121,21,"St. Louis, MO",msa,MO,2006-08-31,172430.38958948202
395121,21,"St. Louis, MO",msa,MO,2006-09-30,172654.65426277244
395121,21,"St. Louis, MO",msa,MO,2006-10-31,172914.08450116756
395121,21,"St. Louis, MO",msa,MO,2006-11-30,173293.3198000435
395121,21,"St. Louis, MO",msa,MO,2006-12-31,173601.78801893667
395121,21,"St. Louis, MO",msa,MO,2007-01-31,173828.78291235867
395121,21,"St. Louis, MO",msa,MO,2007-02-28,173900.8336856585
395121,21,"St. Louis, MO",msa,MO,2007-03-31,173975.69841983917
395121,21,"St. Louis, MO",msa,MO,2007-04-30,174036.04837562257
395121,21,"St. Louis, MO",msa,MO,2007-05-31,174102.00702350822
395121,21,"St. Louis, MO",msa,MO,2007-06-30,174179.74090777233
395121,21,"St. Louis, MO",msa,MO,2007-07-31,174207.1210154496
395121,21,"St. Louis, MO",msa,MO,2007-08-31,174107.09381872066
395121,21,"St. Louis, MO",msa,MO,2007-09-30,173858.91325048346
395121,21,"St. Louis, MO",msa,MO,2007-10-31,173507.58433029984
395121,21,"St. Louis, MO",msa,MO,2007-11-30,173066.50289705806
395121,21,"St. Louis, MO",msa,MO,2007-12-31,172592.78882627093
395121,21,"St. Louis, MO",msa,MO,2008-01-31,172082.83963648355
395121,21,"St. Louis, MO",msa,MO,2008-02-29,171782.1664059529
395121,21,"St. Louis, MO",msa,MO,2008-03-31,171462.83494821514
395121,21,"St. Louis, MO",msa,MO,2008-04-30,170895.01066287208
395121,21,"St. Louis, MO",msa,MO,2008-05-31,170188.639138861
395121,21,"St. Louis, MO",msa,MO,2008-06-30,169436.7572005112
395121,21,"St. Louis, MO",msa,MO,2008-07-31,168895.58994740702
395121,21,"St. Louis, MO",msa,MO,2008-08-31,168349.77743933818
395121,21,"St. Louis, MO",msa,MO,2008-09-30,167827.3644355862
395121,21,"St. Louis, MO",msa,MO,2008-10-31,167172.0556175059
395121,21,"St. Louis, MO",msa,MO,2008-11-30,166420.88521905156
395121,21,"St. Louis, MO",msa,MO,2008-12-31,165582.80800184183
395121,21,"St. Louis, MO",msa,MO,2009-01-31,164803.19319863393
395121,21,"St. Louis, MO",msa,MO,2009-02-28,164203.3908008752
395121,21,"St. Louis, MO",msa,MO,2009-03-31,163887.3122273586
395121,21,"St. Louis, MO",msa,MO,2009-04-30,163577.73581152488
395121,21,"St. Louis, MO",msa,MO,2009-05-31,163066.1604331817
395121,21,"St. Louis, MO",msa,MO,2009-06-30,162243.79978258847
395121,21,"St. Louis, MO",msa,MO,2009-07-31,161337.10973103804
395121,21,"St. Louis, MO",msa,MO,2009-08-31,160505.28152850762
395121,21,"St. Louis, MO",msa,MO,2009-09-30,159774.83362041914
395121,21,"St. Louis, MO",msa,MO,2009-10-31,159325.33386813008
395121,21,"St. Louis, MO",msa,MO,2009-11-30,159249.0455062204
395121,21,"St. Louis, MO",msa,MO,2009-12-31,159427.3088898006
395121,21,"St. Louis, MO",msa,MO,2010-01-31,159625.04464079175
395121,21,"St. Louis, MO",msa,MO,2010-02-28,159447.6893119846
395121,21,"St. Louis, MO",msa,MO,2010-03-31,159197.87910877753
395121,21,"St. Louis, MO",msa,MO,2010-04-30,159112.98119612623
395121,21,"St. Louis, MO",msa,MO,2010-05-31,159238.19370293026
395121,21,"St. Louis, MO",msa,MO,2010-06-30,159158.01080764396
395121,21,"St. Louis, MO",msa,MO,2010-07-31,158722.10792875112
395121,21,"St. Louis, MO",msa,MO,2010-08-31,158045.8867021396
395121,21,"St. Louis, MO",msa,MO,2010-09-30,157281.17620958592
395121,21,"St. Louis, MO",msa,MO,2010-10-31,156346.32848129267
395121,21,"St. Louis, MO",msa,MO,2010-11-30,155395.0421775858
395121,21,"St. Louis, MO",msa,MO,2010-12-31,154350.14151371285
395121,21,"St. Louis, MO",msa,MO,2011-01-31,153338.85379770288
395121,21,"St. Louis, MO",msa,MO,2011-02-28,152414.573305729
395121,21,"St. Louis, MO",msa,MO,2011-03-31,151547.29272811816
395121,21,"St. Louis, MO",msa,MO,2011-04-30,150728.5059751521
395121,21,"St. Louis, MO",msa,MO,2011-05-31,149822.5667734164
395121,21,"St. Louis, MO",msa,MO,2011-06-30,149013.8534938272
395121,21,"St. Louis, MO",msa,MO,2011-07-31,148123.7958749887
395121,21,"St. Louis, MO",msa,MO,2011-08-31,147141.1619445628
395121,21,"St. Louis, MO",msa,MO,2011-09-30,146209.84008151488
395121,21,"St. Louis, MO",msa,MO,2011-10-31,145325.76235383947
395121,21,"St. Louis, MO",msa,MO,2011-11-30,144506.89497711635
395121,21,"St. Louis, MO",msa,MO,2011-12-31,143672.4713854415
395121,21,"St. Louis, MO",msa,MO,2012-01-31,143013.66662147624
395121,21,"St. Louis, MO",msa,MO,2012-02-29,142625.20881507595
395121,21,"St. Louis, MO",msa,MO,2012-03-31,142414.20759278446
395121,21,"St. Louis, MO",msa,MO,2012-04-30,142360.0218542903
395121,21,"St. Louis, MO",msa,MO,2012-05-31,142354.56136120076
395121,21,"St. Louis, MO",msa,MO,2012-06-30,142433.70517640506
395121,21,"St. Louis, MO",msa,MO,2012-07-31,142545.35535973558
395121,21,"St. Louis, MO",msa,MO,2012-08-31,142586.55908723432
395121,21,"St. Louis, MO",msa,MO,2012-09-30,142687.59184663562
395121,21,"St. Louis, MO",msa,MO,2012-10-31,142734.971229254
395121,21,"St. Louis, MO",msa,MO,2012-11-30,142871.20530130595
395121,21,"St. Louis, MO",msa,MO,2012-12-31,142965.2997895508
395121,21,"St. Louis, MO",msa,MO,2013-01-31,143132.2122714445
395121,21,"St. Louis, MO",msa,MO,2013-02-28,143345.59523531733
395121,21,"St. Louis, MO",msa,MO,2013-03-31,143566.5799149419
395121,21,"St. Louis, MO",msa,MO,2013-04-30,143729.97280218205
395121,21,"St. Louis, MO",msa,MO,2013-05-31,143787.63769603003
395121,21,"St. Louis, MO",msa,MO,2013-06-30,143922.5486881197
395121,21,"St. Louis, MO",msa,MO,2013-07-31,144108.86165025117
395121,21,"St. Louis, MO",msa,MO,2013-08-31,144557.37563862765
395121,21,"St. Louis, MO",msa,MO,2013-09-30,145008.72769982924
395121,21,"St. Louis, MO",msa,MO,2013-10-31,145562.09191059394
395121,21,"St. Louis, MO",msa,MO,2013-11-30,145788.18363717143
395121,21,"St. Louis, MO",msa,MO,2013-12-31,145884.04430268283
395121,21,"St. Louis, MO",msa,MO,2014-01-31,145812.0406375654
395121,21,"St. Louis, MO",msa,MO,2014-02-28,145821.70103280197
395121,21,"St. Louis, MO",msa,MO,2014-03-31,145943.47037811266
395121,21,"St. Louis, MO",msa,MO,2014-04-30,146352.03806281972
395121,21,"St. Louis, MO",msa,MO,2014-05-31,147207.8625773978
395121,21,"St. Louis, MO",msa,MO,2014-06-30,148153.916602711
395121,21,"St. Louis, MO",msa,MO,2014-07-31,148982.9854115773
395121,21,"St. Louis, MO",msa,MO,2014-08-31,149496.87545099293
395121,21,"St. Louis, MO",msa,MO,2014-09-30,149812.3461516076
395121,21,"St. Louis, MO",msa,MO,2014-10-31,149967.206076174
395121,21,"St. Louis, MO",msa,MO,2014-11-30,150056.82940173778
395121,21,"St. Louis, MO",msa,MO,2014-12-31,150296.15629219133
395121,21,"St. Louis, MO",msa,MO,2015-01-31,150387.2983140213
395121,21,"St. Louis, MO",msa,MO,2015-02-28,150478.92931029949
395121,21,"St. Louis, MO",msa,MO,2015-03-31,150639.4696517574
395121,21,"St. Louis, MO",msa,MO,2015-04-30,151148.51647707695
395121,21,"St. Louis, MO",msa,MO,2015-05-31,151936.3141988547
395121,21,"St. Louis, MO",msa,MO,2015-06-30,152677.7146190504
395121,21,"St. Louis, MO",msa,MO,2015-07-31,153490.47845606037
395121,21,"St. Louis, MO",msa,MO,2015-08-31,154290.30191331144
395121,21,"St. Louis, MO",msa,MO,2015-09-30,155041.59943515706
395121,21,"St. Louis, MO",msa,MO,2015-10-31,155797.0268113136
395121,21,"St. Louis, MO",msa,MO,2015-11-30,156312.47135758246
395121,21,"St. Louis, MO",msa,MO,2015-12-31,156934.60024839177
395121,21,"St. Louis, MO",msa,MO,2016-01-31,157683.23301624795
395121,21,"St. Louis, MO",msa,MO,2016-02-29,158553.55467346625
395121,21,"St. Louis, MO",msa,MO,2016-03-31,159204.8207100979
395121,21,"St. Louis, MO",msa,MO,2016-04-30,159743.5004195796
395121,21,"St. Louis, MO",msa,MO,2016-05-31,160296.91126583403
395121,21,"St. Louis, MO",msa,MO,2016-06-30,160947.78918675685
395121,21,"St. Louis, MO",msa,MO,2016-07-31,161343.26483763856
395121,21,"St. Louis, MO",msa,MO,2016-08-31,161586.60714323536
395121,21,"St. Louis, MO",msa,MO,2016-09-30,161803.59149505434
395121,21,"St. Louis, MO",msa,MO,2016-10-31,162243.1951170106
395121,21,"St. Louis, MO",msa,MO,2016-11-30,162831.79397080574
395121,21,"St. Louis, MO",msa,MO,2016-12-31,163612.31038813086
395121,21,"St. Louis, MO",msa,MO,2017-01-31,164381.84623905117
395121,21,"St. Louis, MO",msa,MO,2017-02-28,165124.82779680516
395121,21,"St. Louis, MO",msa,MO,2017-03-31,165900.79169204066
395121,21,"St. Louis, MO",msa,MO,2017-04-30,166709.02096798702
395121,21,"St. Louis, MO",msa,MO,2017-05-31,167525.65522666395
395121,21,"St. Louis, MO",msa,MO,2017-06-30,168207.69949993066
395121,21,"St. Louis, MO",msa,MO,2017-07-31,168756.20495320277
395121,21,"St. Louis, MO",msa,MO,2017-08-31,169253.69737174138
395121,21,"St. Louis, MO",msa,MO,2017-09-30,169750.16990697928
395121,21,"St. Louis, MO",msa,MO,2017-10-31,170353.164272416
395121,21,"St. Louis, MO",msa,MO,2017-11-30,171037.14863744378
395121,21,"St. Louis, MO",msa,MO,2017-12-31,171746.91582623523
395121,21,"St. Louis, MO",msa,MO,2018-01-31,172381.72644742648
395121,21,"St. Louis, MO",msa,MO,2018-02-28,173000.35174708147
395121,21,"St. Louis, MO",msa,MO,2018-03-31,173756.19857368662
395121,21,"St. Louis, MO",msa,MO,2018-04-30,174541.63733541963
395121,21,"St. Louis, MO",msa,MO,2018-05-31,175246.362219021
395121,21,"St. Louis, MO",msa,MO,2018-06-30,175627.35832556718
395121,21,"St. Louis, MO",msa,MO,2018-07-31,176095.51496048155
395121,21,"St. Louis, MO",msa,MO,2018-08-31,176592.30435262938
395121,21,"St. Louis, MO",msa,MO,2018-09-30,177224.9865093208
395121,21,"St. Louis, MO",msa,MO,2018-10-31,177618.08757718155
395121,21,"St. Louis, MO",msa,MO,2018-11-30,178014.8822262216
395121,21,"St. Louis, MO",msa,MO,2018-12-31,178409.6373077326
395121,21,"St. Louis, MO",msa,MO,2019-01-31,179069.70500902573
395121,21,"St. Louis, MO",msa,MO,2019-02-28,180023.3744520468
395121,21,"St. Louis, MO",msa,MO,2019-03-31,181088.2087208319
395121,21,"St. Louis, MO",msa,MO,2019-04-30,181932.460363496
395121,21,"St. Louis, MO",msa,MO,2019-05-31,182409.2811937116
395121,21,"St. Louis, MO",msa,MO,2019-06-30,182693.6084097729
395121,21,"St. Louis, MO",msa,MO,2019-07-31,182834.74535307373
395121,21,"St. Louis, MO",msa,MO,2019-08-31,183014.42979061985
395121,21,"St. Louis, MO",msa,MO,2019-09-30,183229.2461774977
395121,21,"St. Louis, MO",msa,MO,2019-10-31,183827.68481708373
395121,21,"St. Louis, MO",msa,MO,2019-11-30,184644.53334495355
395121,21,"St. Louis, MO",msa,MO,2019-12-31,185563.2837087809
395121,21,"St. Louis, MO",msa,MO,2020-01-31,186649.9342583341
395121,21,"St. Louis, MO",msa,MO,2020-02-29,187835.283610275
395121,21,"St. Louis, MO",msa,MO,2020-03-31,189116.8477337016
395121,21,"St. Louis, MO",msa,MO,2020-04-30,190199.7623467472
395121,21,"St. Louis, MO",msa,MO,2020-05-31,190773.10175958148
395121,21,"St. Louis, MO",msa,MO,2020-06-30,191100.62712972195
395121,21,"St. Louis, MO",msa,MO,2020-07-31,191704.4171962377
395121,21,"St. Louis, MO",msa,MO,2020-08-31,193120.01768077255
395121,21,"St. Louis, MO",msa,MO,2020-09-30,195497.6758344001
395121,21,"St. Louis, MO",msa,MO,2020-10-31,198273.4555728768
395121,21,"St. Louis, MO",msa,MO,2020-11-30,201192.3223834075
395121,21,"St. Louis, MO",msa,MO,2020-12-31,203702.10493961908
395121,21,"St. Louis, MO",msa,MO,2021-01-31,205871.9011983984
395121,21,"St. Louis, MO",msa,MO,2021-02-28,208111.83756071908
395121,21,"St. Louis, MO",msa,MO,2021-03-31,210634.15258095888
395121,21,"St. Louis, MO",msa,MO,2021-04-30,213439.4246220702
395121,21,"St. Louis, MO",msa,MO,2021-05-31,216360.70495986217
395121,21,"St. Louis, MO",msa,MO,2021-06-30,219154.37311676983
395121,21,"St. Louis, MO",msa,MO,2021-07-31,220981.4745948979
395121,21,"St. Louis, MO",msa,MO,2021-08-31,221555.2548543311
395121,21,"St. Louis, MO",msa,MO,2021-09-30,221155.1658046183
395121,21,"St. Louis, MO",msa,MO,2021-10-31,221029.34995947796
395121,21,"St. Louis, MO",msa,MO,2021-11-30,221603.05965706985
395121,21,"St. Louis, MO",msa,MO,2021-12-31,222760.2628230889
395121,21,"St. Louis, MO",msa,MO,2022-01-31,225043.4988884137
395121,21,"St. Louis, MO",msa,MO,2022-02-28,228274.3694076588
395121,21,"St. Louis, MO",msa,MO,2022-03-31,232283.84284602987
395121,21,"St. Louis, MO",msa,MO,2022-04-30,236101.14398529413
395121,21,"St. Louis, MO",msa,MO,2022-05-31,239182.7271976216
395121,21,"St. Louis, MO",msa,MO,2022-06-30,241859.049046708
395121,21,"St. Louis, MO",msa,MO,2022-07-31,243240.53001602652
395121,21,"St. Louis, MO",msa,MO,2022-08-31,243375.37749381605
395121,21,"St. Louis, MO",msa,MO,2022-09-30,242416.07626145627
395121,21,"St. Louis, MO",msa,MO,2022-10-31,241724.4993819341
395121,21,"St. Louis, MO",msa,MO,2022-11-30,241432.8532430654
395121,21,"St. Louis, MO",msa,MO,2022-12-31,241481.9904019599
395121,21,"St. Louis, MO",msa,MO,2023-01-31,241297.4570964656
395121,21,"St. Louis, MO",msa,MO,2023-02-28,241384.50160409516
395121,21,"St. Louis, MO",msa,MO,2023-03-31,242037.70080566165
395121,21,"St. Louis, MO",msa,MO,2023-04-30,243736.00177021
395121,21,"St. Louis, MO",msa,MO,2023-05-31,246021.07584981163
395121,21,"St. Louis, MO",msa,MO,2023-06-30,248490.7414212633
395121,21,"St. Louis, MO",msa,MO,2023-07-31,250472.2142296134
395121,21,"St. Louis, MO",msa,MO,2023-08-31,252086.9285367201
395121,21,"St. Louis, MO",msa,MO,2023-09-30,253121.44692467293
395121,21,"St. Louis, MO",msa,MO,2023-10-31,253775.91950836257
395121,21,"St. Louis, MO",msa,MO,2023-11-30,254101.24286817305
395121,21,"St. Louis, MO",msa,MO,2023-12-31,254310.8398807916
395121,21,"St. Louis, MO",msa,MO,2024-01-31,254581.61074841197
395121,21,"St. Louis, MO",msa,MO,2024-02-29,255364.34330788103
395121,21,"St. Louis, MO",msa,MO,2024-03-31,256659.60789704905
395121,21,"St. Louis, MO",msa,MO,2024-04-30,258157.70146838573
395121,21,"St. Louis, MO",msa,MO,2024-05-31,259232.29482575585
395121,21,"St. Louis, MO",msa,MO,2024-06-30,259903.4511797461
395121,21,"St. Louis, MO",msa,MO,2024-07-31,260410.74634183932
395121,21,"St. Louis, MO",msa,MO,2024-08-31,261005.23645746268
395121,21,"St. Louis, MO",msa,MO,2024-09-30,261595.90928349597
395121,21,"St. Louis, MO",msa,MO,2024-10-31,262264.8694860151
395121,21,"St. Louis, MO",msa,MO,2024-11-30,263014.9209800984
395121,21,"St. Louis, MO",msa,MO,2024-12-31,264119.863579741
395121,21,"St. Louis, MO",msa,MO,2025-01-31,265142.5916470994
395121,21,"St. Louis, MO",msa,MO,2025-02-28,265866.4874234245
395121,21,"St. Louis, MO",msa,MO,2025-03-31,265955.22566780885
395121,21,"St. Louis, MO",msa,MO,2025-04-30,265862.19013411546
395121,21,"St. Louis, MO",msa,MO,2025-05-31,265768.0755028031
395121,21,"St. Louis, MO",msa,MO,2025-06-30,265775.8120106847
395121,21,"St. Louis, MO",msa,MO,2025-07-31,266138.3939515468
395121,21,"St. Louis, MO",msa,MO,2025-08-31,266742.0201887151
395121,21,"St. Louis, MO",msa,MO,2025-09-30,267568.1510457867
395121,21,"St. Louis, MO",msa,MO,2025-10-31,268371.345376792
395121,21,"St. Louis, MO",msa,MO,2025-11-30,269360.2044648203
395121,21,"St. Louis, MO",msa,MO,2025-12-31,270554.4233875651
395121,21,"St. Louis, MO",msa,MO,2026-01-31,271688.60306522896
395121,21,"St. Louis, MO",msa,MO,2026-02-28,272558.4184991408
395121,21,"St. Louis, MO",msa,MO,2026-03-31,273164.9226319647
395121,21,"St. Louis, MO",msa,MO,2026-04-30,273406.3551071152
395121,21,"St. Louis, MO",msa,MO,2026-05-31,273570.34052583855
395121,21,"St. Louis, MO",msa,MO,2026-06-30,273971.2881187086
395121,21,"St. Louis, MO",msa,MO,2026-07-31,274725.4036280084
395121,21,"St. Louis, MO",msa,MO,2026-08-31,275703.7511566768
395148,18,"Tampa, FL",msa,FL,2000-01-31,102402.84652399916
395148,18,"Tampa, FL",msa,FL,2000-02-29,102537.6907269974
395148,18,"Tampa, FL",msa,FL,2000-03-31,102749.17282756102
395148,18,"Tampa, FL",msa,FL,2000-04-30,103281.79554941104
395148,18,"Tampa, FL",msa,FL,2000-05-31,103990.87821267964
395148,18,"Tampa, FL",msa,FL,2000-06-30,104782.07060167956
395148,18,"Tampa, FL",msa,FL,2000-07-31,105525.15701525524
395148,18,"Tampa, FL",msa,FL,2000-08-31,106313.53525479425
395148,18,"Tampa, FL",msa,FL,2000-09-30,107139.4012147772
395148,18,"Tampa, FL",msa,FL,2000-10-31,107957.0068138193
395148,18,"Tampa, FL",msa,FL,2000-11-30,108743.266300266
395148,18,"Tampa, FL",msa,FL,2000-12-31,109529.75438012318
395148,18,"Tampa, FL",msa,FL,2001-01-31,110253.37083467696
395148,18,"Tampa, FL",msa,FL,2001-02-28,111001.44400993393
395148,18,"Tampa, FL",msa,FL,2001-03-31,111686.6062476976
395148,18,"Tampa, FL",msa,FL,2001-04-30,112466.68534184327
395148,18,"Tampa, FL",msa,FL,2001-05-31,113210.7791756713
395148,18,"Tampa, FL",msa,FL,2001-06-30,113994.55911266606
395148,18,"Tampa, FL",msa,FL,2001-07-31,114819.86842656968
395148,18,"Tampa, FL",msa,FL,2001-08-31,115678.54967381836
395148,18,"Tampa, FL",msa,FL,2001-09-30,116596.6773606004
395148,18,"Tampa, FL",msa,FL,2001-10-31,117505.42762503224
395148,18,"Tampa, FL",msa,FL,2001-11-30,118436.13893676749
395148,18,"Tampa, FL",msa,FL,2001-12-31,119414.55551832049
395148,18,"Tampa, FL",msa,FL,2002-01-31,120384.8537438818
395148,18,"Tampa, FL",msa,FL,2002-02-28,121286.4926544546
395148,18,"Tampa, FL",msa,FL,2002-03-31,122182.25387764176
395148,18,"Tampa, FL",msa,FL,2002-04-30,123146.4494125129
395148,18,"Tampa, FL",msa,FL,2002-05-31,124171.49917509682
395148,18,"Tampa, FL",msa,FL,2002-06-30,125190.33592315188
395148,18,"Tampa, FL",msa,FL,2002-07-31,126198.683706243
395148,18,"Tampa, FL",msa,FL,2002-08-31,127279.08874931686
395148,18,"Tampa, FL",msa,FL,2002-09-30,128344.30233092964
395148,18,"Tampa, FL",msa,FL,2002-10-31,129386.07249873258
395148,18,"Tampa, FL",msa,FL,2002-11-30,130407.0665240102
395148,18,"Tampa, FL",msa,FL,2002-12-31,131513.89297545003
395148,18,"Tampa, FL",msa,FL,2003-01-31,132639.5241161215
395148,18,"Tampa, FL",msa,FL,2003-02-28,133783.6930219107
395148,18,"Tampa, FL",msa,FL,2003-03-31,134915.31846972738
395148,18,"Tampa, FL",msa,FL,2003-04-30,136159.75829778812
395148,18,"Tampa, FL",msa,FL,2003-05-31,137485.29028578912
395148,18,"Tampa, FL",msa,FL,2003-06-30,138786.80534581954
395148,18,"Tampa, FL",msa,FL,2003-07-31,140122.3318775317
395148,18,"Tampa, FL",msa,FL,2003-08-31,141463.43787030978
395148,18,"Tampa, FL",msa,FL,2003-09-30,142863.8338631444
395148,18,"Tampa, FL",msa,FL,2003-10-31,144329.51020536455
395148,18,"Tampa, FL",msa,FL,2003-11-30,145720.6756350202
395148,18,"Tampa, FL",msa,FL,2003-12-31,147109.11512505615
395148,18,"Tampa, FL",msa,FL,2004-01-31,148280.93663155113
395148,18,"Tampa, FL",msa,FL,2004-02-29,149470.36055876932
395148,18,"Tampa, FL",msa,FL,2004-03-31,150798.75582961665
395148,18,"Tampa, FL",msa,FL,2004-04-30,152341.21044292112
395148,18,"Tampa, FL",msa,FL,2004-05-31,154060.27366396048
395148,18,"Tampa, FL",msa,FL,2004-06-30,156009.43994624025
395148,18,"Tampa, FL",msa,FL,2004-07-31,158367.69942392354
395148,18,"Tampa, FL",msa,FL,2004-08-31,161035.76896255036
395148,18,"Tampa, FL",msa,FL,2004-09-30,163789.56525489507
395148,18,"Tampa, FL",msa,FL,2004-10-31,166251.98129109788
395148,18,"Tampa, FL",msa,FL,2004-11-30,168506.5315108448
395148,18,"Tampa, FL",msa,FL,2004-12-31,170705.2309880395
395148,18,"Tampa, FL",msa,FL,2005-01-31,173091.36833331804
395148,18,"Tampa, FL",msa,FL,2005-02-28,175753.57019587056
395148,18,"Tampa, FL",msa,FL,2005-03-31,178657.63488777177
395148,18,"Tampa, FL",msa,FL,2005-04-30,182150.6638520447
395148,18,"Tampa, FL",msa,FL,2005-05-31,185751.49626315729
395148,18,"Tampa, FL",msa,FL,2005-06-30,189594.38722631903
395148,18,"Tampa, FL",msa,FL,2005-07-31,193498.3734764898
395148,18,"Tampa, FL",msa,FL,2005-08-31,197685.854369966
395148,18,"Tampa, FL",msa,FL,2005-09-30,202238.4090034029
395148,18,"Tampa, FL",msa,FL,2005-10-31,206366.47477465388
395148,18,"Tampa, FL",msa,FL,2005-11-30,210221.4860081237
395148,18,"Tampa, FL",msa,FL,2005-12-31,213539.1120781613
395148,18,"Tampa, FL",msa,FL,2006-01-31,216566.1199519599
395148,18,"Tampa, FL",msa,FL,2006-02-28,219626.91910543293
395148,18,"Tampa, FL",msa,FL,2006-03-31,223132.75279524224
395148,18,"Tampa, FL",msa,FL,2006-04-30,227214.36935673244
395148,18,"Tampa, FL",msa,FL,2006-05-31,230551.49004586216
395148,18,"Tampa, FL",msa,FL,2006-06-30,233094.83548442755
395148,18,"Tampa, FL",msa,FL,2006-07-31,234574.28987305763
395148,18,"Tampa, FL",msa,FL,2006-08-31,236147.6034615362
395148,18,"Tampa, FL",msa,FL,2006-09-30,236922.1211860765
395148,18,"Tampa, FL",msa,FL,2006-10-31,236938.8301010269
395148,18,"Tampa, FL",msa,FL,2006-11-30,236025.6887104743
395148,18,"Tampa, FL",msa,FL,2006-12-31,234349.6467931016
395148,18,"Tampa, FL",msa,FL,2007-01-31,233180.39105534056
395148,18,"Tampa, FL",msa,FL,2007-02-28,232391.9306563681
395148,18,"Tampa, FL",msa,FL,2007-03-31,231937.3507969428
395148,18,"Tampa, FL",msa,FL,2007-04-30,231293.4815566388
395148,18,"Tampa, FL",msa,FL,2007-05-31,230285.5774417954
395148,18,"Tampa, FL",msa,FL,2007-06-30,228607.32718050093
395148,18,"Tampa, FL",msa,FL,2007-07-31,225921.51379141057
395148,18,"Tampa, FL",msa,FL,2007-08-31,222660.5034042805
395148,18,"Tampa, FL",msa,FL,2007-09-30,219403.61834893457
395148,18,"Tampa, FL",msa,FL,2007-10-31,216040.6749784715
395148,18,"Tampa, FL",msa,FL,2007-11-30,213095.0233767605
395148,18,"Tampa, FL",msa,FL,2007-12-31,209735.5050278301
395148,18,"Tampa, FL",msa,FL,2008-01-31,206490.75432711997
395148,18,"Tampa, FL",msa,FL,2008-02-29,202706.0534637984
395148,18,"Tampa, FL",msa,FL,2008-03-31,199272.1722139331
395148,18,"Tampa, FL",msa,FL,2008-04-30,195863.9184402717
395148,18,"Tampa, FL",msa,FL,2008-05-31,192540.7722803715
395148,18,"Tampa, FL",msa,FL,2008-06-30,189303.8588439883
395148,18,"Tampa, FL",msa,FL,2008-07-31,186105.7788057857
395148,18,"Tampa, FL",msa,FL,2008-08-31,182827.56924336852
395148,18,"Tampa, FL",msa,FL,2008-09-30,179486.73516473515
395148,18,"Tampa, FL",msa,FL,2008-10-31,176080.86023323613
395148,18,"Tampa, FL",msa,FL,2008-11-30,172408.66086103182
395148,18,"Tampa, FL",msa,FL,2008-12-31,168845.14045549734
395148,18,"Tampa, FL",msa,FL,2009-01-31,165597.74813362164
395148,18,"Tampa, FL",msa,FL,2009-02-28,162644.99883346396
395148,18,"Tampa, FL",msa,FL,2009-03-31,159948.04171236564
395148,18,"Tampa, FL",msa,FL,2009-04-30,157016.02403729907
395148,18,"Tampa, FL",msa,FL,2009-05-31,154438.46558607902
395148,18,"Tampa, FL",msa,FL,2009-06-30,151969.30357563423
395148,18,"Tampa, FL",msa,FL,2009-07-31,149954.84932678324
395148,18,"Tampa, FL",msa,FL,2009-08-31,147849.88135767673
395148,18,"Tampa, FL",msa,FL,2009-09-30,145922.061793866
395148,18,"Tampa, FL",msa,FL,2009-10-31,144281.87646384613
395148,18,"Tampa, FL",msa,FL,2009-11-30,143422.3101881343
395148,18,"Tampa, FL",msa,FL,2009-12-31,142770.13446712508
395148,18,"Tampa, FL",msa,FL,2010-01-31,142481.4033423933
395148,18,"Tampa, FL",msa,FL,2010-02-28,142254.07839553535
395148,18,"Tampa, FL",msa,FL,2010-03-31,142071.89158967504
395148,18,"Tampa, FL",msa,FL,2010-04-30,141821.88485710262
395148,18,"Tampa, FL",msa,FL,2010-05-31,141518.86297276244
395148,18,"Tampa, FL",msa,FL,2010-06-30,141117.97260072271
395148,18,"Tampa, FL",msa,FL,2010-07-31,140289.03143403537
395148,18,"Tampa, FL",msa,FL,2010-08-31,139138.90981167197
395148,18,"Tampa, FL",msa,FL,2010-09-30,137626.68760158602
395148,18,"Tampa, FL",msa,FL,2010-10-31,136111.86713375483
395148,18,"Tampa, FL",msa,FL,2010-11-30,134493.16717314871
395148,18,"Tampa, FL",msa,FL,2010-12-31,133161.8049784164
395148,18,"Tampa, FL",msa,FL,2011-01-31,131650.00213937616
395148,18,"Tampa, FL",msa,FL,2011-02-28,129882.30558462162
395148,18,"Tampa, FL",msa,FL,2011-03-31,128113.14918106154
395148,18,"Tampa, FL",msa,FL,2011-04-30,126314.96081353676
395148,18,"Tampa, FL",msa,FL,2011-05-31,124784.75372486011
395148,18,"Tampa, FL",msa,FL,2011-06-30,123222.79368462408
395148,18,"Tampa, FL",msa,FL,2011-07-31,121879.68660272197
395148,18,"Tampa, FL",msa,FL,2011-08-31,120697.80999927787
395148,18,"Tampa, FL",msa,FL,2011-09-30,119845.03117559572
395148,18,"Tampa, FL",msa,FL,2011-10-31,119517.10683368109
395148,18,"Tampa, FL",msa,FL,2011-11-30,119405.677193023
395148,18,"Tampa, FL",msa,FL,2011-12-31,119329.09881702092
395148,18,"Tampa, FL",msa,FL,2012-01-31,118985.8332557699
395148,18,"Tampa, FL",msa,FL,2012-02-29,118929.45970978886
395148,18,"Tampa, FL",msa,FL,2012-03-31,119122.58710215712
395148,18,"Tampa, FL",msa,FL,2012-04-30,119731.3707514166
395148,18,"Tampa, FL",msa,FL,2012-05-31,120380.58603638892
395148,18,"Tampa, FL",msa,FL,2012-06-30,121007.39950551244
395148,18,"Tampa, FL",msa,FL,2012-07-31,121579.3718059633
395148,18,"Tampa, FL",msa,FL,2012-08-31,121981.80602824844
395148,18,"Tampa, FL",msa,FL,2012-09-30,122404.34430080552
395148,18,"Tampa, FL",msa,FL,2012-10-31,123040.51351318364
395148,18,"Tampa, FL",msa,FL,2012-11-30,124076.13007469168
395148,18,"Tampa, FL",msa,FL,2012-12-31,125571.6496149453
395148,18,"Tampa, FL",msa,FL,2013-01-31,127086.84166189538
395148,18,"Tampa, FL",msa,FL,2013-02-28,128514.50405337344
395148,18,"Tampa, FL",msa,FL,2013-03-31,129959.71742038992
395148,18,"Tampa, FL",msa,FL,2013-04-30,131579.26673635922
395148,18,"Tampa, FL",msa,FL,2013-05-31,133575.9078119663
395148,18,"Tampa, FL",msa,FL,2013-06-30,135480.6541036413
395148,18,"Tampa, FL",msa,FL,2013-07-31,137312.16288303447
395148,18,"Tampa, FL",msa,FL,2013-08-31,138964.91334094616
395148,18,"Tampa, FL",msa,FL,2013-09-30,140501.18099461365
395148,18,"Tampa, FL",msa,FL,2013-10-31,142188.77183818835
395148,18,"Tampa, FL",msa,FL,2013-11-30,143725.09010542446
395148,18,"Tampa, FL",msa,FL,2013-12-31,145346.37562160252
395148,18,"Tampa, FL",msa,FL,2014-01-31,146612.44738789924
395148,18,"Tampa, FL",msa,FL,2014-02-28,147928.67131979682
395148,18,"Tampa, FL",msa,FL,2014-03-31,149081.35620516856
395148,18,"Tampa, FL",msa,FL,2014-04-30,150140.47801644044
395148,18,"Tampa, FL",msa,FL,2014-05-31,151177.72130094803
395148,18,"Tampa, FL",msa,FL,2014-06-30,151998.89661522684
395148,18,"Tampa, FL",msa,FL,2014-07-31,152932.1135603491
395148,18,"Tampa, FL",msa,FL,2014-08-31,153688.15110827467
395148,18,"Tampa, FL",msa,FL,2014-09-30,154505.21189120095
395148,18,"Tampa, FL",msa,FL,2014-10-31,155253.5403582487
395148,18,"Tampa, FL",msa,FL,2014-11-30,156206.76821626574
395148,18,"Tampa, FL",msa,FL,2014-12-31,157403.82252097336
395148,18,"Tampa, FL",msa,FL,2015-01-31,158539.7111131541
395148,18,"Tampa, FL",msa,FL,2015-02-28,159545.51425628364
395148,18,"Tampa, FL",msa,FL,2015-03-31,160428.93498739207
395148,18,"Tampa, FL",msa,FL,2015-04-30,161457.4122589239
395148,18,"Tampa, FL",msa,FL,2015-05-31,162550.6739175604
395148,18,"Tampa, FL",msa,FL,2015-06-30,163626.3059104196
395148,18,"Tampa, FL",msa,FL,2015-07-31,164917.9563516771
395148,18,"Tampa, FL",msa,FL,2015-08-31,166364.044807768
395148,18,"Tampa, FL",msa,FL,2015-09-30,167985.25998078936
395148,18,"Tampa, FL",msa,FL,2015-10-31,169666.3156220916
395148,18,"Tampa, FL",msa,FL,2015-11-30,171393.58372974102
395148,18,"Tampa, FL",msa,FL,2015-12-31,173180.22249329308
395148,18,"Tampa, FL",msa,FL,2016-01-31,174830.194306155
395148,18,"Tampa, FL",msa,FL,2016-02-29,176482.93199410182
395148,18,"Tampa, FL",msa,FL,2016-03-31,177867.07894713586
395148,18,"Tampa, FL",msa,FL,2016-04-30,179343.19563397192
395148,18,"Tampa, FL",msa,FL,2016-05-31,180599.1462701431
395148,18,"Tampa, FL",msa,FL,2016-06-30,181891.9926476019
395148,18,"Tampa, FL",msa,FL,2016-07-31,183056.5980226624
395148,18,"Tampa, FL",msa,FL,2016-08-31,184377.07897904297
395148,18,"Tampa, FL",msa,FL,2016-09-30,186015.7739293176
395148,18,"Tampa, FL",msa,FL,2016-10-31,187822.49338568
395148,18,"Tampa, FL",msa,FL,2016-11-30,189658.54722172595
395148,18,"Tampa, FL",msa,FL,2016-12-31,191278.1264652384
395148,18,"Tampa, FL",msa,FL,2017-01-31,192704.28938127845
395148,18,"Tampa, FL",msa,FL,2017-02-28,194084.2090601148
395148,18,"Tampa, FL",msa,FL,2017-03-31,195505.7167503416
395148,18,"Tampa, FL",msa,FL,2017-04-30,197018.25707949165
395148,18,"Tampa, FL",msa,FL,2017-05-31,198338.7143427419
395148,18,"Tampa, FL",msa,FL,2017-06-30,199747.46140338384
395148,18,"Tampa, FL",msa,FL,2017-07-31,201196.2020137339
395148,18,"Tampa, FL",msa,FL,2017-08-31,202854.82998679663
395148,18,"Tampa, FL",msa,FL,2017-09-30,204434.2383516077
395148,18,"Tampa, FL",msa,FL,2017-10-31,205980.0313661086
395148,18,"Tampa, FL",msa,FL,2017-11-30,207619.6306651696
395148,18,"Tampa, FL",msa,FL,2017-12-31,209378.04198250157
395148,18,"Tampa, FL",msa,FL,2018-01-31,210901.763449258
395148,18,"Tampa, FL",msa,FL,2018-02-28,212169.1376986599
395148,18,"Tampa, FL",msa,FL,2018-03-31,213462.0425247685
395148,18,"Tampa, FL",msa,FL,2018-04-30,214841.0863365165
395148,18,"Tampa, FL",msa,FL,2018-05-31,216163.61082739767
395148,18,"Tampa, FL",msa,FL,2018-06-30,217210.8948696321
395148,18,"Tampa, FL",msa,FL,2018-07-31,218479.2233036376
395148,18,"Tampa, FL",msa,FL,2018-08-31,219768.929660875
395148,18,"Tampa, FL",msa,FL,2018-09-30,221057.3441402568
395148,18,"Tampa, FL",msa,FL,2018-10-31,222053.224388459
395148,18,"Tampa, FL",msa,FL,2018-11-30,223152.3933113784
395148,18,"Tampa, FL",msa,FL,2018-12-31,224378.3042867044
395148,18,"Tampa, FL",msa,FL,2019-01-31,225638.1820880014
395148,18,"Tampa, FL",msa,FL,2019-02-28,226764.04645417896
395148,18,"Tampa, FL",msa,FL,2019-03-31,227583.7838678041
395148,18,"Tampa, FL",msa,FL,2019-04-30,228320.76853035545
395148,18,"Tampa, FL",msa,FL,2019-05-31,228866.82447677045
395148,18,"Tampa, FL",msa,FL,2019-06-30,229629.140813784
395148,18,"Tampa, FL",msa,FL,2019-07-31,230436.3686050728
395148,18,"Tampa, FL",msa,FL,2019-08-31,231438.58022162097
395148,18,"Tampa, FL",msa,FL,2019-09-30,232267.84910481097
395148,18,"Tampa, FL",msa,FL,2019-10-31,233242.31705942468
395148,18,"Tampa, FL",msa,FL,2019-11-30,234501.2506830451
395148,18,"Tampa, FL",msa,FL,2019-12-31,236109.68784321225
395148,18,"Tampa, FL",msa,FL,2020-01-31,238385.65265024567
395148,18,"Tampa, FL",msa,FL,2020-02-29,240559.40661977025
395148,18,"Tampa, FL",msa,FL,2020-03-31,242524.28326774927
395148,18,"Tampa, FL",msa,FL,2020-04-30,243616.1506417193
395148,18,"Tampa, FL",msa,FL,2020-05-31,244114.1074455153
395148,18,"Tampa, FL",msa,FL,2020-06-30,244561.0081792007
395148,18,"Tampa, FL",msa,FL,2020-07-31,245494.10457561503
395148,18,"Tampa, FL",msa,FL,2020-08-31,247343.3629505836
395148,18,"Tampa, FL",msa,FL,2020-09-30,250097.71172214425
395148,18,"Tampa, FL",msa,FL,2020-10-31,253272.11930106944
395148,18,"Tampa, FL",msa,FL,2020-11-30,257023.42936228745
395148,18,"Tampa, FL",msa,FL,2020-12-31,260804.94382725967
395148,18,"Tampa, FL",msa,FL,2021-01-31,264927.20011649065
395148,18,"Tampa, FL",msa,FL,2021-02-28,269334.62469086685
395148,18,"Tampa, FL",msa,FL,2021-03-31,274219.09437474207
395148,18,"Tampa, FL",msa,FL,2021-04-30,279403.1020441959
395148,18,"Tampa, FL",msa,FL,2021-05-31,285157.726069846
395148,18,"Tampa, FL",msa,FL,2021-06-30,291784.2342853191
395148,18,"Tampa, FL",msa,FL,2021-07-31,298666.5555419991
395148,18,"Tampa, FL",msa,FL,2021-08-31,304771.6763798624
395148,18,"Tampa, FL",msa,FL,2021-09-30,309786.52363179944
395148,18,"Tampa, FL",msa,FL,2021-10-31,314442.00845946214
395148,18,"Tampa, FL",msa,FL,2021-11-30,319743.1971601916
395148,18,"Tampa, FL",msa,FL,2021-12-31,325434.23631403415
395148,18,"Tampa, FL",msa,FL,2022-01-31,332615.5709211861
395148,18,"Tampa, FL",msa,FL,2022-02-28,340905.2782770554
395148,18,"Tampa, FL",msa,FL,2022-03-31,350766.04537714645
395148,18,"Tampa, FL",msa,FL,2022-04-30,361358.66159753146
395148,18,"Tampa, FL",msa,FL,2022-05-31,371740.81124036416
395148,18,"Tampa, FL",msa,FL,2022-06-30,381035.8855116562
395148,18,"Tampa, FL",msa,FL,2022-07-31,387323.0243612956
395148,18,"Tampa, FL",msa,FL,2022-08-31,390321.8875830008
395148,18,"Tampa, FL",msa,FL,2022-09-30,390196.7120808621
395148,18,"Tampa, FL",msa,FL,2022-10-31,388630.0183796731
395148,18,"Tampa, FL",msa,FL,2022-11-30,386300.5217222618
395148,18,"Tampa, FL",msa,FL,2022-12-31,383607.34779075417
395148,18,"Tampa, FL",msa,FL,2023-01-31,380769.6651525553
395148,18,"Tampa, FL",msa,FL,2023-02-28,378592.9569535649
395148,18,"Tampa, FL",msa,FL,2023-03-31,377555.6823640233
395148,18,"Tampa, FL",msa,FL,2023-04-30,377430.2214761787
395148,18,"Tampa, FL",msa,FL,2023-05-31,378140.066387922
395148,18,"Tampa, FL",msa,FL,2023-06-30,379719.0462615997
395148,18,"Tampa, FL",msa,FL,2023-07-31,381524.95985731966
395148,18,"Tampa, FL",msa,FL,2023-08-31,383345.7848601924
395148,18,"Tampa, FL",msa,FL,2023-09-30,384551.5753702477
395148,18,"Tampa, FL",msa,FL,2023-10-31,385697.2149881837
395148,18,"Tampa, FL",msa,FL,2023-11-30,386536.70525118586
395148,18,"Tampa, FL",msa,FL,2023-12-31,387380.6511136754
395148,18,"Tampa, FL",msa,FL,2024-01-31,388072.3598584596
395148,18,"Tampa, FL",msa,FL,2024-02-29,389076.307110653
395148,18,"Tampa, FL",msa,FL,2024-03-31,390175.3264106161
395148,18,"Tampa, FL",msa,FL,2024-04-30,390950.0447035666
395148,18,"Tampa, FL",msa,FL,2024-05-31,390959.7658685963
395148,18,"Tampa, FL",msa,FL,2024-06-30,389990.9524970381
395148,18,"Tampa, FL",msa,FL,2024-07-31,388788.8348149038
395148,18,"Tampa, FL",msa,FL,2024-08-31,387639.23168451496
395148,18,"Tampa, FL",msa,FL,2024-09-30,386514.8009751521
395148,18,"Tampa, FL",msa,FL,2024-10-31,385177.4419626689
395148,18,"Tampa, FL",msa,FL,2024-11-30,383364.8353611731
395148,18,"Tampa, FL",msa,FL,2024-12-31,381627.44335929886
395148,18,"Tampa, FL",msa,FL,2025-01-31,380166.3987406921
395148,18,"Tampa, FL",msa,FL,2025-02-28,378755.86112891167
395148,18,"Tampa, FL",msa,FL,2025-03-31,376953.14271886746
395148,18,"Tampa, FL",msa,FL,2025-04-30,374625.27113677136
395148,18,"Tampa, FL",msa,FL,2025-05-31,372160.09537935193
395148,18,"Tampa, FL",msa,FL,2025-06-30,369535.4365683843
395148,18,"Tampa, FL",msa,FL,2025-07-31,366758.1356518166
395148,18,"Tampa, FL",msa,FL,2025-08-31,364097.1238082908
395148,18,"Tampa, FL",msa,FL,2025-09-30,362125.7874898983
395148,18,"Tampa, FL",msa,FL,2025-10-31,360951.7121636869
395148,18,"Tampa, FL",msa,FL,2025-11-30,360384.4265384474
395148,18,"Tampa, FL",msa,FL,2025-12-31,360102.9262380006
395148,18,"Tampa, FL",msa,FL,2026-01-31,360154.8272250472
395148,18,"Tampa, FL",msa,FL,2026-02-28,360511.77203609474
395148,18,"Tampa, FL",msa,FL,2026-03-31,360819.3252068439
395148,18,"Tampa, FL",msa,FL,2026-04-30,360514.2018684436
395148,18,"Tampa, FL",msa,FL,2026-05-31,359690.28078620904
395148,18,"Tampa, FL",msa,FL,2026-06-30,358854.9529436948
395148,18,"Tampa, FL",msa,FL,2026-07-31,358611.66895816365
395148,18,"Tampa, FL",msa,FL,2026-08-31,358705.69341625104
102001,0,United States,country,,2000-01-31,123577.75959922206
102001,0,United States,country,,2000-02-29,123795.17249453448
102001,0,United States,country,,2000-03-31,124064.79649660102
102001,0,United States,country,,2000-04-30,124643.08705694375
102001,0,United States,country,,2000-05-31,125308.6301597187
102001,0,United States,country,,2000-06-30,126022.18206645528
102001,0,United States,country,,2000-07-31,126777.97329883427
102001,0,United States,country,,2000-08-31,127593.77638217736
102001,0,United States,country,,2000-09-30,128442.35642124142
102001,0,United States,country,,2000-10-31,129294.16846853709
102001,0,United States,country,,2000-11-30,130141.90143060085
102001,0,United States,country,,2000-12-31,130990.77943163105
102001,0,United States,country,,2001-01-31,131770.00081532373
102001,0,United States,country,,2001-02-28,132460.08738583027
102001,0,United States,country,,2001-03-31,133125.68681153984
102001,0,United States,country,,2001-04-30,133845.34778356363
102001,0,United States,country,,2001-05-31,134621.97193434293
102001,0,United States,country,,2001-06-30,135418.77162623423
102001,0,United States,country,,2001-07-31,136238.64934044602
102001,0,United States,country,,2001-08-31,137095.17631327812
102001,0,United States,country,,2001-09-30,137959.34412891185
102001,0,United States,country,,2001-10-31,138819.79874165694
102001,0,United States,country,,2001-11-30,139621.7868162675
102001,0,United States,country,,2001-12-31,140373.6665434843
102001,0,United States,country,,2002-01-31,141038.63545852216
102001,0,United States,country,,2002-02-28,141674.66444215234
102001,0,United States,country,,2002-03-31,142323.06739511414
102001,0,United States,country,,2002-04-30,143028.50464499326
102001,0,United States,country,,2002-05-31,143807.6734617244
102001,0,United States,country,,2002-06-30,144651.66817829676
102001,0,United States,country,,2002-07-31,145576.93566694178
102001,0,United States,country,,2002-08-31,146564.81516177746
102001,0,United States,country,,2002-09-30,147565.83355791922
102001,0,United States,country,,2002-10-31,148565.3388675663
102001,0,United States,country,,2002-11-30,149517.29832702098
102001,0,United States,country,,2002-12-31,150444.05886690828
102001,0,United States,country,,2003-01-31,151282.73041223528
102001,0,United States,country,,2003-02-28,152085.2194881033
102001,0,United States,country,,2003-03-31,152887.27406111252
102001,0,United States,country,,2003-04-30,153760.45618651688
102001,0,United States,country,,2003-05-31,154721.18050762595
102001,0,United States,country,,2003-06-30,155717.8422110584
102001,0,United States,country,,2003-07-31,156766.684585709
102001,0,United States,country,,2003-08-31,157880.65679552115
102001,0,United States,country,,2003-09-30,159059.4038243642
102001,0,United States,country,,2003-10-31,160248.8814090199
102001,0,United States,country,,2003-11-30,161354.9662004849
102001,0,United States,country,,2003-12-31,162395.06213508762
102001,0,United States,country,,2004-01-31,163388.0962404046
102001,0,United States,country,,2004-02-29,164448.97530308456
102001,0,United States,country,,2004-03-31,165619.39494203217
102001,0,United States,country,,2004-04-30,166927.82570798302
102001,0,United States,country,,2004-05-31,168401.178953887
102001,0,United States,country,,2004-06-30,170005.71993159395
102001,0,United States,country,,2004-07-31,171734.76282760978
102001,0,United States,country,,2004-08-31,173488.68091654696
102001,0,United States,country,,2004-09-30,175220.38893100116
102001,0,United States,country,,2004-10-31,176879.85930806142
102001,0,United States,country,,2004-11-30,178437.3949641094
102001,0,United States,country,,2004-12-31,179971.87371869796
102001,0,United States,country,,2005-01-31,181456.5945236466
102001,0,United States,country,,2005-02-28,182971.404447282
102001,0,United States,country,,2005-03-31,184534.0361505075
102001,0,United States,country,,2005-04-30,186294.4030490488
102001,0,United States,country,,2005-05-31,188164.42714711
102001,0,United States,country,,2005-06-30,190123.10400335505
102001,0,United States,country,,2005-07-31,192096.3789500793
102001,0,United States,country,,2005-08-31,194092.3445734544
102001,0,United States,country,,2005-09-30,196055.19748820784
102001,0,United States,country,,2005-10-31,197914.292499157
102001,0,United States,country,,2005-11-30,199611.4502537602
102001,0,United States,country,,2005-12-31,201144.92195851557
102001,0,United States,country,,2006-01-31,202458.0963442813
102001,0,United States,country,,2006-02-28,203677.6438320228
102001,0,United States,country,,2006-03-31,204905.97839475647
102001,0,United States,country,,2006-04-30,206225.79263348607
102001,0,United States,country,,2006-05-31,207528.4493439161
102001,0,United States,country,,2006-06-30,208677.38126769676
102001,0,United States,country,,2006-07-31,209577.55901367147
102001,0,United States,country,,2006-08-31,210270.10607228617
102001,0,United States,country,,2006-09-30,210723.57442292583
102001,0,United States,country,,2006-10-31,211043.81152965504
102001,0,United States,country,,2006-11-30,211211.638612555
102001,0,United States,country,,2006-12-31,211312.9094516116
102001,0,United States,country,,2007-01-31,211350.34726905357
102001,0,United States,country,,2007-02-28,211390.1996306896
102001,0,United States,country,,2007-03-31,211418.95447800928
102001,0,United States,country,,2007-04-30,211448.23196079468
102001,0,United States,country,,2007-05-31,211354.93151416825
102001,0,United States,country,,2007-06-30,211086.8636442017
102001,0,United States,country,,2007-07-31,210588.8831504869
102001,0,United States,country,,2007-08-31,210000.72721463288
102001,0,United States,country,,2007-09-30,209298.2481511085
102001,0,United States,country,,2007-10-31,208543.72346627532
102001,0,United States,country,,2007-11-30,207637.94498704447
102001,0,United States,country,,2007-12-31,206682.2064043618
102001,0,United States,country,,2008-01-31,205585.638823077
102001,0,United States,country,,2008-02-29,204377.77652753456
102001,0,United States,country,,2008-03-31,203019.7833857936
102001,0,United States,country,,2008-04-30,201553.8291700968
102001,0,United States,country,,2008-05-31,200029.2436096241
102001,0,United States,country,,2008-06-30,198425.7109003435
102001,0,United States,country,,2008-07-31,196719.2914683943
102001,0,United States,country,,2008-08-31,194826.9606542393
102001,0,United States,country,,2008-09-30,192912.2115164152
102001,0,United States,country,,2008-10-31,191043.25065151253
102001,0,United States,country,,2008-11-30,189214.38640613123
102001,0,United States,country,,2008-12-31,187401.8292527416
102001,0,United States,country,,2009-01-31,185633.49958235407
102001,0,United States,country,,2009-02-28,184125.691971178
102001,0,United States,country,,2009-03-31,182742.86799868048
102001,0,United States,country,,2009-04-30,181439.66709492076
102001,0,United States,country,,2009-05-31,180121.9863431886
102001,0,United States,country,,2009-06-30,178880.77057107128
102001,0,United States,country,,2009-07-31,177756.62479807995
102001,0,United States,country,,2009-08-31,176716.77716326897
102001,0,United States,country,,2009-09-30,175761.3723049335
102001,0,United States,country,,2009-10-31,174980.7817516909
102001,0,United States,country,,2009-11-30,174540.15510868098
102001,0,United States,country,,2009-12-31,174342.62943445606
102001,0,United States,country,,2010-01-31,174278.27977274646
102001,0,United States,country,,2010-02-28,174207.82123178462
102001,0,United States,country,,2010-03-31,174204.30700061008
102001,0,United States,country,,2010-04-30,174309.03356811372
102001,0,United States,country,,2010-05-31,174369.60650779132
102001,0,United States,country,,2010-06-30,174225.8008890951
102001,0,United States,country,,2010-07-31,173681.5546177912
102001,0,United States,country,,2010-08-31,172877.49773553957
102001,0,United States,country,,2010-09-30,171880.75664301022
102001,0,United States,country,,2010-10-31,170850.3706871895
102001,0,United States,country,,2010-11-30,169804.3224433503
102001,0,United States,country,,2010-12-31,168830.84302255473
102001,0,United States,country,,2011-01-31,167929.28319537715
102001,0,United States,country,,2011-02-28,167094.12769982425
102001,0,United States,country,,2011-03-31,166298.83837842624
102001,0,United States,country,,2011-04-30,165467.02642302788
102001,0,United States,country,,2011-05-31,164590.72419279648
102001,0,United States,country,,2011-06-30,163732.1317640778
102001,0,United States,country,,2011-07-31,163008.19923615752
102001,0,United States,country,,2011-08-31,162399.92979475958
102001,0,United States,country,,2011-09-30,161877.94772057308
102001,0,United States,country,,2011-10-31,161364.46938293884
102001,0,United States,country,,2011-11-30,160927.8882104789
102001,0,United States,country,,2011-12-31,160548.61922684332
102001,0,United States,country,,2012-01-31,160317.3129923824
102001,0,United States,country,,2012-02-29,160298.55662568405
102001,0,United States,country,,2012-03-31,160511.60529086192
102001,0,United States,country,,2012-04-30,160875.22255513523
102001,0,United States,country,,2012-05-31,161320.51830129648
102001,0,United States,country,,2012-06-30,161853.61680711186
102001,0,United States,country,,2012-07-31,162435.3893234071
102001,0,United States,country,,2012-08-31,162934.16236117392
102001,0,United States,country,,2012-09-30,163503.85018505892
102001,0,United States,country,,2012-10-31,164119.51321179912
102001,0,United States,country,,2012-11-30,164855.00922388342
102001,0,United States,country,,2012-12-31,165624.53659341528
102001,0,United States,country,,2013-01-31,166507.30511474723
102001,0,United States,country,,2013-02-28,167455.626742048
102001,0,United States,country,,2013-03-31,168445.29230393554
102001,0,United States,country,,2013-04-30,169522.306802546
102001,0,United States,country,,2013-05-31,170781.1482039312
102001,0,United States,country,,2013-06-30,172179.43383727552
102001,0,United States,country,,2013-07-31,173447.35166605923
102001,0,United States,country,,2013-08-31,174683.23815662297
102001,0,United States,country,,2013-09-30,175811.55882102266
102001,0,United States,country,,2013-10-31,177062.863878345
102001,0,United States,country,,2013-11-30,178086.92510200734
102001,0,United States,country,,2013-12-31,179024.38176016198
102001,0,United States,country,,2014-01-31,179842.40802520877
102001,0,United States,country,,2014-02-28,180715.28706260695
102001,0,United States,country,,2014-03-31,181596.33066876468
102001,0,United States,country,,2014-04-30,182480.72104562717
102001,0,United States,country,,2014-05-31,183490.8019599821
102001,0,United States,country,,2014-06-30,184386.24549046447
102001,0,United States,country,,2014-07-31,185265.7494109629
102001,0,United States,country,,2014-08-31,185939.1505262833
102001,0,United States,country,,2014-09-30,186570.2356675593
102001,0,United States,country,,2014-10-31,186986.38264606148
102001,0,United States,country,,2014-11-30,187529.66972292587
102001,0,United States,country,,2014-12-31,188194.1151969421
102001,0,United States,country,,2015-01-31,189012.19903649265
102001,0,United States,country,,2015-02-28,189826.49440471464
102001,0,United States,country,,2015-03-31,190653.8223548864
102001,0,United States,country,,2015-04-30,191558.43882078296
102001,0,United States,country,,2015-05-31,192556.37767809784
102001,0,United States,country,,2015-06-30,193514.76941037
102001,0,United States,country,,2015-07-31,194505.06861110136
102001,0,United States,country,,2015-08-31,195543.7467314556
102001,0,United States,country,,2015-09-30,196692.2834726932
102001,0,United States,country,,2015-10-31,197899.36603093575
102001,0,United States,country,,2015-11-30,198983.5859615802
102001,0,United States,country,,2015-12-31,200062.4646672142
102001,0,United States,country,,2016-01-31,201225.1660859224
102001,0,United States,country,,2016-02-29,202382.4360514481
102001,0,United States,country,,2016-03-31,203243.53016034103
102001,0,United States,country,,2016-04-30,204030.839457592
102001,0,United States,country,,2016-05-31,204821.99064126489
102001,0,United States,country,,2016-06-30,205785.686993998
102001,0,United States,country,,2016-07-31,206519.090304157
102001,0,United States,country,,2016-08-31,207208.6231139894
102001,0,United States,country,,2016-09-30,207964.9139299873
102001,0,United States,country,,2016-10-31,208917.8908218379
102001,0,United States,country,,2016-11-30,209973.00941907024
102001,0,United States,country,,2016-12-31,211087.2456680348
102001,0,United States,country,,2017-01-31,212202.93111184915
102001,0,United States,country,,2017-02-28,213370.63754017325
102001,0,United States,country,,2017-03-31,214572.92217477792
102001,0,United States,country,,2017-04-30,215879.2632887459
102001,0,United States,country,,2017-05-31,217041.8321018252
102001,0,United States,country,,2017-06-30,218131.3443642484
102001,0,United States,country,,2017-07-31,219060.26659420476
102001,0,United States,country,,2017-08-31,220012.23046655869
102001,0,United States,country,,2017-09-30,221003.35994652423
102001,0,United States,country,,2017-10-31,222134.4508221104
102001,0,United States,country,,2017-11-30,223353.45105712663
102001,0,United States,country,,2017-12-31,224629.1564743884
102001,0,United States,country,,2018-01-31,225891.2223720482
102001,0,United States,country,,2018-02-28,227116.69987378077
102001,0,United States,country,,2018-03-31,228534.28616537704
102001,0,United States,country,,2018-04-30,229825.05314629604
102001,0,United States,country,,2018-05-31,231078.9427827416
102001,0,United States,country,,2018-06-30,231988.81619713415
102001,0,United States,country,,2018-07-31,233141.38439112256
102001,0,United States,country,,2018-08-31,234246.6649108804
102001,0,United States,country,,2018-09-30,235365.1767116449
102001,0,United States,country,,2018-10-31,236134.29745526504
102001,0,United States,country,,2018-11-30,236907.30697937068
102001,0,United States,country,,2018-12-31,237733.41972938905
102001,0,United States,country,,2019-01-31,238729.91393841623
102001,0,United States,country,,2019-02-28,239886.4393567916
102001,0,United States,country,,2019-03-31,241108.5174522747
102001,0,United States,country,,2019-04-30,242198.4881967775
102001,0,United States,country,,2019-05-31,243011.09277459356
102001,0,United States,country,,2019-06-30,243725.1786620376
102001,0,United States,country,,2019-07-31,244382.6303710847
102001,0,United States,country,,2019-08-31,245105.25414858095
102001,0,United States,country,,2019-09-30,245741.75118924628
102001,0,United States,country,,2019-10-31,246628.29636328336
102001,0,United States,country,,2019-11-30,247834.8180540261
102001,0,United States,country,,2019-12-31,249253.5310228296
102001,0,United States,country,,2020-01-31,250815.6837106572
102001,0,United States,country,,2020-02-29,252342.3294399568
102001,0,United States,country,,2020-03-31,253930.51374622868
102001,0,United States,country,,2020-04-30,255290.3988334275
102001,0,United States,country,,2020-05-31,256055.85462769555
102001,0,United States,country,,2020-06-30,256486.77812210747
102001,0,United States,country,,2020-07-31,257177.96637011296
102001,0,United States,country,,2020-08-31,258834.36743214785
102001,0,United States,country,,2020-09-30,261679.2398923064
102001,0,United States,country,,2020-10-31,265154.2581485187
102001,0,United States,country,,2020-11-30,269084.37845466816
102001,0,United States,country,,2020-12-31,272914.76414081856
102001,0,United States,country,,2021-01-31,276598.71308241255
102001,0,United States,country,,2021-02-28,280364.4867162145
102001,0,United States,country,,2021-03-31,284295.2399764206
102001,0,United States,country,,2021-04-30,288594.2260544233
102001,0,United States,country,,2021-05-31,293363.3432873532
102001,0,United States,country,,2021-06-30,298492.40114574035
102001,0,United States,country,,2021-07-31,303096.303072526
102001,0,United States,country,,2021-08-31,306368.044190239
102001,0,United States,country,,2021-09-30,308364.9118277767
102001,0,United States,country,,2021-10-31,310322.08206996863
102001,0,United States,country,,2021-11-30,312975.3635332387
102001,0,United States,country,,2021-12-31,316245.3552737066
102001,0,United States,country,,2022-01-31,320744.1119620062
102001,0,United States,country,,2022-02-28,326132.25764905947
102001,0,United States,country,,2022-03-31,332467.3082397591
102001,0,United States,country,,2022-04-30,338798.874018821
102001,0,United States,country,,2022-05-31,344456.77616072
102001,0,United States,country,,2022-06-30,349186.12489191146
102001,0,United States,country,,2022-07-31,351671.4779963723
102001,0,United States,country,,2022-08-31,352049.7925663989
102001,0,United States,country,,2022-09-30,350758.1278153814
102001,0,United States,country,,2022-10-31,349516.0596528618
102001,0,United States,country,,2022-11-30,348496.25780717115
102001,0,United States,country,,2022-12-31,347570.0379882995
102001,0,United States,country,,2023-01-31,346356.2040900436
102001,0,United States,country,,2023-02-28,345469.0998811221
102001,0,United States,country,,2023-03-31,345406.39949072787
102001,0,United States,country,,2023-04-30,346389.6931586477
102001,0,United States,country,,2023-05-31,348047.3885465521
102001,0,United States,country,,2023-06-30,350023.0433464599
102001,0,United States,country,,2023-07-31,351805.230820328
102001,0,United States,country,,2023-08-31,353459.0245186596
102001,0,United States,country,,2023-09-30,354708.47319648275
102001,0,United States,country,,2023-10-31,355643.44213959813
102001,0,United States,country,,2023-11-30,356305.79435882345
102001,0,United States,country,,2023-12-31,356745.35226452653
102001,0,United States,country,,2024-01-31,357182.76903556887
102001,0,United States,country,,2024-02-29,357984.36954905075
102001,0,United States,country,,2024-03-31,359543.31355275406
102001,0,United States,country,,2024-04-30,361420.3890340321
102001,0,United States,country,,2024-05-31,362870.31592423614
102001,0,United States,country,,2024-06-30,363438.25616901607
102001,0,United States,country,,2024-07-31,363587.96496791625
102001,0,United States,country,,2024-08-31,363834.08106808574
102001,0,United States,country,,2024-09-30,364289.7643518921
102001,0,United States,country,,2024-10-31,364884.9417329514
102001,0,United States,country,,2024-11-30,365383.5467392448
102001,0,United States,country,,2024-12-31,366111.6654657945
102001,0,United States,country,,2025-01-31,366748.4284972496
102001,0,United States,country,,2025-02-28,367212.95372014
102001,0,United States,country,,2025-03-31,366934.7707766869
102001,0,United States,country,,2025-04-30,366401.2559197394
102001,0,United States,country,,2025-05-31,365708.66745530674
102001,0,United States,country,,2025-06-30,365085.1245868734
102001,0,United States,country,,2025-07-31,364654.14338940574
102001,0,United States,country,,2025-08-31,364424.1889163169
102001,0,United States,country,,2025-09-30,364668.2201663575
102001,0,United States,country,,2025-10-31,365106.8920834484
102001,0,United States,country,,2025-11-30,365789.6371872821
102001,0,United States,country,,2025-12-31,366588.38707554754
102001,0,United States,country,,2026-01-31,367350.4468837799
102001,0,United States,country,,2026-02-28,368071.7142784877
102001,0,United States,country,,2026-03-31,368567.1729016836
102001,0,United States,country,,2026-04-30,368647.33296030416
102001,0,United States,country,,2026-05-31,368385.2913513133
102001,0,United States,country,,2026-06-30,368141.6470358242
102001,0,United States,country,,2026-07-31,368249.9967201192
102001,0,United States,country,,2026-08-31,368696.6847491317
395209,6,"Washington, DC",msa,VA,2000-01-31,180961.30220693912
395209,6,"Washington, DC",msa,VA,2000-02-29,181108.43776858653
395209,6,"Washington, DC",msa,VA,2000-03-31,181379.61834683263
395209,6,"Washington, DC",msa,VA,2000-04-30,181993.649123395
395209,6,"Washington, DC",msa,VA,2000-05-31,182927.0802863203
395209,6,"Washington, DC",msa,VA,2000-06-30,184050.59142968548
395209,6,"Washington, DC",msa,VA,2000-07-31,185448.47618583395
395209,6,"Washington, DC",msa,VA,2000-08-31,187006.26979870544
395209,6,"Washington, DC",msa,VA,2000-09-30,188606.44381040163
395209,6,"Washington, DC",msa,VA,2000-10-31,190209.53878705585
395209,6,"Washington, DC",msa,VA,2000-11-30,191781.25120906395
395209,6,"Washington, DC",msa,VA,2000-12-31,193511.9471034396
395209,6,"Washington, DC",msa,VA,2001-01-31,195057.74187423204
395209,6,"Washington, DC",msa,VA,2001-02-28,196431.856353141
395209,6,"Washington, DC",msa,VA,2001-03-31,197825.8652061799
395209,6,"Washington, DC",msa,VA,2001-04-30,199591.00268983064
395209,6,"Washington, DC",msa,VA,2001-05-31,201697.0185900623
395209,6,"Washington, DC",msa,VA,2001-06-30,203942.5744910615
395209,6,"Washington, DC",msa,VA,2001-07-31,206262.81535239684
395209,6,"Washington, DC",msa,VA,2001-08-31,208647.98958876563
395209,6,"Washington, DC",msa,VA,2001-09-30,210999.52978866603
395209,6,"Washington, DC",msa,VA,2001-10-31,213239.3301192392
395209,6,"Washington, DC",msa,VA,2001-11-30,215449.8179983038
395209,6,"Washington, DC",msa,VA,2001-12-31,217634.07729403596
395209,6,"Washington, DC",msa,VA,2002-01-31,219595.7576102896
395209,6,"Washington, DC",msa,VA,2002-02-28,221386.6248603344
395209,6,"Washington, DC",msa,VA,2002-03-31,223243.24371433337
395209,6,"Washington, DC",msa,VA,2002-04-30,225502.0096254004
395209,6,"Washington, DC",msa,VA,2002-05-31,228170.157787706
395209,6,"Washington, DC",msa,VA,2002-06-30,231140.36577229368
395209,6,"Washington, DC",msa,VA,2002-07-31,234390.422956034
395209,6,"Washington, DC",msa,VA,2002-08-31,237821.14630307583
395209,6,"Washington, DC",msa,VA,2002-09-30,241163.40075112405
395209,6,"Washington, DC",msa,VA,2002-10-31,244252.67969389076
395209,6,"Washington, DC",msa,VA,2002-11-30,247000.41652356045
395209,6,"Washington, DC",msa,VA,2002-12-31,249617.07656949767
395209,6,"Washington, DC",msa,VA,2003-01-31,251893.46730722903
395209,6,"Washington, DC",msa,VA,2003-02-28,254320.8051112348
395209,6,"Washington, DC",msa,VA,2003-03-31,256888.548776439
395209,6,"Washington, DC",msa,VA,2003-04-30,259849.5205233896
395209,6,"Washington, DC",msa,VA,2003-05-31,262932.7417547068
395209,6,"Washington, DC",msa,VA,2003-06-30,266205.7283710963
395209,6,"Washington, DC",msa,VA,2003-07-31,269637.2421682014
395209,6,"Washington, DC",msa,VA,2003-08-31,273071.0815805276
395209,6,"Washington, DC",msa,VA,2003-09-30,276543.66804061976
395209,6,"Washington, DC",msa,VA,2003-10-31,280020.33859567944
395209,6,"Washington, DC",msa,VA,2003-11-30,283340.1077038553
395209,6,"Washington, DC",msa,VA,2003-12-31,286425.69394186133
395209,6,"Washington, DC",msa,VA,2004-01-31,289215.5256560619
395209,6,"Washington, DC",msa,VA,2004-02-29,292354.4209842876
395209,6,"Washington, DC",msa,VA,2004-03-31,295907.3522299139
395209,6,"Washington, DC",msa,VA,2004-04-30,300290.92767860874
395209,6,"Washington, DC",msa,VA,2004-05-31,305440.85820830293
395209,6,"Washington, DC",msa,VA,2004-06-30,311414.4062816696
395209,6,"Washington, DC",msa,VA,2004-07-31,318319.1252643535
395209,6,"Washington, DC",msa,VA,2004-08-31,325433.4552569063
395209,6,"Washington, DC",msa,VA,2004-09-30,332583.0927918709
395209,6,"Washington, DC",msa,VA,2004-10-31,338647.3621233199
395209,6,"Washington, DC",msa,VA,2004-11-30,343878.0212597019
395209,6,"Washington, DC",msa,VA,2004-12-31,348820.2458554232
395209,6,"Washington, DC",msa,VA,2005-01-31,354103.4628006443
395209,6,"Washington, DC",msa,VA,2005-02-28,359431.8893837202
395209,6,"Washington, DC",msa,VA,2005-03-31,364967.54037354834
395209,6,"Washington, DC",msa,VA,2005-04-30,371416.8371340889
395209,6,"Washington, DC",msa,VA,2005-05-31,379026.3284362573
395209,6,"Washington, DC",msa,VA,2005-06-30,386901.80203453824
395209,6,"Washington, DC",msa,VA,2005-07-31,394472.0310002898
395209,6,"Washington, DC",msa,VA,2005-08-31,401258.58388677257
395209,6,"Washington, DC",msa,VA,2005-09-30,407689.7164786288
395209,6,"Washington, DC",msa,VA,2005-10-31,413460.04964026326
395209,6,"Washington, DC",msa,VA,2005-11-30,418258.3627746203
395209,6,"Washington, DC",msa,VA,2005-12-31,422511.4855120463
395209,6,"Washington, DC",msa,VA,2006-01-31,426108.0089491612
395209,6,"Washington, DC",msa,VA,2006-02-28,429625.2895497776
395209,6,"Washington, DC",msa,VA,2006-03-31,433172.63789620943
395209,6,"Washington, DC",msa,VA,2006-04-30,436395.7067049549
395209,6,"Washington, DC",msa,VA,2006-05-31,439037.86338599474
395209,6,"Washington, DC",msa,VA,2006-06-30,440503.52204952267
395209,6,"Washington, DC",msa,VA,2006-07-31,441286.7626291192
395209,6,"Washington, DC",msa,VA,2006-08-31,441274.5079596055
395209,6,"Washington, DC",msa,VA,2006-09-30,439818.5283371683
395209,6,"Washington, DC",msa,VA,2006-10-31,437304.3443898386
395209,6,"Washington, DC",msa,VA,2006-11-30,434929.65041242354
395209,6,"Washington, DC",msa,VA,2006-12-31,433237.7468786913
395209,6,"Washington, DC",msa,VA,2007-01-31,431864.4673452774
395209,6,"Washington, DC",msa,VA,2007-02-28,430525.25912266615
395209,6,"Washington, DC",msa,VA,2007-03-31,429287.7369895901
395209,6,"Washington, DC",msa,VA,2007-04-30,428533.8990220063
395209,6,"Washington, DC",msa,VA,2007-05-31,427485.5094261486
395209,6,"Washington, DC",msa,VA,2007-06-30,425445.9398210388
395209,6,"Washington, DC",msa,VA,2007-07-31,422606.2186805032
395209,6,"Washington, DC",msa,VA,2007-08-31,419405.7862418248
395209,6,"Washington, DC",msa,VA,2007-09-30,416556.6948846436
395209,6,"Washington, DC",msa,VA,2007-10-31,413310.97838446667
395209,6,"Washington, DC",msa,VA,2007-11-30,409753.7640699662
395209,6,"Washington, DC",msa,VA,2007-12-31,405629.25338218064
395209,6,"Washington, DC",msa,VA,2008-01-31,401626.1147903178
395209,6,"Washington, DC",msa,VA,2008-02-29,397365.72089906427
395209,6,"Washington, DC",msa,VA,2008-03-31,392535.49680648017
395209,6,"Washington, DC",msa,VA,2008-04-30,387161.3703648553
395209,6,"Washington, DC",msa,VA,2008-05-31,381088.6071590939
395209,6,"Washington, DC",msa,VA,2008-06-30,375146.8300713084
395209,6,"Washington, DC",msa,VA,2008-07-31,369109.4246993208
395209,6,"Washington, DC",msa,VA,2008-08-31,363397.1052912895
395209,6,"Washington, DC",msa,VA,2008-09-30,357589.71214335854
395209,6,"Washington, DC",msa,VA,2008-10-31,352224.8783878128
395209,6,"Washington, DC",msa,VA,2008-11-30,347518.5091600306
395209,6,"Washington, DC",msa,VA,2008-12-31,343518.5116947704
395209,6,"Washington, DC",msa,VA,2009-01-31,339389.45657682914
395209,6,"Washington, DC",msa,VA,2009-02-28,335317.2425786138
395209,6,"Washington, DC",msa,VA,2009-03-31,331418.46338919154
395209,6,"Washington, DC",msa,VA,2009-04-30,328114.97177901206
395209,6,"Washington, DC",msa,VA,2009-05-31,325851.2987382831
395209,6,"Washington, DC",msa,VA,2009-06-30,324281.6909689706
395209,6,"Washington, DC",msa,VA,2009-07-31,322968.940891298
395209,6,"Washington, DC",msa,VA,2009-08-31,321445.93541517854
395209,6,"Washington, DC",msa,VA,2009-09-30,319684.7747756696
395209,6,"Washington, DC",msa,VA,2009-10-31,318408.5175629281
395209,6,"Washington, DC",msa,VA,2009-11-30,317986.7051616634
395209,6,"Washington, DC",msa,VA,2009-12-31,318639.61715056346
395209,6,"Washington, DC",msa,VA,2010-01-31,320000.76511088066
395209,6,"Washington, DC",msa,VA,2010-02-28,321008.7999117261
395209,6,"Washington, DC",msa,VA,2010-03-31,322150.6175193379
395209,6,"Washington, DC",msa,VA,2010-04-30,323373.5705338212
395209,6,"Washington, DC",msa,VA,2010-05-31,324924.7750513653
395209,6,"Washington, DC",msa,VA,2010-06-30,325602.2563810985
395209,6,"Washington, DC",msa,VA,2010-07-31,325248.34036187665
395209,6,"Washington, DC",msa,VA,2010-08-31,324070.56806915783
395209,6,"Washington, DC",msa,VA,2010-09-30,322810.1672568367
395209,6,"Washington, DC",msa,VA,2010-10-31,321605.84117402165
395209,6,"Washington, DC",msa,VA,2010-11-30,320281.4107778415
395209,6,"Washington, DC",msa,VA,2010-12-31,319212.2202827148
395209,6,"Washington, DC",msa,VA,2011-01-31,318624.6037109978
395209,6,"Washington, DC",msa,VA,2011-02-28,318967.55107805174
395209,6,"Washington, DC",msa,VA,2011-03-31,319285.8174803354
395209,6,"Washington, DC",msa,VA,2011-04-30,319453.1010725709
395209,6,"Washington, DC",msa,VA,2011-05-31,318898.80053729744
395209,6,"Washington, DC",msa,VA,2011-06-30,318470.04987500934
395209,6,"Washington, DC",msa,VA,2011-07-31,317632.1981051242
395209,6,"Washington, DC",msa,VA,2011-08-31,316724.99805150024
395209,6,"Washington, DC",msa,VA,2011-09-30,315439.0749534211
395209,6,"Washington, DC",msa,VA,2011-10-31,314394.52964505
395209,6,"Washington, DC",msa,VA,2011-11-30,314116.0994108121
395209,6,"Washington, DC",msa,VA,2011-12-31,314105.5507196488
395209,6,"Washington, DC",msa,VA,2012-01-31,314275.02347476984
395209,6,"Washington, DC",msa,VA,2012-02-29,314738.40113411925
395209,6,"Washington, DC",msa,VA,2012-03-31,315777.76821898017
395209,6,"Washington, DC",msa,VA,2012-04-30,317540.2352016495
395209,6,"Washington, DC",msa,VA,2012-05-31,319220.02260419907
395209,6,"Washington, DC",msa,VA,2012-06-30,321211.4665412386
395209,6,"Washington, DC",msa,VA,2012-07-31,322961.67313832743
395209,6,"Washington, DC",msa,VA,2012-08-31,324955.6957798567
395209,6,"Washington, DC",msa,VA,2012-09-30,327230.03440759866
395209,6,"Washington, DC",msa,VA,2012-10-31,329769.4415787856
395209,6,"Washington, DC",msa,VA,2012-11-30,332348.7285595681
395209,6,"Washington, DC",msa,VA,2012-12-31,334387.9019832884
395209,6,"Washington, DC",msa,VA,2013-01-31,336321.075270542
395209,6,"Washington, DC",msa,VA,2013-02-28,338365.4982557862
395209,6,"Washington, DC",msa,VA,2013-03-31,340392.667332391
395209,6,"Washington, DC",msa,VA,2013-04-30,342484.08365218225
395209,6,"Washington, DC",msa,VA,2013-05-31,344626.0746155521
395209,6,"Washington, DC",msa,VA,2013-06-30,347206.7244585329
395209,6,"Washington, DC",msa,VA,2013-07-31,349620.2771790373
395209,6,"Washington, DC",msa,VA,2013-08-31,351951.3081123582
395209,6,"Washington, DC",msa,VA,2013-09-30,354259.5880599169
395209,6,"Washington, DC",msa,VA,2013-10-31,356807.10314752936
395209,6,"Washington, DC",msa,VA,2013-11-30,359227.08391525486
395209,6,"Washington, DC",msa,VA,2013-12-31,361312.58897712623
395209,6,"Washington, DC",msa,VA,2014-01-31,362936.8731514199
395209,6,"Washington, DC",msa,VA,2014-02-28,364457.5539563194
395209,6,"Washington, DC",msa,VA,2014-03-31,365967.4729352226
395209,6,"Washington, DC",msa,VA,2014-04-30,367700.6106991504
395209,6,"Washington, DC",msa,VA,2014-05-31,369052.15671491687
395209,6,"Washington, DC",msa,VA,2014-06-30,369950.2428872599
395209,6,"Washington, DC",msa,VA,2014-07-31,370254.6032438479
395209,6,"Washington, DC",msa,VA,2014-08-31,370345.01461220765
395209,6,"Washington, DC",msa,VA,2014-09-30,370822.529739676
395209,6,"Washington, DC",msa,VA,2014-10-31,371454.004880995
395209,6,"Washington, DC",msa,VA,2014-11-30,372281.0340372862
395209,6,"Washington, DC",msa,VA,2014-12-31,372741.6486850564
395209,6,"Washington, DC",msa,VA,2015-01-31,373268.4678381772
395209,6,"Washington, DC",msa,VA,2015-02-28,373983.9786331458
395209,6,"Washington, DC",msa,VA,2015-03-31,374867.76932942827
395209,6,"Washington, DC",msa,VA,2015-04-30,375357.4402437076
395209,6,"Washington, DC",msa,VA,2015-05-31,375528.8335585322
395209,6,"Washington, DC",msa,VA,2015-06-30,375591.0026560098
395209,6,"Washington, DC",msa,VA,2015-07-31,376080.3910247647
395209,6,"Washington, DC",msa,VA,2015-08-31,376828.0828826257
395209,6,"Washington, DC",msa,VA,2015-09-30,377904.7998375957
395209,6,"Washington, DC",msa,VA,2015-10-31,379233.4440246061
395209,6,"Washington, DC",msa,VA,2015-11-30,380619.7519373727
395209,6,"Washington, DC",msa,VA,2015-12-31,381890.44379170594
395209,6,"Washington, DC",msa,VA,2016-01-31,383270.726155614
395209,6,"Washington, DC",msa,VA,2016-02-29,384379.3079730436
395209,6,"Washington, DC",msa,VA,2016-03-31,384885.7960449794
395209,6,"Washington, DC",msa,VA,2016-04-30,384826.8435713218
395209,6,"Washington, DC",msa,VA,2016-05-31,384714.1706454447
395209,6,"Washington, DC",msa,VA,2016-06-30,384927.251241042
395209,6,"Washington, DC",msa,VA,2016-07-31,385109.6491564537
395209,6,"Washington, DC",msa,VA,2016-08-31,385195.35455907794
395209,6,"Washington, DC",msa,VA,2016-09-30,385469.4045532616
395209,6,"Washington, DC",msa,VA,2016-10-31,386527.8187001352
395209,6,"Washington, DC",msa,VA,2016-11-30,388253.9274417936
395209,6,"Washington, DC",msa,VA,2016-12-31,390345.91414207296
395209,6,"Washington, DC",msa,VA,2017-01-31,392252.7923936394
395209,6,"Washington, DC",msa,VA,2017-02-28,394170.77183032647
395209,6,"Washington, DC",msa,VA,2017-03-31,395852.7481032715
395209,6,"Washington, DC",msa,VA,2017-04-30,397327.9072223703
395209,6,"Washington, DC",msa,VA,2017-05-31,398065.5776835503
395209,6,"Washington, DC",msa,VA,2017-06-30,398357.849595572
395209,6,"Washington, DC",msa,VA,2017-07-31,398330.129659124
395209,6,"Washington, DC",msa,VA,2017-08-31,398620.28269266494
395209,6,"Washington, DC",msa,VA,2017-09-30,399510.55215343897
395209,6,"Washington, DC",msa,VA,2017-10-31,400923.178757332
395209,6,"Washington, DC",msa,VA,2017-11-30,402488.23113637697
395209,6,"Washington, DC",msa,VA,2017-12-31,404205.79863834754
395209,6,"Washington, DC",msa,VA,2018-01-31,405938.53888315504
395209,6,"Washington, DC",msa,VA,2018-02-28,407529.9548349247
395209,6,"Washington, DC",msa,VA,2018-03-31,409133.7147378108
395209,6,"Washington, DC",msa,VA,2018-04-30,410334.1052078088
395209,6,"Washington, DC",msa,VA,2018-05-31,411554.6559371473
395209,6,"Washington, DC",msa,VA,2018-06-30,412118.4787117787
395209,6,"Washington, DC",msa,VA,2018-07-31,413158.0797887711
395209,6,"Washington, DC",msa,VA,2018-08-31,414111.2780260898
395209,6,"Washington, DC",msa,VA,2018-09-30,415316.8388379761
395209,6,"Washington, DC",msa,VA,2018-10-31,416246.6087028662
395209,6,"Washington, DC",msa,VA,2018-11-30,417189.8550004961
395209,6,"Washington, DC",msa,VA,2018-12-31,418112.7020424992
395209,6,"Washington, DC",msa,VA,2019-01-31,419048.2939413795
395209,6,"Washington, DC",msa,VA,2019-02-28,420420.9284903041
395209,6,"Washington, DC",msa,VA,2019-03-31,422325.22240965767
395209,6,"Washington, DC",msa,VA,2019-04-30,424402.3179734093
395209,6,"Washington, DC",msa,VA,2019-05-31,425752.8352389343
395209,6,"Washington, DC",msa,VA,2019-06-30,426500.6843211908
395209,6,"Washington, DC",msa,VA,2019-07-31,426889.5718704692
395209,6,"Washington, DC",msa,VA,2019-08-31,427493.02724591474
395209,6,"Washington, DC",msa,VA,2019-09-30,428109.64306640805
395209,6,"Washington, DC",msa,VA,2019-10-31,429106.1218934175
395209,6,"Washington, DC",msa,VA,2019-11-30,430572.5623607112
395209,6,"Washington, DC",msa,VA,2019-12-31,432613.3116872356
395209,6,"Washington, DC",msa,VA,2020-01-31,435152.6932230343
395209,6,"Washington, DC",msa,VA,2020-02-29,437909.7484291101
395209,6,"Washington, DC",msa,VA,2020-03-31,440717.8451454163
395209,6,"Washington, DC",msa,VA,2020-04-30,443050.38353507855
395209,6,"Washington, DC",msa,VA,2020-05-31,444204.7134098532
395209,6,"Washington, DC",msa,VA,2020-06-30,444446.1815160879
395209,6,"Washington, DC",msa,VA,2020-07-31,444938.5458373893
395209,6,"Washington, DC",msa,VA,2020-08-31,447103.8971691735
395209,6,"Washington, DC",msa,VA,2020-09-30,451325.0221633244
395209,6,"Washington, DC",msa,VA,2020-10-31,456743.1288536693
395209,6,"Washington, DC",msa,VA,2020-11-30,462712.1380088646
395209,6,"Washington, DC",msa,VA,2020-12-31,468378.202777969
395209,6,"Washington, DC",msa,VA,2021-01-31,473501.6714696671
395209,6,"Washington, DC",msa,VA,2021-02-28,478769.8179381222
395209,6,"Washington, DC",msa,VA,2021-03-31,484606.7860354597
395209,6,"Washington, DC",msa,VA,2021-04-30,491159.891322396
395209,6,"Washington, DC",msa,VA,2021-05-31,497806.6196100419
395209,6,"Washington, DC",msa,VA,2021-06-30,503608.71071454574
395209,6,"Washington, DC",msa,VA,2021-07-31,507154.9350563663
395209,6,"Washington, DC",msa,VA,2021-08-31,508393.1181747141
395209,6,"Washington, DC",msa,VA,2021-09-30,507817.3983855068
395209,6,"Washington, DC",msa,VA,2021-10-31,507687.72108466463
395209,6,"Washington, DC",msa,VA,2021-11-30,508492.10186458007
395209,6,"Washington, DC",msa,VA,2021-12-31,510661.0459460741
395209,6,"Washington, DC",msa,VA,2022-01-31,514629.8184991428
395209,6,"Washington, DC",msa,VA,2022-02-28,520641.1206109395
395209,6,"Washington, DC",msa,VA,2022-03-31,528649.5665485355
395209,6,"Washington, DC",msa,VA,2022-04-30,536556.4337714463
395209,6,"Washington, DC",msa,VA,2022-05-31,543103.4783168663
395209,6,"Washington, DC",msa,VA,2022-06-30,546782.3856459039
395209,6,"Washington, DC",msa,VA,2022-07-31,546739.461186183
395209,6,"Washington, DC",msa,VA,2022-08-31,543525.1878881888
395209,6,"Washington, DC",msa,VA,2022-09-30,538922.6139614042
395209,6,"Washington, DC",msa,VA,2022-10-31,535775.7205816518
395209,6,"Washington, DC",msa,VA,2022-11-30,534070.2582190199
395209,6,"Washington, DC",msa,VA,2022-12-31,533403.6157973226
395209,6,"Washington, DC",msa,VA,2023-01-31,532626.1587040733
395209,6,"Washington, DC",msa,VA,2023-02-28,532359.5630890764
395209,6,"Washington, DC",msa,VA,2023-03-31,532492.9495198582
395209,6,"Washington, DC",msa,VA,2023-04-30,534030.4953289813
395209,6,"Washington, DC",msa,VA,2023-05-31,536606.1217632488
395209,6,"Washington, DC",msa,VA,2023-06-30,540271.5627065665
395209,6,"Washington, DC",msa,VA,2023-07-31,543658.5865786402
395209,6,"Washington, DC",msa,VA,2023-08-31,546407.5058268269
395209,6,"Washington, DC",msa,VA,2023-09-30,548155.4958412347
395209,6,"Washington, DC",msa,VA,2023-10-31,549300.2540511301
395209,6,"Washington, DC",msa,VA,2023-11-30,549961.6553438125
395209,6,"Washington, DC",msa,VA,2023-12-31,550525.9199955421
395209,6,"Washington, DC",msa,VA,2024-01-31,550949.7186568659
395209,6,"Washington, DC",msa,VA,2024-02-29,552401.481855322
395209,6,"Washington, DC",msa,VA,2024-03-31,555456.1063942487
395209,6,"Washington, DC",msa,VA,2024-04-30,559666.5894822845
395209,6,"Washington, DC",msa,VA,2024-05-31,563125.5161024065
395209,6,"Washington, DC",msa,VA,2024-06-30,564821.4120438439
395209,6,"Washington, DC",msa,VA,2024-07-31,565387.9605178408
395209,6,"Washington, DC",msa,VA,2024-08-31,565910.9635606915
395209,6,"Washington, DC",msa,VA,2024-09-30,567352.253304665
395209,6,"Washington, DC",msa,VA,2024-10-31,569448.9034064893
395209,6,"Washington, DC",msa,VA,2024-11-30,571777.6738037267
395209,6,"Washington, DC",msa,VA,2024-12-31,573861.3146406964
395209,6,"Washington, DC",msa,VA,2025-01-31,575450.5761262089
395209,6,"Washington, DC",msa,VA,2025-02-28,576585.4498895033
395209,6,"Washington, DC",msa,VA,2025-03-31,576644.6224515373
395209,6,"Washington, DC",msa,VA,2025-04-30,576363.9405799817
395209,6,"Washington, DC",msa,VA,2025-05-31,575167.6970993051
395209,6,"Washington, DC",msa,VA,2025-06-30,573875.4121994153
395209,6,"Washington, DC",msa,VA,2025-07-31,572868.0170132088
395209,6,"Washington, DC",msa,VA,2025-08-31,572322.5022686999
395209,6,"Washington, DC",msa,VA,2025-09-30,572379.9765141205
395209,6,"Washington, DC",msa,VA,2025-10-31,572982.2913328744
395209,6,"Washington, DC",msa,VA,2025-11-30,573950.0483189622
395209,6,"Washington, DC",msa,VA,2025-12-31,574890.9205034045
395209,6,"Washington, DC",msa,VA,2026-01-31,575077.5724750215
395209,6,"Washington, DC",msa,VA,2026-02-28,574897.0912973202
395209,6,"Washington, DC",msa,VA,2026-03-31,574402.8401860787
395209,6,"Washington, DC",msa,VA,2026-04-30,573395.9639798912
395209,6,"Washington, DC",msa,VA,2026-05-31,572338.7973049978
395209,6,"Washington, DC",msa,VA,2026-06-30,571970.2689647907
395209,6,"Washington, DC",msa,VA,2026-07-31,572402.3067676383
395209,6,"Washington, DC",msa,VA,2026-08-31,573335.6629432053
