image_id,image_path,label,class_id,class_code,class_description,source_partition,assigned_split,source_dataset,source_author,license,width,height,channels,sha256
phi_net_test_0000,data/raw/property_conditions/test/global_collapse/phi_net_test_gc_0000.jpg,global_collapse,0,GC,Global collapse,OFFICIAL_BENCHMARK_TEST,test,PEER Hub ImageNet (PHI-Net) Task 5,Yuqing Gao (UC Berkeley PEER Center),CC BY-NC-SA 4.0,224,224,3,2240e5c5b980faca423c9c35dbca2cc7e810ff2278e66c9e9d9adae75b17a818
phi_net_test_0001,data/raw/property_conditions/test/global_collapse/phi_net_test_gc_0001.jpg,global_collapse,0,GC,Global collapse,OFFICIAL_BENCHMARK_TEST,test,PEER Hub ImageNet (PHI-Net) Task 5,Yuqing Gao (UC Berkeley PEER Center),CC BY-NC-SA 4.0,224,224,3,1159600fa3bbe0ae3c5c323c97d3d6687868e0840416e1bb36cd31e47730ce6a
phi_net_test_0002,data/raw/property_conditions/test/global_collapse/phi_net_test_gc_0002.jpg,global_collapse,0,GC,Global collapse,OFFICIAL_BENCHMARK_TEST,test,PEER Hub ImageNet (PHI-Net) Task 5,Yuqing Gao (UC Berkeley PEER Center),CC BY-NC-SA 4.0,224,224,3,17e5565bba2506dd3639569afeb6689840ebd6b546eedd7bd23d9043219ea20e
phi_net_test_0003,data/raw/property_conditions/test/global_collapse/phi_net_test_gc_0003.jpg,global_collapse,0,GC,Global collapse,OFFICIAL_BENCHMARK_TEST,test,PEER Hub ImageNet (PHI-Net) Task 5,Yuqing Gao (UC Berkeley PEER Center),CC BY-NC-SA 4.0,224,224,3,110b3e03e31daaaf3a9ef2f77f122883ac137de3afe13db3ab9c2e31d9fdbe86
phi_net_test_0004,data/raw/property_conditions/test/global_collapse/phi_net_test_gc_0004.jpg,global_collapse,0,GC,Global collapse,OFFICIAL_BENCHMARK_TEST,test,PEER Hub ImageNet (PHI-Net) Task 5,Yuqing Gao (UC Berkeley PEER Center),CC BY-NC-SA 4.0,224,224,3,9bc43eef1b325b27ef97d9ac34f884348d00beb2519c710a9edaeb202659c789
phi_net_test_0005,data/raw/property_conditions/test/global_collapse/phi_net_test_gc_0005.jpg,global_collapse,0,GC,Global collapse,OFFICIAL_BENCHMARK_TEST,test,PEER Hub ImageNet (PHI-Net) Task 5,Yuqing Gao (UC Berkeley PEER Center),CC BY-NC-SA 4.0,224,224,3,34f90cc17523bc4da60775dcdb4af9fa934f778817bbd12684f00e982d6d9c08
phi_net_test_0006,data/raw/property_conditions/test/global_collapse/phi_net_test_gc_0006.jpg,global_collapse,0,GC,Global collapse,OFFICIAL_BENCHMARK_TEST,test,PEER Hub ImageNet (PHI-Net) Task 5,Yuqing Gao (UC Berkeley PEER Center),CC BY-NC-SA 4.0,224,224,3,933620389ca2480288748c706000180f4bc445f434db40ae70cbabe2465ed65b
phi_net_test_0007,data/raw/property_conditions/test/global_collapse/phi_net_test_gc_0007.jpg,global_collapse,0,GC,Global collapse,OFFICIAL_BENCHMARK_TEST,test,PEER Hub ImageNet (PHI-Net) Task 5,Yuqing Gao (UC Berkeley PEER Center),CC BY-NC-SA 4.0,224,224,3,49447f222c72e6951fcfecc91a5832c4ebcd0b67ca5afdaaa0a3b8dc8ada3220
phi_net_test_0008,data/raw/property_conditions/test/global_collapse/phi_net_test_gc_0008.jpg,global_collapse,0,GC,Global collapse,OFFICIAL_BENCHMARK_TEST,test,PEER Hub ImageNet (PHI-Net) Task 5,Yuqing Gao (UC Berkeley PEER Center),CC BY-NC-SA 4.0,224,224,3,1a55429eb4f68619789efc3cb2a4a31a04d851ce8ff4ab381fde3a752400166c
phi_net_test_0009,data/raw/property_conditions/test/global_collapse/phi_net_test_gc_0009.jpg,global_collapse,0,GC,Global collapse,OFFICIAL_BENCHMARK_TEST,test,PEER Hub ImageNet (PHI-Net) Task 5,Yuqing Gao (UC Berkeley PEER Center),CC BY-NC-SA 4.0,224,224,3,bd7675e5e8976a00f4bab0b7ebe2c61f1d63795acd50244a090b554ce0a24085
phi_net_test_0010,data/raw/property_conditions/test/global_collapse/phi_net_test_gc_0010.jpg,global_collapse,0,GC,Global collapse,OFFICIAL_BENCHMARK_TEST,test,PEER Hub ImageNet (PHI-Net) Task 5,Yuqing Gao (UC Berkeley PEER Center),CC BY-NC-SA 4.0,224,224,3,b1c9ee63f036dedf7e7af204f7f90bbdb90bc40893c8000b0a47a4a397fae70e
phi_net_test_0011,data/raw/property_conditions/test/global_collapse/phi_net_test_gc_0011.jpg,global_collapse,0,GC,Global collapse,OFFICIAL_BENCHMARK_TEST,test,PEER Hub ImageNet (PHI-Net) Task 5,Yuqing Gao (UC Berkeley PEER Center),CC BY-NC-SA 4.0,224,224,3,c87bcec2c57584685bfb2a2de7907fd0102bfc82b80bf8cf14e2a3c18a7b5501
phi_net_test_0012,data/raw/property_conditions/test/global_collapse/phi_net_test_gc_0012.jpg,global_collapse,0,GC,Global collapse,OFFICIAL_BENCHMARK_TEST,test,PEER Hub ImageNet (PHI-Net) Task 5,Yuqing Gao (UC Berkeley PEER Center),CC BY-NC-SA 4.0,224,224,3,0dbf239747f6e97986ebb55f1787f7caaa0e002fa47d8ce9fb68021726ce9e45
phi_net_test_0013,data/raw/property_conditions/test/global_collapse/phi_net_test_gc_0013.jpg,global_collapse,0,GC,Global collapse,OFFICIAL_BENCHMARK_TEST,test,PEER Hub ImageNet (PHI-Net) Task 5,Yuqing Gao (UC Berkeley PEER Center),CC BY-NC-SA 4.0,224,224,3,ef15ac5d1f4e6cec6846be702c8c2a539c056799e2b6fb43494b63dcd5f5eee4
phi_net_test_0014,data/raw/property_conditions/test/global_collapse/phi_net_test_gc_0014.jpg,global_collapse,0,GC,Global collapse,OFFICIAL_BENCHMARK_TEST,test,PEER Hub ImageNet (PHI-Net) Task 5,Yuqing Gao (UC Berkeley PEER Center),CC BY-NC-SA 4.0,224,224,3,d3bdbc5be048694c2f13f073952ccc15a1f312539b41528e76c99a6f2b313d07
phi_net_test_0015,data/raw/property_conditions/test/global_collapse/phi_net_test_gc_0015.jpg,global_collapse,0,GC,Global collapse,OFFICIAL_BENCHMARK_TEST,test,PEER Hub ImageNet (PHI-Net) Task 5,Yuqing Gao (UC Berkeley PEER Center),CC BY-NC-SA 4.0,224,224,3,3771ec52a644baec0e5a0271b148239b0f9176b12565551fbfd90c44073f6310
phi_net_test_0016,data/raw/property_conditions/test/global_collapse/phi_net_test_gc_0016.jpg,global_collapse,0,GC,Global collapse,OFFICIAL_BENCHMARK_TEST,test,PEER Hub ImageNet (PHI-Net) Task 5,Yuqing Gao (UC Berkeley PEER Center),CC BY-NC-SA 4.0,224,224,3,f8a1a3826f50383ac769e42cfd6537a5c80c0f6cd4a2d189dcae4c7222bcf4fd
phi_net_test_0017,data/raw/property_conditions/test/global_collapse/phi_net_test_gc_0017.jpg,global_collapse,0,GC,Global collapse,OFFICIAL_BENCHMARK_TEST,test,PEER Hub ImageNet (PHI-Net) Task 5,Yuqing Gao (UC Berkeley PEER Center),CC BY-NC-SA 4.0,224,224,3,682f834c6d1346cb52688f00bc78f4b1cd22bb9b88c4bba5efed6a00c22223f8
phi_net_test_0018,data/raw/property_conditions/test/global_collapse/phi_net_test_gc_0018.jpg,global_collapse,0,GC,Global collapse,OFFICIAL_BENCHMARK_TEST,test,PEER Hub ImageNet (PHI-Net) Task 5,Yuqing Gao (UC Berkeley PEER Center),CC BY-NC-SA 4.0,224,224,3,3b9c94b3f53851b310da89bcf8f038317757c59d7bf6990b18344aef481bf528
phi_net_test_0019,data/raw/property_conditions/test/global_collapse/phi_net_test_gc_0019.jpg,global_collapse,0,GC,Global collapse,OFFICIAL_BENCHMARK_TEST,test,PEER Hub ImageNet (PHI-Net) Task 5,Yuqing Gao (UC Berkeley PEER Center),CC BY-NC-SA 4.0,224,224,3,9c947e3f29d9baf1438e8ef05d2978dbadee5b337223d971b7ed965f40c645c5
phi_net_test_0020,data/raw/property_conditions/test/global_collapse/phi_net_test_gc_0020.jpg,global_collapse,0,GC,Global collapse,OFFICIAL_BENCHMARK_TEST,test,PEER Hub ImageNet (PHI-Net) Task 5,Yuqing Gao (UC Berkeley PEER Center),CC BY-NC-SA 4.0,224,224,3,bebe481c1dc03a68c150383472f9e6cdc97b76d1abe5efe0664e59110f90e85c
phi_net_test_0021,data/raw/property_conditions/test/global_collapse/phi_net_test_gc_0021.jpg,global_collapse,0,GC,Global collapse,OFFICIAL_BENCHMARK_TEST,test,PEER Hub ImageNet (PHI-Net) Task 5,Yuqing Gao (UC Berkeley PEER Center),CC BY-NC-SA 4.0,224,224,3,2e25d88d82e07496fc39b1084bca0e16e08a244178f480c67777bbc871da737b
phi_net_test_0022,data/raw/property_conditions/test/global_collapse/phi_net_test_gc_0022.jpg,global_collapse,0,GC,Global collapse,OFFICIAL_BENCHMARK_TEST,test,PEER Hub ImageNet (PHI-Net) Task 5,Yuqing Gao (UC Berkeley PEER Center),CC BY-NC-SA 4.0,224,224,3,14dd3aaaf711e26d06359481bfd891fbec5fb44737fb6437463c64b2f49ba73d
phi_net_test_0023,data/raw/property_conditions/test/global_collapse/phi_net_test_gc_0023.jpg,global_collapse,0,GC,Global collapse,OFFICIAL_BENCHMARK_TEST,test,PEER Hub ImageNet (PHI-Net) Task 5,Yuqing Gao (UC Berkeley PEER Center),CC BY-NC-SA 4.0,224,224,3,48b63f2834f4322b3068a055a4e0975ae710f3922214238129de922f566ce186
phi_net_test_0024,data/raw/property_conditions/test/global_collapse/phi_net_test_gc_0024.jpg,global_collapse,0,GC,Global collapse,OFFICIAL_BENCHMARK_TEST,test,PEER Hub ImageNet (PHI-Net) Task 5,Yuqing Gao (UC Berkeley PEER Center),CC BY-NC-SA 4.0,224,224,3,cb7cff5085dab8c6dbbf6989e3e17acefb59bef35586aee7ce88ba1968bb62c2
phi_net_test_0025,data/raw/property_conditions/test/global_collapse/phi_net_test_gc_0025.jpg,global_collapse,0,GC,Global collapse,OFFICIAL_BENCHMARK_TEST,test,PEER Hub ImageNet (PHI-Net) Task 5,Yuqing Gao (UC Berkeley PEER Center),CC BY-NC-SA 4.0,224,224,3,845efd0bbb2854d2593ab3303b8cb8df3828c00e393da1ea6578d978075fb0ce
phi_net_test_0026,data/raw/property_conditions/test/global_collapse/phi_net_test_gc_0026.jpg,global_collapse,0,GC,Global collapse,OFFICIAL_BENCHMARK_TEST,test,PEER Hub ImageNet (PHI-Net) Task 5,Yuqing Gao (UC Berkeley PEER Center),CC BY-NC-SA 4.0,224,224,3,1741527ae823a886250e0304876e011951df05ed16fd8446628b4d61d6179907
phi_net_test_0027,data/raw/property_conditions/test/global_collapse/phi_net_test_gc_0027.jpg,global_collapse,0,GC,Global collapse,OFFICIAL_BENCHMARK_TEST,test,PEER Hub ImageNet (PHI-Net) Task 5,Yuqing Gao (UC Berkeley PEER Center),CC BY-NC-SA 4.0,224,224,3,fcf82cc72d0d6ee45376177b3ffacddac74c605b8ef4326e3127f686f7050cee
phi_net_test_0028,data/raw/property_conditions/test/global_collapse/phi_net_test_gc_0028.jpg,global_collapse,0,GC,Global collapse,OFFICIAL_BENCHMARK_TEST,test,PEER Hub ImageNet (PHI-Net) Task 5,Yuqing Gao (UC Berkeley PEER Center),CC BY-NC-SA 4.0,224,224,3,d5421df75446b9e0d862644837371b0e92bf1bfb37d4e59bdfd06b166ecb18ea
phi_net_test_0029,data/raw/property_conditions/test/global_collapse/phi_net_test_gc_0029.jpg,global_collapse,0,GC,Global collapse,OFFICIAL_BENCHMARK_TEST,test,PEER Hub ImageNet (PHI-Net) Task 5,Yuqing Gao (UC Berkeley PEER Center),CC BY-NC-SA 4.0,224,224,3,4373792b4ec4eabb213a182722b37d66e7c6a7805437b84cce0f52a019d7bc38
phi_net_test_0030,data/raw/property_conditions/test/global_collapse/phi_net_test_gc_0030.jpg,global_collapse,0,GC,Global collapse,OFFICIAL_BENCHMARK_TEST,test,PEER Hub ImageNet (PHI-Net) Task 5,Yuqing Gao (UC Berkeley PEER Center),CC BY-NC-SA 4.0,224,224,3,0772412b2bd22b33764e1e74ab761a678915e665d74d8863ec1514b143f360aa
phi_net_test_0031,data/raw/property_conditions/test/global_collapse/phi_net_test_gc_0031.jpg,global_collapse,0,GC,Global collapse,OFFICIAL_BENCHMARK_TEST,test,PEER Hub ImageNet (PHI-Net) Task 5,Yuqing Gao (UC Berkeley PEER Center),CC BY-NC-SA 4.0,224,224,3,c9e2ae206012a7a6f95dbd7b56427279948f053f8d826bebc5ed37244071dd5a
phi_net_test_0032,data/raw/property_conditions/test/global_collapse/phi_net_test_gc_0032.jpg,global_collapse,0,GC,Global collapse,OFFICIAL_BENCHMARK_TEST,test,PEER Hub ImageNet (PHI-Net) Task 5,Yuqing Gao (UC Berkeley PEER Center),CC BY-NC-SA 4.0,224,224,3,7142269ce694747a40c2e05e91f4aa90c357e1a27cb3c13f2cdbd54631883529
phi_net_test_0033,data/raw/property_conditions/test/global_collapse/phi_net_test_gc_0033.jpg,global_collapse,0,GC,Global collapse,OFFICIAL_BENCHMARK_TEST,test,PEER Hub ImageNet (PHI-Net) Task 5,Yuqing Gao (UC Berkeley PEER Center),CC BY-NC-SA 4.0,224,224,3,4807eb45ca8242d865f077fb91943a4df68ee7b2627bcf54e5d7d616ebf63953
phi_net_test_0034,data/raw/property_conditions/test/global_collapse/phi_net_test_gc_0034.jpg,global_collapse,0,GC,Global collapse,OFFICIAL_BENCHMARK_TEST,test,PEER Hub ImageNet (PHI-Net) Task 5,Yuqing Gao (UC Berkeley PEER Center),CC BY-NC-SA 4.0,224,224,3,a997911dc3bc0f79bfbae17de2e17cfce9e1b45e106d1d83f767fc055b7b123f
phi_net_test_0035,data/raw/property_conditions/test/global_collapse/phi_net_test_gc_0035.jpg,global_collapse,0,GC,Global collapse,OFFICIAL_BENCHMARK_TEST,test,PEER Hub ImageNet (PHI-Net) Task 5,Yuqing Gao (UC Berkeley PEER Center),CC BY-NC-SA 4.0,224,224,3,573ff97284de4af86a4b88846598e7743b3240c2dc9a2fa2a9f479d1face594c
phi_net_test_0036,data/raw/property_conditions/test/global_collapse/phi_net_test_gc_0036.jpg,global_collapse,0,GC,Global collapse,OFFICIAL_BENCHMARK_TEST,test,PEER Hub ImageNet (PHI-Net) Task 5,Yuqing Gao (UC Berkeley PEER Center),CC BY-NC-SA 4.0,224,224,3,6e6c0cd8643864464563c0314b3b59ccdeebb78e48e11b66fda4cca68d6aae48
phi_net_test_0037,data/raw/property_conditions/test/global_collapse/phi_net_test_gc_0037.jpg,global_collapse,0,GC,Global collapse,OFFICIAL_BENCHMARK_TEST,test,PEER Hub ImageNet (PHI-Net) Task 5,Yuqing Gao (UC Berkeley PEER Center),CC BY-NC-SA 4.0,224,224,3,cf75203083c4fc3cfc15cdbc168b3c621a2b3e44c0ec815be43c478862dc721b
phi_net_test_0038,data/raw/property_conditions/test/global_collapse/phi_net_test_gc_0038.jpg,global_collapse,0,GC,Global collapse,OFFICIAL_BENCHMARK_TEST,test,PEER Hub ImageNet (PHI-Net) Task 5,Yuqing Gao (UC Berkeley PEER Center),CC BY-NC-SA 4.0,224,224,3,4a7d942a487c3b860b0afec74fd95c58339f0ba8aa87b2396e91485da5311076
phi_net_test_0039,data/raw/property_conditions/test/global_collapse/phi_net_test_gc_0039.jpg,global_collapse,0,GC,Global collapse,OFFICIAL_BENCHMARK_TEST,test,PEER Hub ImageNet (PHI-Net) Task 5,Yuqing Gao (UC Berkeley PEER Center),CC BY-NC-SA 4.0,224,224,3,bb93112640974b5e3e97551fe85b70b95416683c0e3d40ce844b47c0726ee501
phi_net_test_0040,data/raw/property_conditions/test/global_collapse/phi_net_test_gc_0040.jpg,global_collapse,0,GC,Global collapse,OFFICIAL_BENCHMARK_TEST,test,PEER Hub ImageNet (PHI-Net) Task 5,Yuqing Gao (UC Berkeley PEER Center),CC BY-NC-SA 4.0,224,224,3,1798423c16dbf14085a60cd512b8996ea61e554098e375e7cd371cbf7b37ab6e
phi_net_test_0041,data/raw/property_conditions/test/global_collapse/phi_net_test_gc_0041.jpg,global_collapse,0,GC,Global collapse,OFFICIAL_BENCHMARK_TEST,test,PEER Hub ImageNet (PHI-Net) Task 5,Yuqing Gao (UC Berkeley PEER Center),CC BY-NC-SA 4.0,224,224,3,08b04a942fbc7fffde2f2722cf86435930c50261e5e6cc07dcae338a057cec4d
phi_net_test_0042,data/raw/property_conditions/test/global_collapse/phi_net_test_gc_0042.jpg,global_collapse,0,GC,Global collapse,OFFICIAL_BENCHMARK_TEST,test,PEER Hub ImageNet (PHI-Net) Task 5,Yuqing Gao (UC Berkeley PEER Center),CC BY-NC-SA 4.0,224,224,3,0d9d4616d3da76c906bfd7233ba1cc3f54ed30edfc8573d8d46acd36164def5a
phi_net_test_0043,data/raw/property_conditions/test/global_collapse/phi_net_test_gc_0043.jpg,global_collapse,0,GC,Global collapse,OFFICIAL_BENCHMARK_TEST,test,PEER Hub ImageNet (PHI-Net) Task 5,Yuqing Gao (UC Berkeley PEER Center),CC BY-NC-SA 4.0,224,224,3,df63fca3fd476f9032e4c44bfceeef532799ae219b91ea189636b224e465e3ea
phi_net_test_0044,data/raw/property_conditions/test/global_collapse/phi_net_test_gc_0044.jpg,global_collapse,0,GC,Global collapse,OFFICIAL_BENCHMARK_TEST,test,PEER Hub ImageNet (PHI-Net) Task 5,Yuqing Gao (UC Berkeley PEER Center),CC BY-NC-SA 4.0,224,224,3,aa0d8652ddedb77aeea335f52187b08a1c6c23575b8824ea0aa1ea077e8de1ff
phi_net_test_0045,data/raw/property_conditions/test/global_collapse/phi_net_test_gc_0045.jpg,global_collapse,0,GC,Global collapse,OFFICIAL_BENCHMARK_TEST,test,PEER Hub ImageNet (PHI-Net) Task 5,Yuqing Gao (UC Berkeley PEER Center),CC BY-NC-SA 4.0,224,224,3,a1581fc3a3e0873af9eabe1ed90687359ed201100ef7eda10bcb3c4a768130b8
phi_net_test_0046,data/raw/property_conditions/test/global_collapse/phi_net_test_gc_0046.jpg,global_collapse,0,GC,Global collapse,OFFICIAL_BENCHMARK_TEST,test,PEER Hub ImageNet (PHI-Net) Task 5,Yuqing Gao (UC Berkeley PEER Center),CC BY-NC-SA 4.0,224,224,3,60eb8c609bce971215726ab481344c760dff546d7b539c7e7593ab00413a01cb
phi_net_test_0047,data/raw/property_conditions/test/global_collapse/phi_net_test_gc_0047.jpg,global_collapse,0,GC,Global collapse,OFFICIAL_BENCHMARK_TEST,test,PEER Hub ImageNet (PHI-Net) Task 5,Yuqing Gao (UC Berkeley PEER Center),CC BY-NC-SA 4.0,224,224,3,e95a71d0357c58fb9faeeb1236b7dadc49d3514c250587989dc0c868f1baeb98
phi_net_test_0048,data/raw/property_conditions/test/global_collapse/phi_net_test_gc_0048.jpg,global_collapse,0,GC,Global collapse,OFFICIAL_BENCHMARK_TEST,test,PEER Hub ImageNet (PHI-Net) Task 5,Yuqing Gao (UC Berkeley PEER Center),CC BY-NC-SA 4.0,224,224,3,87175ffc86ee53f59845b4cc7e4d5434ca077cb8bbdcb7582fbe4e919b370e4d
phi_net_test_0049,data/raw/property_conditions/test/global_collapse/phi_net_test_gc_0049.jpg,global_collapse,0,GC,Global collapse,OFFICIAL_BENCHMARK_TEST,test,PEER Hub ImageNet (PHI-Net) Task 5,Yuqing Gao (UC Berkeley PEER Center),CC BY-NC-SA 4.0,224,224,3,a60849e26508f5bcfad2eb47c68d54fb64d16833e0c1cb9035359a54ff2fa42b
phi_net_test_0050,data/raw/property_conditions/test/global_collapse/phi_net_test_gc_0050.jpg,global_collapse,0,GC,Global collapse,OFFICIAL_BENCHMARK_TEST,test,PEER Hub ImageNet (PHI-Net) Task 5,Yuqing Gao (UC Berkeley PEER Center),CC BY-NC-SA 4.0,224,224,3,9316955b20feaefa3b2540238859ea9c2276234449a1755805ba0f92f97f0862
phi_net_test_0051,data/raw/property_conditions/test/global_collapse/phi_net_test_gc_0051.jpg,global_collapse,0,GC,Global collapse,OFFICIAL_BENCHMARK_TEST,test,PEER Hub ImageNet (PHI-Net) Task 5,Yuqing Gao (UC Berkeley PEER Center),CC BY-NC-SA 4.0,224,224,3,631cf475cb8bb8d98f7c0b37fa63bbd067f925f98333c04d115951ccbbeb775b
phi_net_test_0052,data/raw/property_conditions/test/global_collapse/phi_net_test_gc_0052.jpg,global_collapse,0,GC,Global collapse,OFFICIAL_BENCHMARK_TEST,test,PEER Hub ImageNet (PHI-Net) Task 5,Yuqing Gao (UC Berkeley PEER Center),CC BY-NC-SA 4.0,224,224,3,24d77091b7b34a24bd76befca0e738499a478a8a34eb5b35f8d39144c67a8054
phi_net_test_0053,data/raw/property_conditions/test/global_collapse/phi_net_test_gc_0053.jpg,global_collapse,0,GC,Global collapse,OFFICIAL_BENCHMARK_TEST,test,PEER Hub ImageNet (PHI-Net) Task 5,Yuqing Gao (UC Berkeley PEER Center),CC BY-NC-SA 4.0,224,224,3,06580f3844179b6a16fdf263bf0bde9ac37a2acf904dfb28fb32f8eb55c24e98
phi_net_test_0054,data/raw/property_conditions/test/global_collapse/phi_net_test_gc_0054.jpg,global_collapse,0,GC,Global collapse,OFFICIAL_BENCHMARK_TEST,test,PEER Hub ImageNet (PHI-Net) Task 5,Yuqing Gao (UC Berkeley PEER Center),CC BY-NC-SA 4.0,224,224,3,4793753a1e09d804f3ca94fa1c55320086ce5561cd71b849b80ed21619b183a9
phi_net_test_0055,data/raw/property_conditions/test/global_collapse/phi_net_test_gc_0055.jpg,global_collapse,0,GC,Global collapse,OFFICIAL_BENCHMARK_TEST,test,PEER Hub ImageNet (PHI-Net) Task 5,Yuqing Gao (UC Berkeley PEER Center),CC BY-NC-SA 4.0,224,224,3,8510e6c6c3d7101e0c31258739332eb39ff7c8504d6ab10eccc1902e4c459063
phi_net_test_0056,data/raw/property_conditions/test/global_collapse/phi_net_test_gc_0056.jpg,global_collapse,0,GC,Global collapse,OFFICIAL_BENCHMARK_TEST,test,PEER Hub ImageNet (PHI-Net) Task 5,Yuqing Gao (UC Berkeley PEER Center),CC BY-NC-SA 4.0,224,224,3,262c4aa1a5195280efec2cfb1647ae4c80c4dacb8328dacdbc78d4b41d117e93
phi_net_test_0057,data/raw/property_conditions/test/global_collapse/phi_net_test_gc_0057.jpg,global_collapse,0,GC,Global collapse,OFFICIAL_BENCHMARK_TEST,test,PEER Hub ImageNet (PHI-Net) Task 5,Yuqing Gao (UC Berkeley PEER Center),CC BY-NC-SA 4.0,224,224,3,453067110011b52694de9256ee31640ecf4b70bb36d40a57af16b2f4009a5bd8
phi_net_test_0058,data/raw/property_conditions/test/global_collapse/phi_net_test_gc_0058.jpg,global_collapse,0,GC,Global collapse,OFFICIAL_BENCHMARK_TEST,test,PEER Hub ImageNet (PHI-Net) Task 5,Yuqing Gao (UC Berkeley PEER Center),CC BY-NC-SA 4.0,224,224,3,e274b457e4c0e60faf124ee263f31115d0284566888b78d3c2c510a8e2de9714
phi_net_test_0059,data/raw/property_conditions/test/global_collapse/phi_net_test_gc_0059.jpg,global_collapse,0,GC,Global collapse,OFFICIAL_BENCHMARK_TEST,test,PEER Hub ImageNet (PHI-Net) Task 5,Yuqing Gao (UC Berkeley PEER Center),CC BY-NC-SA 4.0,224,224,3,68ec696fadf556e43f471f6e706577abe1a7504f7c426edf3bcab4622cb26a78
phi_net_test_0060,data/raw/property_conditions/test/global_collapse/phi_net_test_gc_0060.jpg,global_collapse,0,GC,Global collapse,OFFICIAL_BENCHMARK_TEST,test,PEER Hub ImageNet (PHI-Net) Task 5,Yuqing Gao (UC Berkeley PEER Center),CC BY-NC-SA 4.0,224,224,3,4ebb8c565006404d5484832fd13f73302af6bf8ff1c1e271b2787ccce786133e
phi_net_test_0061,data/raw/property_conditions/test/global_collapse/phi_net_test_gc_0061.jpg,global_collapse,0,GC,Global collapse,OFFICIAL_BENCHMARK_TEST,test,PEER Hub ImageNet (PHI-Net) Task 5,Yuqing Gao (UC Berkeley PEER Center),CC BY-NC-SA 4.0,224,224,3,ae70ba9465ba4308228a61c82f7c04f542f69711f74622eb666359975a018333
phi_net_test_0062,data/raw/property_conditions/test/global_collapse/phi_net_test_gc_0062.jpg,global_collapse,0,GC,Global collapse,OFFICIAL_BENCHMARK_TEST,test,PEER Hub ImageNet (PHI-Net) Task 5,Yuqing Gao (UC Berkeley PEER Center),CC BY-NC-SA 4.0,224,224,3,b2d14c49507d8692db3038a53e6704c10339fcbf2ff08ac7a9e3f575acd7fe5a
phi_net_test_0063,data/raw/property_conditions/test/global_collapse/phi_net_test_gc_0063.jpg,global_collapse,0,GC,Global collapse,OFFICIAL_BENCHMARK_TEST,test,PEER Hub ImageNet (PHI-Net) Task 5,Yuqing Gao (UC Berkeley PEER Center),CC BY-NC-SA 4.0,224,224,3,007daff398e66efd5ff0e5bdb4581c3a76c77ebcd80efd69f58a80e40bd65afd
phi_net_test_0064,data/raw/property_conditions/test/global_collapse/phi_net_test_gc_0064.jpg,global_collapse,0,GC,Global collapse,OFFICIAL_BENCHMARK_TEST,test,PEER Hub ImageNet (PHI-Net) Task 5,Yuqing Gao (UC Berkeley PEER Center),CC BY-NC-SA 4.0,224,224,3,48259a3d507020fdb1b5602f41b90c2130f33ceb1f227e55bd19d5ded65835de
phi_net_test_0065,data/raw/property_conditions/test/global_collapse/phi_net_test_gc_0065.jpg,global_collapse,0,GC,Global collapse,OFFICIAL_BENCHMARK_TEST,test,PEER Hub ImageNet (PHI-Net) Task 5,Yuqing Gao (UC Berkeley PEER Center),CC BY-NC-SA 4.0,224,224,3,d5ce1c2e4de8d05df462c19e77af57b9d3941899c20a718fc6c1b74a5ad564c2
phi_net_test_0066,data/raw/property_conditions/test/global_collapse/phi_net_test_gc_0066.jpg,global_collapse,0,GC,Global collapse,OFFICIAL_BENCHMARK_TEST,test,PEER Hub ImageNet (PHI-Net) Task 5,Yuqing Gao (UC Berkeley PEER Center),CC BY-NC-SA 4.0,224,224,3,4834f5bfd218152bd59dd27f949d25ab21aeb223cb171622d23f6b4eefd4bb1f
phi_net_test_0067,data/raw/property_conditions/test/non_collapse/phi_net_test_nc_0067.jpg,non_collapse,1,NC,Non-collapse,OFFICIAL_BENCHMARK_TEST,test,PEER Hub ImageNet (PHI-Net) Task 5,Yuqing Gao (UC Berkeley PEER Center),CC BY-NC-SA 4.0,224,224,3,dfb2ece55e7ba7c66fffa8600b1028430f09a65685c3504ef348da1619fa40bd
phi_net_test_0068,data/raw/property_conditions/test/non_collapse/phi_net_test_nc_0068.jpg,non_collapse,1,NC,Non-collapse,OFFICIAL_BENCHMARK_TEST,test,PEER Hub ImageNet (PHI-Net) Task 5,Yuqing Gao (UC Berkeley PEER Center),CC BY-NC-SA 4.0,224,224,3,6df87d74295a46b804a37985f451aba045f20d5a396d50b1f9835619671aeddb
phi_net_test_0069,data/raw/property_conditions/test/non_collapse/phi_net_test_nc_0069.jpg,non_collapse,1,NC,Non-collapse,OFFICIAL_BENCHMARK_TEST,test,PEER Hub ImageNet (PHI-Net) Task 5,Yuqing Gao (UC Berkeley PEER Center),CC BY-NC-SA 4.0,224,224,3,da4075bbcbe7361e0ff2fca995b3b721b3090af282ed5861f0c2cc4b156d8d63
phi_net_test_0070,data/raw/property_conditions/test/non_collapse/phi_net_test_nc_0070.jpg,non_collapse,1,NC,Non-collapse,OFFICIAL_BENCHMARK_TEST,test,PEER Hub ImageNet (PHI-Net) Task 5,Yuqing Gao (UC Berkeley PEER Center),CC BY-NC-SA 4.0,224,224,3,cb6b9f97c543159000e13f4bbc13381d910a54d2ce1ecfd8777a6225f551c35f
phi_net_test_0071,data/raw/property_conditions/test/non_collapse/phi_net_test_nc_0071.jpg,non_collapse,1,NC,Non-collapse,OFFICIAL_BENCHMARK_TEST,test,PEER Hub ImageNet (PHI-Net) Task 5,Yuqing Gao (UC Berkeley PEER Center),CC BY-NC-SA 4.0,224,224,3,1443f622324ed4d514bac87ce0dd4dbf1db27c494b83b05fc0f9a04ec061a489
phi_net_test_0072,data/raw/property_conditions/test/non_collapse/phi_net_test_nc_0072.jpg,non_collapse,1,NC,Non-collapse,OFFICIAL_BENCHMARK_TEST,test,PEER Hub ImageNet (PHI-Net) Task 5,Yuqing Gao (UC Berkeley PEER Center),CC BY-NC-SA 4.0,224,224,3,e174c87e0900ed4b3522b5640c7f9f588e87347cadcbd36282cb1bfdaca2d71c
phi_net_test_0073,data/raw/property_conditions/test/non_collapse/phi_net_test_nc_0073.jpg,non_collapse,1,NC,Non-collapse,OFFICIAL_BENCHMARK_TEST,test,PEER Hub ImageNet (PHI-Net) Task 5,Yuqing Gao (UC Berkeley PEER Center),CC BY-NC-SA 4.0,224,224,3,9ba61717800805f390fd87dbbac3d94d572532d11771685149fbafc441087624
phi_net_test_0074,data/raw/property_conditions/test/non_collapse/phi_net_test_nc_0074.jpg,non_collapse,1,NC,Non-collapse,OFFICIAL_BENCHMARK_TEST,test,PEER Hub ImageNet (PHI-Net) Task 5,Yuqing Gao (UC Berkeley PEER Center),CC BY-NC-SA 4.0,224,224,3,86788466becf30927b987ea995cc486b272cd4e1a9d5876182b8c2c78ad175f8
phi_net_test_0075,data/raw/property_conditions/test/non_collapse/phi_net_test_nc_0075.jpg,non_collapse,1,NC,Non-collapse,OFFICIAL_BENCHMARK_TEST,test,PEER Hub ImageNet (PHI-Net) Task 5,Yuqing Gao (UC Berkeley PEER Center),CC BY-NC-SA 4.0,224,224,3,c6006bea151be9cca6d39154fc69d6696ca7ac4c6b1fd04a086c7a55e074eb4b
phi_net_test_0076,data/raw/property_conditions/test/non_collapse/phi_net_test_nc_0076.jpg,non_collapse,1,NC,Non-collapse,OFFICIAL_BENCHMARK_TEST,test,PEER Hub ImageNet (PHI-Net) Task 5,Yuqing Gao (UC Berkeley PEER Center),CC BY-NC-SA 4.0,224,224,3,2766bae32e5a3f0a27299669a50ce8f1eaee4ed7f605341328a8925f7d5a5630
phi_net_test_0077,data/raw/property_conditions/test/non_collapse/phi_net_test_nc_0077.jpg,non_collapse,1,NC,Non-collapse,OFFICIAL_BENCHMARK_TEST,test,PEER Hub ImageNet (PHI-Net) Task 5,Yuqing Gao (UC Berkeley PEER Center),CC BY-NC-SA 4.0,224,224,3,9bf8f9bdbd8ad2f92f719c1a6477e958da7ac113d2bf0da1179a00d3b92382de
phi_net_test_0078,data/raw/property_conditions/test/non_collapse/phi_net_test_nc_0078.jpg,non_collapse,1,NC,Non-collapse,OFFICIAL_BENCHMARK_TEST,test,PEER Hub ImageNet (PHI-Net) Task 5,Yuqing Gao (UC Berkeley PEER Center),CC BY-NC-SA 4.0,224,224,3,a65c99ec90cd6b05af26ff9232f0134e6ace13f3704372d3881f8eb2b021da92
phi_net_test_0079,data/raw/property_conditions/test/non_collapse/phi_net_test_nc_0079.jpg,non_collapse,1,NC,Non-collapse,OFFICIAL_BENCHMARK_TEST,test,PEER Hub ImageNet (PHI-Net) Task 5,Yuqing Gao (UC Berkeley PEER Center),CC BY-NC-SA 4.0,224,224,3,c6f11c4298f86c1a518d0c3f74d41b3286f71a66635cc80cc4ac10d121b60c8f
phi_net_test_0080,data/raw/property_conditions/test/non_collapse/phi_net_test_nc_0080.jpg,non_collapse,1,NC,Non-collapse,OFFICIAL_BENCHMARK_TEST,test,PEER Hub ImageNet (PHI-Net) Task 5,Yuqing Gao (UC Berkeley PEER Center),CC BY-NC-SA 4.0,224,224,3,98fd89b828b94fe1a56f0207cecc8650e9e3d51060a58c4a16d2c768e08a8807
phi_net_test_0081,data/raw/property_conditions/test/non_collapse/phi_net_test_nc_0081.jpg,non_collapse,1,NC,Non-collapse,OFFICIAL_BENCHMARK_TEST,test,PEER Hub ImageNet (PHI-Net) Task 5,Yuqing Gao (UC Berkeley PEER Center),CC BY-NC-SA 4.0,224,224,3,5296e8602b8afb7e12142dbb6005cbb617c52b57df853fa423d0655b8bf7d49c
phi_net_test_0082,data/raw/property_conditions/test/non_collapse/phi_net_test_nc_0082.jpg,non_collapse,1,NC,Non-collapse,OFFICIAL_BENCHMARK_TEST,test,PEER Hub ImageNet (PHI-Net) Task 5,Yuqing Gao (UC Berkeley PEER Center),CC BY-NC-SA 4.0,224,224,3,84b61cab3d28748923381c4bbc9bbb363c48018f9938bc3d6208078e126730f7
phi_net_test_0083,data/raw/property_conditions/test/non_collapse/phi_net_test_nc_0083.jpg,non_collapse,1,NC,Non-collapse,OFFICIAL_BENCHMARK_TEST,test,PEER Hub ImageNet (PHI-Net) Task 5,Yuqing Gao (UC Berkeley PEER Center),CC BY-NC-SA 4.0,224,224,3,d785a91c2ddb4bcab581b5795be88fc75daf1741c3e94b26e76dd4ac37981000
phi_net_test_0084,data/raw/property_conditions/test/non_collapse/phi_net_test_nc_0084.jpg,non_collapse,1,NC,Non-collapse,OFFICIAL_BENCHMARK_TEST,test,PEER Hub ImageNet (PHI-Net) Task 5,Yuqing Gao (UC Berkeley PEER Center),CC BY-NC-SA 4.0,224,224,3,d936b90b64b03b45d73ad8f439d5bd8249e91db8497eb53f8e352226f3c18142
phi_net_test_0085,data/raw/property_conditions/test/non_collapse/phi_net_test_nc_0085.jpg,non_collapse,1,NC,Non-collapse,OFFICIAL_BENCHMARK_TEST,test,PEER Hub ImageNet (PHI-Net) Task 5,Yuqing Gao (UC Berkeley PEER Center),CC BY-NC-SA 4.0,224,224,3,3b28a168fe8e9864d9362b6ee1cb8087862747326a82b02db05e9f4d25de1ef0
phi_net_test_0086,data/raw/property_conditions/test/non_collapse/phi_net_test_nc_0086.jpg,non_collapse,1,NC,Non-collapse,OFFICIAL_BENCHMARK_TEST,test,PEER Hub ImageNet (PHI-Net) Task 5,Yuqing Gao (UC Berkeley PEER Center),CC BY-NC-SA 4.0,224,224,3,3b45e7e0806daaf56a9192d61d7312c9f415f3d7ad820ec16e65c1caaad230ad
phi_net_test_0087,data/raw/property_conditions/test/non_collapse/phi_net_test_nc_0087.jpg,non_collapse,1,NC,Non-collapse,OFFICIAL_BENCHMARK_TEST,test,PEER Hub ImageNet (PHI-Net) Task 5,Yuqing Gao (UC Berkeley PEER Center),CC BY-NC-SA 4.0,224,224,3,b4bf73f309f9b87dbda88724da2c1402f65f9479af84f152eb66704ff2a8c104
phi_net_test_0088,data/raw/property_conditions/test/non_collapse/phi_net_test_nc_0088.jpg,non_collapse,1,NC,Non-collapse,OFFICIAL_BENCHMARK_TEST,test,PEER Hub ImageNet (PHI-Net) Task 5,Yuqing Gao (UC Berkeley PEER Center),CC BY-NC-SA 4.0,224,224,3,902f5deb38fa6c33c4352a7eb8cd0bd4456a55c13de9d1035e4cb40776c0c20f
phi_net_test_0089,data/raw/property_conditions/test/non_collapse/phi_net_test_nc_0089.jpg,non_collapse,1,NC,Non-collapse,OFFICIAL_BENCHMARK_TEST,test,PEER Hub ImageNet (PHI-Net) Task 5,Yuqing Gao (UC Berkeley PEER Center),CC BY-NC-SA 4.0,224,224,3,a3189df9244fe80bb2577980c07af1e6cbea6691d84c7ecd6c0142b1dc171737
phi_net_test_0090,data/raw/property_conditions/test/non_collapse/phi_net_test_nc_0090.jpg,non_collapse,1,NC,Non-collapse,OFFICIAL_BENCHMARK_TEST,test,PEER Hub ImageNet (PHI-Net) Task 5,Yuqing Gao (UC Berkeley PEER Center),CC BY-NC-SA 4.0,224,224,3,64d2e87f0bec675b33a42d5e4a3f4d1ccc684176874d5b66afc41d582b2815ac
phi_net_test_0091,data/raw/property_conditions/test/non_collapse/phi_net_test_nc_0091.jpg,non_collapse,1,NC,Non-collapse,OFFICIAL_BENCHMARK_TEST,test,PEER Hub ImageNet (PHI-Net) Task 5,Yuqing Gao (UC Berkeley PEER Center),CC BY-NC-SA 4.0,224,224,3,02c56d6930273582a875bad938494c241cea8f74d099bb55c34ab2cb683b31ae
phi_net_test_0092,data/raw/property_conditions/test/non_collapse/phi_net_test_nc_0092.jpg,non_collapse,1,NC,Non-collapse,OFFICIAL_BENCHMARK_TEST,test,PEER Hub ImageNet (PHI-Net) Task 5,Yuqing Gao (UC Berkeley PEER Center),CC BY-NC-SA 4.0,224,224,3,04cc2fae0cb2a21673f4322cd105cdf225cb0e7014bb02b698714f2093bb6af1
phi_net_test_0093,data/raw/property_conditions/test/non_collapse/phi_net_test_nc_0093.jpg,non_collapse,1,NC,Non-collapse,OFFICIAL_BENCHMARK_TEST,test,PEER Hub ImageNet (PHI-Net) Task 5,Yuqing Gao (UC Berkeley PEER Center),CC BY-NC-SA 4.0,224,224,3,0c7609080c9f0a347d91c2b5bd3deef152d2b645f3e8d39741fb224a64867e49
phi_net_test_0094,data/raw/property_conditions/test/non_collapse/phi_net_test_nc_0094.jpg,non_collapse,1,NC,Non-collapse,OFFICIAL_BENCHMARK_TEST,test,PEER Hub ImageNet (PHI-Net) Task 5,Yuqing Gao (UC Berkeley PEER Center),CC BY-NC-SA 4.0,224,224,3,9f8f5b7d715869ca2a6f2a2e7386190c76055bfb46b40ccf3cc5f7b428e9e257
phi_net_test_0095,data/raw/property_conditions/test/non_collapse/phi_net_test_nc_0095.jpg,non_collapse,1,NC,Non-collapse,OFFICIAL_BENCHMARK_TEST,test,PEER Hub ImageNet (PHI-Net) Task 5,Yuqing Gao (UC Berkeley PEER Center),CC BY-NC-SA 4.0,224,224,3,0e9310b466ba0bcd07589756689269ad0086816ae0de7cd442ca810e75cf1620
phi_net_test_0096,data/raw/property_conditions/test/non_collapse/phi_net_test_nc_0096.jpg,non_collapse,1,NC,Non-collapse,OFFICIAL_BENCHMARK_TEST,test,PEER Hub ImageNet (PHI-Net) Task 5,Yuqing Gao (UC Berkeley PEER Center),CC BY-NC-SA 4.0,224,224,3,5754efabe7c38e1e4de111b960984c232a15f240d796abe97c738f73c61917a7
phi_net_test_0097,data/raw/property_conditions/test/non_collapse/phi_net_test_nc_0097.jpg,non_collapse,1,NC,Non-collapse,OFFICIAL_BENCHMARK_TEST,test,PEER Hub ImageNet (PHI-Net) Task 5,Yuqing Gao (UC Berkeley PEER Center),CC BY-NC-SA 4.0,224,224,3,f2bca61ad4151abf04aac333eff349931c81e309041fced5df3282d1d4582a91
phi_net_test_0098,data/raw/property_conditions/test/non_collapse/phi_net_test_nc_0098.jpg,non_collapse,1,NC,Non-collapse,OFFICIAL_BENCHMARK_TEST,test,PEER Hub ImageNet (PHI-Net) Task 5,Yuqing Gao (UC Berkeley PEER Center),CC BY-NC-SA 4.0,224,224,3,3d7936eba46f36aa3473139d5b4d5d46b7ca65aaa0b5e5e67dcbc75d6aac308b
phi_net_test_0099,data/raw/property_conditions/test/non_collapse/phi_net_test_nc_0099.jpg,non_collapse,1,NC,Non-collapse,OFFICIAL_BENCHMARK_TEST,test,PEER Hub ImageNet (PHI-Net) Task 5,Yuqing Gao (UC Berkeley PEER Center),CC BY-NC-SA 4.0,224,224,3,730d4767ac9d7da389d00efc20afd1626ac1f09fc1352c2a89a8bb299c3b1a13
phi_net_test_0100,data/raw/property_conditions/test/non_collapse/phi_net_test_nc_0100.jpg,non_collapse,1,NC,Non-collapse,OFFICIAL_BENCHMARK_TEST,test,PEER Hub ImageNet (PHI-Net) Task 5,Yuqing Gao (UC Berkeley PEER Center),CC BY-NC-SA 4.0,224,224,3,649829f8125281340fa94ad17f5673fff74e5d3fdf1274f00ede33c89f86626e
phi_net_test_0101,data/raw/property_conditions/test/non_collapse/phi_net_test_nc_0101.jpg,non_collapse,1,NC,Non-collapse,OFFICIAL_BENCHMARK_TEST,test,PEER Hub ImageNet (PHI-Net) Task 5,Yuqing Gao (UC Berkeley PEER Center),CC BY-NC-SA 4.0,224,224,3,0ec13997f98c06c059c6ed96818461d2b1e43ffda42ec248ecc56ef2143fb98c
phi_net_test_0102,data/raw/property_conditions/test/non_collapse/phi_net_test_nc_0102.jpg,non_collapse,1,NC,Non-collapse,OFFICIAL_BENCHMARK_TEST,test,PEER Hub ImageNet (PHI-Net) Task 5,Yuqing Gao (UC Berkeley PEER Center),CC BY-NC-SA 4.0,224,224,3,a91ecf85c0b016f8d1bcb6c9296a6c58e7bda13a7c48258e5d8bf4ae481651ed
phi_net_test_0103,data/raw/property_conditions/test/non_collapse/phi_net_test_nc_0103.jpg,non_collapse,1,NC,Non-collapse,OFFICIAL_BENCHMARK_TEST,test,PEER Hub ImageNet (PHI-Net) Task 5,Yuqing Gao (UC Berkeley PEER Center),CC BY-NC-SA 4.0,224,224,3,ec2b0116287f135c18be1f93667fdebbc084bd5d3580b45d44e417dd4d5ef579
phi_net_test_0104,data/raw/property_conditions/test/non_collapse/phi_net_test_nc_0104.jpg,non_collapse,1,NC,Non-collapse,OFFICIAL_BENCHMARK_TEST,test,PEER Hub ImageNet (PHI-Net) Task 5,Yuqing Gao (UC Berkeley PEER Center),CC BY-NC-SA 4.0,224,224,3,fcc7a7d8e2f19f9eb397b3827f18684635f1f700359f691b11b5b17db33ef31b
phi_net_test_0105,data/raw/property_conditions/test/non_collapse/phi_net_test_nc_0105.jpg,non_collapse,1,NC,Non-collapse,OFFICIAL_BENCHMARK_TEST,test,PEER Hub ImageNet (PHI-Net) Task 5,Yuqing Gao (UC Berkeley PEER Center),CC BY-NC-SA 4.0,224,224,3,4ed898d4fffbbd3a63140bfa54bdaa036af0a453556690394dfce40facb313e7
phi_net_test_0106,data/raw/property_conditions/test/partial_collapse/phi_net_test_pc_0106.jpg,partial_collapse,2,PC,Partial collapse,OFFICIAL_BENCHMARK_TEST,test,PEER Hub ImageNet (PHI-Net) Task 5,Yuqing Gao (UC Berkeley PEER Center),CC BY-NC-SA 4.0,224,224,3,a6e8b4544f07de55753525f5a033969b82291ccb5c79e09a4f67cbc84c19dfc3
phi_net_test_0107,data/raw/property_conditions/test/partial_collapse/phi_net_test_pc_0107.jpg,partial_collapse,2,PC,Partial collapse,OFFICIAL_BENCHMARK_TEST,test,PEER Hub ImageNet (PHI-Net) Task 5,Yuqing Gao (UC Berkeley PEER Center),CC BY-NC-SA 4.0,224,224,3,d07f48b1f2d8de9d552a50de8bda8d88e94573e7923a63e7388f0b1b3aec5079
phi_net_test_0108,data/raw/property_conditions/test/partial_collapse/phi_net_test_pc_0108.jpg,partial_collapse,2,PC,Partial collapse,OFFICIAL_BENCHMARK_TEST,test,PEER Hub ImageNet (PHI-Net) Task 5,Yuqing Gao (UC Berkeley PEER Center),CC BY-NC-SA 4.0,224,224,3,b750c6bc7a48d8a9e9a649a8f561d9396b40ad3e7a9f12a0ed2718058388ea48
phi_net_test_0109,data/raw/property_conditions/test/partial_collapse/phi_net_test_pc_0109.jpg,partial_collapse,2,PC,Partial collapse,OFFICIAL_BENCHMARK_TEST,test,PEER Hub ImageNet (PHI-Net) Task 5,Yuqing Gao (UC Berkeley PEER Center),CC BY-NC-SA 4.0,224,224,3,323a59bee1ff5925508e1904f06929b09fb548db09f552949483ded13af6eea5
phi_net_test_0110,data/raw/property_conditions/test/partial_collapse/phi_net_test_pc_0110.jpg,partial_collapse,2,PC,Partial collapse,OFFICIAL_BENCHMARK_TEST,test,PEER Hub ImageNet (PHI-Net) Task 5,Yuqing Gao (UC Berkeley PEER Center),CC BY-NC-SA 4.0,224,224,3,656f1ce6ec09fcd8e923351a5d56068060b2f04e1852141b52b380eacca3e910
phi_net_test_0111,data/raw/property_conditions/test/partial_collapse/phi_net_test_pc_0111.jpg,partial_collapse,2,PC,Partial collapse,OFFICIAL_BENCHMARK_TEST,test,PEER Hub ImageNet (PHI-Net) Task 5,Yuqing Gao (UC Berkeley PEER Center),CC BY-NC-SA 4.0,224,224,3,c9b30e511722823b947651097b356f30c5e8e18e6c21c7b1b94418c5b2f59e03
phi_net_test_0112,data/raw/property_conditions/test/partial_collapse/phi_net_test_pc_0112.jpg,partial_collapse,2,PC,Partial collapse,OFFICIAL_BENCHMARK_TEST,test,PEER Hub ImageNet (PHI-Net) Task 5,Yuqing Gao (UC Berkeley PEER Center),CC BY-NC-SA 4.0,224,224,3,d8059a06afa47fa215bc83a48b7cf2aa826addf4b41d67bfe81294858badbf18
phi_net_test_0113,data/raw/property_conditions/test/partial_collapse/phi_net_test_pc_0113.jpg,partial_collapse,2,PC,Partial collapse,OFFICIAL_BENCHMARK_TEST,test,PEER Hub ImageNet (PHI-Net) Task 5,Yuqing Gao (UC Berkeley PEER Center),CC BY-NC-SA 4.0,224,224,3,6fe4bf23152d445101dbd807ff38229785e7d3a7e8e5d94ccc5bd2d2f41d5291
phi_net_test_0114,data/raw/property_conditions/test/partial_collapse/phi_net_test_pc_0114.jpg,partial_collapse,2,PC,Partial collapse,OFFICIAL_BENCHMARK_TEST,test,PEER Hub ImageNet (PHI-Net) Task 5,Yuqing Gao (UC Berkeley PEER Center),CC BY-NC-SA 4.0,224,224,3,a0aa9e672123a074e46be25c98565db02d0b514fe049cfd1eae880f60c5301fa
phi_net_test_0115,data/raw/property_conditions/test/partial_collapse/phi_net_test_pc_0115.jpg,partial_collapse,2,PC,Partial collapse,OFFICIAL_BENCHMARK_TEST,test,PEER Hub ImageNet (PHI-Net) Task 5,Yuqing Gao (UC Berkeley PEER Center),CC BY-NC-SA 4.0,224,224,3,4a3b39a222d5654437ed6e88018372fc48195d04849831a580c42a723d0e7e37
phi_net_test_0116,data/raw/property_conditions/test/partial_collapse/phi_net_test_pc_0116.jpg,partial_collapse,2,PC,Partial collapse,OFFICIAL_BENCHMARK_TEST,test,PEER Hub ImageNet (PHI-Net) Task 5,Yuqing Gao (UC Berkeley PEER Center),CC BY-NC-SA 4.0,224,224,3,4872b78f3ced65b6b266b66f876009f7348ad01fa66d0e92abbcc2e350732231
phi_net_test_0117,data/raw/property_conditions/test/partial_collapse/phi_net_test_pc_0117.jpg,partial_collapse,2,PC,Partial collapse,OFFICIAL_BENCHMARK_TEST,test,PEER Hub ImageNet (PHI-Net) Task 5,Yuqing Gao (UC Berkeley PEER Center),CC BY-NC-SA 4.0,224,224,3,30b413db7b63a37f6ba12841a8ec0436cd3905507ce5c583c6e4019a598b9d49
phi_net_test_0118,data/raw/property_conditions/test/partial_collapse/phi_net_test_pc_0118.jpg,partial_collapse,2,PC,Partial collapse,OFFICIAL_BENCHMARK_TEST,test,PEER Hub ImageNet (PHI-Net) Task 5,Yuqing Gao (UC Berkeley PEER Center),CC BY-NC-SA 4.0,224,224,3,ff3ec700e4750d51eebd525ab1b0459a6cce6845c8dffe83de08eb483c6bf2d3
phi_net_test_0119,data/raw/property_conditions/test/partial_collapse/phi_net_test_pc_0119.jpg,partial_collapse,2,PC,Partial collapse,OFFICIAL_BENCHMARK_TEST,test,PEER Hub ImageNet (PHI-Net) Task 5,Yuqing Gao (UC Berkeley PEER Center),CC BY-NC-SA 4.0,224,224,3,b586e27041a674a097d10f44e7cea89c124c407a14015cfee9aa53789fbd6f4b
phi_net_test_0120,data/raw/property_conditions/test/partial_collapse/phi_net_test_pc_0120.jpg,partial_collapse,2,PC,Partial collapse,OFFICIAL_BENCHMARK_TEST,test,PEER Hub ImageNet (PHI-Net) Task 5,Yuqing Gao (UC Berkeley PEER Center),CC BY-NC-SA 4.0,224,224,3,3f2ddf81c5d3c2b762ec76fb30d61d578ea959af1bdc6934c6cac41053aed6a0
phi_net_test_0121,data/raw/property_conditions/test/partial_collapse/phi_net_test_pc_0121.jpg,partial_collapse,2,PC,Partial collapse,OFFICIAL_BENCHMARK_TEST,test,PEER Hub ImageNet (PHI-Net) Task 5,Yuqing Gao (UC Berkeley PEER Center),CC BY-NC-SA 4.0,224,224,3,2dc91df51b6c3626f49854fa20f80fe81b2116f4f0813e0dcbdbfdb1277b475a
phi_net_test_0122,data/raw/property_conditions/test/partial_collapse/phi_net_test_pc_0122.jpg,partial_collapse,2,PC,Partial collapse,OFFICIAL_BENCHMARK_TEST,test,PEER Hub ImageNet (PHI-Net) Task 5,Yuqing Gao (UC Berkeley PEER Center),CC BY-NC-SA 4.0,224,224,3,db0d137aeb9f5009f408f3be3d9a22a48c2468436c14170c327a198b3ac56b66
phi_net_test_0123,data/raw/property_conditions/test/partial_collapse/phi_net_test_pc_0123.jpg,partial_collapse,2,PC,Partial collapse,OFFICIAL_BENCHMARK_TEST,test,PEER Hub ImageNet (PHI-Net) Task 5,Yuqing Gao (UC Berkeley PEER Center),CC BY-NC-SA 4.0,224,224,3,aa1c4b1e28e04a634d028aa9526e25c2fe78651f20066c36eae93e71f30bdae6
phi_net_test_0124,data/raw/property_conditions/test/partial_collapse/phi_net_test_pc_0124.jpg,partial_collapse,2,PC,Partial collapse,OFFICIAL_BENCHMARK_TEST,test,PEER Hub ImageNet (PHI-Net) Task 5,Yuqing Gao (UC Berkeley PEER Center),CC BY-NC-SA 4.0,224,224,3,8e3f603b0464abc25bc31b50e38db6a66b3d97b211bdbfa45ce2a088df57df73
phi_net_test_0125,data/raw/property_conditions/test/partial_collapse/phi_net_test_pc_0125.jpg,partial_collapse,2,PC,Partial collapse,OFFICIAL_BENCHMARK_TEST,test,PEER Hub ImageNet (PHI-Net) Task 5,Yuqing Gao (UC Berkeley PEER Center),CC BY-NC-SA 4.0,224,224,3,05abfcfc5919b8ef0ada6fee9a8f7f3b1d7654e5d53b4835c2255ad52a8514ef
phi_net_test_0126,data/raw/property_conditions/test/partial_collapse/phi_net_test_pc_0126.jpg,partial_collapse,2,PC,Partial collapse,OFFICIAL_BENCHMARK_TEST,test,PEER Hub ImageNet (PHI-Net) Task 5,Yuqing Gao (UC Berkeley PEER Center),CC BY-NC-SA 4.0,224,224,3,eb593ce189553bb3dd742249f41172ec14ddc5c535d618d543c26f3667a19130
phi_net_test_0127,data/raw/property_conditions/test/partial_collapse/phi_net_test_pc_0127.jpg,partial_collapse,2,PC,Partial collapse,OFFICIAL_BENCHMARK_TEST,test,PEER Hub ImageNet (PHI-Net) Task 5,Yuqing Gao (UC Berkeley PEER Center),CC BY-NC-SA 4.0,224,224,3,eefec4bde46cd11374453a92c264e726e8eff175c50d78e553cce96d2658b6bc
phi_net_test_0128,data/raw/property_conditions/test/partial_collapse/phi_net_test_pc_0128.jpg,partial_collapse,2,PC,Partial collapse,OFFICIAL_BENCHMARK_TEST,test,PEER Hub ImageNet (PHI-Net) Task 5,Yuqing Gao (UC Berkeley PEER Center),CC BY-NC-SA 4.0,224,224,3,af1c70afe637a091c6b7d063ec62714d59c8fcabb977a9389b62e816648bc5ce
phi_net_test_0129,data/raw/property_conditions/test/partial_collapse/phi_net_test_pc_0129.jpg,partial_collapse,2,PC,Partial collapse,OFFICIAL_BENCHMARK_TEST,test,PEER Hub ImageNet (PHI-Net) Task 5,Yuqing Gao (UC Berkeley PEER Center),CC BY-NC-SA 4.0,224,224,3,8be6520dae46b154d45ab5e2b7bc0c059df7ff904de9c2549fb7b9ac8fbc8a40
phi_net_test_0130,data/raw/property_conditions/test/partial_collapse/phi_net_test_pc_0130.jpg,partial_collapse,2,PC,Partial collapse,OFFICIAL_BENCHMARK_TEST,test,PEER Hub ImageNet (PHI-Net) Task 5,Yuqing Gao (UC Berkeley PEER Center),CC BY-NC-SA 4.0,224,224,3,74ab15e4bf6e308f9275c6bb118fecb4be11e279b2735761929d321f00fbd640
phi_net_test_0131,data/raw/property_conditions/test/partial_collapse/phi_net_test_pc_0131.jpg,partial_collapse,2,PC,Partial collapse,OFFICIAL_BENCHMARK_TEST,test,PEER Hub ImageNet (PHI-Net) Task 5,Yuqing Gao (UC Berkeley PEER Center),CC BY-NC-SA 4.0,224,224,3,08bee378d935ec489eef038f53f98ba287d1fda29a7de251738403d37a08789d
phi_net_test_0132,data/raw/property_conditions/test/partial_collapse/phi_net_test_pc_0132.jpg,partial_collapse,2,PC,Partial collapse,OFFICIAL_BENCHMARK_TEST,test,PEER Hub ImageNet (PHI-Net) Task 5,Yuqing Gao (UC Berkeley PEER Center),CC BY-NC-SA 4.0,224,224,3,82932de6d07a5e40f62a02e2f8d225f8dc273608cf0b6883d5731d0eb8319186
phi_net_test_0133,data/raw/property_conditions/test/partial_collapse/phi_net_test_pc_0133.jpg,partial_collapse,2,PC,Partial collapse,OFFICIAL_BENCHMARK_TEST,test,PEER Hub ImageNet (PHI-Net) Task 5,Yuqing Gao (UC Berkeley PEER Center),CC BY-NC-SA 4.0,224,224,3,2018ee13fcfd37114690b0e1a9c2ad72ce11d6dd7375df1d654e08f18d6cfea4
phi_net_test_0134,data/raw/property_conditions/test/partial_collapse/phi_net_test_pc_0134.jpg,partial_collapse,2,PC,Partial collapse,OFFICIAL_BENCHMARK_TEST,test,PEER Hub ImageNet (PHI-Net) Task 5,Yuqing Gao (UC Berkeley PEER Center),CC BY-NC-SA 4.0,224,224,3,0f41d744dd2a0317a6bdcbcdd8dde1d1635abfcb1676ed5a8a5a670caed969a5
phi_net_test_0135,data/raw/property_conditions/test/partial_collapse/phi_net_test_pc_0135.jpg,partial_collapse,2,PC,Partial collapse,OFFICIAL_BENCHMARK_TEST,test,PEER Hub ImageNet (PHI-Net) Task 5,Yuqing Gao (UC Berkeley PEER Center),CC BY-NC-SA 4.0,224,224,3,716b3b6bef51d5a01ed8f6a357d647e45f7987cc16286497c665cf6e7a54527a
phi_net_test_0136,data/raw/property_conditions/test/partial_collapse/phi_net_test_pc_0136.jpg,partial_collapse,2,PC,Partial collapse,OFFICIAL_BENCHMARK_TEST,test,PEER Hub ImageNet (PHI-Net) Task 5,Yuqing Gao (UC Berkeley PEER Center),CC BY-NC-SA 4.0,224,224,3,b1a020a8a14cbbd8eeea63351b8abeb87db5c9aa8d628d3103aadb911f11b2a8
phi_net_test_0137,data/raw/property_conditions/test/partial_collapse/phi_net_test_pc_0137.jpg,partial_collapse,2,PC,Partial collapse,OFFICIAL_BENCHMARK_TEST,test,PEER Hub ImageNet (PHI-Net) Task 5,Yuqing Gao (UC Berkeley PEER Center),CC BY-NC-SA 4.0,224,224,3,ca1474d7f1218fa4cb5860f40c0d7732d9d1f48c1f788e934aa73d6237bd7829
phi_net_test_0138,data/raw/property_conditions/test/partial_collapse/phi_net_test_pc_0138.jpg,partial_collapse,2,PC,Partial collapse,OFFICIAL_BENCHMARK_TEST,test,PEER Hub ImageNet (PHI-Net) Task 5,Yuqing Gao (UC Berkeley PEER Center),CC BY-NC-SA 4.0,224,224,3,9858267f40b4e014c29cdba43380e07d0c85dab2131840a4e8d3ad0f3050dc66
phi_net_test_0139,data/raw/property_conditions/test/partial_collapse/phi_net_test_pc_0139.jpg,partial_collapse,2,PC,Partial collapse,OFFICIAL_BENCHMARK_TEST,test,PEER Hub ImageNet (PHI-Net) Task 5,Yuqing Gao (UC Berkeley PEER Center),CC BY-NC-SA 4.0,224,224,3,7cb79b1b82235cd5d25dbfa99de3db9ed6c1481dd38d899423c93858a5cd47f5
phi_net_test_0140,data/raw/property_conditions/test/partial_collapse/phi_net_test_pc_0140.jpg,partial_collapse,2,PC,Partial collapse,OFFICIAL_BENCHMARK_TEST,test,PEER Hub ImageNet (PHI-Net) Task 5,Yuqing Gao (UC Berkeley PEER Center),CC BY-NC-SA 4.0,224,224,3,73d60d7555afde87c20800142051cbdd5e5d03926308cb4b380b1e52373d0379
phi_net_test_0141,data/raw/property_conditions/test/partial_collapse/phi_net_test_pc_0141.jpg,partial_collapse,2,PC,Partial collapse,OFFICIAL_BENCHMARK_TEST,test,PEER Hub ImageNet (PHI-Net) Task 5,Yuqing Gao (UC Berkeley PEER Center),CC BY-NC-SA 4.0,224,224,3,5b3a254569acbd92cd80e7163863ab80b54767fd4ee5860fbae87f532d6fb86e
phi_net_test_0142,data/raw/property_conditions/test/partial_collapse/phi_net_test_pc_0142.jpg,partial_collapse,2,PC,Partial collapse,OFFICIAL_BENCHMARK_TEST,test,PEER Hub ImageNet (PHI-Net) Task 5,Yuqing Gao (UC Berkeley PEER Center),CC BY-NC-SA 4.0,224,224,3,36f42ff6dc4c26434226ee2eb03cdd1a4176e6fe42dfe7f641182d2cc4081fcf
phi_net_test_0143,data/raw/property_conditions/test/partial_collapse/phi_net_test_pc_0143.jpg,partial_collapse,2,PC,Partial collapse,OFFICIAL_BENCHMARK_TEST,test,PEER Hub ImageNet (PHI-Net) Task 5,Yuqing Gao (UC Berkeley PEER Center),CC BY-NC-SA 4.0,224,224,3,34d549791d0f1d6f32f287077a377f871fee9407b5771b51f6a7f525416b0d63
phi_net_test_0144,data/raw/property_conditions/test/partial_collapse/phi_net_test_pc_0144.jpg,partial_collapse,2,PC,Partial collapse,OFFICIAL_BENCHMARK_TEST,test,PEER Hub ImageNet (PHI-Net) Task 5,Yuqing Gao (UC Berkeley PEER Center),CC BY-NC-SA 4.0,224,224,3,5c4afdd96bc77871a0b92c8202ffd90b8164930f649126e69a672ab37af8caa7
phi_net_test_0145,data/raw/property_conditions/test/partial_collapse/phi_net_test_pc_0145.jpg,partial_collapse,2,PC,Partial collapse,OFFICIAL_BENCHMARK_TEST,test,PEER Hub ImageNet (PHI-Net) Task 5,Yuqing Gao (UC Berkeley PEER Center),CC BY-NC-SA 4.0,224,224,3,1c06da458fca567780abbef85be2250550384f2bf51d208a28c279a86aaad1e1
phi_net_train_0000,data/raw/property_conditions/val/global_collapse/phi_net_val_gc_0000.jpg,global_collapse,0,GC,Global collapse,OFFICIAL_TRAIN,val,PEER Hub ImageNet (PHI-Net) Task 5,Yuqing Gao (UC Berkeley PEER Center),CC BY-NC-SA 4.0,224,224,3,6a19bb2ad4e35a2e631f67e891033f901c8d6077f68aec5ac6d3cc1891089526
phi_net_train_0001,data/raw/property_conditions/train/global_collapse/phi_net_train_gc_0001.jpg,global_collapse,0,GC,Global collapse,OFFICIAL_TRAIN,train,PEER Hub ImageNet (PHI-Net) Task 5,Yuqing Gao (UC Berkeley PEER Center),CC BY-NC-SA 4.0,224,224,3,25e3c662a3edf5cc801dd50575913876775f7a71430b9c585d439b9a1651766e
phi_net_train_0002,data/raw/property_conditions/val/global_collapse/phi_net_val_gc_0002.jpg,global_collapse,0,GC,Global collapse,OFFICIAL_TRAIN,val,PEER Hub ImageNet (PHI-Net) Task 5,Yuqing Gao (UC Berkeley PEER Center),CC BY-NC-SA 4.0,224,224,3,b69a404fa811e75334e4e1f19d1ef362bd824db3753578b84ce37879adb147aa
phi_net_train_0003,data/raw/property_conditions/train/global_collapse/phi_net_train_gc_0003.jpg,global_collapse,0,GC,Global collapse,OFFICIAL_TRAIN,train,PEER Hub ImageNet (PHI-Net) Task 5,Yuqing Gao (UC Berkeley PEER Center),CC BY-NC-SA 4.0,224,224,3,807afe0131bd4ae11117adcce7568471fb635fd99cf72fcebc8d4698edcab096
phi_net_train_0004,data/raw/property_conditions/train/global_collapse/phi_net_train_gc_0004.jpg,global_collapse,0,GC,Global collapse,OFFICIAL_TRAIN,train,PEER Hub ImageNet (PHI-Net) Task 5,Yuqing Gao (UC Berkeley PEER Center),CC BY-NC-SA 4.0,224,224,3,4d2d01033428b51013c9b648996ac282a8083a10195164524713274fc417a3f6
phi_net_train_0005,data/raw/property_conditions/train/global_collapse/phi_net_train_gc_0005.jpg,global_collapse,0,GC,Global collapse,OFFICIAL_TRAIN,train,PEER Hub ImageNet (PHI-Net) Task 5,Yuqing Gao (UC Berkeley PEER Center),CC BY-NC-SA 4.0,224,224,3,13c01bf0e890a89b5fd5eaa42fb0a4a4aa7eaea33a58fe2a09f8eb6ad440094a
phi_net_train_0006,data/raw/property_conditions/val/global_collapse/phi_net_val_gc_0006.jpg,global_collapse,0,GC,Global collapse,OFFICIAL_TRAIN,val,PEER Hub ImageNet (PHI-Net) Task 5,Yuqing Gao (UC Berkeley PEER Center),CC BY-NC-SA 4.0,224,224,3,5029e33713b7d4f30832909cc520e29beae794bfac5542267c9952607f76c20e
phi_net_train_0007,data/raw/property_conditions/train/global_collapse/phi_net_train_gc_0007.jpg,global_collapse,0,GC,Global collapse,OFFICIAL_TRAIN,train,PEER Hub ImageNet (PHI-Net) Task 5,Yuqing Gao (UC Berkeley PEER Center),CC BY-NC-SA 4.0,224,224,3,0033d50b2658cb63f702441e14729b41ee55f4989f24e2d2a9bff7582796b015
phi_net_train_0008,data/raw/property_conditions/train/global_collapse/phi_net_train_gc_0008.jpg,global_collapse,0,GC,Global collapse,OFFICIAL_TRAIN,train,PEER Hub ImageNet (PHI-Net) Task 5,Yuqing Gao (UC Berkeley PEER Center),CC BY-NC-SA 4.0,224,224,3,0fded421d9cd4638fbcb9094ab57adf98130724a7981725f6c9e3e137d238e62
phi_net_train_0009,data/raw/property_conditions/val/global_collapse/phi_net_val_gc_0009.jpg,global_collapse,0,GC,Global collapse,OFFICIAL_TRAIN,val,PEER Hub ImageNet (PHI-Net) Task 5,Yuqing Gao (UC Berkeley PEER Center),CC BY-NC-SA 4.0,224,224,3,18ff1da70196653862df8955d58be952ad28907b44099baba04e9af2a4e25568
phi_net_train_0010,data/raw/property_conditions/val/global_collapse/phi_net_val_gc_0010.jpg,global_collapse,0,GC,Global collapse,OFFICIAL_TRAIN,val,PEER Hub ImageNet (PHI-Net) Task 5,Yuqing Gao (UC Berkeley PEER Center),CC BY-NC-SA 4.0,224,224,3,41741b1ce9061170f131d8d07b99cfd8f7fe3667ce308ffdba336e7ccab63897
phi_net_train_0011,data/raw/property_conditions/val/global_collapse/phi_net_val_gc_0011.jpg,global_collapse,0,GC,Global collapse,OFFICIAL_TRAIN,val,PEER Hub ImageNet (PHI-Net) Task 5,Yuqing Gao (UC Berkeley PEER Center),CC BY-NC-SA 4.0,224,224,3,1220689abcb6c53114f5b335f00a53f789316aa7a0c7ee97aed38968bbfda573
phi_net_train_0012,data/raw/property_conditions/train/global_collapse/phi_net_train_gc_0012.jpg,global_collapse,0,GC,Global collapse,OFFICIAL_TRAIN,train,PEER Hub ImageNet (PHI-Net) Task 5,Yuqing Gao (UC Berkeley PEER Center),CC BY-NC-SA 4.0,224,224,3,4421cb9ad9463e94385cc170e85074185985571ade8af7e0e6a7e5b4aed9037d
phi_net_train_0013,data/raw/property_conditions/train/global_collapse/phi_net_train_gc_0013.jpg,global_collapse,0,GC,Global collapse,OFFICIAL_TRAIN,train,PEER Hub ImageNet (PHI-Net) Task 5,Yuqing Gao (UC Berkeley PEER Center),CC BY-NC-SA 4.0,224,224,3,aff995897e5b3251af31ce388485ad7d6cc598ef6fe8b75da44bf26492ced323
phi_net_train_0014,data/raw/property_conditions/train/global_collapse/phi_net_train_gc_0014.jpg,global_collapse,0,GC,Global collapse,OFFICIAL_TRAIN,train,PEER Hub ImageNet (PHI-Net) Task 5,Yuqing Gao (UC Berkeley PEER Center),CC BY-NC-SA 4.0,224,224,3,48aaa74e2e8775ce801948a996d175b55b10e03969d0bf216a5b58f2decc1d88
phi_net_train_0015,data/raw/property_conditions/train/global_collapse/phi_net_train_gc_0015.jpg,global_collapse,0,GC,Global collapse,OFFICIAL_TRAIN,train,PEER Hub ImageNet (PHI-Net) Task 5,Yuqing Gao (UC Berkeley PEER Center),CC BY-NC-SA 4.0,224,224,3,057e8aa484beaa77fdb56f3dacbe00be256765f3ee042f62d3469e58c0cacde9
phi_net_train_0016,data/raw/property_conditions/train/global_collapse/phi_net_train_gc_0016.jpg,global_collapse,0,GC,Global collapse,OFFICIAL_TRAIN,train,PEER Hub ImageNet (PHI-Net) Task 5,Yuqing Gao (UC Berkeley PEER Center),CC BY-NC-SA 4.0,224,224,3,c960bb52766fe2cb962d7d301936dec1e70450b9436b4a1e8b9200dc898c1b9f
phi_net_train_0017,data/raw/property_conditions/train/global_collapse/phi_net_train_gc_0017.jpg,global_collapse,0,GC,Global collapse,OFFICIAL_TRAIN,train,PEER Hub ImageNet (PHI-Net) Task 5,Yuqing Gao (UC Berkeley PEER Center),CC BY-NC-SA 4.0,224,224,3,e33e8ad7e97d31fca89fd2f140fb1d35fa9f055ab8f46f9bc714d6ac29f601b8
phi_net_train_0018,data/raw/property_conditions/train/global_collapse/phi_net_train_gc_0018.jpg,global_collapse,0,GC,Global collapse,OFFICIAL_TRAIN,train,PEER Hub ImageNet (PHI-Net) Task 5,Yuqing Gao (UC Berkeley PEER Center),CC BY-NC-SA 4.0,224,224,3,b50ca6321e2ed4f72981c301b3b82c211d41fde34f89f55e73bc24e0de172573
phi_net_train_0019,data/raw/property_conditions/train/global_collapse/phi_net_train_gc_0019.jpg,global_collapse,0,GC,Global collapse,OFFICIAL_TRAIN,train,PEER Hub ImageNet (PHI-Net) Task 5,Yuqing Gao (UC Berkeley PEER Center),CC BY-NC-SA 4.0,224,224,3,9aa897f50db4743e24188868660915b148fbdd85f5b49128813477246251dfdb
phi_net_train_0020,data/raw/property_conditions/train/global_collapse/phi_net_train_gc_0020.jpg,global_collapse,0,GC,Global collapse,OFFICIAL_TRAIN,train,PEER Hub ImageNet (PHI-Net) Task 5,Yuqing Gao (UC Berkeley PEER Center),CC BY-NC-SA 4.0,224,224,3,8de52b27b6f9b319e5cf885c66b0e21edd2261b00b63900acf4914aef8664b1c
phi_net_train_0021,data/raw/property_conditions/train/global_collapse/phi_net_train_gc_0021.jpg,global_collapse,0,GC,Global collapse,OFFICIAL_TRAIN,train,PEER Hub ImageNet (PHI-Net) Task 5,Yuqing Gao (UC Berkeley PEER Center),CC BY-NC-SA 4.0,224,224,3,02385bda4af6cd7eb869c41d0e832ccde49a2563983ce8390625e70722891c25
phi_net_train_0022,data/raw/property_conditions/train/global_collapse/phi_net_train_gc_0022.jpg,global_collapse,0,GC,Global collapse,OFFICIAL_TRAIN,train,PEER Hub ImageNet (PHI-Net) Task 5,Yuqing Gao (UC Berkeley PEER Center),CC BY-NC-SA 4.0,224,224,3,67b49250aea90bd505091826fe3346ddf41a137694632b5932bedc52dcca17ff
phi_net_train_0023,data/raw/property_conditions/train/global_collapse/phi_net_train_gc_0023.jpg,global_collapse,0,GC,Global collapse,OFFICIAL_TRAIN,train,PEER Hub ImageNet (PHI-Net) Task 5,Yuqing Gao (UC Berkeley PEER Center),CC BY-NC-SA 4.0,224,224,3,20e8191bce08df65e2bbafbd905aa374501861b49fdaf5906fe9d989701a46dc
phi_net_train_0024,data/raw/property_conditions/train/global_collapse/phi_net_train_gc_0024.jpg,global_collapse,0,GC,Global collapse,OFFICIAL_TRAIN,train,PEER Hub ImageNet (PHI-Net) Task 5,Yuqing Gao (UC Berkeley PEER Center),CC BY-NC-SA 4.0,224,224,3,b19022f5194a92a1c2721d7a30a9e81e5ea0978e96c28902cc39b0a8416b3919
phi_net_train_0025,data/raw/property_conditions/train/global_collapse/phi_net_train_gc_0025.jpg,global_collapse,0,GC,Global collapse,OFFICIAL_TRAIN,train,PEER Hub ImageNet (PHI-Net) Task 5,Yuqing Gao (UC Berkeley PEER Center),CC BY-NC-SA 4.0,224,224,3,052de3fdb9b644ecf61b495616a906326e7bd9092e3cc3bebdf1eff3f9e33107
phi_net_train_0026,data/raw/property_conditions/train/global_collapse/phi_net_train_gc_0026.jpg,global_collapse,0,GC,Global collapse,OFFICIAL_TRAIN,train,PEER Hub ImageNet (PHI-Net) Task 5,Yuqing Gao (UC Berkeley PEER Center),CC BY-NC-SA 4.0,224,224,3,b1b069f812dbdff9323f760fa4ecd139487281b4dcccfebdba82630658e5c36a
phi_net_train_0027,data/raw/property_conditions/train/global_collapse/phi_net_train_gc_0027.jpg,global_collapse,0,GC,Global collapse,OFFICIAL_TRAIN,train,PEER Hub ImageNet (PHI-Net) Task 5,Yuqing Gao (UC Berkeley PEER Center),CC BY-NC-SA 4.0,224,224,3,bc826b61e4a7fdb4038185316929d22f25e8d324e40b84cb570fa0b19ff089c2
phi_net_train_0028,data/raw/property_conditions/train/global_collapse/phi_net_train_gc_0028.jpg,global_collapse,0,GC,Global collapse,OFFICIAL_TRAIN,train,PEER Hub ImageNet (PHI-Net) Task 5,Yuqing Gao (UC Berkeley PEER Center),CC BY-NC-SA 4.0,224,224,3,528ca63043807dc905a5ac12ed741fdb411e7a851ca2a4a5417da68a584caecc
phi_net_train_0029,data/raw/property_conditions/train/global_collapse/phi_net_train_gc_0029.jpg,global_collapse,0,GC,Global collapse,OFFICIAL_TRAIN,train,PEER Hub ImageNet (PHI-Net) Task 5,Yuqing Gao (UC Berkeley PEER Center),CC BY-NC-SA 4.0,224,224,3,cc71b54db1d00f6e53ba5be423a6257dd38b7be34614223cf3d43678951e5372
phi_net_train_0030,data/raw/property_conditions/val/global_collapse/phi_net_val_gc_0030.jpg,global_collapse,0,GC,Global collapse,OFFICIAL_TRAIN,val,PEER Hub ImageNet (PHI-Net) Task 5,Yuqing Gao (UC Berkeley PEER Center),CC BY-NC-SA 4.0,224,224,3,1e81040075f8aa0f3e9307d4c35e74742be9621b260927f9ffef1454f36f7d6c
phi_net_train_0031,data/raw/property_conditions/train/global_collapse/phi_net_train_gc_0031.jpg,global_collapse,0,GC,Global collapse,OFFICIAL_TRAIN,train,PEER Hub ImageNet (PHI-Net) Task 5,Yuqing Gao (UC Berkeley PEER Center),CC BY-NC-SA 4.0,224,224,3,9c25374acede8303c0926e08ba7daee183d7f2b1afa6fa8c4b1dda2ac9903d70
phi_net_train_0032,data/raw/property_conditions/train/global_collapse/phi_net_train_gc_0032.jpg,global_collapse,0,GC,Global collapse,OFFICIAL_TRAIN,train,PEER Hub ImageNet (PHI-Net) Task 5,Yuqing Gao (UC Berkeley PEER Center),CC BY-NC-SA 4.0,224,224,3,6ee117b779421c8e87a40e6575436f073ac11f0e1c27802095163d1e8121bbd0
phi_net_train_0033,data/raw/property_conditions/val/global_collapse/phi_net_val_gc_0033.jpg,global_collapse,0,GC,Global collapse,OFFICIAL_TRAIN,val,PEER Hub ImageNet (PHI-Net) Task 5,Yuqing Gao (UC Berkeley PEER Center),CC BY-NC-SA 4.0,224,224,3,a92575b5de3882d3122646da5a69add6ac4868f1217d24156793a107e6139791
phi_net_train_0034,data/raw/property_conditions/train/global_collapse/phi_net_train_gc_0034.jpg,global_collapse,0,GC,Global collapse,OFFICIAL_TRAIN,train,PEER Hub ImageNet (PHI-Net) Task 5,Yuqing Gao (UC Berkeley PEER Center),CC BY-NC-SA 4.0,224,224,3,f1043e08a1013a5a4aae16a186d0f7cec06e94e7affb1be4b75b6b1bd00a44b7
phi_net_train_0035,data/raw/property_conditions/train/global_collapse/phi_net_train_gc_0035.jpg,global_collapse,0,GC,Global collapse,OFFICIAL_TRAIN,train,PEER Hub ImageNet (PHI-Net) Task 5,Yuqing Gao (UC Berkeley PEER Center),CC BY-NC-SA 4.0,224,224,3,d300a10ed5e7a4b1c648c23d0ec4664cb8f0e2d8c98e79463b747fb131b2b423
phi_net_train_0036,data/raw/property_conditions/train/global_collapse/phi_net_train_gc_0036.jpg,global_collapse,0,GC,Global collapse,OFFICIAL_TRAIN,train,PEER Hub ImageNet (PHI-Net) Task 5,Yuqing Gao (UC Berkeley PEER Center),CC BY-NC-SA 4.0,224,224,3,23570cac926c939b04c2dfee3f3dd39ff3ff24139a577ee4cc594c61f3a68424
phi_net_train_0037,data/raw/property_conditions/train/global_collapse/phi_net_train_gc_0037.jpg,global_collapse,0,GC,Global collapse,OFFICIAL_TRAIN,train,PEER Hub ImageNet (PHI-Net) Task 5,Yuqing Gao (UC Berkeley PEER Center),CC BY-NC-SA 4.0,224,224,3,6d53ba25c491af59495b082883aecb27789429d64c372f60e50549256d9aac36
phi_net_train_0038,data/raw/property_conditions/train/global_collapse/phi_net_train_gc_0038.jpg,global_collapse,0,GC,Global collapse,OFFICIAL_TRAIN,train,PEER Hub ImageNet (PHI-Net) Task 5,Yuqing Gao (UC Berkeley PEER Center),CC BY-NC-SA 4.0,224,224,3,fee2e58067246f57857772929b3736d390d6bcad2ebdf074e47308a801393d7c
phi_net_train_0039,data/raw/property_conditions/train/global_collapse/phi_net_train_gc_0039.jpg,global_collapse,0,GC,Global collapse,OFFICIAL_TRAIN,train,PEER Hub ImageNet (PHI-Net) Task 5,Yuqing Gao (UC Berkeley PEER Center),CC BY-NC-SA 4.0,224,224,3,50659b96f5d1ca032286e2805ea58acb4284ac7e85cfee880e8b28ffdab345df
phi_net_train_0040,data/raw/property_conditions/train/global_collapse/phi_net_train_gc_0040.jpg,global_collapse,0,GC,Global collapse,OFFICIAL_TRAIN,train,PEER Hub ImageNet (PHI-Net) Task 5,Yuqing Gao (UC Berkeley PEER Center),CC BY-NC-SA 4.0,224,224,3,13d3c537f7d18877ba4b617588945caa272a40b2af9321f6aa9ea7fed8b15065
phi_net_train_0041,data/raw/property_conditions/train/global_collapse/phi_net_train_gc_0041.jpg,global_collapse,0,GC,Global collapse,OFFICIAL_TRAIN,train,PEER Hub ImageNet (PHI-Net) Task 5,Yuqing Gao (UC Berkeley PEER Center),CC BY-NC-SA 4.0,224,224,3,fbec90039de4970f80b60120202e95718cec84241fce118750c8991f543ab67c
phi_net_train_0042,data/raw/property_conditions/train/global_collapse/phi_net_train_gc_0042.jpg,global_collapse,0,GC,Global collapse,OFFICIAL_TRAIN,train,PEER Hub ImageNet (PHI-Net) Task 5,Yuqing Gao (UC Berkeley PEER Center),CC BY-NC-SA 4.0,224,224,3,22e4ef457dacab89f6e1ce120e548e70934e97da736d3ad053b09a8b17e5f98f
phi_net_train_0043,data/raw/property_conditions/train/global_collapse/phi_net_train_gc_0043.jpg,global_collapse,0,GC,Global collapse,OFFICIAL_TRAIN,train,PEER Hub ImageNet (PHI-Net) Task 5,Yuqing Gao (UC Berkeley PEER Center),CC BY-NC-SA 4.0,224,224,3,7940184524225e61dd2b15ad05bae9e26e7785583633aa638779919bce0a8959
phi_net_train_0044,data/raw/property_conditions/train/global_collapse/phi_net_train_gc_0044.jpg,global_collapse,0,GC,Global collapse,OFFICIAL_TRAIN,train,PEER Hub ImageNet (PHI-Net) Task 5,Yuqing Gao (UC Berkeley PEER Center),CC BY-NC-SA 4.0,224,224,3,c789630906a4be334b4a4248bec6f9ebcd072eed9acc7ba660a95713ecc79b69
phi_net_train_0045,data/raw/property_conditions/train/global_collapse/phi_net_train_gc_0045.jpg,global_collapse,0,GC,Global collapse,OFFICIAL_TRAIN,train,PEER Hub ImageNet (PHI-Net) Task 5,Yuqing Gao (UC Berkeley PEER Center),CC BY-NC-SA 4.0,224,224,3,5c0903544d2a39f792ee4a24736fa04190315bb1ade4f48919fd4ee9b6acc3f9
phi_net_train_0046,data/raw/property_conditions/train/global_collapse/phi_net_train_gc_0046.jpg,global_collapse,0,GC,Global collapse,OFFICIAL_TRAIN,train,PEER Hub ImageNet (PHI-Net) Task 5,Yuqing Gao (UC Berkeley PEER Center),CC BY-NC-SA 4.0,224,224,3,fb8b73378fcb1386b5d48e3e844bc50b59511bae2028958cce3bb03e0961c3d8
phi_net_train_0047,data/raw/property_conditions/train/global_collapse/phi_net_train_gc_0047.jpg,global_collapse,0,GC,Global collapse,OFFICIAL_TRAIN,train,PEER Hub ImageNet (PHI-Net) Task 5,Yuqing Gao (UC Berkeley PEER Center),CC BY-NC-SA 4.0,224,224,3,eaf1f7c10ac88d1433a90948551d8ef1e14da239809903ca742452abc328fd7f
phi_net_train_0048,data/raw/property_conditions/train/global_collapse/phi_net_train_gc_0048.jpg,global_collapse,0,GC,Global collapse,OFFICIAL_TRAIN,train,PEER Hub ImageNet (PHI-Net) Task 5,Yuqing Gao (UC Berkeley PEER Center),CC BY-NC-SA 4.0,224,224,3,a6aae7c22f0876c7dc3e3ac640f3e64f944a798bb96aeca80f6d5b425a7dfacb
phi_net_train_0049,data/raw/property_conditions/train/global_collapse/phi_net_train_gc_0049.jpg,global_collapse,0,GC,Global collapse,OFFICIAL_TRAIN,train,PEER Hub ImageNet (PHI-Net) Task 5,Yuqing Gao (UC Berkeley PEER Center),CC BY-NC-SA 4.0,224,224,3,8617549deb59a513a31b404b72376592c50b7d00daf9d71ade18184942ad8669
phi_net_train_0050,data/raw/property_conditions/train/global_collapse/phi_net_train_gc_0050.jpg,global_collapse,0,GC,Global collapse,OFFICIAL_TRAIN,train,PEER Hub ImageNet (PHI-Net) Task 5,Yuqing Gao (UC Berkeley PEER Center),CC BY-NC-SA 4.0,224,224,3,564986a44b5a3d8763abf889f0630510527be07f4ffc28d15c7b266095eccee5
phi_net_train_0051,data/raw/property_conditions/train/global_collapse/phi_net_train_gc_0051.jpg,global_collapse,0,GC,Global collapse,OFFICIAL_TRAIN,train,PEER Hub ImageNet (PHI-Net) Task 5,Yuqing Gao (UC Berkeley PEER Center),CC BY-NC-SA 4.0,224,224,3,f207a71a2ddbef8680894c987f7c820d2372a05946411894ca7a78b938853a19
phi_net_train_0052,data/raw/property_conditions/train/global_collapse/phi_net_train_gc_0052.jpg,global_collapse,0,GC,Global collapse,OFFICIAL_TRAIN,train,PEER Hub ImageNet (PHI-Net) Task 5,Yuqing Gao (UC Berkeley PEER Center),CC BY-NC-SA 4.0,224,224,3,e8a78e6927feaf903e283702d6a6cd6d9cc7080f972f59368548dce55b36d855
phi_net_train_0053,data/raw/property_conditions/train/global_collapse/phi_net_train_gc_0053.jpg,global_collapse,0,GC,Global collapse,OFFICIAL_TRAIN,train,PEER Hub ImageNet (PHI-Net) Task 5,Yuqing Gao (UC Berkeley PEER Center),CC BY-NC-SA 4.0,224,224,3,2d92bb59343c253500c2a8a01c78cc6604e7dab04561c51e534b5e8d80767976
phi_net_train_0054,data/raw/property_conditions/train/global_collapse/phi_net_train_gc_0054.jpg,global_collapse,0,GC,Global collapse,OFFICIAL_TRAIN,train,PEER Hub ImageNet (PHI-Net) Task 5,Yuqing Gao (UC Berkeley PEER Center),CC BY-NC-SA 4.0,224,224,3,88e8735c70437537f2a4d25c31a8b0325e13c1aa812980340b9727bdd3fe1743
phi_net_train_0055,data/raw/property_conditions/val/global_collapse/phi_net_val_gc_0055.jpg,global_collapse,0,GC,Global collapse,OFFICIAL_TRAIN,val,PEER Hub ImageNet (PHI-Net) Task 5,Yuqing Gao (UC Berkeley PEER Center),CC BY-NC-SA 4.0,224,224,3,c593d37aca8c22b6808717cec9f90803267ef9d43a921f9d80e8cadebdf429fc
phi_net_train_0056,data/raw/property_conditions/train/global_collapse/phi_net_train_gc_0056.jpg,global_collapse,0,GC,Global collapse,OFFICIAL_TRAIN,train,PEER Hub ImageNet (PHI-Net) Task 5,Yuqing Gao (UC Berkeley PEER Center),CC BY-NC-SA 4.0,224,224,3,bcb5c0c9909eb5c6a2fbd21fafe3cc1d1bea86e05a5fb45fd8f7c47e919d1c43
phi_net_train_0057,data/raw/property_conditions/train/global_collapse/phi_net_train_gc_0057.jpg,global_collapse,0,GC,Global collapse,OFFICIAL_TRAIN,train,PEER Hub ImageNet (PHI-Net) Task 5,Yuqing Gao (UC Berkeley PEER Center),CC BY-NC-SA 4.0,224,224,3,349e370382f09219122d9fe57afe222ab5278720e02850e4d42decfcf2928ddb
phi_net_train_0058,data/raw/property_conditions/train/global_collapse/phi_net_train_gc_0058.jpg,global_collapse,0,GC,Global collapse,OFFICIAL_TRAIN,train,PEER Hub ImageNet (PHI-Net) Task 5,Yuqing Gao (UC Berkeley PEER Center),CC BY-NC-SA 4.0,224,224,3,fb9ef77a33ad7220e3089f74c67fa6420aa316031f21cd8c37c1435c997f26d8
phi_net_train_0059,data/raw/property_conditions/train/global_collapse/phi_net_train_gc_0059.jpg,global_collapse,0,GC,Global collapse,OFFICIAL_TRAIN,train,PEER Hub ImageNet (PHI-Net) Task 5,Yuqing Gao (UC Berkeley PEER Center),CC BY-NC-SA 4.0,224,224,3,66a5a8dc863767bd0f0cb97bdd44b04ba9b26f6df05e631dbe524bb3ed3dc2ef
phi_net_train_0060,data/raw/property_conditions/train/global_collapse/phi_net_train_gc_0060.jpg,global_collapse,0,GC,Global collapse,OFFICIAL_TRAIN,train,PEER Hub ImageNet (PHI-Net) Task 5,Yuqing Gao (UC Berkeley PEER Center),CC BY-NC-SA 4.0,224,224,3,2a3acd2594900ea74bf56a4d1d815104b72352540e0126adbbf49822dcdc37b8
phi_net_train_0061,data/raw/property_conditions/train/global_collapse/phi_net_train_gc_0061.jpg,global_collapse,0,GC,Global collapse,OFFICIAL_TRAIN,train,PEER Hub ImageNet (PHI-Net) Task 5,Yuqing Gao (UC Berkeley PEER Center),CC BY-NC-SA 4.0,224,224,3,c1d03ae66af8a5e481d0e9b7742c7dfcc76fb441c830fb99b0ccaf33d605f283
phi_net_train_0062,data/raw/property_conditions/train/global_collapse/phi_net_train_gc_0062.jpg,global_collapse,0,GC,Global collapse,OFFICIAL_TRAIN,train,PEER Hub ImageNet (PHI-Net) Task 5,Yuqing Gao (UC Berkeley PEER Center),CC BY-NC-SA 4.0,224,224,3,a8e2b649a8328823c1bb69020584ebc697e0a3c09917eeab007b96e0c237e5ee
phi_net_train_0063,data/raw/property_conditions/val/global_collapse/phi_net_val_gc_0063.jpg,global_collapse,0,GC,Global collapse,OFFICIAL_TRAIN,val,PEER Hub ImageNet (PHI-Net) Task 5,Yuqing Gao (UC Berkeley PEER Center),CC BY-NC-SA 4.0,224,224,3,6e543af988e62e3b97487a69dc936766a7e33c6cac8a982adb14042a53807a90
phi_net_train_0064,data/raw/property_conditions/train/global_collapse/phi_net_train_gc_0064.jpg,global_collapse,0,GC,Global collapse,OFFICIAL_TRAIN,train,PEER Hub ImageNet (PHI-Net) Task 5,Yuqing Gao (UC Berkeley PEER Center),CC BY-NC-SA 4.0,224,224,3,17f3ecb5689ca7aebe2042d45464ad561e14e32fd73b14d7931282b9165c3205
phi_net_train_0065,data/raw/property_conditions/train/global_collapse/phi_net_train_gc_0065.jpg,global_collapse,0,GC,Global collapse,OFFICIAL_TRAIN,train,PEER Hub ImageNet (PHI-Net) Task 5,Yuqing Gao (UC Berkeley PEER Center),CC BY-NC-SA 4.0,224,224,3,c6ab1f60518ca7317aae003aed1a729e02c1ada0927cb75cec4a6eca2e0d5a75
phi_net_train_0066,data/raw/property_conditions/train/global_collapse/phi_net_train_gc_0066.jpg,global_collapse,0,GC,Global collapse,OFFICIAL_TRAIN,train,PEER Hub ImageNet (PHI-Net) Task 5,Yuqing Gao (UC Berkeley PEER Center),CC BY-NC-SA 4.0,224,224,3,29298a64a00ceee65efff7d7a7e7c75d969dcb04a9ca8eea3b04bf5f0bb16ab6
phi_net_train_0067,data/raw/property_conditions/train/global_collapse/phi_net_train_gc_0067.jpg,global_collapse,0,GC,Global collapse,OFFICIAL_TRAIN,train,PEER Hub ImageNet (PHI-Net) Task 5,Yuqing Gao (UC Berkeley PEER Center),CC BY-NC-SA 4.0,224,224,3,703ef063897a5e366d44e8cef9e76fe35ca2637c10581123bcb304a1328c94d1
phi_net_train_0068,data/raw/property_conditions/val/global_collapse/phi_net_val_gc_0068.jpg,global_collapse,0,GC,Global collapse,OFFICIAL_TRAIN,val,PEER Hub ImageNet (PHI-Net) Task 5,Yuqing Gao (UC Berkeley PEER Center),CC BY-NC-SA 4.0,224,224,3,026bff70b5d20e217296d20825778d92af376cccdb4b6f9a9f8edb30f648ae77
phi_net_train_0069,data/raw/property_conditions/train/global_collapse/phi_net_train_gc_0069.jpg,global_collapse,0,GC,Global collapse,OFFICIAL_TRAIN,train,PEER Hub ImageNet (PHI-Net) Task 5,Yuqing Gao (UC Berkeley PEER Center),CC BY-NC-SA 4.0,224,224,3,a37da66cba1bf6b46e21e77ef6d9f7b4d14454d25351ffdd98b9bf0ae7ede315
phi_net_train_0070,data/raw/property_conditions/val/global_collapse/phi_net_val_gc_0070.jpg,global_collapse,0,GC,Global collapse,OFFICIAL_TRAIN,val,PEER Hub ImageNet (PHI-Net) Task 5,Yuqing Gao (UC Berkeley PEER Center),CC BY-NC-SA 4.0,224,224,3,87f2f34a7c4f835a093b5d86ba74dffebbe63d921e20e5de30653349378fc3fc
phi_net_train_0071,data/raw/property_conditions/train/global_collapse/phi_net_train_gc_0071.jpg,global_collapse,0,GC,Global collapse,OFFICIAL_TRAIN,train,PEER Hub ImageNet (PHI-Net) Task 5,Yuqing Gao (UC Berkeley PEER Center),CC BY-NC-SA 4.0,224,224,3,4398010fb48c105eb28d57623c7939f98d094d4dc913f191cb22b32957726084
phi_net_train_0072,data/raw/property_conditions/val/global_collapse/phi_net_val_gc_0072.jpg,global_collapse,0,GC,Global collapse,OFFICIAL_TRAIN,val,PEER Hub ImageNet (PHI-Net) Task 5,Yuqing Gao (UC Berkeley PEER Center),CC BY-NC-SA 4.0,224,224,3,c3429ba3b2322fa2587fc0bbcae9ccae42655ff446be88147039b2169777a4ca
phi_net_train_0073,data/raw/property_conditions/val/global_collapse/phi_net_val_gc_0073.jpg,global_collapse,0,GC,Global collapse,OFFICIAL_TRAIN,val,PEER Hub ImageNet (PHI-Net) Task 5,Yuqing Gao (UC Berkeley PEER Center),CC BY-NC-SA 4.0,224,224,3,6888217dc32c40aa7099ca46cd9854c906c1b1ca40fe0c91ccdaff00ab2f682d
phi_net_train_0074,data/raw/property_conditions/train/global_collapse/phi_net_train_gc_0074.jpg,global_collapse,0,GC,Global collapse,OFFICIAL_TRAIN,train,PEER Hub ImageNet (PHI-Net) Task 5,Yuqing Gao (UC Berkeley PEER Center),CC BY-NC-SA 4.0,224,224,3,6c0330a583cac3499c005089c342089cbf7cac6f6a5f2f5f860f1b9cbb503e10
phi_net_train_0075,data/raw/property_conditions/val/global_collapse/phi_net_val_gc_0075.jpg,global_collapse,0,GC,Global collapse,OFFICIAL_TRAIN,val,PEER Hub ImageNet (PHI-Net) Task 5,Yuqing Gao (UC Berkeley PEER Center),CC BY-NC-SA 4.0,224,224,3,1494e35efa489f401406f6f7d9fec6be0cc941a157c8dddac06315c30f511697
phi_net_train_0076,data/raw/property_conditions/val/global_collapse/phi_net_val_gc_0076.jpg,global_collapse,0,GC,Global collapse,OFFICIAL_TRAIN,val,PEER Hub ImageNet (PHI-Net) Task 5,Yuqing Gao (UC Berkeley PEER Center),CC BY-NC-SA 4.0,224,224,3,9034261516a5e22994d8fa7ff6a0c4917ec1999cdedcec2c3cf5f89c1edaafd4
phi_net_train_0077,data/raw/property_conditions/val/global_collapse/phi_net_val_gc_0077.jpg,global_collapse,0,GC,Global collapse,OFFICIAL_TRAIN,val,PEER Hub ImageNet (PHI-Net) Task 5,Yuqing Gao (UC Berkeley PEER Center),CC BY-NC-SA 4.0,224,224,3,d28d173516ae4f6fbe0f68ea5c211e9b95eaccb812e169494a45e1215ce2bf64
phi_net_train_0078,data/raw/property_conditions/val/global_collapse/phi_net_val_gc_0078.jpg,global_collapse,0,GC,Global collapse,OFFICIAL_TRAIN,val,PEER Hub ImageNet (PHI-Net) Task 5,Yuqing Gao (UC Berkeley PEER Center),CC BY-NC-SA 4.0,224,224,3,8e26f66b3d5736be8424613ff16c453235afad97eaf0546f5f748d2ded17cdfd
phi_net_train_0079,data/raw/property_conditions/val/global_collapse/phi_net_val_gc_0079.jpg,global_collapse,0,GC,Global collapse,OFFICIAL_TRAIN,val,PEER Hub ImageNet (PHI-Net) Task 5,Yuqing Gao (UC Berkeley PEER Center),CC BY-NC-SA 4.0,224,224,3,5497eea9a64219651f0f5c1f3bb0a0bcc8340b340f222650222411151b33b57e
phi_net_train_0080,data/raw/property_conditions/train/global_collapse/phi_net_train_gc_0080.jpg,global_collapse,0,GC,Global collapse,OFFICIAL_TRAIN,train,PEER Hub ImageNet (PHI-Net) Task 5,Yuqing Gao (UC Berkeley PEER Center),CC BY-NC-SA 4.0,224,224,3,575d4766cea21d34cf432c11cdbe88f57d7019e3089d5b42079a7ed0143306ec
phi_net_train_0081,data/raw/property_conditions/train/global_collapse/phi_net_train_gc_0081.jpg,global_collapse,0,GC,Global collapse,OFFICIAL_TRAIN,train,PEER Hub ImageNet (PHI-Net) Task 5,Yuqing Gao (UC Berkeley PEER Center),CC BY-NC-SA 4.0,224,224,3,e78aaf995419306115ff616b89b5decc9057432cdba58d65ce390085ce64593f
phi_net_train_0082,data/raw/property_conditions/val/global_collapse/phi_net_val_gc_0082.jpg,global_collapse,0,GC,Global collapse,OFFICIAL_TRAIN,val,PEER Hub ImageNet (PHI-Net) Task 5,Yuqing Gao (UC Berkeley PEER Center),CC BY-NC-SA 4.0,224,224,3,f970a02fe494c01247e108332ff9a47d41f51480ded6c7c928adf7ec212ba769
phi_net_train_0083,data/raw/property_conditions/train/global_collapse/phi_net_train_gc_0083.jpg,global_collapse,0,GC,Global collapse,OFFICIAL_TRAIN,train,PEER Hub ImageNet (PHI-Net) Task 5,Yuqing Gao (UC Berkeley PEER Center),CC BY-NC-SA 4.0,224,224,3,51343034ada0b97231e527924a22618c1752625270e072e58a0fbd836dc029aa
phi_net_train_0084,data/raw/property_conditions/val/global_collapse/phi_net_val_gc_0084.jpg,global_collapse,0,GC,Global collapse,OFFICIAL_TRAIN,val,PEER Hub ImageNet (PHI-Net) Task 5,Yuqing Gao (UC Berkeley PEER Center),CC BY-NC-SA 4.0,224,224,3,8e51754a60791d02e01203b33d5b6a164aae9cfc0562e5fb2ccf5c263ade51ca
phi_net_train_0085,data/raw/property_conditions/train/global_collapse/phi_net_train_gc_0085.jpg,global_collapse,0,GC,Global collapse,OFFICIAL_TRAIN,train,PEER Hub ImageNet (PHI-Net) Task 5,Yuqing Gao (UC Berkeley PEER Center),CC BY-NC-SA 4.0,224,224,3,eebaf299d1cdb79e11e9d747d4794c74bb95e393576006f7fa0f6c285998398f
phi_net_train_0086,data/raw/property_conditions/train/global_collapse/phi_net_train_gc_0086.jpg,global_collapse,0,GC,Global collapse,OFFICIAL_TRAIN,train,PEER Hub ImageNet (PHI-Net) Task 5,Yuqing Gao (UC Berkeley PEER Center),CC BY-NC-SA 4.0,224,224,3,5c450e04305f5b15e6a6e74caa2647723814b303cd92e9cc6db06a6ac8831737
phi_net_train_0087,data/raw/property_conditions/train/global_collapse/phi_net_train_gc_0087.jpg,global_collapse,0,GC,Global collapse,OFFICIAL_TRAIN,train,PEER Hub ImageNet (PHI-Net) Task 5,Yuqing Gao (UC Berkeley PEER Center),CC BY-NC-SA 4.0,224,224,3,9868f5a70e3e4b993fd61393137bbb386fe4d9fbfc102f55eeb9c1418132f5ed
phi_net_train_0088,data/raw/property_conditions/train/global_collapse/phi_net_train_gc_0088.jpg,global_collapse,0,GC,Global collapse,OFFICIAL_TRAIN,train,PEER Hub ImageNet (PHI-Net) Task 5,Yuqing Gao (UC Berkeley PEER Center),CC BY-NC-SA 4.0,224,224,3,ac932614887fa556d81d91b9b246e82b3f60dde8ccc9026d535c36faf3cf73a6
phi_net_train_0089,data/raw/property_conditions/val/global_collapse/phi_net_val_gc_0089.jpg,global_collapse,0,GC,Global collapse,OFFICIAL_TRAIN,val,PEER Hub ImageNet (PHI-Net) Task 5,Yuqing Gao (UC Berkeley PEER Center),CC BY-NC-SA 4.0,224,224,3,6d001a311d7e88ae5fc17c37a0bd669c3f62946e1fb846e64658d32b7b627d39
phi_net_train_0090,data/raw/property_conditions/val/global_collapse/phi_net_val_gc_0090.jpg,global_collapse,0,GC,Global collapse,OFFICIAL_TRAIN,val,PEER Hub ImageNet (PHI-Net) Task 5,Yuqing Gao (UC Berkeley PEER Center),CC BY-NC-SA 4.0,224,224,3,14df1fc59ff1bc14cbeb97acfde76939389a50d546077e63cbc6e898bd42aea4
phi_net_train_0091,data/raw/property_conditions/train/global_collapse/phi_net_train_gc_0091.jpg,global_collapse,0,GC,Global collapse,OFFICIAL_TRAIN,train,PEER Hub ImageNet (PHI-Net) Task 5,Yuqing Gao (UC Berkeley PEER Center),CC BY-NC-SA 4.0,224,224,3,14cef090a9c1769bc2576ea2c5ab966f0ef61d9091e0b543f10a683a15a0ad0b
phi_net_train_0092,data/raw/property_conditions/train/global_collapse/phi_net_train_gc_0092.jpg,global_collapse,0,GC,Global collapse,OFFICIAL_TRAIN,train,PEER Hub ImageNet (PHI-Net) Task 5,Yuqing Gao (UC Berkeley PEER Center),CC BY-NC-SA 4.0,224,224,3,7bdb2b6c2b2ed5ca0a6447aa35868db9934371a59166a1c97b25561cfd784e5b
phi_net_train_0093,data/raw/property_conditions/train/global_collapse/phi_net_train_gc_0093.jpg,global_collapse,0,GC,Global collapse,OFFICIAL_TRAIN,train,PEER Hub ImageNet (PHI-Net) Task 5,Yuqing Gao (UC Berkeley PEER Center),CC BY-NC-SA 4.0,224,224,3,d24edc11d5995ac18d8606bccb9f3c9b88588b1f5a9b5f336ed64c1ec3e4098f
phi_net_train_0094,data/raw/property_conditions/train/global_collapse/phi_net_train_gc_0094.jpg,global_collapse,0,GC,Global collapse,OFFICIAL_TRAIN,train,PEER Hub ImageNet (PHI-Net) Task 5,Yuqing Gao (UC Berkeley PEER Center),CC BY-NC-SA 4.0,224,224,3,b87bcf6f886ca049a4f42491af067951c20ed670a47e9e5298ed8174c23e2147
phi_net_train_0095,data/raw/property_conditions/train/global_collapse/phi_net_train_gc_0095.jpg,global_collapse,0,GC,Global collapse,OFFICIAL_TRAIN,train,PEER Hub ImageNet (PHI-Net) Task 5,Yuqing Gao (UC Berkeley PEER Center),CC BY-NC-SA 4.0,224,224,3,bb069fc112dd2e1b912424bf7732a2769ccc33ce86f237c04bc872f883422d78
phi_net_train_0096,data/raw/property_conditions/train/global_collapse/phi_net_train_gc_0096.jpg,global_collapse,0,GC,Global collapse,OFFICIAL_TRAIN,train,PEER Hub ImageNet (PHI-Net) Task 5,Yuqing Gao (UC Berkeley PEER Center),CC BY-NC-SA 4.0,224,224,3,b8211821d5afc1c3722a7a7080a729d2f15d89bf52c396c9636e917cae85ee77
phi_net_train_0097,data/raw/property_conditions/train/global_collapse/phi_net_train_gc_0097.jpg,global_collapse,0,GC,Global collapse,OFFICIAL_TRAIN,train,PEER Hub ImageNet (PHI-Net) Task 5,Yuqing Gao (UC Berkeley PEER Center),CC BY-NC-SA 4.0,224,224,3,2137c32feeae5dc77865b5622d2f5615baee36994583f0d13f6f608425b39d26
phi_net_train_0098,data/raw/property_conditions/train/global_collapse/phi_net_train_gc_0098.jpg,global_collapse,0,GC,Global collapse,OFFICIAL_TRAIN,train,PEER Hub ImageNet (PHI-Net) Task 5,Yuqing Gao (UC Berkeley PEER Center),CC BY-NC-SA 4.0,224,224,3,91c6f0220dca06dedffb675d7db8da32dc4e9669bab148afce15d276a4c6715c
phi_net_train_0099,data/raw/property_conditions/train/global_collapse/phi_net_train_gc_0099.jpg,global_collapse,0,GC,Global collapse,OFFICIAL_TRAIN,train,PEER Hub ImageNet (PHI-Net) Task 5,Yuqing Gao (UC Berkeley PEER Center),CC BY-NC-SA 4.0,224,224,3,98c9741b165ee5fb41156d94adfd342125c26df0ee904068050f05c4597e4b3e
phi_net_train_0100,data/raw/property_conditions/train/global_collapse/phi_net_train_gc_0100.jpg,global_collapse,0,GC,Global collapse,OFFICIAL_TRAIN,train,PEER Hub ImageNet (PHI-Net) Task 5,Yuqing Gao (UC Berkeley PEER Center),CC BY-NC-SA 4.0,224,224,3,9b47c5344f5bea7e0d92754e5aa145e03bded39f192c0f60b290a32017075c91
phi_net_train_0101,data/raw/property_conditions/val/global_collapse/phi_net_val_gc_0101.jpg,global_collapse,0,GC,Global collapse,OFFICIAL_TRAIN,val,PEER Hub ImageNet (PHI-Net) Task 5,Yuqing Gao (UC Berkeley PEER Center),CC BY-NC-SA 4.0,224,224,3,3a37d64543cbfb12e91b00f59b435a83eb72acef54c5b0a42842e5e6328a3b66
phi_net_train_0102,data/raw/property_conditions/train/global_collapse/phi_net_train_gc_0102.jpg,global_collapse,0,GC,Global collapse,OFFICIAL_TRAIN,train,PEER Hub ImageNet (PHI-Net) Task 5,Yuqing Gao (UC Berkeley PEER Center),CC BY-NC-SA 4.0,224,224,3,7c5b695e2613ed20e36b5b0cfdb9352b3c4bf919ab2235b4b4989b0a284a40e9
phi_net_train_0103,data/raw/property_conditions/train/global_collapse/phi_net_train_gc_0103.jpg,global_collapse,0,GC,Global collapse,OFFICIAL_TRAIN,train,PEER Hub ImageNet (PHI-Net) Task 5,Yuqing Gao (UC Berkeley PEER Center),CC BY-NC-SA 4.0,224,224,3,0f88f2f63e3331d6a3b0de47331d8c36127683f9aea96e52ca136763ea7e7072
phi_net_train_0104,data/raw/property_conditions/val/global_collapse/phi_net_val_gc_0104.jpg,global_collapse,0,GC,Global collapse,OFFICIAL_TRAIN,val,PEER Hub ImageNet (PHI-Net) Task 5,Yuqing Gao (UC Berkeley PEER Center),CC BY-NC-SA 4.0,224,224,3,09fe2f2e83b4fa58f4ffcf01dfcceb9fdb82a0503cc539a7f8698421ef155279
phi_net_train_0105,data/raw/property_conditions/train/global_collapse/phi_net_train_gc_0105.jpg,global_collapse,0,GC,Global collapse,OFFICIAL_TRAIN,train,PEER Hub ImageNet (PHI-Net) Task 5,Yuqing Gao (UC Berkeley PEER Center),CC BY-NC-SA 4.0,224,224,3,3e495568c8f57c324aaee6a60527e4b5d9186086cc7d109ced30a813ef84e425
phi_net_train_0106,data/raw/property_conditions/train/global_collapse/phi_net_train_gc_0106.jpg,global_collapse,0,GC,Global collapse,OFFICIAL_TRAIN,train,PEER Hub ImageNet (PHI-Net) Task 5,Yuqing Gao (UC Berkeley PEER Center),CC BY-NC-SA 4.0,224,224,3,89cf2217fb7b62a0474422feb9527497c66620e09b4eb00fee0a1fa141667fdf
phi_net_train_0107,data/raw/property_conditions/train/global_collapse/phi_net_train_gc_0107.jpg,global_collapse,0,GC,Global collapse,OFFICIAL_TRAIN,train,PEER Hub ImageNet (PHI-Net) Task 5,Yuqing Gao (UC Berkeley PEER Center),CC BY-NC-SA 4.0,224,224,3,718861a0fa147c27c21c58d1c40e6ebfc5c3244db97eff26b5980ce1af479e49
phi_net_train_0108,data/raw/property_conditions/train/global_collapse/phi_net_train_gc_0108.jpg,global_collapse,0,GC,Global collapse,OFFICIAL_TRAIN,train,PEER Hub ImageNet (PHI-Net) Task 5,Yuqing Gao (UC Berkeley PEER Center),CC BY-NC-SA 4.0,224,224,3,90bd332d02bde1aefd3c2c3b2232e965a47ab23dc94e3dacdc90d094c55b9499
phi_net_train_0109,data/raw/property_conditions/train/global_collapse/phi_net_train_gc_0109.jpg,global_collapse,0,GC,Global collapse,OFFICIAL_TRAIN,train,PEER Hub ImageNet (PHI-Net) Task 5,Yuqing Gao (UC Berkeley PEER Center),CC BY-NC-SA 4.0,224,224,3,15d30f9e905f1d21f42d1176f5b1fe66f982e5a06b85c05eede72d7c9487cde7
phi_net_train_0110,data/raw/property_conditions/train/global_collapse/phi_net_train_gc_0110.jpg,global_collapse,0,GC,Global collapse,OFFICIAL_TRAIN,train,PEER Hub ImageNet (PHI-Net) Task 5,Yuqing Gao (UC Berkeley PEER Center),CC BY-NC-SA 4.0,224,224,3,0a765e7bb0d2a76547dde5044f24b109caa2ebc9c17efb4e67af9ede95965b9b
phi_net_train_0111,data/raw/property_conditions/train/global_collapse/phi_net_train_gc_0111.jpg,global_collapse,0,GC,Global collapse,OFFICIAL_TRAIN,train,PEER Hub ImageNet (PHI-Net) Task 5,Yuqing Gao (UC Berkeley PEER Center),CC BY-NC-SA 4.0,224,224,3,98963e859ddbe501803789298ba56c401f12d75ba5bb0e2f1efe1577b9ed5e65
phi_net_train_0112,data/raw/property_conditions/train/global_collapse/phi_net_train_gc_0112.jpg,global_collapse,0,GC,Global collapse,OFFICIAL_TRAIN,train,PEER Hub ImageNet (PHI-Net) Task 5,Yuqing Gao (UC Berkeley PEER Center),CC BY-NC-SA 4.0,224,224,3,c358101ec84d51e5559d588206d6559cb813448a5ff7f7692c41559e354284e4
phi_net_train_0113,data/raw/property_conditions/train/global_collapse/phi_net_train_gc_0113.jpg,global_collapse,0,GC,Global collapse,OFFICIAL_TRAIN,train,PEER Hub ImageNet (PHI-Net) Task 5,Yuqing Gao (UC Berkeley PEER Center),CC BY-NC-SA 4.0,224,224,3,4631a6618c2b02a82020e386734d0370e92f240e61ff14460cd3b6bfa9771239
phi_net_train_0114,data/raw/property_conditions/train/global_collapse/phi_net_train_gc_0114.jpg,global_collapse,0,GC,Global collapse,OFFICIAL_TRAIN,train,PEER Hub ImageNet (PHI-Net) Task 5,Yuqing Gao (UC Berkeley PEER Center),CC BY-NC-SA 4.0,224,224,3,154a426929bfac7c8c9c993a7a56b8c0c4d6531edef118aa6a117b7d9105e77e
phi_net_train_0115,data/raw/property_conditions/train/global_collapse/phi_net_train_gc_0115.jpg,global_collapse,0,GC,Global collapse,OFFICIAL_TRAIN,train,PEER Hub ImageNet (PHI-Net) Task 5,Yuqing Gao (UC Berkeley PEER Center),CC BY-NC-SA 4.0,224,224,3,df6e15f3473ea9a96df532eca6f18271da9283c93715b502a691834ea70dfb56
phi_net_train_0116,data/raw/property_conditions/train/global_collapse/phi_net_train_gc_0116.jpg,global_collapse,0,GC,Global collapse,OFFICIAL_TRAIN,train,PEER Hub ImageNet (PHI-Net) Task 5,Yuqing Gao (UC Berkeley PEER Center),CC BY-NC-SA 4.0,224,224,3,720ba8709dec3836c4736cdc48727ca12624267de1998a85a94e054f2ac5fcd6
phi_net_train_0117,data/raw/property_conditions/val/global_collapse/phi_net_val_gc_0117.jpg,global_collapse,0,GC,Global collapse,OFFICIAL_TRAIN,val,PEER Hub ImageNet (PHI-Net) Task 5,Yuqing Gao (UC Berkeley PEER Center),CC BY-NC-SA 4.0,224,224,3,edc8575f1d06f66c57750efce44e40ec482b9cafd5abfb6910f226d29a70b5b8
phi_net_train_0118,data/raw/property_conditions/train/global_collapse/phi_net_train_gc_0118.jpg,global_collapse,0,GC,Global collapse,OFFICIAL_TRAIN,train,PEER Hub ImageNet (PHI-Net) Task 5,Yuqing Gao (UC Berkeley PEER Center),CC BY-NC-SA 4.0,224,224,3,895d81ea2a3c5245f36856c3f7fbce31d000c7a3e72160cc9e06f40a1e3fce01
phi_net_train_0119,data/raw/property_conditions/train/global_collapse/phi_net_train_gc_0119.jpg,global_collapse,0,GC,Global collapse,OFFICIAL_TRAIN,train,PEER Hub ImageNet (PHI-Net) Task 5,Yuqing Gao (UC Berkeley PEER Center),CC BY-NC-SA 4.0,224,224,3,d259616ac21a7f9f520dc16737064cca813a7b3d19d6bf7b7de6ca835baa8502
phi_net_train_0120,data/raw/property_conditions/train/global_collapse/phi_net_train_gc_0120.jpg,global_collapse,0,GC,Global collapse,OFFICIAL_TRAIN,train,PEER Hub ImageNet (PHI-Net) Task 5,Yuqing Gao (UC Berkeley PEER Center),CC BY-NC-SA 4.0,224,224,3,123eb4c8fa5c2dc7bbae0053762a1820d68c6d11ec155ca60114babd701b1407
phi_net_train_0121,data/raw/property_conditions/train/global_collapse/phi_net_train_gc_0121.jpg,global_collapse,0,GC,Global collapse,OFFICIAL_TRAIN,train,PEER Hub ImageNet (PHI-Net) Task 5,Yuqing Gao (UC Berkeley PEER Center),CC BY-NC-SA 4.0,224,224,3,d93957967bf8a5cad51502e92a12fec8790550c12d31dca865be72a774a82df4
phi_net_train_0122,data/raw/property_conditions/train/global_collapse/phi_net_train_gc_0122.jpg,global_collapse,0,GC,Global collapse,OFFICIAL_TRAIN,train,PEER Hub ImageNet (PHI-Net) Task 5,Yuqing Gao (UC Berkeley PEER Center),CC BY-NC-SA 4.0,224,224,3,005cea3544cc2ef913e55f7bc915a76b02ebe877778bb96298840df83469c028
phi_net_train_0123,data/raw/property_conditions/train/global_collapse/phi_net_train_gc_0123.jpg,global_collapse,0,GC,Global collapse,OFFICIAL_TRAIN,train,PEER Hub ImageNet (PHI-Net) Task 5,Yuqing Gao (UC Berkeley PEER Center),CC BY-NC-SA 4.0,224,224,3,d0bd9744a5a46cf375067a692338770c7c7cf8c450a7ff46c2cbdca376f1b873
phi_net_train_0124,data/raw/property_conditions/val/global_collapse/phi_net_val_gc_0124.jpg,global_collapse,0,GC,Global collapse,OFFICIAL_TRAIN,val,PEER Hub ImageNet (PHI-Net) Task 5,Yuqing Gao (UC Berkeley PEER Center),CC BY-NC-SA 4.0,224,224,3,6c03049eb802a8405cd3843111090f251462a1db399c70b753e8eaff24140219
phi_net_train_0125,data/raw/property_conditions/train/global_collapse/phi_net_train_gc_0125.jpg,global_collapse,0,GC,Global collapse,OFFICIAL_TRAIN,train,PEER Hub ImageNet (PHI-Net) Task 5,Yuqing Gao (UC Berkeley PEER Center),CC BY-NC-SA 4.0,224,224,3,293fd07034b7a5e16b718cd7b6b4020240ef5d80742bc13d7eafa90af05c0ee8
phi_net_train_0126,data/raw/property_conditions/train/global_collapse/phi_net_train_gc_0126.jpg,global_collapse,0,GC,Global collapse,OFFICIAL_TRAIN,train,PEER Hub ImageNet (PHI-Net) Task 5,Yuqing Gao (UC Berkeley PEER Center),CC BY-NC-SA 4.0,224,224,3,e02051033984ef8fca44792987fa44d3e7a60db011d87ea9dd5c991cc63c44d2
phi_net_train_0127,data/raw/property_conditions/train/global_collapse/phi_net_train_gc_0127.jpg,global_collapse,0,GC,Global collapse,OFFICIAL_TRAIN,train,PEER Hub ImageNet (PHI-Net) Task 5,Yuqing Gao (UC Berkeley PEER Center),CC BY-NC-SA 4.0,224,224,3,f187dd5bf6903cb42e52b75047c3bce3178d0da60b811a2a087695bc9cc409a3
phi_net_train_0128,data/raw/property_conditions/train/global_collapse/phi_net_train_gc_0128.jpg,global_collapse,0,GC,Global collapse,OFFICIAL_TRAIN,train,PEER Hub ImageNet (PHI-Net) Task 5,Yuqing Gao (UC Berkeley PEER Center),CC BY-NC-SA 4.0,224,224,3,7160855f8cb7596990b3aa32275e5f70b5c25979d12b5f4933bcc8ad97ce72c1
phi_net_train_0129,data/raw/property_conditions/train/global_collapse/phi_net_train_gc_0129.jpg,global_collapse,0,GC,Global collapse,OFFICIAL_TRAIN,train,PEER Hub ImageNet (PHI-Net) Task 5,Yuqing Gao (UC Berkeley PEER Center),CC BY-NC-SA 4.0,224,224,3,a80f3f5b6aed2cb55b4c5490f05e1b4f650f32921f779a813cee878c81a4a2b7
phi_net_train_0130,data/raw/property_conditions/train/global_collapse/phi_net_train_gc_0130.jpg,global_collapse,0,GC,Global collapse,OFFICIAL_TRAIN,train,PEER Hub ImageNet (PHI-Net) Task 5,Yuqing Gao (UC Berkeley PEER Center),CC BY-NC-SA 4.0,224,224,3,82376a0565e0133633dff90b663ebdb591278ddbb9ab66a003ef02a81b491b92
phi_net_train_0131,data/raw/property_conditions/val/global_collapse/phi_net_val_gc_0131.jpg,global_collapse,0,GC,Global collapse,OFFICIAL_TRAIN,val,PEER Hub ImageNet (PHI-Net) Task 5,Yuqing Gao (UC Berkeley PEER Center),CC BY-NC-SA 4.0,224,224,3,d820f79615d3cde83253d262bcd61edd65f5f6883eea7e015f69475ddf77d7c3
phi_net_train_0132,data/raw/property_conditions/val/global_collapse/phi_net_val_gc_0132.jpg,global_collapse,0,GC,Global collapse,OFFICIAL_TRAIN,val,PEER Hub ImageNet (PHI-Net) Task 5,Yuqing Gao (UC Berkeley PEER Center),CC BY-NC-SA 4.0,224,224,3,14b00184694bf223f7ded8e9e101ab0a5441e3fef8912ebb0522868c3b998d86
phi_net_train_0133,data/raw/property_conditions/train/global_collapse/phi_net_train_gc_0133.jpg,global_collapse,0,GC,Global collapse,OFFICIAL_TRAIN,train,PEER Hub ImageNet (PHI-Net) Task 5,Yuqing Gao (UC Berkeley PEER Center),CC BY-NC-SA 4.0,224,224,3,752f919115d2e3db6043a0947e447af9e54ba6d91f442506ef47b5e9fe01125f
phi_net_train_0134,data/raw/property_conditions/train/global_collapse/phi_net_train_gc_0134.jpg,global_collapse,0,GC,Global collapse,OFFICIAL_TRAIN,train,PEER Hub ImageNet (PHI-Net) Task 5,Yuqing Gao (UC Berkeley PEER Center),CC BY-NC-SA 4.0,224,224,3,47018821c5d19605aea2412c15c164775f7ec71c5d61fb84c23da6f72d99e15a
phi_net_train_0135,data/raw/property_conditions/train/global_collapse/phi_net_train_gc_0135.jpg,global_collapse,0,GC,Global collapse,OFFICIAL_TRAIN,train,PEER Hub ImageNet (PHI-Net) Task 5,Yuqing Gao (UC Berkeley PEER Center),CC BY-NC-SA 4.0,224,224,3,f3278439f335169b7059568b312f4e477ba1f26c963dedfb189f77e9f11120a6
phi_net_train_0136,data/raw/property_conditions/train/global_collapse/phi_net_train_gc_0136.jpg,global_collapse,0,GC,Global collapse,OFFICIAL_TRAIN,train,PEER Hub ImageNet (PHI-Net) Task 5,Yuqing Gao (UC Berkeley PEER Center),CC BY-NC-SA 4.0,224,224,3,8062cbc8ee49a55bf8f3db9f2c8c0171a72e56f32eaabff9127ad98d24c4be67
phi_net_train_0137,data/raw/property_conditions/val/global_collapse/phi_net_val_gc_0137.jpg,global_collapse,0,GC,Global collapse,OFFICIAL_TRAIN,val,PEER Hub ImageNet (PHI-Net) Task 5,Yuqing Gao (UC Berkeley PEER Center),CC BY-NC-SA 4.0,224,224,3,b01fab57b15ad3c21ef30e925607ee5ea610a70976ecdf1132700f9ce9b90d39
phi_net_train_0138,data/raw/property_conditions/train/global_collapse/phi_net_train_gc_0138.jpg,global_collapse,0,GC,Global collapse,OFFICIAL_TRAIN,train,PEER Hub ImageNet (PHI-Net) Task 5,Yuqing Gao (UC Berkeley PEER Center),CC BY-NC-SA 4.0,224,224,3,d1cc5983e868218da0894dc50ca3df8e1837ebd05791c21e8e9e05501d4e77fd
phi_net_train_0139,data/raw/property_conditions/train/global_collapse/phi_net_train_gc_0139.jpg,global_collapse,0,GC,Global collapse,OFFICIAL_TRAIN,train,PEER Hub ImageNet (PHI-Net) Task 5,Yuqing Gao (UC Berkeley PEER Center),CC BY-NC-SA 4.0,224,224,3,642c489acd4774042b41f659418605c419e4872b97148998bc1c53568320baa8
phi_net_train_0140,data/raw/property_conditions/val/global_collapse/phi_net_val_gc_0140.jpg,global_collapse,0,GC,Global collapse,OFFICIAL_TRAIN,val,PEER Hub ImageNet (PHI-Net) Task 5,Yuqing Gao (UC Berkeley PEER Center),CC BY-NC-SA 4.0,224,224,3,0b2f4f9e23dd75ed618d3d523854a352fe9711be3f4fedf654b59e30c9bcdb58
phi_net_train_0141,data/raw/property_conditions/train/global_collapse/phi_net_train_gc_0141.jpg,global_collapse,0,GC,Global collapse,OFFICIAL_TRAIN,train,PEER Hub ImageNet (PHI-Net) Task 5,Yuqing Gao (UC Berkeley PEER Center),CC BY-NC-SA 4.0,224,224,3,1fd7de1f781151f5d42b3a55f842824748863ec909b9b540259b6d1202e86488
phi_net_train_0142,data/raw/property_conditions/train/global_collapse/phi_net_train_gc_0142.jpg,global_collapse,0,GC,Global collapse,OFFICIAL_TRAIN,train,PEER Hub ImageNet (PHI-Net) Task 5,Yuqing Gao (UC Berkeley PEER Center),CC BY-NC-SA 4.0,224,224,3,8c649c66a68d039be0da5cf273bb44092f114e34c9bb330a879bd84c62250914
phi_net_train_0143,data/raw/property_conditions/train/global_collapse/phi_net_train_gc_0143.jpg,global_collapse,0,GC,Global collapse,OFFICIAL_TRAIN,train,PEER Hub ImageNet (PHI-Net) Task 5,Yuqing Gao (UC Berkeley PEER Center),CC BY-NC-SA 4.0,224,224,3,0955460b1629246f593fae822a86e90b38ac409d63ac0ba534d7bce54d6beca3
phi_net_train_0144,data/raw/property_conditions/train/global_collapse/phi_net_train_gc_0144.jpg,global_collapse,0,GC,Global collapse,OFFICIAL_TRAIN,train,PEER Hub ImageNet (PHI-Net) Task 5,Yuqing Gao (UC Berkeley PEER Center),CC BY-NC-SA 4.0,224,224,3,a1cd66ee3894d8e326e213377d487defa7a95344d203a72ee07ea3a24b75eefe
phi_net_train_0145,data/raw/property_conditions/train/global_collapse/phi_net_train_gc_0145.jpg,global_collapse,0,GC,Global collapse,OFFICIAL_TRAIN,train,PEER Hub ImageNet (PHI-Net) Task 5,Yuqing Gao (UC Berkeley PEER Center),CC BY-NC-SA 4.0,224,224,3,3a60bd76d2186b004d9edb3f6753ca1dde4016feb2653ece3d1f454d15b2303f
phi_net_train_0146,data/raw/property_conditions/train/global_collapse/phi_net_train_gc_0146.jpg,global_collapse,0,GC,Global collapse,OFFICIAL_TRAIN,train,PEER Hub ImageNet (PHI-Net) Task 5,Yuqing Gao (UC Berkeley PEER Center),CC BY-NC-SA 4.0,224,224,3,8e075f647bdc5182225b34a53a857a78d7da43a841095b406962a35929742fe7
phi_net_train_0147,data/raw/property_conditions/train/global_collapse/phi_net_train_gc_0147.jpg,global_collapse,0,GC,Global collapse,OFFICIAL_TRAIN,train,PEER Hub ImageNet (PHI-Net) Task 5,Yuqing Gao (UC Berkeley PEER Center),CC BY-NC-SA 4.0,224,224,3,675d5aa6a955da8ea6a8dc386b7ae5df5ca1a31f99f48c520fe455402fbc8d3a
phi_net_train_0148,data/raw/property_conditions/val/global_collapse/phi_net_val_gc_0148.jpg,global_collapse,0,GC,Global collapse,OFFICIAL_TRAIN,val,PEER Hub ImageNet (PHI-Net) Task 5,Yuqing Gao (UC Berkeley PEER Center),CC BY-NC-SA 4.0,224,224,3,2b4f78674f710cb018f646074495e9a03e81e725f5243a312653212948e2ab0a
phi_net_train_0149,data/raw/property_conditions/train/global_collapse/phi_net_train_gc_0149.jpg,global_collapse,0,GC,Global collapse,OFFICIAL_TRAIN,train,PEER Hub ImageNet (PHI-Net) Task 5,Yuqing Gao (UC Berkeley PEER Center),CC BY-NC-SA 4.0,224,224,3,e27bc7d4d1b1bf2af59381d5370512e46678780e910787c9b9869c73ff16435d
phi_net_train_0150,data/raw/property_conditions/train/global_collapse/phi_net_train_gc_0150.jpg,global_collapse,0,GC,Global collapse,OFFICIAL_TRAIN,train,PEER Hub ImageNet (PHI-Net) Task 5,Yuqing Gao (UC Berkeley PEER Center),CC BY-NC-SA 4.0,224,224,3,93b886d11922cc2d37fb83e8346efb043e63e1633cc8e9459d768439afa86a97
phi_net_train_0151,data/raw/property_conditions/train/global_collapse/phi_net_train_gc_0151.jpg,global_collapse,0,GC,Global collapse,OFFICIAL_TRAIN,train,PEER Hub ImageNet (PHI-Net) Task 5,Yuqing Gao (UC Berkeley PEER Center),CC BY-NC-SA 4.0,224,224,3,11f69c9bc1b900eb14196852e8a2714c7792a7a048e009b9665fd59d4767b67b
phi_net_train_0152,data/raw/property_conditions/train/global_collapse/phi_net_train_gc_0152.jpg,global_collapse,0,GC,Global collapse,OFFICIAL_TRAIN,train,PEER Hub ImageNet (PHI-Net) Task 5,Yuqing Gao (UC Berkeley PEER Center),CC BY-NC-SA 4.0,224,224,3,05e6f7b09078f85ce9f2ec6b5808cf68139545ce113aa0db40e4674a58ab467a
phi_net_train_0153,data/raw/property_conditions/train/global_collapse/phi_net_train_gc_0153.jpg,global_collapse,0,GC,Global collapse,OFFICIAL_TRAIN,train,PEER Hub ImageNet (PHI-Net) Task 5,Yuqing Gao (UC Berkeley PEER Center),CC BY-NC-SA 4.0,224,224,3,6fb39a956521c7111d580f5e1fd96a569c5fa90edd8702fe1f203de92b6f2cd0
phi_net_train_0154,data/raw/property_conditions/train/global_collapse/phi_net_train_gc_0154.jpg,global_collapse,0,GC,Global collapse,OFFICIAL_TRAIN,train,PEER Hub ImageNet (PHI-Net) Task 5,Yuqing Gao (UC Berkeley PEER Center),CC BY-NC-SA 4.0,224,224,3,b914c995942b6cc0a87c91fc9549dfb64cfe9a093bdf414874efe6c9b009fc5c
phi_net_train_0155,data/raw/property_conditions/val/global_collapse/phi_net_val_gc_0155.jpg,global_collapse,0,GC,Global collapse,OFFICIAL_TRAIN,val,PEER Hub ImageNet (PHI-Net) Task 5,Yuqing Gao (UC Berkeley PEER Center),CC BY-NC-SA 4.0,224,224,3,421c28a38e89563b80f6d036ffe20c59f7ad5cb93a9fef39d554f2a2f3bb51b4
phi_net_train_0156,data/raw/property_conditions/train/global_collapse/phi_net_train_gc_0156.jpg,global_collapse,0,GC,Global collapse,OFFICIAL_TRAIN,train,PEER Hub ImageNet (PHI-Net) Task 5,Yuqing Gao (UC Berkeley PEER Center),CC BY-NC-SA 4.0,224,224,3,9b1c5cefffe8dc306e2fba8a5a2d568b84f1799b111c626106b9834b3d81ae97
phi_net_train_0157,data/raw/property_conditions/train/global_collapse/phi_net_train_gc_0157.jpg,global_collapse,0,GC,Global collapse,OFFICIAL_TRAIN,train,PEER Hub ImageNet (PHI-Net) Task 5,Yuqing Gao (UC Berkeley PEER Center),CC BY-NC-SA 4.0,224,224,3,eca55c6cd89d033afc86acc5d9dc12e5456db70c5693fa73ffb6d1ce9c1bf585
phi_net_train_0158,data/raw/property_conditions/train/global_collapse/phi_net_train_gc_0158.jpg,global_collapse,0,GC,Global collapse,OFFICIAL_TRAIN,train,PEER Hub ImageNet (PHI-Net) Task 5,Yuqing Gao (UC Berkeley PEER Center),CC BY-NC-SA 4.0,224,224,3,4210c95e4de1980e0d23c673eb00a301ad488ca6b863152ec05409d5796d7269
phi_net_train_0159,data/raw/property_conditions/train/global_collapse/phi_net_train_gc_0159.jpg,global_collapse,0,GC,Global collapse,OFFICIAL_TRAIN,train,PEER Hub ImageNet (PHI-Net) Task 5,Yuqing Gao (UC Berkeley PEER Center),CC BY-NC-SA 4.0,224,224,3,1e6200dd2664adf6e05adb3add2813703a333208217b6e5914b83a7424196e27
phi_net_train_0160,data/raw/property_conditions/train/global_collapse/phi_net_train_gc_0160.jpg,global_collapse,0,GC,Global collapse,OFFICIAL_TRAIN,train,PEER Hub ImageNet (PHI-Net) Task 5,Yuqing Gao (UC Berkeley PEER Center),CC BY-NC-SA 4.0,224,224,3,6c03e124e43ec8247e76f80f81d34c5cee2f417e9e0307ab66e0891b5baa3d6c
phi_net_train_0161,data/raw/property_conditions/train/global_collapse/phi_net_train_gc_0161.jpg,global_collapse,0,GC,Global collapse,OFFICIAL_TRAIN,train,PEER Hub ImageNet (PHI-Net) Task 5,Yuqing Gao (UC Berkeley PEER Center),CC BY-NC-SA 4.0,224,224,3,fdb9ad81f9ff3ac9a4416e3f91a5a36ed5898ffe2f9e2a4721eb5ed1bb2ffa3a
phi_net_train_0162,data/raw/property_conditions/train/global_collapse/phi_net_train_gc_0162.jpg,global_collapse,0,GC,Global collapse,OFFICIAL_TRAIN,train,PEER Hub ImageNet (PHI-Net) Task 5,Yuqing Gao (UC Berkeley PEER Center),CC BY-NC-SA 4.0,224,224,3,04dd8d5f783df96a79e4970dde7ada5cf599a5d772cb19b9f56f491a6bf2cb7d
phi_net_train_0163,data/raw/property_conditions/train/global_collapse/phi_net_train_gc_0163.jpg,global_collapse,0,GC,Global collapse,OFFICIAL_TRAIN,train,PEER Hub ImageNet (PHI-Net) Task 5,Yuqing Gao (UC Berkeley PEER Center),CC BY-NC-SA 4.0,224,224,3,a400f81f42286f880f43c2bea96f12ba04f01f37a9b093d6b3565721063f32a6
phi_net_train_0164,data/raw/property_conditions/train/global_collapse/phi_net_train_gc_0164.jpg,global_collapse,0,GC,Global collapse,OFFICIAL_TRAIN,train,PEER Hub ImageNet (PHI-Net) Task 5,Yuqing Gao (UC Berkeley PEER Center),CC BY-NC-SA 4.0,224,224,3,15332956f0eef5f07417f983ae50b1eba3b3305da4a2758ae0a223f518740df1
phi_net_train_0165,data/raw/property_conditions/train/global_collapse/phi_net_train_gc_0165.jpg,global_collapse,0,GC,Global collapse,OFFICIAL_TRAIN,train,PEER Hub ImageNet (PHI-Net) Task 5,Yuqing Gao (UC Berkeley PEER Center),CC BY-NC-SA 4.0,224,224,3,49cedc04644848bc7466045b0c727d6231f241988f204f9c606ba2043694f51c
phi_net_train_0166,data/raw/property_conditions/train/global_collapse/phi_net_train_gc_0166.jpg,global_collapse,0,GC,Global collapse,OFFICIAL_TRAIN,train,PEER Hub ImageNet (PHI-Net) Task 5,Yuqing Gao (UC Berkeley PEER Center),CC BY-NC-SA 4.0,224,224,3,eb6af638717da86f43bb346ee9b2aa72e910d21b085e612ce3755a801356eb4f
phi_net_train_0167,data/raw/property_conditions/train/global_collapse/phi_net_train_gc_0167.jpg,global_collapse,0,GC,Global collapse,OFFICIAL_TRAIN,train,PEER Hub ImageNet (PHI-Net) Task 5,Yuqing Gao (UC Berkeley PEER Center),CC BY-NC-SA 4.0,224,224,3,6d215aa5c5f4aa4477f679583fabb37cbfc21f383d2d559e9dd7e9782ef194bd
phi_net_train_0168,data/raw/property_conditions/train/global_collapse/phi_net_train_gc_0168.jpg,global_collapse,0,GC,Global collapse,OFFICIAL_TRAIN,train,PEER Hub ImageNet (PHI-Net) Task 5,Yuqing Gao (UC Berkeley PEER Center),CC BY-NC-SA 4.0,224,224,3,5146a05e3850d4be5522d486d4e63de89876003d316783743b212fcbccfe1802
phi_net_train_0169,data/raw/property_conditions/train/global_collapse/phi_net_train_gc_0169.jpg,global_collapse,0,GC,Global collapse,OFFICIAL_TRAIN,train,PEER Hub ImageNet (PHI-Net) Task 5,Yuqing Gao (UC Berkeley PEER Center),CC BY-NC-SA 4.0,224,224,3,b0485c7053cfae756915c7ab394ae95ced8a1cf97b9b852be36d04176f6aa90d
phi_net_train_0170,data/raw/property_conditions/train/global_collapse/phi_net_train_gc_0170.jpg,global_collapse,0,GC,Global collapse,OFFICIAL_TRAIN,train,PEER Hub ImageNet (PHI-Net) Task 5,Yuqing Gao (UC Berkeley PEER Center),CC BY-NC-SA 4.0,224,224,3,f883dd64673946a4591f7741eb7bfa219aac502f67f89fa4f508d031ee08103b
phi_net_train_0171,data/raw/property_conditions/train/global_collapse/phi_net_train_gc_0171.jpg,global_collapse,0,GC,Global collapse,OFFICIAL_TRAIN,train,PEER Hub ImageNet (PHI-Net) Task 5,Yuqing Gao (UC Berkeley PEER Center),CC BY-NC-SA 4.0,224,224,3,bc90f0412a65402a7b328543c59a9051278e300b6e26deb0d2e1fc0404696975
phi_net_train_0172,data/raw/property_conditions/train/global_collapse/phi_net_train_gc_0172.jpg,global_collapse,0,GC,Global collapse,OFFICIAL_TRAIN,train,PEER Hub ImageNet (PHI-Net) Task 5,Yuqing Gao (UC Berkeley PEER Center),CC BY-NC-SA 4.0,224,224,3,8661551fd53c3bec192362b2ce823f2665b2fd8723a492a63ffe139bfee55121
phi_net_train_0173,data/raw/property_conditions/train/global_collapse/phi_net_train_gc_0173.jpg,global_collapse,0,GC,Global collapse,OFFICIAL_TRAIN,train,PEER Hub ImageNet (PHI-Net) Task 5,Yuqing Gao (UC Berkeley PEER Center),CC BY-NC-SA 4.0,224,224,3,ddd8ca13acfe0e433dd2d829e60303bfb0b895214cf712dabb783fb0c4667be7
phi_net_train_0174,data/raw/property_conditions/train/global_collapse/phi_net_train_gc_0174.jpg,global_collapse,0,GC,Global collapse,OFFICIAL_TRAIN,train,PEER Hub ImageNet (PHI-Net) Task 5,Yuqing Gao (UC Berkeley PEER Center),CC BY-NC-SA 4.0,224,224,3,8bf483d855066ac553cb4a944f28b3719540377970ef39799e4f64a5e6348fe0
phi_net_train_0175,data/raw/property_conditions/train/global_collapse/phi_net_train_gc_0175.jpg,global_collapse,0,GC,Global collapse,OFFICIAL_TRAIN,train,PEER Hub ImageNet (PHI-Net) Task 5,Yuqing Gao (UC Berkeley PEER Center),CC BY-NC-SA 4.0,224,224,3,a17ef0945450f105cb4c67ad0ae4816f93673caf5a115341bc5c6486348228e9
phi_net_train_0176,data/raw/property_conditions/train/global_collapse/phi_net_train_gc_0176.jpg,global_collapse,0,GC,Global collapse,OFFICIAL_TRAIN,train,PEER Hub ImageNet (PHI-Net) Task 5,Yuqing Gao (UC Berkeley PEER Center),CC BY-NC-SA 4.0,224,224,3,ceef762781e1eec4cf7ea7bedb956037e978ffba5041c145933be685a96c8c1e
phi_net_train_0177,data/raw/property_conditions/val/global_collapse/phi_net_val_gc_0177.jpg,global_collapse,0,GC,Global collapse,OFFICIAL_TRAIN,val,PEER Hub ImageNet (PHI-Net) Task 5,Yuqing Gao (UC Berkeley PEER Center),CC BY-NC-SA 4.0,224,224,3,2b6a8f6a107684554d5fc38de6a2455a3fec8d50af01fca2813f4706f79e1bca
phi_net_train_0178,data/raw/property_conditions/train/global_collapse/phi_net_train_gc_0178.jpg,global_collapse,0,GC,Global collapse,OFFICIAL_TRAIN,train,PEER Hub ImageNet (PHI-Net) Task 5,Yuqing Gao (UC Berkeley PEER Center),CC BY-NC-SA 4.0,224,224,3,241cbca96b7c199277ddc919183889f950d96f41b6224a1d59d3f429bf1a703c
phi_net_train_0179,data/raw/property_conditions/train/global_collapse/phi_net_train_gc_0179.jpg,global_collapse,0,GC,Global collapse,OFFICIAL_TRAIN,train,PEER Hub ImageNet (PHI-Net) Task 5,Yuqing Gao (UC Berkeley PEER Center),CC BY-NC-SA 4.0,224,224,3,405bf94c86352e43962be1f9bb52ba57e01b680c243a5d1af07a7b5c9b62fc6f
phi_net_train_0180,data/raw/property_conditions/val/global_collapse/phi_net_val_gc_0180.jpg,global_collapse,0,GC,Global collapse,OFFICIAL_TRAIN,val,PEER Hub ImageNet (PHI-Net) Task 5,Yuqing Gao (UC Berkeley PEER Center),CC BY-NC-SA 4.0,224,224,3,786f1a160322af411e1732fc64bf808c2a8e5b85e942f094d9854d9bc6ba2e5c
phi_net_train_0181,data/raw/property_conditions/train/global_collapse/phi_net_train_gc_0181.jpg,global_collapse,0,GC,Global collapse,OFFICIAL_TRAIN,train,PEER Hub ImageNet (PHI-Net) Task 5,Yuqing Gao (UC Berkeley PEER Center),CC BY-NC-SA 4.0,224,224,3,8eb1d6665f04be49f0cb10e02564e579ce45aa3913966697c2124fa375638aeb
phi_net_train_0182,data/raw/property_conditions/train/global_collapse/phi_net_train_gc_0182.jpg,global_collapse,0,GC,Global collapse,OFFICIAL_TRAIN,train,PEER Hub ImageNet (PHI-Net) Task 5,Yuqing Gao (UC Berkeley PEER Center),CC BY-NC-SA 4.0,224,224,3,5fd26e40a15d155b60e1dbc9fb2d9e52d8b8d1bc36c3f7c504c52399be67c276
phi_net_train_0183,data/raw/property_conditions/train/global_collapse/phi_net_train_gc_0183.jpg,global_collapse,0,GC,Global collapse,OFFICIAL_TRAIN,train,PEER Hub ImageNet (PHI-Net) Task 5,Yuqing Gao (UC Berkeley PEER Center),CC BY-NC-SA 4.0,224,224,3,643d7d5a8b01ab40d5d3b0d8adfe6afb810aede63b03c4de7decb79cee5d9bcb
phi_net_train_0184,data/raw/property_conditions/val/global_collapse/phi_net_val_gc_0184.jpg,global_collapse,0,GC,Global collapse,OFFICIAL_TRAIN,val,PEER Hub ImageNet (PHI-Net) Task 5,Yuqing Gao (UC Berkeley PEER Center),CC BY-NC-SA 4.0,224,224,3,7ab5f978b3b4bc690962fe808566036861eb4437e795e0e730d8d08dc8bc6578
phi_net_train_0185,data/raw/property_conditions/train/global_collapse/phi_net_train_gc_0185.jpg,global_collapse,0,GC,Global collapse,OFFICIAL_TRAIN,train,PEER Hub ImageNet (PHI-Net) Task 5,Yuqing Gao (UC Berkeley PEER Center),CC BY-NC-SA 4.0,224,224,3,5a73cd61e3d2dcba8dbc95efb2ad1a75fc82580950b87f4a9472a4d88cd737d3
phi_net_train_0186,data/raw/property_conditions/train/global_collapse/phi_net_train_gc_0186.jpg,global_collapse,0,GC,Global collapse,OFFICIAL_TRAIN,train,PEER Hub ImageNet (PHI-Net) Task 5,Yuqing Gao (UC Berkeley PEER Center),CC BY-NC-SA 4.0,224,224,3,92e796a57ff38a4afd2a7a4463cdd36a455c63c6ce6ebef0b046d207f8601070
phi_net_train_0187,data/raw/property_conditions/train/global_collapse/phi_net_train_gc_0187.jpg,global_collapse,0,GC,Global collapse,OFFICIAL_TRAIN,train,PEER Hub ImageNet (PHI-Net) Task 5,Yuqing Gao (UC Berkeley PEER Center),CC BY-NC-SA 4.0,224,224,3,99ba448b3c1f521f87b329c0cb8cbdfc53f5db6537c81ab2def7002e10b25c82
phi_net_train_0188,data/raw/property_conditions/train/global_collapse/phi_net_train_gc_0188.jpg,global_collapse,0,GC,Global collapse,OFFICIAL_TRAIN,train,PEER Hub ImageNet (PHI-Net) Task 5,Yuqing Gao (UC Berkeley PEER Center),CC BY-NC-SA 4.0,224,224,3,38e9d6c7574bd02031f52512c90072c5a92db3c9341dd87ea022c400e5742c61
phi_net_train_0189,data/raw/property_conditions/train/global_collapse/phi_net_train_gc_0189.jpg,global_collapse,0,GC,Global collapse,OFFICIAL_TRAIN,train,PEER Hub ImageNet (PHI-Net) Task 5,Yuqing Gao (UC Berkeley PEER Center),CC BY-NC-SA 4.0,224,224,3,3ea02a9fd75741bb1e364360069400c4763903a9dca8b7c2377e9c2b2463e744
phi_net_train_0190,data/raw/property_conditions/train/global_collapse/phi_net_train_gc_0190.jpg,global_collapse,0,GC,Global collapse,OFFICIAL_TRAIN,train,PEER Hub ImageNet (PHI-Net) Task 5,Yuqing Gao (UC Berkeley PEER Center),CC BY-NC-SA 4.0,224,224,3,1de7f8040b8642c4d52c955a4e2537fbd5e808fbc9122945b766c9d400de2f75
phi_net_train_0191,data/raw/property_conditions/train/global_collapse/phi_net_train_gc_0191.jpg,global_collapse,0,GC,Global collapse,OFFICIAL_TRAIN,train,PEER Hub ImageNet (PHI-Net) Task 5,Yuqing Gao (UC Berkeley PEER Center),CC BY-NC-SA 4.0,224,224,3,6bec8a0cb039191174feb3aa3c1f2cb9d0e4fb023e401a72eab8a69cfaab0d9a
phi_net_train_0192,data/raw/property_conditions/train/global_collapse/phi_net_train_gc_0192.jpg,global_collapse,0,GC,Global collapse,OFFICIAL_TRAIN,train,PEER Hub ImageNet (PHI-Net) Task 5,Yuqing Gao (UC Berkeley PEER Center),CC BY-NC-SA 4.0,224,224,3,741880ad98ad7efa90c3bfa54874a7916709fced3fa05e200d7c1817f777e960
phi_net_train_0193,data/raw/property_conditions/train/global_collapse/phi_net_train_gc_0193.jpg,global_collapse,0,GC,Global collapse,OFFICIAL_TRAIN,train,PEER Hub ImageNet (PHI-Net) Task 5,Yuqing Gao (UC Berkeley PEER Center),CC BY-NC-SA 4.0,224,224,3,f7622494dc6cac8a24ca184f44258240dae639876434677ef6f4073cc2b116cf
phi_net_train_0194,data/raw/property_conditions/train/global_collapse/phi_net_train_gc_0194.jpg,global_collapse,0,GC,Global collapse,OFFICIAL_TRAIN,train,PEER Hub ImageNet (PHI-Net) Task 5,Yuqing Gao (UC Berkeley PEER Center),CC BY-NC-SA 4.0,224,224,3,8b1068c479ad7bcfc834307b5a3bf6cf29b34d50c1d6751e9d14156917458b14
phi_net_train_0195,data/raw/property_conditions/train/global_collapse/phi_net_train_gc_0195.jpg,global_collapse,0,GC,Global collapse,OFFICIAL_TRAIN,train,PEER Hub ImageNet (PHI-Net) Task 5,Yuqing Gao (UC Berkeley PEER Center),CC BY-NC-SA 4.0,224,224,3,24d11ea7da31063b00d22d2bfe9234c026a16688d8c5c88de5a590a8d946d8db
phi_net_train_0196,data/raw/property_conditions/train/global_collapse/phi_net_train_gc_0196.jpg,global_collapse,0,GC,Global collapse,OFFICIAL_TRAIN,train,PEER Hub ImageNet (PHI-Net) Task 5,Yuqing Gao (UC Berkeley PEER Center),CC BY-NC-SA 4.0,224,224,3,f5a9e4a05d3fe9ac5c1c29ff57d279a798041804fe09d5daa158c4f4263eb691
phi_net_train_0197,data/raw/property_conditions/train/global_collapse/phi_net_train_gc_0197.jpg,global_collapse,0,GC,Global collapse,OFFICIAL_TRAIN,train,PEER Hub ImageNet (PHI-Net) Task 5,Yuqing Gao (UC Berkeley PEER Center),CC BY-NC-SA 4.0,224,224,3,89a35e325bd45ef705145ce98c0e45a2048891e3ce583633e71fdbf8622fbd59
phi_net_train_0198,data/raw/property_conditions/train/global_collapse/phi_net_train_gc_0198.jpg,global_collapse,0,GC,Global collapse,OFFICIAL_TRAIN,train,PEER Hub ImageNet (PHI-Net) Task 5,Yuqing Gao (UC Berkeley PEER Center),CC BY-NC-SA 4.0,224,224,3,66ec8b12f31060836ed61eba9508e4c184e3bf279410bcb05d0359f80dc78e75
phi_net_train_0199,data/raw/property_conditions/train/global_collapse/phi_net_train_gc_0199.jpg,global_collapse,0,GC,Global collapse,OFFICIAL_TRAIN,train,PEER Hub ImageNet (PHI-Net) Task 5,Yuqing Gao (UC Berkeley PEER Center),CC BY-NC-SA 4.0,224,224,3,c9d0328dc31155a4fab9a04641ff260b43b05291bf16b4ea517f8bcb2fe3d832
phi_net_train_0200,data/raw/property_conditions/train/global_collapse/phi_net_train_gc_0200.jpg,global_collapse,0,GC,Global collapse,OFFICIAL_TRAIN,train,PEER Hub ImageNet (PHI-Net) Task 5,Yuqing Gao (UC Berkeley PEER Center),CC BY-NC-SA 4.0,224,224,3,4c6b7fa536c51d18fec443ebf19f58547056dec593d61a3317532dba6b03b042
phi_net_train_0201,data/raw/property_conditions/train/global_collapse/phi_net_train_gc_0201.jpg,global_collapse,0,GC,Global collapse,OFFICIAL_TRAIN,train,PEER Hub ImageNet (PHI-Net) Task 5,Yuqing Gao (UC Berkeley PEER Center),CC BY-NC-SA 4.0,224,224,3,728cacb839429615ff2251c9b46e21ad9af8aefe44f547afd2d7e5e7f97cdfe0
phi_net_train_0202,data/raw/property_conditions/train/global_collapse/phi_net_train_gc_0202.jpg,global_collapse,0,GC,Global collapse,OFFICIAL_TRAIN,train,PEER Hub ImageNet (PHI-Net) Task 5,Yuqing Gao (UC Berkeley PEER Center),CC BY-NC-SA 4.0,224,224,3,59102ac64e84408a739e39e82d292631a170853099a3c43619ee36f290248c77
phi_net_train_0203,data/raw/property_conditions/train/global_collapse/phi_net_train_gc_0203.jpg,global_collapse,0,GC,Global collapse,OFFICIAL_TRAIN,train,PEER Hub ImageNet (PHI-Net) Task 5,Yuqing Gao (UC Berkeley PEER Center),CC BY-NC-SA 4.0,224,224,3,9e448bc34ead9e3f08032d184d02df5936f192ef882c764ac85d1bd919506d2f
phi_net_train_0204,data/raw/property_conditions/train/global_collapse/phi_net_train_gc_0204.jpg,global_collapse,0,GC,Global collapse,OFFICIAL_TRAIN,train,PEER Hub ImageNet (PHI-Net) Task 5,Yuqing Gao (UC Berkeley PEER Center),CC BY-NC-SA 4.0,224,224,3,c7125547373fda65c7c6ede61e028aebd79e4684f0fa781709bb136e3a97a0d7
phi_net_train_0205,data/raw/property_conditions/train/global_collapse/phi_net_train_gc_0205.jpg,global_collapse,0,GC,Global collapse,OFFICIAL_TRAIN,train,PEER Hub ImageNet (PHI-Net) Task 5,Yuqing Gao (UC Berkeley PEER Center),CC BY-NC-SA 4.0,224,224,3,2c086d3c71e6c80ad7d6c83443601d829cb8f97c68fa1911cefb331066903761
phi_net_train_0206,data/raw/property_conditions/train/global_collapse/phi_net_train_gc_0206.jpg,global_collapse,0,GC,Global collapse,OFFICIAL_TRAIN,train,PEER Hub ImageNet (PHI-Net) Task 5,Yuqing Gao (UC Berkeley PEER Center),CC BY-NC-SA 4.0,224,224,3,78cc6158875615a53d5b317c0d42ffba58e192197fb4edd1ca2ddad915bcc275
phi_net_train_0207,data/raw/property_conditions/train/global_collapse/phi_net_train_gc_0207.jpg,global_collapse,0,GC,Global collapse,OFFICIAL_TRAIN,train,PEER Hub ImageNet (PHI-Net) Task 5,Yuqing Gao (UC Berkeley PEER Center),CC BY-NC-SA 4.0,224,224,3,5f9cdcafcee7166d40d642027a8a23feed4a3785ab6331665af5043a26b270ba
phi_net_train_0208,data/raw/property_conditions/train/global_collapse/phi_net_train_gc_0208.jpg,global_collapse,0,GC,Global collapse,OFFICIAL_TRAIN,train,PEER Hub ImageNet (PHI-Net) Task 5,Yuqing Gao (UC Berkeley PEER Center),CC BY-NC-SA 4.0,224,224,3,3f7eb2042b2a8f28c612e6603b9f810cec8a9c86cd79e6a0c6c7d767b7d21439
phi_net_train_0209,data/raw/property_conditions/train/global_collapse/phi_net_train_gc_0209.jpg,global_collapse,0,GC,Global collapse,OFFICIAL_TRAIN,train,PEER Hub ImageNet (PHI-Net) Task 5,Yuqing Gao (UC Berkeley PEER Center),CC BY-NC-SA 4.0,224,224,3,a3e8144db19bbd1e90486d57a84bfc5e1f4b2dcddf1bc5f28aac1b4db7a1bfef
phi_net_train_0210,data/raw/property_conditions/val/global_collapse/phi_net_val_gc_0210.jpg,global_collapse,0,GC,Global collapse,OFFICIAL_TRAIN,val,PEER Hub ImageNet (PHI-Net) Task 5,Yuqing Gao (UC Berkeley PEER Center),CC BY-NC-SA 4.0,224,224,3,8c84187ab125301bff110341776b80ca2cf83d352d4afcc466bb08d14ae05d11
phi_net_train_0211,data/raw/property_conditions/train/global_collapse/phi_net_train_gc_0211.jpg,global_collapse,0,GC,Global collapse,OFFICIAL_TRAIN,train,PEER Hub ImageNet (PHI-Net) Task 5,Yuqing Gao (UC Berkeley PEER Center),CC BY-NC-SA 4.0,224,224,3,874f582683cca71485072aa2d7e565dee01d54beb6f8f843781f554c5d356aeb
phi_net_train_0212,data/raw/property_conditions/train/global_collapse/phi_net_train_gc_0212.jpg,global_collapse,0,GC,Global collapse,OFFICIAL_TRAIN,train,PEER Hub ImageNet (PHI-Net) Task 5,Yuqing Gao (UC Berkeley PEER Center),CC BY-NC-SA 4.0,224,224,3,91c3e7c73ee1afc5c2337227ca7548f49a839f8527c951977b75b12894e037b1
phi_net_train_0213,data/raw/property_conditions/train/global_collapse/phi_net_train_gc_0213.jpg,global_collapse,0,GC,Global collapse,OFFICIAL_TRAIN,train,PEER Hub ImageNet (PHI-Net) Task 5,Yuqing Gao (UC Berkeley PEER Center),CC BY-NC-SA 4.0,224,224,3,eba7760308182e455c6fec26da0df46982e2880704b6273fa312e5167a81e5bc
phi_net_train_0214,data/raw/property_conditions/train/global_collapse/phi_net_train_gc_0214.jpg,global_collapse,0,GC,Global collapse,OFFICIAL_TRAIN,train,PEER Hub ImageNet (PHI-Net) Task 5,Yuqing Gao (UC Berkeley PEER Center),CC BY-NC-SA 4.0,224,224,3,3deb26910355f221806d06e5a860ebc4eaa72d4e721a6bf89c56c0fe4e7f345b
phi_net_train_0215,data/raw/property_conditions/train/global_collapse/phi_net_train_gc_0215.jpg,global_collapse,0,GC,Global collapse,OFFICIAL_TRAIN,train,PEER Hub ImageNet (PHI-Net) Task 5,Yuqing Gao (UC Berkeley PEER Center),CC BY-NC-SA 4.0,224,224,3,8772c82979ea3ac7b3bf28347d2b41dd25d884d529eadacb352379d045aedd88
phi_net_train_0216,data/raw/property_conditions/train/global_collapse/phi_net_train_gc_0216.jpg,global_collapse,0,GC,Global collapse,OFFICIAL_TRAIN,train,PEER Hub ImageNet (PHI-Net) Task 5,Yuqing Gao (UC Berkeley PEER Center),CC BY-NC-SA 4.0,224,224,3,72564e3d4966e9280c1767009a19b9711ce859aa3a2df0c561241e20cf51f9fe
phi_net_train_0217,data/raw/property_conditions/train/global_collapse/phi_net_train_gc_0217.jpg,global_collapse,0,GC,Global collapse,OFFICIAL_TRAIN,train,PEER Hub ImageNet (PHI-Net) Task 5,Yuqing Gao (UC Berkeley PEER Center),CC BY-NC-SA 4.0,224,224,3,2b38a017e1ed9e91dca813ca62cc30ffe7ea82a5917dc8467e3c85ce35cddea7
phi_net_train_0218,data/raw/property_conditions/val/global_collapse/phi_net_val_gc_0218.jpg,global_collapse,0,GC,Global collapse,OFFICIAL_TRAIN,val,PEER Hub ImageNet (PHI-Net) Task 5,Yuqing Gao (UC Berkeley PEER Center),CC BY-NC-SA 4.0,224,224,3,5cc25255cae934ff42f05587600b8ad3f8cf87f1694112fd37fb62407d750b2e
phi_net_train_0219,data/raw/property_conditions/train/global_collapse/phi_net_train_gc_0219.jpg,global_collapse,0,GC,Global collapse,OFFICIAL_TRAIN,train,PEER Hub ImageNet (PHI-Net) Task 5,Yuqing Gao (UC Berkeley PEER Center),CC BY-NC-SA 4.0,224,224,3,6ac020cc69c76f2fc7a324a0aefc5eef58880d2ad6e9857519045f43473aedba
phi_net_train_0220,data/raw/property_conditions/train/global_collapse/phi_net_train_gc_0220.jpg,global_collapse,0,GC,Global collapse,OFFICIAL_TRAIN,train,PEER Hub ImageNet (PHI-Net) Task 5,Yuqing Gao (UC Berkeley PEER Center),CC BY-NC-SA 4.0,224,224,3,d7a4c8dc7bef3f0b0c363f756c17d8217ef01671ce9c54d21ff7f08f9f46c2a8
phi_net_train_0221,data/raw/property_conditions/train/global_collapse/phi_net_train_gc_0221.jpg,global_collapse,0,GC,Global collapse,OFFICIAL_TRAIN,train,PEER Hub ImageNet (PHI-Net) Task 5,Yuqing Gao (UC Berkeley PEER Center),CC BY-NC-SA 4.0,224,224,3,868455224618506c8c9b99c93ff6ceb3b70b186cb4593d7f4ad17630a0c70b3b
phi_net_train_0222,data/raw/property_conditions/train/global_collapse/phi_net_train_gc_0222.jpg,global_collapse,0,GC,Global collapse,OFFICIAL_TRAIN,train,PEER Hub ImageNet (PHI-Net) Task 5,Yuqing Gao (UC Berkeley PEER Center),CC BY-NC-SA 4.0,224,224,3,6da886d34849d6e8014b308e6a324670595d751d6c309004015e55ab55769a04
phi_net_train_0223,data/raw/property_conditions/train/global_collapse/phi_net_train_gc_0223.jpg,global_collapse,0,GC,Global collapse,OFFICIAL_TRAIN,train,PEER Hub ImageNet (PHI-Net) Task 5,Yuqing Gao (UC Berkeley PEER Center),CC BY-NC-SA 4.0,224,224,3,0bf88d3e2756922be514f00dd9a033044443b91e607e666f6980eec2110a22fa
phi_net_train_0224,data/raw/property_conditions/train/global_collapse/phi_net_train_gc_0224.jpg,global_collapse,0,GC,Global collapse,OFFICIAL_TRAIN,train,PEER Hub ImageNet (PHI-Net) Task 5,Yuqing Gao (UC Berkeley PEER Center),CC BY-NC-SA 4.0,224,224,3,0a507ae43959bd2d9c8d4bde4385d0a753e9a020a164e5ee707ff2ef2d8a478a
phi_net_train_0225,data/raw/property_conditions/train/global_collapse/phi_net_train_gc_0225.jpg,global_collapse,0,GC,Global collapse,OFFICIAL_TRAIN,train,PEER Hub ImageNet (PHI-Net) Task 5,Yuqing Gao (UC Berkeley PEER Center),CC BY-NC-SA 4.0,224,224,3,70bcb6038dcf0fda2ecb6a160bf10f65051697aff7c9677c32fe21980650edbb
phi_net_train_0226,data/raw/property_conditions/train/global_collapse/phi_net_train_gc_0226.jpg,global_collapse,0,GC,Global collapse,OFFICIAL_TRAIN,train,PEER Hub ImageNet (PHI-Net) Task 5,Yuqing Gao (UC Berkeley PEER Center),CC BY-NC-SA 4.0,224,224,3,c9adbc26da45bf46e456131b8ca5f1442f2d0d5c2177fe807c80a62a5eff184f
phi_net_train_0227,data/raw/property_conditions/train/global_collapse/phi_net_train_gc_0227.jpg,global_collapse,0,GC,Global collapse,OFFICIAL_TRAIN,train,PEER Hub ImageNet (PHI-Net) Task 5,Yuqing Gao (UC Berkeley PEER Center),CC BY-NC-SA 4.0,224,224,3,a324447f2c2d70aa6ef73d19c350e82ef95acf2cfa1119ce3dabf2a6d5526d1a
phi_net_train_0228,data/raw/property_conditions/val/global_collapse/phi_net_val_gc_0228.jpg,global_collapse,0,GC,Global collapse,OFFICIAL_TRAIN,val,PEER Hub ImageNet (PHI-Net) Task 5,Yuqing Gao (UC Berkeley PEER Center),CC BY-NC-SA 4.0,224,224,3,5e1ad2ddc1eee04b4917785a5f8ed4dd2c897369cdeb962afe7e54a92fd76c23
phi_net_train_0229,data/raw/property_conditions/train/global_collapse/phi_net_train_gc_0229.jpg,global_collapse,0,GC,Global collapse,OFFICIAL_TRAIN,train,PEER Hub ImageNet (PHI-Net) Task 5,Yuqing Gao (UC Berkeley PEER Center),CC BY-NC-SA 4.0,224,224,3,8b4151c682d6b131fdd19720e6b167f2ac37e8ff1d654312e069c34f49787ec1
phi_net_train_0230,data/raw/property_conditions/train/global_collapse/phi_net_train_gc_0230.jpg,global_collapse,0,GC,Global collapse,OFFICIAL_TRAIN,train,PEER Hub ImageNet (PHI-Net) Task 5,Yuqing Gao (UC Berkeley PEER Center),CC BY-NC-SA 4.0,224,224,3,f0f5db4a76a1998ed419496ec981b443e24236255c471ddbc3dcdbdf278c1c45
phi_net_train_0231,data/raw/property_conditions/train/global_collapse/phi_net_train_gc_0231.jpg,global_collapse,0,GC,Global collapse,OFFICIAL_TRAIN,train,PEER Hub ImageNet (PHI-Net) Task 5,Yuqing Gao (UC Berkeley PEER Center),CC BY-NC-SA 4.0,224,224,3,73d5cf5de38376e5455760373735f31120442c4ea9e2e40b445405a6436b18e2
phi_net_train_0232,data/raw/property_conditions/train/global_collapse/phi_net_train_gc_0232.jpg,global_collapse,0,GC,Global collapse,OFFICIAL_TRAIN,train,PEER Hub ImageNet (PHI-Net) Task 5,Yuqing Gao (UC Berkeley PEER Center),CC BY-NC-SA 4.0,224,224,3,cb40dc9defec6cfb86c06d66e5625e6b5eb644bb1a54804da4e5a9fb9480bb1e
phi_net_train_0233,data/raw/property_conditions/train/global_collapse/phi_net_train_gc_0233.jpg,global_collapse,0,GC,Global collapse,OFFICIAL_TRAIN,train,PEER Hub ImageNet (PHI-Net) Task 5,Yuqing Gao (UC Berkeley PEER Center),CC BY-NC-SA 4.0,224,224,3,9d5d0a69d43b4c9d9345ae3aefa5f802ea810aa4240e795b3c262d3ab2dd3849
phi_net_train_0234,data/raw/property_conditions/val/global_collapse/phi_net_val_gc_0234.jpg,global_collapse,0,GC,Global collapse,OFFICIAL_TRAIN,val,PEER Hub ImageNet (PHI-Net) Task 5,Yuqing Gao (UC Berkeley PEER Center),CC BY-NC-SA 4.0,224,224,3,c9eb0ba05c47d5e8e8c4f2a8e40f4f5fe67115b181d45b7544ff14c0d4b50249
phi_net_train_0235,data/raw/property_conditions/train/global_collapse/phi_net_train_gc_0235.jpg,global_collapse,0,GC,Global collapse,OFFICIAL_TRAIN,train,PEER Hub ImageNet (PHI-Net) Task 5,Yuqing Gao (UC Berkeley PEER Center),CC BY-NC-SA 4.0,224,224,3,1f8954e9dc581302a4077f6556597dab3890ced86ba9ccdc2f342228a3efd587
phi_net_train_0236,data/raw/property_conditions/train/global_collapse/phi_net_train_gc_0236.jpg,global_collapse,0,GC,Global collapse,OFFICIAL_TRAIN,train,PEER Hub ImageNet (PHI-Net) Task 5,Yuqing Gao (UC Berkeley PEER Center),CC BY-NC-SA 4.0,224,224,3,fcc78d616c56b5abdf1053bc15402487d9f52f1241920def14b47b4b176ed0bf
phi_net_train_0237,data/raw/property_conditions/train/global_collapse/phi_net_train_gc_0237.jpg,global_collapse,0,GC,Global collapse,OFFICIAL_TRAIN,train,PEER Hub ImageNet (PHI-Net) Task 5,Yuqing Gao (UC Berkeley PEER Center),CC BY-NC-SA 4.0,224,224,3,7c6f8fbc9bf07494895c2df96f1441f366791004470b45ea55da6395c2139481
phi_net_train_0238,data/raw/property_conditions/train/global_collapse/phi_net_train_gc_0238.jpg,global_collapse,0,GC,Global collapse,OFFICIAL_TRAIN,train,PEER Hub ImageNet (PHI-Net) Task 5,Yuqing Gao (UC Berkeley PEER Center),CC BY-NC-SA 4.0,224,224,3,ae30bc281117713cca2b0f51ad1f357f7f6a0206d59d87b089e6db6aaec2f25f
phi_net_train_0239,data/raw/property_conditions/train/global_collapse/phi_net_train_gc_0239.jpg,global_collapse,0,GC,Global collapse,OFFICIAL_TRAIN,train,PEER Hub ImageNet (PHI-Net) Task 5,Yuqing Gao (UC Berkeley PEER Center),CC BY-NC-SA 4.0,224,224,3,c0ad81bbdd8c978cdffc92ccee3ef8589a9e3bd4b8050d9de65001524d076201
phi_net_train_0240,data/raw/property_conditions/train/global_collapse/phi_net_train_gc_0240.jpg,global_collapse,0,GC,Global collapse,OFFICIAL_TRAIN,train,PEER Hub ImageNet (PHI-Net) Task 5,Yuqing Gao (UC Berkeley PEER Center),CC BY-NC-SA 4.0,224,224,3,fea827b6862625d24ee92b652101846e5e392293a21578d4f740ce18874283ac
phi_net_train_0241,data/raw/property_conditions/train/global_collapse/phi_net_train_gc_0241.jpg,global_collapse,0,GC,Global collapse,OFFICIAL_TRAIN,train,PEER Hub ImageNet (PHI-Net) Task 5,Yuqing Gao (UC Berkeley PEER Center),CC BY-NC-SA 4.0,224,224,3,a2eba3bbdb40b3a83e75a82eec33abda2c540c1e04e483bc33f15164a5dc9a51
phi_net_train_0242,data/raw/property_conditions/train/global_collapse/phi_net_train_gc_0242.jpg,global_collapse,0,GC,Global collapse,OFFICIAL_TRAIN,train,PEER Hub ImageNet (PHI-Net) Task 5,Yuqing Gao (UC Berkeley PEER Center),CC BY-NC-SA 4.0,224,224,3,0148ed595b23c2a0923d091d73236b619b6f305336e99d6b7e2e53da90270337
phi_net_train_0243,data/raw/property_conditions/train/global_collapse/phi_net_train_gc_0243.jpg,global_collapse,0,GC,Global collapse,OFFICIAL_TRAIN,train,PEER Hub ImageNet (PHI-Net) Task 5,Yuqing Gao (UC Berkeley PEER Center),CC BY-NC-SA 4.0,224,224,3,c4b2293ad50e5c67b8c779c6b4a977704f70d7a789e8a9131f6ef1c052f2aae6
phi_net_train_0244,data/raw/property_conditions/train/global_collapse/phi_net_train_gc_0244.jpg,global_collapse,0,GC,Global collapse,OFFICIAL_TRAIN,train,PEER Hub ImageNet (PHI-Net) Task 5,Yuqing Gao (UC Berkeley PEER Center),CC BY-NC-SA 4.0,224,224,3,0a31cb9671bfbdb3720a97d9ea19e9be8980b3059384b34f7121b3032766ac76
phi_net_train_0245,data/raw/property_conditions/val/global_collapse/phi_net_val_gc_0245.jpg,global_collapse,0,GC,Global collapse,OFFICIAL_TRAIN,val,PEER Hub ImageNet (PHI-Net) Task 5,Yuqing Gao (UC Berkeley PEER Center),CC BY-NC-SA 4.0,224,224,3,30dcb25a54823db84cb81aad87e4d0fd989d4f66b7d42374e1a5d0a07c587ffa
phi_net_train_0246,data/raw/property_conditions/train/global_collapse/phi_net_train_gc_0246.jpg,global_collapse,0,GC,Global collapse,OFFICIAL_TRAIN,train,PEER Hub ImageNet (PHI-Net) Task 5,Yuqing Gao (UC Berkeley PEER Center),CC BY-NC-SA 4.0,224,224,3,8e88ee009a412bfc94f526c00965d715be15f2403f00bdc2ebade0335862b65e
phi_net_train_0247,data/raw/property_conditions/val/global_collapse/phi_net_val_gc_0247.jpg,global_collapse,0,GC,Global collapse,OFFICIAL_TRAIN,val,PEER Hub ImageNet (PHI-Net) Task 5,Yuqing Gao (UC Berkeley PEER Center),CC BY-NC-SA 4.0,224,224,3,fffc66534e0b8de4b144b23450d65ec9c2d929142493a73467f4cfe39b23f653
phi_net_train_0248,data/raw/property_conditions/train/global_collapse/phi_net_train_gc_0248.jpg,global_collapse,0,GC,Global collapse,OFFICIAL_TRAIN,train,PEER Hub ImageNet (PHI-Net) Task 5,Yuqing Gao (UC Berkeley PEER Center),CC BY-NC-SA 4.0,224,224,3,7a68e172b8bf09238aec8dc8af6a2ccba2d265a646832abe80ec4db2591a0368
phi_net_train_0249,data/raw/property_conditions/train/global_collapse/phi_net_train_gc_0249.jpg,global_collapse,0,GC,Global collapse,OFFICIAL_TRAIN,train,PEER Hub ImageNet (PHI-Net) Task 5,Yuqing Gao (UC Berkeley PEER Center),CC BY-NC-SA 4.0,224,224,3,d0ccc64f6649f9c6ef0871125fcfc117d44a6c0b76aa91c8374c0dffaf1b9e89
phi_net_train_0250,data/raw/property_conditions/val/global_collapse/phi_net_val_gc_0250.jpg,global_collapse,0,GC,Global collapse,OFFICIAL_TRAIN,val,PEER Hub ImageNet (PHI-Net) Task 5,Yuqing Gao (UC Berkeley PEER Center),CC BY-NC-SA 4.0,224,224,3,c9b3b3eab1bc8aa2ca688867a4fea8b1d104f1f3dba9da1966895290ea809321
phi_net_train_0251,data/raw/property_conditions/train/global_collapse/phi_net_train_gc_0251.jpg,global_collapse,0,GC,Global collapse,OFFICIAL_TRAIN,train,PEER Hub ImageNet (PHI-Net) Task 5,Yuqing Gao (UC Berkeley PEER Center),CC BY-NC-SA 4.0,224,224,3,d239a93c5ffdcca22d34591b9ab06026010bf4d3ea7c71c1462e3d0902583613
phi_net_train_0252,data/raw/property_conditions/train/global_collapse/phi_net_train_gc_0252.jpg,global_collapse,0,GC,Global collapse,OFFICIAL_TRAIN,train,PEER Hub ImageNet (PHI-Net) Task 5,Yuqing Gao (UC Berkeley PEER Center),CC BY-NC-SA 4.0,224,224,3,f5f247cb5f6e30fc4d8d4b93fce122fb7f8f2077412cc71b5d2b05e11ea69327
phi_net_train_0253,data/raw/property_conditions/train/global_collapse/phi_net_train_gc_0253.jpg,global_collapse,0,GC,Global collapse,OFFICIAL_TRAIN,train,PEER Hub ImageNet (PHI-Net) Task 5,Yuqing Gao (UC Berkeley PEER Center),CC BY-NC-SA 4.0,224,224,3,39223c431e699aa8c3303212a3bfeb1625a0549fa608d17ed332586249b36502
phi_net_train_0254,data/raw/property_conditions/train/global_collapse/phi_net_train_gc_0254.jpg,global_collapse,0,GC,Global collapse,OFFICIAL_TRAIN,train,PEER Hub ImageNet (PHI-Net) Task 5,Yuqing Gao (UC Berkeley PEER Center),CC BY-NC-SA 4.0,224,224,3,2bf943e2404453b50e75aed9f127068fecd90bda4632e6f21d7d4ec36fbcd480
phi_net_train_0255,data/raw/property_conditions/train/global_collapse/phi_net_train_gc_0255.jpg,global_collapse,0,GC,Global collapse,OFFICIAL_TRAIN,train,PEER Hub ImageNet (PHI-Net) Task 5,Yuqing Gao (UC Berkeley PEER Center),CC BY-NC-SA 4.0,224,224,3,bf1b2cc3a1771128bb6660c46353b1ff079069ec08658bd6d3a3e90bf27d50ce
phi_net_train_0256,data/raw/property_conditions/train/global_collapse/phi_net_train_gc_0256.jpg,global_collapse,0,GC,Global collapse,OFFICIAL_TRAIN,train,PEER Hub ImageNet (PHI-Net) Task 5,Yuqing Gao (UC Berkeley PEER Center),CC BY-NC-SA 4.0,224,224,3,a83bd454f234d69b3147a80abedc2154b73f1c4c38561d3aa2ae4df17dea0c2c
phi_net_train_0257,data/raw/property_conditions/train/global_collapse/phi_net_train_gc_0257.jpg,global_collapse,0,GC,Global collapse,OFFICIAL_TRAIN,train,PEER Hub ImageNet (PHI-Net) Task 5,Yuqing Gao (UC Berkeley PEER Center),CC BY-NC-SA 4.0,224,224,3,99134523a5868ec275aaee82ed42846c049d344fe41edb626cdab32b842bb33b
phi_net_train_0258,data/raw/property_conditions/train/global_collapse/phi_net_train_gc_0258.jpg,global_collapse,0,GC,Global collapse,OFFICIAL_TRAIN,train,PEER Hub ImageNet (PHI-Net) Task 5,Yuqing Gao (UC Berkeley PEER Center),CC BY-NC-SA 4.0,224,224,3,bcae225be430f0a4baae1d883404a4eae81f7b02766779c2a5a333f4dbb56eaf
phi_net_train_0259,data/raw/property_conditions/train/global_collapse/phi_net_train_gc_0259.jpg,global_collapse,0,GC,Global collapse,OFFICIAL_TRAIN,train,PEER Hub ImageNet (PHI-Net) Task 5,Yuqing Gao (UC Berkeley PEER Center),CC BY-NC-SA 4.0,224,224,3,fbbfbf1f0d58a9cb20193d4216d5a42df848d89233cad54f66658dedc91e5355
phi_net_train_0260,data/raw/property_conditions/train/global_collapse/phi_net_train_gc_0260.jpg,global_collapse,0,GC,Global collapse,OFFICIAL_TRAIN,train,PEER Hub ImageNet (PHI-Net) Task 5,Yuqing Gao (UC Berkeley PEER Center),CC BY-NC-SA 4.0,224,224,3,a4493583a4417f37d375347cdcd0424bb6e82424e732766f49fbe825bad781c3
phi_net_train_0261,data/raw/property_conditions/train/global_collapse/phi_net_train_gc_0261.jpg,global_collapse,0,GC,Global collapse,OFFICIAL_TRAIN,train,PEER Hub ImageNet (PHI-Net) Task 5,Yuqing Gao (UC Berkeley PEER Center),CC BY-NC-SA 4.0,224,224,3,1fb19b1e12c76af9a8bc1ea4dcde8fcdb1b5da1e0feb825a520d8fbf6d9f5c54
phi_net_train_0262,data/raw/property_conditions/train/global_collapse/phi_net_train_gc_0262.jpg,global_collapse,0,GC,Global collapse,OFFICIAL_TRAIN,train,PEER Hub ImageNet (PHI-Net) Task 5,Yuqing Gao (UC Berkeley PEER Center),CC BY-NC-SA 4.0,224,224,3,dc60d285a5d13381febe67e52106d5a39a8461593c341c223c180eadbe1f7bc4
phi_net_train_0263,data/raw/property_conditions/train/global_collapse/phi_net_train_gc_0263.jpg,global_collapse,0,GC,Global collapse,OFFICIAL_TRAIN,train,PEER Hub ImageNet (PHI-Net) Task 5,Yuqing Gao (UC Berkeley PEER Center),CC BY-NC-SA 4.0,224,224,3,b8768c3f5cf41cc536446aa94842f2b6b96b0b6469e9713a8b8e0b5b9734d3a3
phi_net_train_0264,data/raw/property_conditions/train/global_collapse/phi_net_train_gc_0264.jpg,global_collapse,0,GC,Global collapse,OFFICIAL_TRAIN,train,PEER Hub ImageNet (PHI-Net) Task 5,Yuqing Gao (UC Berkeley PEER Center),CC BY-NC-SA 4.0,224,224,3,627cf17d7dbaba786910cabb671f25bb295b6d455824d70f4520fdc4c7ba59f0
phi_net_train_0265,data/raw/property_conditions/train/global_collapse/phi_net_train_gc_0265.jpg,global_collapse,0,GC,Global collapse,OFFICIAL_TRAIN,train,PEER Hub ImageNet (PHI-Net) Task 5,Yuqing Gao (UC Berkeley PEER Center),CC BY-NC-SA 4.0,224,224,3,13df15b9084dde3a718f98772034b1035d919dc8b31f1b9f99b63656bedf26fa
phi_net_train_0266,data/raw/property_conditions/train/global_collapse/phi_net_train_gc_0266.jpg,global_collapse,0,GC,Global collapse,OFFICIAL_TRAIN,train,PEER Hub ImageNet (PHI-Net) Task 5,Yuqing Gao (UC Berkeley PEER Center),CC BY-NC-SA 4.0,224,224,3,df57c89a20cd54b44383595342499eccd53e3b79a8c225c2560c5fafea419361
phi_net_train_0267,data/raw/property_conditions/train/global_collapse/phi_net_train_gc_0267.jpg,global_collapse,0,GC,Global collapse,OFFICIAL_TRAIN,train,PEER Hub ImageNet (PHI-Net) Task 5,Yuqing Gao (UC Berkeley PEER Center),CC BY-NC-SA 4.0,224,224,3,a9097dfc793e4c50d8c189002515e60324d41b064d1c235e52821809d8cce2c1
phi_net_train_0268,data/raw/property_conditions/train/global_collapse/phi_net_train_gc_0268.jpg,global_collapse,0,GC,Global collapse,OFFICIAL_TRAIN,train,PEER Hub ImageNet (PHI-Net) Task 5,Yuqing Gao (UC Berkeley PEER Center),CC BY-NC-SA 4.0,224,224,3,9ab69a03f361952bca70646e2e7837c7b0410bcec1b2c9a6db38cef536075132
phi_net_train_0269,data/raw/property_conditions/train/global_collapse/phi_net_train_gc_0269.jpg,global_collapse,0,GC,Global collapse,OFFICIAL_TRAIN,train,PEER Hub ImageNet (PHI-Net) Task 5,Yuqing Gao (UC Berkeley PEER Center),CC BY-NC-SA 4.0,224,224,3,4c0d175b6e3978d36a001373dbcd337492b86847d7bf4de1fead4d88dca88365
phi_net_train_0270,data/raw/property_conditions/train/global_collapse/phi_net_train_gc_0270.jpg,global_collapse,0,GC,Global collapse,OFFICIAL_TRAIN,train,PEER Hub ImageNet (PHI-Net) Task 5,Yuqing Gao (UC Berkeley PEER Center),CC BY-NC-SA 4.0,224,224,3,85f64d3aab4ea6ef4dd25eb8af27dc2f51650f3a091a55b9c3ac37c1f7fdfbdf
phi_net_train_0271,data/raw/property_conditions/train/global_collapse/phi_net_train_gc_0271.jpg,global_collapse,0,GC,Global collapse,OFFICIAL_TRAIN,train,PEER Hub ImageNet (PHI-Net) Task 5,Yuqing Gao (UC Berkeley PEER Center),CC BY-NC-SA 4.0,224,224,3,a5870e2dd9329816feac4678416761ea6a6648c93bca9ee2bae401944a057687
phi_net_train_0272,data/raw/property_conditions/train/global_collapse/phi_net_train_gc_0272.jpg,global_collapse,0,GC,Global collapse,OFFICIAL_TRAIN,train,PEER Hub ImageNet (PHI-Net) Task 5,Yuqing Gao (UC Berkeley PEER Center),CC BY-NC-SA 4.0,224,224,3,c875c8358f5d3e5260819f5a47e45527f0c5e13ee3e36ed97b369f656855c7bd
phi_net_train_0273,data/raw/property_conditions/train/global_collapse/phi_net_train_gc_0273.jpg,global_collapse,0,GC,Global collapse,OFFICIAL_TRAIN,train,PEER Hub ImageNet (PHI-Net) Task 5,Yuqing Gao (UC Berkeley PEER Center),CC BY-NC-SA 4.0,224,224,3,1edb95dfc22ebd1ce6ec75b2ceca2b5fc54b8ca6fe8be780d7426df312294f68
phi_net_train_0274,data/raw/property_conditions/train/global_collapse/phi_net_train_gc_0274.jpg,global_collapse,0,GC,Global collapse,OFFICIAL_TRAIN,train,PEER Hub ImageNet (PHI-Net) Task 5,Yuqing Gao (UC Berkeley PEER Center),CC BY-NC-SA 4.0,224,224,3,fba7b3785a961f40e319dc2add270a8ee4218a3481dfae56998119d13752cfae
phi_net_train_0275,data/raw/property_conditions/train/global_collapse/phi_net_train_gc_0275.jpg,global_collapse,0,GC,Global collapse,OFFICIAL_TRAIN,train,PEER Hub ImageNet (PHI-Net) Task 5,Yuqing Gao (UC Berkeley PEER Center),CC BY-NC-SA 4.0,224,224,3,ddea00cc0b0a7f9811c96152e012b65c9b77a824e91fd1c45bde8e84605d935c
phi_net_train_0276,data/raw/property_conditions/train/global_collapse/phi_net_train_gc_0276.jpg,global_collapse,0,GC,Global collapse,OFFICIAL_TRAIN,train,PEER Hub ImageNet (PHI-Net) Task 5,Yuqing Gao (UC Berkeley PEER Center),CC BY-NC-SA 4.0,224,224,3,3518830d853143d76789fef7d4a13f87af96d2f54c1b90dbf5aaf6ef6cbd2ac7
phi_net_train_0277,data/raw/property_conditions/val/global_collapse/phi_net_val_gc_0277.jpg,global_collapse,0,GC,Global collapse,OFFICIAL_TRAIN,val,PEER Hub ImageNet (PHI-Net) Task 5,Yuqing Gao (UC Berkeley PEER Center),CC BY-NC-SA 4.0,224,224,3,d6c83cd2c7f4993e58522ec9be1284bfe8f919ca43861bdef0b1e15aa3b020b6
phi_net_train_0278,data/raw/property_conditions/train/global_collapse/phi_net_train_gc_0278.jpg,global_collapse,0,GC,Global collapse,OFFICIAL_TRAIN,train,PEER Hub ImageNet (PHI-Net) Task 5,Yuqing Gao (UC Berkeley PEER Center),CC BY-NC-SA 4.0,224,224,3,7eb75e1a01d94b87653348aefaae06c3a0bfac028968c14d7c7bd0b2aa1df4a1
phi_net_train_0279,data/raw/property_conditions/train/global_collapse/phi_net_train_gc_0279.jpg,global_collapse,0,GC,Global collapse,OFFICIAL_TRAIN,train,PEER Hub ImageNet (PHI-Net) Task 5,Yuqing Gao (UC Berkeley PEER Center),CC BY-NC-SA 4.0,224,224,3,1f55d7b35fb64f89751ae60cadfb920d71d843ef865e3967f5cea12e43b50218
phi_net_train_0280,data/raw/property_conditions/val/global_collapse/phi_net_val_gc_0280.jpg,global_collapse,0,GC,Global collapse,OFFICIAL_TRAIN,val,PEER Hub ImageNet (PHI-Net) Task 5,Yuqing Gao (UC Berkeley PEER Center),CC BY-NC-SA 4.0,224,224,3,b8a5de982b27ba59801eafab0528052dd15340527a74ed4c63734711fa64b57e
phi_net_train_0281,data/raw/property_conditions/val/global_collapse/phi_net_val_gc_0281.jpg,global_collapse,0,GC,Global collapse,OFFICIAL_TRAIN,val,PEER Hub ImageNet (PHI-Net) Task 5,Yuqing Gao (UC Berkeley PEER Center),CC BY-NC-SA 4.0,224,224,3,a918728f3f3720cda2a6cc39701bc49d2c8913b0a64a862c763317679924224f
phi_net_train_0282,data/raw/property_conditions/train/global_collapse/phi_net_train_gc_0282.jpg,global_collapse,0,GC,Global collapse,OFFICIAL_TRAIN,train,PEER Hub ImageNet (PHI-Net) Task 5,Yuqing Gao (UC Berkeley PEER Center),CC BY-NC-SA 4.0,224,224,3,a55afe838fba7793d9e15ec18949360500461c5ec9c84e6429da3ca1aa0cdd50
phi_net_train_0283,data/raw/property_conditions/train/global_collapse/phi_net_train_gc_0283.jpg,global_collapse,0,GC,Global collapse,OFFICIAL_TRAIN,train,PEER Hub ImageNet (PHI-Net) Task 5,Yuqing Gao (UC Berkeley PEER Center),CC BY-NC-SA 4.0,224,224,3,fb8500f36cdc5db2789b44079884f5c4344ddc9f9ed896dfc3f2050cfd27255e
phi_net_train_0284,data/raw/property_conditions/train/global_collapse/phi_net_train_gc_0284.jpg,global_collapse,0,GC,Global collapse,OFFICIAL_TRAIN,train,PEER Hub ImageNet (PHI-Net) Task 5,Yuqing Gao (UC Berkeley PEER Center),CC BY-NC-SA 4.0,224,224,3,edb2ae489fea7bb40c4fa3c801fd7b7507d8f8f4b457ee3346cb00738b6ff00a
phi_net_train_0285,data/raw/property_conditions/train/global_collapse/phi_net_train_gc_0285.jpg,global_collapse,0,GC,Global collapse,OFFICIAL_TRAIN,train,PEER Hub ImageNet (PHI-Net) Task 5,Yuqing Gao (UC Berkeley PEER Center),CC BY-NC-SA 4.0,224,224,3,14a9cb85cde2343b12f6023bd1c49f118422266b3f70454148eec509019c043a
phi_net_train_0286,data/raw/property_conditions/train/global_collapse/phi_net_train_gc_0286.jpg,global_collapse,0,GC,Global collapse,OFFICIAL_TRAIN,train,PEER Hub ImageNet (PHI-Net) Task 5,Yuqing Gao (UC Berkeley PEER Center),CC BY-NC-SA 4.0,224,224,3,fc73a89c2df5cf26a39ec588721ff00ebc25b928e2ac8a063290d1dc1738d126
phi_net_train_0287,data/raw/property_conditions/val/global_collapse/phi_net_val_gc_0287.jpg,global_collapse,0,GC,Global collapse,OFFICIAL_TRAIN,val,PEER Hub ImageNet (PHI-Net) Task 5,Yuqing Gao (UC Berkeley PEER Center),CC BY-NC-SA 4.0,224,224,3,ded77476f2d915cda5e756415af4a85a51b4d61809f8132acaaf617cadbdd527
phi_net_train_0288,data/raw/property_conditions/train/global_collapse/phi_net_train_gc_0288.jpg,global_collapse,0,GC,Global collapse,OFFICIAL_TRAIN,train,PEER Hub ImageNet (PHI-Net) Task 5,Yuqing Gao (UC Berkeley PEER Center),CC BY-NC-SA 4.0,224,224,3,eb1b39e408a7a3bd085cad33623ee1a29bcda7d260b28a71fb37036f367c2152
phi_net_train_0289,data/raw/property_conditions/train/global_collapse/phi_net_train_gc_0289.jpg,global_collapse,0,GC,Global collapse,OFFICIAL_TRAIN,train,PEER Hub ImageNet (PHI-Net) Task 5,Yuqing Gao (UC Berkeley PEER Center),CC BY-NC-SA 4.0,224,224,3,9c7009cb552a5b59dd028ca8faeda5202b0c03c7344b2b00bdf4c6ce8e43ff66
phi_net_train_0290,data/raw/property_conditions/train/global_collapse/phi_net_train_gc_0290.jpg,global_collapse,0,GC,Global collapse,OFFICIAL_TRAIN,train,PEER Hub ImageNet (PHI-Net) Task 5,Yuqing Gao (UC Berkeley PEER Center),CC BY-NC-SA 4.0,224,224,3,bcf5f4b520a6516d928f80722496988a60282af4720c36eb1c98c85901cdf361
phi_net_train_0291,data/raw/property_conditions/val/global_collapse/phi_net_val_gc_0291.jpg,global_collapse,0,GC,Global collapse,OFFICIAL_TRAIN,val,PEER Hub ImageNet (PHI-Net) Task 5,Yuqing Gao (UC Berkeley PEER Center),CC BY-NC-SA 4.0,224,224,3,af317fe0587af832947a503634a3f3b71d2eab3bca0458cf335b648c586df33c
phi_net_train_0292,data/raw/property_conditions/train/global_collapse/phi_net_train_gc_0292.jpg,global_collapse,0,GC,Global collapse,OFFICIAL_TRAIN,train,PEER Hub ImageNet (PHI-Net) Task 5,Yuqing Gao (UC Berkeley PEER Center),CC BY-NC-SA 4.0,224,224,3,4b0e65697f4fe8738e9fc54a3503c90b717c8544b7edd67f3db196d45fdef6f0
phi_net_train_0293,data/raw/property_conditions/train/global_collapse/phi_net_train_gc_0293.jpg,global_collapse,0,GC,Global collapse,OFFICIAL_TRAIN,train,PEER Hub ImageNet (PHI-Net) Task 5,Yuqing Gao (UC Berkeley PEER Center),CC BY-NC-SA 4.0,224,224,3,16549928c4c8d73e6802b14cebe73d687eb694c1c8ca9f427eabc1be07856d47
phi_net_train_0294,data/raw/property_conditions/train/global_collapse/phi_net_train_gc_0294.jpg,global_collapse,0,GC,Global collapse,OFFICIAL_TRAIN,train,PEER Hub ImageNet (PHI-Net) Task 5,Yuqing Gao (UC Berkeley PEER Center),CC BY-NC-SA 4.0,224,224,3,64b656d4cca3e003d4437ecc33e74e8025cd9cfb0cd3e72e79d312c54cc11782
phi_net_train_0295,data/raw/property_conditions/train/global_collapse/phi_net_train_gc_0295.jpg,global_collapse,0,GC,Global collapse,OFFICIAL_TRAIN,train,PEER Hub ImageNet (PHI-Net) Task 5,Yuqing Gao (UC Berkeley PEER Center),CC BY-NC-SA 4.0,224,224,3,93fe849dfa33586be097fa46706f6705e651ec5590e55088c83d60c17627fd47
phi_net_train_0296,data/raw/property_conditions/train/global_collapse/phi_net_train_gc_0296.jpg,global_collapse,0,GC,Global collapse,OFFICIAL_TRAIN,train,PEER Hub ImageNet (PHI-Net) Task 5,Yuqing Gao (UC Berkeley PEER Center),CC BY-NC-SA 4.0,224,224,3,9b8441cb94339d1b133b778593664635860706e7ea71467a16ef60d0036eb479
phi_net_train_0297,data/raw/property_conditions/train/global_collapse/phi_net_train_gc_0297.jpg,global_collapse,0,GC,Global collapse,OFFICIAL_TRAIN,train,PEER Hub ImageNet (PHI-Net) Task 5,Yuqing Gao (UC Berkeley PEER Center),CC BY-NC-SA 4.0,224,224,3,2041408d52396d505ac2e5a749aa9daf0921b4481ab1d27f5efd5fe9cb808c17
phi_net_train_0298,data/raw/property_conditions/train/global_collapse/phi_net_train_gc_0298.jpg,global_collapse,0,GC,Global collapse,OFFICIAL_TRAIN,train,PEER Hub ImageNet (PHI-Net) Task 5,Yuqing Gao (UC Berkeley PEER Center),CC BY-NC-SA 4.0,224,224,3,e1e2fa37a8c1101035c9cfbf45fcc82fbb1fb41069b291e628c24547d451b93c
phi_net_train_0299,data/raw/property_conditions/train/global_collapse/phi_net_train_gc_0299.jpg,global_collapse,0,GC,Global collapse,OFFICIAL_TRAIN,train,PEER Hub ImageNet (PHI-Net) Task 5,Yuqing Gao (UC Berkeley PEER Center),CC BY-NC-SA 4.0,224,224,3,ebe938db009fe12b82f0cc0ccbf6ab1152d05a2330d9c1f185689baa0c05c2d7
phi_net_train_0300,data/raw/property_conditions/train/global_collapse/phi_net_train_gc_0300.jpg,global_collapse,0,GC,Global collapse,OFFICIAL_TRAIN,train,PEER Hub ImageNet (PHI-Net) Task 5,Yuqing Gao (UC Berkeley PEER Center),CC BY-NC-SA 4.0,224,224,3,4f854287ba401e70c19ad41f7477ad956531a3661d85e8fa033567c955541c82
phi_net_train_0301,data/raw/property_conditions/train/global_collapse/phi_net_train_gc_0301.jpg,global_collapse,0,GC,Global collapse,OFFICIAL_TRAIN,train,PEER Hub ImageNet (PHI-Net) Task 5,Yuqing Gao (UC Berkeley PEER Center),CC BY-NC-SA 4.0,224,224,3,6ea001b1a9446d131a536f72681450cc8d6a8a7372f6f42bb5947e2e3299d523
phi_net_train_0302,data/raw/property_conditions/train/global_collapse/phi_net_train_gc_0302.jpg,global_collapse,0,GC,Global collapse,OFFICIAL_TRAIN,train,PEER Hub ImageNet (PHI-Net) Task 5,Yuqing Gao (UC Berkeley PEER Center),CC BY-NC-SA 4.0,224,224,3,1bf484aafb81c5b7f25ea88a5a44d56cdd9a4ec173280a53d515ed714dda6dd0
phi_net_train_0303,data/raw/property_conditions/train/global_collapse/phi_net_train_gc_0303.jpg,global_collapse,0,GC,Global collapse,OFFICIAL_TRAIN,train,PEER Hub ImageNet (PHI-Net) Task 5,Yuqing Gao (UC Berkeley PEER Center),CC BY-NC-SA 4.0,224,224,3,4289ef121a091997e237594f0ed2e44e96bb7cc7dfe5c804809320a73542ec05
phi_net_train_0304,data/raw/property_conditions/train/global_collapse/phi_net_train_gc_0304.jpg,global_collapse,0,GC,Global collapse,OFFICIAL_TRAIN,train,PEER Hub ImageNet (PHI-Net) Task 5,Yuqing Gao (UC Berkeley PEER Center),CC BY-NC-SA 4.0,224,224,3,7ed513fffc42918f91b91612aa4a1cbccbec499eadba5eaeece1470e86b98610
phi_net_train_0305,data/raw/property_conditions/train/global_collapse/phi_net_train_gc_0305.jpg,global_collapse,0,GC,Global collapse,OFFICIAL_TRAIN,train,PEER Hub ImageNet (PHI-Net) Task 5,Yuqing Gao (UC Berkeley PEER Center),CC BY-NC-SA 4.0,224,224,3,6a5116ae0e865ac1f5350cb8e9203a3f10be351259e782bb1d6d924f170a2cd5
phi_net_train_0306,data/raw/property_conditions/train/global_collapse/phi_net_train_gc_0306.jpg,global_collapse,0,GC,Global collapse,OFFICIAL_TRAIN,train,PEER Hub ImageNet (PHI-Net) Task 5,Yuqing Gao (UC Berkeley PEER Center),CC BY-NC-SA 4.0,224,224,3,ca9a587712ea6e42c1db85c00955ab2a39a8c3fc6aea24280249fc42b6e457f6
phi_net_train_0307,data/raw/property_conditions/train/global_collapse/phi_net_train_gc_0307.jpg,global_collapse,0,GC,Global collapse,OFFICIAL_TRAIN,train,PEER Hub ImageNet (PHI-Net) Task 5,Yuqing Gao (UC Berkeley PEER Center),CC BY-NC-SA 4.0,224,224,3,eba0a65671b2f8b9c5f31364cad575f4ac38f3c3b80f44002f825183a960667e
phi_net_train_0308,data/raw/property_conditions/train/global_collapse/phi_net_train_gc_0308.jpg,global_collapse,0,GC,Global collapse,OFFICIAL_TRAIN,train,PEER Hub ImageNet (PHI-Net) Task 5,Yuqing Gao (UC Berkeley PEER Center),CC BY-NC-SA 4.0,224,224,3,1f2e83cb8795ff5b33b69743b9790baeb9cc0eee977bb04759dc6008ea5ed9d8
phi_net_train_0309,data/raw/property_conditions/train/global_collapse/phi_net_train_gc_0309.jpg,global_collapse,0,GC,Global collapse,OFFICIAL_TRAIN,train,PEER Hub ImageNet (PHI-Net) Task 5,Yuqing Gao (UC Berkeley PEER Center),CC BY-NC-SA 4.0,224,224,3,c4e80b4ff2de8b036f15f196ec4bcb9d643255d8f5d80434bb4ecac9cc557bda
phi_net_train_0310,data/raw/property_conditions/val/global_collapse/phi_net_val_gc_0310.jpg,global_collapse,0,GC,Global collapse,OFFICIAL_TRAIN,val,PEER Hub ImageNet (PHI-Net) Task 5,Yuqing Gao (UC Berkeley PEER Center),CC BY-NC-SA 4.0,224,224,3,a8c40a7694bee3ae4e9a50bedf1cbb7bdccfac3ba0decf793df689ce2fbe8762
phi_net_train_0311,data/raw/property_conditions/train/global_collapse/phi_net_train_gc_0311.jpg,global_collapse,0,GC,Global collapse,OFFICIAL_TRAIN,train,PEER Hub ImageNet (PHI-Net) Task 5,Yuqing Gao (UC Berkeley PEER Center),CC BY-NC-SA 4.0,224,224,3,164ace668c92d75116853bbdfdff76497bf5540b166131e9b1b03944aa62642b
phi_net_train_0312,data/raw/property_conditions/train/global_collapse/phi_net_train_gc_0312.jpg,global_collapse,0,GC,Global collapse,OFFICIAL_TRAIN,train,PEER Hub ImageNet (PHI-Net) Task 5,Yuqing Gao (UC Berkeley PEER Center),CC BY-NC-SA 4.0,224,224,3,e489c69a4fca86a6f5d367d4e611ffa513be1290c9094ef2153dc1483d729c0a
phi_net_train_0313,data/raw/property_conditions/train/global_collapse/phi_net_train_gc_0313.jpg,global_collapse,0,GC,Global collapse,OFFICIAL_TRAIN,train,PEER Hub ImageNet (PHI-Net) Task 5,Yuqing Gao (UC Berkeley PEER Center),CC BY-NC-SA 4.0,224,224,3,da1f7df8032951aff182e856854089a414277f38c55ea26520ea74814707dfbe
phi_net_train_0314,data/raw/property_conditions/train/global_collapse/phi_net_train_gc_0314.jpg,global_collapse,0,GC,Global collapse,OFFICIAL_TRAIN,train,PEER Hub ImageNet (PHI-Net) Task 5,Yuqing Gao (UC Berkeley PEER Center),CC BY-NC-SA 4.0,224,224,3,da55c6653187b699798742756053e8138b3bd3f7b2ac83588af5e4c241551299
phi_net_train_0315,data/raw/property_conditions/train/global_collapse/phi_net_train_gc_0315.jpg,global_collapse,0,GC,Global collapse,OFFICIAL_TRAIN,train,PEER Hub ImageNet (PHI-Net) Task 5,Yuqing Gao (UC Berkeley PEER Center),CC BY-NC-SA 4.0,224,224,3,f04f5002aeabef8783a2f7e1fbc4edf7d317abff845c8fa0592e295fc76953b3
phi_net_train_0316,data/raw/property_conditions/train/global_collapse/phi_net_train_gc_0316.jpg,global_collapse,0,GC,Global collapse,OFFICIAL_TRAIN,train,PEER Hub ImageNet (PHI-Net) Task 5,Yuqing Gao (UC Berkeley PEER Center),CC BY-NC-SA 4.0,224,224,3,00d233f5feb1924dd94083627f72a072fbd83f2620470edda134c7cdf9b5b3fb
phi_net_train_0317,data/raw/property_conditions/train/global_collapse/phi_net_train_gc_0317.jpg,global_collapse,0,GC,Global collapse,OFFICIAL_TRAIN,train,PEER Hub ImageNet (PHI-Net) Task 5,Yuqing Gao (UC Berkeley PEER Center),CC BY-NC-SA 4.0,224,224,3,36db3e719ba31b649018ede965c18db7118332b11c348637b234b68eb9f5922f
phi_net_train_0318,data/raw/property_conditions/val/global_collapse/phi_net_val_gc_0318.jpg,global_collapse,0,GC,Global collapse,OFFICIAL_TRAIN,val,PEER Hub ImageNet (PHI-Net) Task 5,Yuqing Gao (UC Berkeley PEER Center),CC BY-NC-SA 4.0,224,224,3,ca10637f1ea23bdd4c3194afa81f96a1f0a1b997160969ebcc86a2f3e1ddbdda
phi_net_train_0319,data/raw/property_conditions/train/global_collapse/phi_net_train_gc_0319.jpg,global_collapse,0,GC,Global collapse,OFFICIAL_TRAIN,train,PEER Hub ImageNet (PHI-Net) Task 5,Yuqing Gao (UC Berkeley PEER Center),CC BY-NC-SA 4.0,224,224,3,97062b7279c347beb94a4899df11932196d1bf2b9f373b6b3e2f3e7e338e39ea
phi_net_train_0320,data/raw/property_conditions/train/global_collapse/phi_net_train_gc_0320.jpg,global_collapse,0,GC,Global collapse,OFFICIAL_TRAIN,train,PEER Hub ImageNet (PHI-Net) Task 5,Yuqing Gao (UC Berkeley PEER Center),CC BY-NC-SA 4.0,224,224,3,cb85ee99b53a60eba3d48bbb2027faa7b9851e30bf733c539b64b7fa3d020eb6
phi_net_train_0321,data/raw/property_conditions/train/global_collapse/phi_net_train_gc_0321.jpg,global_collapse,0,GC,Global collapse,OFFICIAL_TRAIN,train,PEER Hub ImageNet (PHI-Net) Task 5,Yuqing Gao (UC Berkeley PEER Center),CC BY-NC-SA 4.0,224,224,3,61ec6d6a35cf317911fa88477782f3701962b0d1358cd8d693ae766778812b8a
phi_net_train_0322,data/raw/property_conditions/train/global_collapse/phi_net_train_gc_0322.jpg,global_collapse,0,GC,Global collapse,OFFICIAL_TRAIN,train,PEER Hub ImageNet (PHI-Net) Task 5,Yuqing Gao (UC Berkeley PEER Center),CC BY-NC-SA 4.0,224,224,3,172c339147d22b1d0b5b0e1b15831be3cf828b370efe22f845e99889698ef57c
phi_net_train_0323,data/raw/property_conditions/train/global_collapse/phi_net_train_gc_0323.jpg,global_collapse,0,GC,Global collapse,OFFICIAL_TRAIN,train,PEER Hub ImageNet (PHI-Net) Task 5,Yuqing Gao (UC Berkeley PEER Center),CC BY-NC-SA 4.0,224,224,3,3728f764357d0dc3b0c91a33e487a4adfe5a9faba9fe2a62dc75691fc45d99ea
phi_net_train_0324,data/raw/property_conditions/train/global_collapse/phi_net_train_gc_0324.jpg,global_collapse,0,GC,Global collapse,OFFICIAL_TRAIN,train,PEER Hub ImageNet (PHI-Net) Task 5,Yuqing Gao (UC Berkeley PEER Center),CC BY-NC-SA 4.0,224,224,3,138fb54ca5cd9998fc8b497e1c6e1882703ae9da00b16559a25a45c77eacbf0d
phi_net_train_0325,data/raw/property_conditions/val/global_collapse/phi_net_val_gc_0325.jpg,global_collapse,0,GC,Global collapse,OFFICIAL_TRAIN,val,PEER Hub ImageNet (PHI-Net) Task 5,Yuqing Gao (UC Berkeley PEER Center),CC BY-NC-SA 4.0,224,224,3,3dd86240003e650de0244883bcb8a0b0b378e5bc634a353f806255b7e4eea8e8
phi_net_train_0326,data/raw/property_conditions/train/global_collapse/phi_net_train_gc_0326.jpg,global_collapse,0,GC,Global collapse,OFFICIAL_TRAIN,train,PEER Hub ImageNet (PHI-Net) Task 5,Yuqing Gao (UC Berkeley PEER Center),CC BY-NC-SA 4.0,224,224,3,aa826d1c43fca4c2913b7ba3b6dc6542a025a0153233bd1fe0c3bc174f0ad039
phi_net_train_0327,data/raw/property_conditions/train/global_collapse/phi_net_train_gc_0327.jpg,global_collapse,0,GC,Global collapse,OFFICIAL_TRAIN,train,PEER Hub ImageNet (PHI-Net) Task 5,Yuqing Gao (UC Berkeley PEER Center),CC BY-NC-SA 4.0,224,224,3,42aa406147002fe0a574dd6babd226f23b7429686cb1a5d96bcb50c27d1b3377
phi_net_train_0328,data/raw/property_conditions/train/global_collapse/phi_net_train_gc_0328.jpg,global_collapse,0,GC,Global collapse,OFFICIAL_TRAIN,train,PEER Hub ImageNet (PHI-Net) Task 5,Yuqing Gao (UC Berkeley PEER Center),CC BY-NC-SA 4.0,224,224,3,5a051a1b5e934179a7acaa77a9334b31da2f021ed7c468e4a05a781f96cab167
phi_net_train_0329,data/raw/property_conditions/train/global_collapse/phi_net_train_gc_0329.jpg,global_collapse,0,GC,Global collapse,OFFICIAL_TRAIN,train,PEER Hub ImageNet (PHI-Net) Task 5,Yuqing Gao (UC Berkeley PEER Center),CC BY-NC-SA 4.0,224,224,3,bde21394b4ff9c23c222448d819d41f920db5be0af9e279e44af96f2f30dbcf7
phi_net_train_0330,data/raw/property_conditions/train/global_collapse/phi_net_train_gc_0330.jpg,global_collapse,0,GC,Global collapse,OFFICIAL_TRAIN,train,PEER Hub ImageNet (PHI-Net) Task 5,Yuqing Gao (UC Berkeley PEER Center),CC BY-NC-SA 4.0,224,224,3,15d1f59a6ef93b19e40dbb289cb68b74b27fa4f354c5fc313d4062d2878fa649
phi_net_train_0331,data/raw/property_conditions/train/global_collapse/phi_net_train_gc_0331.jpg,global_collapse,0,GC,Global collapse,OFFICIAL_TRAIN,train,PEER Hub ImageNet (PHI-Net) Task 5,Yuqing Gao (UC Berkeley PEER Center),CC BY-NC-SA 4.0,224,224,3,df40a4d0ccc758bdbc75655f6b2dd570922eacb71e0c93a7a78c5c6e0644e945
phi_net_train_0332,data/raw/property_conditions/val/global_collapse/phi_net_val_gc_0332.jpg,global_collapse,0,GC,Global collapse,OFFICIAL_TRAIN,val,PEER Hub ImageNet (PHI-Net) Task 5,Yuqing Gao (UC Berkeley PEER Center),CC BY-NC-SA 4.0,224,224,3,48ceb6d434db21cdf840a330ea7b727189ba5ac5622e187ed6363820471911e2
phi_net_train_0333,data/raw/property_conditions/val/global_collapse/phi_net_val_gc_0333.jpg,global_collapse,0,GC,Global collapse,OFFICIAL_TRAIN,val,PEER Hub ImageNet (PHI-Net) Task 5,Yuqing Gao (UC Berkeley PEER Center),CC BY-NC-SA 4.0,224,224,3,b045a89562698cf8f79fd7bd56c6dceb94abbbb22a5bd328b91aabac29b679e8
phi_net_train_0334,data/raw/property_conditions/train/global_collapse/phi_net_train_gc_0334.jpg,global_collapse,0,GC,Global collapse,OFFICIAL_TRAIN,train,PEER Hub ImageNet (PHI-Net) Task 5,Yuqing Gao (UC Berkeley PEER Center),CC BY-NC-SA 4.0,224,224,3,34a9fe8bffb082357b4addb4650a2d49de67ea41a32ce3f202079cbde3d860b7
phi_net_train_0335,data/raw/property_conditions/train/global_collapse/phi_net_train_gc_0335.jpg,global_collapse,0,GC,Global collapse,OFFICIAL_TRAIN,train,PEER Hub ImageNet (PHI-Net) Task 5,Yuqing Gao (UC Berkeley PEER Center),CC BY-NC-SA 4.0,224,224,3,c368ca1dc792d70fb1dcfe870337a3e54d57a690cad81a91d9f2d6ae97eb2f3b
phi_net_train_0336,data/raw/property_conditions/val/global_collapse/phi_net_val_gc_0336.jpg,global_collapse,0,GC,Global collapse,OFFICIAL_TRAIN,val,PEER Hub ImageNet (PHI-Net) Task 5,Yuqing Gao (UC Berkeley PEER Center),CC BY-NC-SA 4.0,224,224,3,af54b5d3c58272fa2554fafe70fcac0e3ce812aaf008acdfd52390f3108bd307
phi_net_train_0337,data/raw/property_conditions/train/global_collapse/phi_net_train_gc_0337.jpg,global_collapse,0,GC,Global collapse,OFFICIAL_TRAIN,train,PEER Hub ImageNet (PHI-Net) Task 5,Yuqing Gao (UC Berkeley PEER Center),CC BY-NC-SA 4.0,224,224,3,81131794efae12e7813378f7057f9e57b6d571bb5798d66b5bf4c4c24a6b8e5c
phi_net_train_0338,data/raw/property_conditions/val/global_collapse/phi_net_val_gc_0338.jpg,global_collapse,0,GC,Global collapse,OFFICIAL_TRAIN,val,PEER Hub ImageNet (PHI-Net) Task 5,Yuqing Gao (UC Berkeley PEER Center),CC BY-NC-SA 4.0,224,224,3,0130fafc83aff688ab43ccce624cf2c7bac512cdcaae3703550959e961543341
phi_net_train_0339,data/raw/property_conditions/train/global_collapse/phi_net_train_gc_0339.jpg,global_collapse,0,GC,Global collapse,OFFICIAL_TRAIN,train,PEER Hub ImageNet (PHI-Net) Task 5,Yuqing Gao (UC Berkeley PEER Center),CC BY-NC-SA 4.0,224,224,3,4ffca819a3323ea681d59c1d8c2018e61106ceeace4d751d1727c7cdcfed54ac
phi_net_train_0340,data/raw/property_conditions/train/global_collapse/phi_net_train_gc_0340.jpg,global_collapse,0,GC,Global collapse,OFFICIAL_TRAIN,train,PEER Hub ImageNet (PHI-Net) Task 5,Yuqing Gao (UC Berkeley PEER Center),CC BY-NC-SA 4.0,224,224,3,a88a586cdbe0fbfb03d767b67ad93e4dc20b30bf785cbfb888fade8422417119
phi_net_train_0341,data/raw/property_conditions/train/global_collapse/phi_net_train_gc_0341.jpg,global_collapse,0,GC,Global collapse,OFFICIAL_TRAIN,train,PEER Hub ImageNet (PHI-Net) Task 5,Yuqing Gao (UC Berkeley PEER Center),CC BY-NC-SA 4.0,224,224,3,86cb64730271c74df6d039b535ef4d4248ec78cbbac22d1df8a72f3049409348
phi_net_train_0342,data/raw/property_conditions/train/global_collapse/phi_net_train_gc_0342.jpg,global_collapse,0,GC,Global collapse,OFFICIAL_TRAIN,train,PEER Hub ImageNet (PHI-Net) Task 5,Yuqing Gao (UC Berkeley PEER Center),CC BY-NC-SA 4.0,224,224,3,ff8ccf55d4a7a7480f1685466dfc87ddb0b0b1fba0c388c7869dd0dd00639bad
phi_net_train_0343,data/raw/property_conditions/train/global_collapse/phi_net_train_gc_0343.jpg,global_collapse,0,GC,Global collapse,OFFICIAL_TRAIN,train,PEER Hub ImageNet (PHI-Net) Task 5,Yuqing Gao (UC Berkeley PEER Center),CC BY-NC-SA 4.0,224,224,3,17f3dd8f277e27bbd98742fbbcff677ea7de751ea66392917ac68f151222e956
phi_net_train_0344,data/raw/property_conditions/train/global_collapse/phi_net_train_gc_0344.jpg,global_collapse,0,GC,Global collapse,OFFICIAL_TRAIN,train,PEER Hub ImageNet (PHI-Net) Task 5,Yuqing Gao (UC Berkeley PEER Center),CC BY-NC-SA 4.0,224,224,3,aa3f38684f625a9210ef2da397477462a057228346a2dce2e8b12a270f18f234
phi_net_train_0345,data/raw/property_conditions/train/global_collapse/phi_net_train_gc_0345.jpg,global_collapse,0,GC,Global collapse,OFFICIAL_TRAIN,train,PEER Hub ImageNet (PHI-Net) Task 5,Yuqing Gao (UC Berkeley PEER Center),CC BY-NC-SA 4.0,224,224,3,2c6d259d6195a48305d6a5a48752369f0b60bb4e08ea004e2036bea3f307bdd3
phi_net_train_0346,data/raw/property_conditions/train/global_collapse/phi_net_train_gc_0346.jpg,global_collapse,0,GC,Global collapse,OFFICIAL_TRAIN,train,PEER Hub ImageNet (PHI-Net) Task 5,Yuqing Gao (UC Berkeley PEER Center),CC BY-NC-SA 4.0,224,224,3,8ecf587a55efb34e1663902a25691cc3854af821115b0e9e38449d0f4128b83c
phi_net_train_0347,data/raw/property_conditions/train/global_collapse/phi_net_train_gc_0347.jpg,global_collapse,0,GC,Global collapse,OFFICIAL_TRAIN,train,PEER Hub ImageNet (PHI-Net) Task 5,Yuqing Gao (UC Berkeley PEER Center),CC BY-NC-SA 4.0,224,224,3,ecf4f918356b6fcfeb94fb10ad8a2c73e931e00f940d168b945b775bf4f3a180
phi_net_train_0348,data/raw/property_conditions/train/global_collapse/phi_net_train_gc_0348.jpg,global_collapse,0,GC,Global collapse,OFFICIAL_TRAIN,train,PEER Hub ImageNet (PHI-Net) Task 5,Yuqing Gao (UC Berkeley PEER Center),CC BY-NC-SA 4.0,224,224,3,a0708aa476f9919cecf7e5dd32caa931a0a570f465afad540af97ecb8cdc0d17
phi_net_train_0349,data/raw/property_conditions/val/global_collapse/phi_net_val_gc_0349.jpg,global_collapse,0,GC,Global collapse,OFFICIAL_TRAIN,val,PEER Hub ImageNet (PHI-Net) Task 5,Yuqing Gao (UC Berkeley PEER Center),CC BY-NC-SA 4.0,224,224,3,7d485d36384e527e8b0987cea2e146a7760bd9adc9acb00ddf3ab93884e99c24
phi_net_train_0350,data/raw/property_conditions/train/global_collapse/phi_net_train_gc_0350.jpg,global_collapse,0,GC,Global collapse,OFFICIAL_TRAIN,train,PEER Hub ImageNet (PHI-Net) Task 5,Yuqing Gao (UC Berkeley PEER Center),CC BY-NC-SA 4.0,224,224,3,93b446ff1898a7b5c5da05a9bab62aa287d2ca0de8a96b32bedac8322730a6fc
phi_net_train_0351,data/raw/property_conditions/train/global_collapse/phi_net_train_gc_0351.jpg,global_collapse,0,GC,Global collapse,OFFICIAL_TRAIN,train,PEER Hub ImageNet (PHI-Net) Task 5,Yuqing Gao (UC Berkeley PEER Center),CC BY-NC-SA 4.0,224,224,3,3230477ee03f50c73a5239d391f13a722a5f955ecfb3ff1f3e89a222803ed0bc
phi_net_train_0352,data/raw/property_conditions/train/global_collapse/phi_net_train_gc_0352.jpg,global_collapse,0,GC,Global collapse,OFFICIAL_TRAIN,train,PEER Hub ImageNet (PHI-Net) Task 5,Yuqing Gao (UC Berkeley PEER Center),CC BY-NC-SA 4.0,224,224,3,2c7ee1529f72a80a74d88a2fd1db4967cf4e454cb93a0d60bb14e47438973996
phi_net_train_0353,data/raw/property_conditions/train/global_collapse/phi_net_train_gc_0353.jpg,global_collapse,0,GC,Global collapse,OFFICIAL_TRAIN,train,PEER Hub ImageNet (PHI-Net) Task 5,Yuqing Gao (UC Berkeley PEER Center),CC BY-NC-SA 4.0,224,224,3,b702e35ca91090286fe6c6e75834184f308e371993bc24713a654df2995f7900
phi_net_train_0354,data/raw/property_conditions/train/global_collapse/phi_net_train_gc_0354.jpg,global_collapse,0,GC,Global collapse,OFFICIAL_TRAIN,train,PEER Hub ImageNet (PHI-Net) Task 5,Yuqing Gao (UC Berkeley PEER Center),CC BY-NC-SA 4.0,224,224,3,1ee9e3b753cba5ee563d54739265c7a08c73ccabdac92ce1bbd4607da99bc91c
phi_net_train_0355,data/raw/property_conditions/train/global_collapse/phi_net_train_gc_0355.jpg,global_collapse,0,GC,Global collapse,OFFICIAL_TRAIN,train,PEER Hub ImageNet (PHI-Net) Task 5,Yuqing Gao (UC Berkeley PEER Center),CC BY-NC-SA 4.0,224,224,3,3dc28306ad6ac0b601a2a12eaeb25fe711072fb1ec3c4d54533e72a2a51e7b26
phi_net_train_0356,data/raw/property_conditions/train/global_collapse/phi_net_train_gc_0356.jpg,global_collapse,0,GC,Global collapse,OFFICIAL_TRAIN,train,PEER Hub ImageNet (PHI-Net) Task 5,Yuqing Gao (UC Berkeley PEER Center),CC BY-NC-SA 4.0,224,224,3,44cada4794cb46edeba8eab03c84af142353584bbaa0d9122518c62c1d758593
phi_net_train_0357,data/raw/property_conditions/val/global_collapse/phi_net_val_gc_0357.jpg,global_collapse,0,GC,Global collapse,OFFICIAL_TRAIN,val,PEER Hub ImageNet (PHI-Net) Task 5,Yuqing Gao (UC Berkeley PEER Center),CC BY-NC-SA 4.0,224,224,3,308a3258f2e720ebfd988949e09faf01e76c0ff7a00e2147c6724e521fd508cc
phi_net_train_0358,data/raw/property_conditions/train/global_collapse/phi_net_train_gc_0358.jpg,global_collapse,0,GC,Global collapse,OFFICIAL_TRAIN,train,PEER Hub ImageNet (PHI-Net) Task 5,Yuqing Gao (UC Berkeley PEER Center),CC BY-NC-SA 4.0,224,224,3,f70b399036f2417aadac6047d1f7ebafdfe253ad787bb1c3e4b88b320d3684d3
phi_net_train_0359,data/raw/property_conditions/train/global_collapse/phi_net_train_gc_0359.jpg,global_collapse,0,GC,Global collapse,OFFICIAL_TRAIN,train,PEER Hub ImageNet (PHI-Net) Task 5,Yuqing Gao (UC Berkeley PEER Center),CC BY-NC-SA 4.0,224,224,3,79121dc778e16140113f49dabfe61889396957650fed0f4319a10e7c162c8b1e
phi_net_train_0360,data/raw/property_conditions/train/global_collapse/phi_net_train_gc_0360.jpg,global_collapse,0,GC,Global collapse,OFFICIAL_TRAIN,train,PEER Hub ImageNet (PHI-Net) Task 5,Yuqing Gao (UC Berkeley PEER Center),CC BY-NC-SA 4.0,224,224,3,e774e2356b9b9fea8eb6a8a71ec8d4641948fabbd2afae8435b0a486b8404fb6
phi_net_train_0361,data/raw/property_conditions/val/global_collapse/phi_net_val_gc_0361.jpg,global_collapse,0,GC,Global collapse,OFFICIAL_TRAIN,val,PEER Hub ImageNet (PHI-Net) Task 5,Yuqing Gao (UC Berkeley PEER Center),CC BY-NC-SA 4.0,224,224,3,b7bdd0018c7779befa8cd29e9fb87c0cb198b6e3627fcc385a852f64da8ac9d3
phi_net_train_0362,data/raw/property_conditions/train/global_collapse/phi_net_train_gc_0362.jpg,global_collapse,0,GC,Global collapse,OFFICIAL_TRAIN,train,PEER Hub ImageNet (PHI-Net) Task 5,Yuqing Gao (UC Berkeley PEER Center),CC BY-NC-SA 4.0,224,224,3,42c19007cc22605cfad39d7d70fa65801925c93cb7c09a6d19947337d7400828
phi_net_train_0363,data/raw/property_conditions/train/global_collapse/phi_net_train_gc_0363.jpg,global_collapse,0,GC,Global collapse,OFFICIAL_TRAIN,train,PEER Hub ImageNet (PHI-Net) Task 5,Yuqing Gao (UC Berkeley PEER Center),CC BY-NC-SA 4.0,224,224,3,710910a60e4a70baa95aee530df2ba3eaba94ce6b39b51294d1f260efdd8c13d
phi_net_train_0364,data/raw/property_conditions/train/global_collapse/phi_net_train_gc_0364.jpg,global_collapse,0,GC,Global collapse,OFFICIAL_TRAIN,train,PEER Hub ImageNet (PHI-Net) Task 5,Yuqing Gao (UC Berkeley PEER Center),CC BY-NC-SA 4.0,224,224,3,91a5def56ca04cb58c800582db0089ecda4739c7214ae17fb3ce835dabfb8be4
phi_net_train_0365,data/raw/property_conditions/train/global_collapse/phi_net_train_gc_0365.jpg,global_collapse,0,GC,Global collapse,OFFICIAL_TRAIN,train,PEER Hub ImageNet (PHI-Net) Task 5,Yuqing Gao (UC Berkeley PEER Center),CC BY-NC-SA 4.0,224,224,3,93dbe3f33460bc2c255da87a33feab4aeb1b0da43c818cecebfa7a1d128725f0
phi_net_train_0366,data/raw/property_conditions/train/global_collapse/phi_net_train_gc_0366.jpg,global_collapse,0,GC,Global collapse,OFFICIAL_TRAIN,train,PEER Hub ImageNet (PHI-Net) Task 5,Yuqing Gao (UC Berkeley PEER Center),CC BY-NC-SA 4.0,224,224,3,1fb0b36d155ca03ef1192bd42875bda589d692a869ef1a22e7dfc78e538ec85d
phi_net_train_0367,data/raw/property_conditions/train/global_collapse/phi_net_train_gc_0367.jpg,global_collapse,0,GC,Global collapse,OFFICIAL_TRAIN,train,PEER Hub ImageNet (PHI-Net) Task 5,Yuqing Gao (UC Berkeley PEER Center),CC BY-NC-SA 4.0,224,224,3,9d63dee65668f9004ac6bf8c1801fd990729417586f3926594bdc6bfc2105a7b
phi_net_train_0368,data/raw/property_conditions/train/global_collapse/phi_net_train_gc_0368.jpg,global_collapse,0,GC,Global collapse,OFFICIAL_TRAIN,train,PEER Hub ImageNet (PHI-Net) Task 5,Yuqing Gao (UC Berkeley PEER Center),CC BY-NC-SA 4.0,224,224,3,d86738e50dd68b4717f206a97b3aa81497ea637f2780efa7821c2b2f416245a2
phi_net_train_0369,data/raw/property_conditions/train/global_collapse/phi_net_train_gc_0369.jpg,global_collapse,0,GC,Global collapse,OFFICIAL_TRAIN,train,PEER Hub ImageNet (PHI-Net) Task 5,Yuqing Gao (UC Berkeley PEER Center),CC BY-NC-SA 4.0,224,224,3,065c9fd04f85dc8a02acb6a2b4f6cbfaeb1d260a4a658d7574c45be8584f3e97
phi_net_train_0370,data/raw/property_conditions/train/global_collapse/phi_net_train_gc_0370.jpg,global_collapse,0,GC,Global collapse,OFFICIAL_TRAIN,train,PEER Hub ImageNet (PHI-Net) Task 5,Yuqing Gao (UC Berkeley PEER Center),CC BY-NC-SA 4.0,224,224,3,b79ee4d89af69997fab91bd24a49c52f68a0659c0f9e106bca1db019d721699d
phi_net_train_0371,data/raw/property_conditions/train/global_collapse/phi_net_train_gc_0371.jpg,global_collapse,0,GC,Global collapse,OFFICIAL_TRAIN,train,PEER Hub ImageNet (PHI-Net) Task 5,Yuqing Gao (UC Berkeley PEER Center),CC BY-NC-SA 4.0,224,224,3,7382eac0a40c7c1289a8211ff2b5192a4828b4059dc2aa1878a37cdc4bbc2782
phi_net_train_0372,data/raw/property_conditions/train/global_collapse/phi_net_train_gc_0372.jpg,global_collapse,0,GC,Global collapse,OFFICIAL_TRAIN,train,PEER Hub ImageNet (PHI-Net) Task 5,Yuqing Gao (UC Berkeley PEER Center),CC BY-NC-SA 4.0,224,224,3,cb2568a4e64a72b64937e2757c3ddc7da40aade8302ff3f91ae29bcebd6d7e73
phi_net_train_0373,data/raw/property_conditions/train/global_collapse/phi_net_train_gc_0373.jpg,global_collapse,0,GC,Global collapse,OFFICIAL_TRAIN,train,PEER Hub ImageNet (PHI-Net) Task 5,Yuqing Gao (UC Berkeley PEER Center),CC BY-NC-SA 4.0,224,224,3,59c513157313e5f8e45ddeda5c86350ea000b32ae96f13afb54e8d6cd6f98b48
phi_net_train_0374,data/raw/property_conditions/val/global_collapse/phi_net_val_gc_0374.jpg,global_collapse,0,GC,Global collapse,OFFICIAL_TRAIN,val,PEER Hub ImageNet (PHI-Net) Task 5,Yuqing Gao (UC Berkeley PEER Center),CC BY-NC-SA 4.0,224,224,3,b062f7a7afd8089fe89ea950affc7b094dfe0320b668da71410320e793469d73
phi_net_train_0375,data/raw/property_conditions/train/global_collapse/phi_net_train_gc_0375.jpg,global_collapse,0,GC,Global collapse,OFFICIAL_TRAIN,train,PEER Hub ImageNet (PHI-Net) Task 5,Yuqing Gao (UC Berkeley PEER Center),CC BY-NC-SA 4.0,224,224,3,d6e9227b7c7ea7a1d7a7c7090506a08d7d061596cd12627dd48a40316e74cf22
phi_net_train_0376,data/raw/property_conditions/val/global_collapse/phi_net_val_gc_0376.jpg,global_collapse,0,GC,Global collapse,OFFICIAL_TRAIN,val,PEER Hub ImageNet (PHI-Net) Task 5,Yuqing Gao (UC Berkeley PEER Center),CC BY-NC-SA 4.0,224,224,3,3a41ca8aa1572e543601fb95afdf937251246533eefa2d661a2f4356cfdf0d90
phi_net_train_0377,data/raw/property_conditions/train/global_collapse/phi_net_train_gc_0377.jpg,global_collapse,0,GC,Global collapse,OFFICIAL_TRAIN,train,PEER Hub ImageNet (PHI-Net) Task 5,Yuqing Gao (UC Berkeley PEER Center),CC BY-NC-SA 4.0,224,224,3,f89609ff7564fc5e40fe96f4634fd18850b9d41f317798434542bcf7933ec881
phi_net_train_0378,data/raw/property_conditions/train/global_collapse/phi_net_train_gc_0378.jpg,global_collapse,0,GC,Global collapse,OFFICIAL_TRAIN,train,PEER Hub ImageNet (PHI-Net) Task 5,Yuqing Gao (UC Berkeley PEER Center),CC BY-NC-SA 4.0,224,224,3,e07c19a20f152e62b8d404f28e938eccb40740ca327ea7f9d8c0c405ca26b40d
phi_net_train_0379,data/raw/property_conditions/train/global_collapse/phi_net_train_gc_0379.jpg,global_collapse,0,GC,Global collapse,OFFICIAL_TRAIN,train,PEER Hub ImageNet (PHI-Net) Task 5,Yuqing Gao (UC Berkeley PEER Center),CC BY-NC-SA 4.0,224,224,3,8c05e57fb63de39cae11d5a86c94359d047837955b0011084a3afa8af7fe72b3
phi_net_train_0380,data/raw/property_conditions/val/global_collapse/phi_net_val_gc_0380.jpg,global_collapse,0,GC,Global collapse,OFFICIAL_TRAIN,val,PEER Hub ImageNet (PHI-Net) Task 5,Yuqing Gao (UC Berkeley PEER Center),CC BY-NC-SA 4.0,224,224,3,44a3cadd442c0dc64ddf23575ca7648d261e0c113e7d16a9c8550e01886a21e6
phi_net_train_0381,data/raw/property_conditions/train/global_collapse/phi_net_train_gc_0381.jpg,global_collapse,0,GC,Global collapse,OFFICIAL_TRAIN,train,PEER Hub ImageNet (PHI-Net) Task 5,Yuqing Gao (UC Berkeley PEER Center),CC BY-NC-SA 4.0,224,224,3,eb9db051a7940903a6d1a293d15be07d9aa280ba261a7e499a84790b754c3cb9
phi_net_train_0382,data/raw/property_conditions/train/global_collapse/phi_net_train_gc_0382.jpg,global_collapse,0,GC,Global collapse,OFFICIAL_TRAIN,train,PEER Hub ImageNet (PHI-Net) Task 5,Yuqing Gao (UC Berkeley PEER Center),CC BY-NC-SA 4.0,224,224,3,6409865a0ca4b6b01065ee85f1f1ddfd96d1dd84cdca3ed83cea353e95c8e6a4
phi_net_train_0383,data/raw/property_conditions/train/global_collapse/phi_net_train_gc_0383.jpg,global_collapse,0,GC,Global collapse,OFFICIAL_TRAIN,train,PEER Hub ImageNet (PHI-Net) Task 5,Yuqing Gao (UC Berkeley PEER Center),CC BY-NC-SA 4.0,224,224,3,2572f9530865b16e5b809b9815c306d10b7c0f7979c58040deeaca7d9e08551f
phi_net_train_0384,data/raw/property_conditions/train/global_collapse/phi_net_train_gc_0384.jpg,global_collapse,0,GC,Global collapse,OFFICIAL_TRAIN,train,PEER Hub ImageNet (PHI-Net) Task 5,Yuqing Gao (UC Berkeley PEER Center),CC BY-NC-SA 4.0,224,224,3,592f54ba860647a5b9c1b322bc9cc40c13a4d99cc4bb7c74f4e0722bfed33b20
phi_net_train_0385,data/raw/property_conditions/train/global_collapse/phi_net_train_gc_0385.jpg,global_collapse,0,GC,Global collapse,OFFICIAL_TRAIN,train,PEER Hub ImageNet (PHI-Net) Task 5,Yuqing Gao (UC Berkeley PEER Center),CC BY-NC-SA 4.0,224,224,3,42442f3dd6df07c71f9804c72a1708512703ed9693b3034419ea53e662220b08
phi_net_train_0386,data/raw/property_conditions/train/global_collapse/phi_net_train_gc_0386.jpg,global_collapse,0,GC,Global collapse,OFFICIAL_TRAIN,train,PEER Hub ImageNet (PHI-Net) Task 5,Yuqing Gao (UC Berkeley PEER Center),CC BY-NC-SA 4.0,224,224,3,13449b61c44f77530f3902702a9f910c17b7fa33378700a9d02d7fc49a4c3161
phi_net_train_0387,data/raw/property_conditions/train/global_collapse/phi_net_train_gc_0387.jpg,global_collapse,0,GC,Global collapse,OFFICIAL_TRAIN,train,PEER Hub ImageNet (PHI-Net) Task 5,Yuqing Gao (UC Berkeley PEER Center),CC BY-NC-SA 4.0,224,224,3,d06b0518881d4c39536e5ca2adea5d6707ec68169697c1246fb05dd2b8fe4aea
phi_net_train_0388,data/raw/property_conditions/train/global_collapse/phi_net_train_gc_0388.jpg,global_collapse,0,GC,Global collapse,OFFICIAL_TRAIN,train,PEER Hub ImageNet (PHI-Net) Task 5,Yuqing Gao (UC Berkeley PEER Center),CC BY-NC-SA 4.0,224,224,3,45122983e0a866c6c995694a1c46252a45ca52c9cb95af6624c98eb1bbf080af
phi_net_train_0389,data/raw/property_conditions/train/global_collapse/phi_net_train_gc_0389.jpg,global_collapse,0,GC,Global collapse,OFFICIAL_TRAIN,train,PEER Hub ImageNet (PHI-Net) Task 5,Yuqing Gao (UC Berkeley PEER Center),CC BY-NC-SA 4.0,224,224,3,fc3c1b0940e23b9207ddff65dbba59fd51423ba1a43231362385756d42de1993
phi_net_train_0390,data/raw/property_conditions/val/global_collapse/phi_net_val_gc_0390.jpg,global_collapse,0,GC,Global collapse,OFFICIAL_TRAIN,val,PEER Hub ImageNet (PHI-Net) Task 5,Yuqing Gao (UC Berkeley PEER Center),CC BY-NC-SA 4.0,224,224,3,41aeac7801f90c52960ded454040505a7722f7996a9597012bd6cc032c6de499
phi_net_train_0391,data/raw/property_conditions/train/global_collapse/phi_net_train_gc_0391.jpg,global_collapse,0,GC,Global collapse,OFFICIAL_TRAIN,train,PEER Hub ImageNet (PHI-Net) Task 5,Yuqing Gao (UC Berkeley PEER Center),CC BY-NC-SA 4.0,224,224,3,db8661eb1bf3a3b16dd60592a34b7a5666d2a235cc4c69365ce4b2c86e7b560a
phi_net_train_0392,data/raw/property_conditions/train/global_collapse/phi_net_train_gc_0392.jpg,global_collapse,0,GC,Global collapse,OFFICIAL_TRAIN,train,PEER Hub ImageNet (PHI-Net) Task 5,Yuqing Gao (UC Berkeley PEER Center),CC BY-NC-SA 4.0,224,224,3,9bdee116411e6f2fc0c3dd8be6d03bd26e0820a5067e3dc8266221d8f48c7b70
phi_net_train_0393,data/raw/property_conditions/train/global_collapse/phi_net_train_gc_0393.jpg,global_collapse,0,GC,Global collapse,OFFICIAL_TRAIN,train,PEER Hub ImageNet (PHI-Net) Task 5,Yuqing Gao (UC Berkeley PEER Center),CC BY-NC-SA 4.0,224,224,3,21c2caead5b79290fffb0a9acab10b6d24ac1d2009781f4933873bd541a3a8f4
phi_net_train_0394,data/raw/property_conditions/train/global_collapse/phi_net_train_gc_0394.jpg,global_collapse,0,GC,Global collapse,OFFICIAL_TRAIN,train,PEER Hub ImageNet (PHI-Net) Task 5,Yuqing Gao (UC Berkeley PEER Center),CC BY-NC-SA 4.0,224,224,3,46a40521c589faaec333a3ceb3a98b310a4c0137ad948db73b671219f9ae2b5a
phi_net_train_0395,data/raw/property_conditions/train/global_collapse/phi_net_train_gc_0395.jpg,global_collapse,0,GC,Global collapse,OFFICIAL_TRAIN,train,PEER Hub ImageNet (PHI-Net) Task 5,Yuqing Gao (UC Berkeley PEER Center),CC BY-NC-SA 4.0,224,224,3,bba398cddcee0f996cbfaf28ce469de905c4958403fb87cd6528383593109369
phi_net_train_0396,data/raw/property_conditions/train/global_collapse/phi_net_train_gc_0396.jpg,global_collapse,0,GC,Global collapse,OFFICIAL_TRAIN,train,PEER Hub ImageNet (PHI-Net) Task 5,Yuqing Gao (UC Berkeley PEER Center),CC BY-NC-SA 4.0,224,224,3,2b6d1f1704495ce4c612292c582edfef5c6876e3c43912d2a6ff8f263ffb68bd
phi_net_train_0397,data/raw/property_conditions/train/global_collapse/phi_net_train_gc_0397.jpg,global_collapse,0,GC,Global collapse,OFFICIAL_TRAIN,train,PEER Hub ImageNet (PHI-Net) Task 5,Yuqing Gao (UC Berkeley PEER Center),CC BY-NC-SA 4.0,224,224,3,038fe9e8715632bf9b4d54614db24cc7fdc4e2a8f46151d5ce740b305bc42e53
phi_net_train_0398,data/raw/property_conditions/val/global_collapse/phi_net_val_gc_0398.jpg,global_collapse,0,GC,Global collapse,OFFICIAL_TRAIN,val,PEER Hub ImageNet (PHI-Net) Task 5,Yuqing Gao (UC Berkeley PEER Center),CC BY-NC-SA 4.0,224,224,3,d561cb449054d58e35fc0d027a3ce2910e09366af569e855fc08ea46efe4b42c
phi_net_train_0399,data/raw/property_conditions/train/global_collapse/phi_net_train_gc_0399.jpg,global_collapse,0,GC,Global collapse,OFFICIAL_TRAIN,train,PEER Hub ImageNet (PHI-Net) Task 5,Yuqing Gao (UC Berkeley PEER Center),CC BY-NC-SA 4.0,224,224,3,663ea5fd0fd822a2b02a28cb85f9bbe2b1d3c118c3f55d01ed3448cd9e1ad5e3
phi_net_train_0400,data/raw/property_conditions/train/global_collapse/phi_net_train_gc_0400.jpg,global_collapse,0,GC,Global collapse,OFFICIAL_TRAIN,train,PEER Hub ImageNet (PHI-Net) Task 5,Yuqing Gao (UC Berkeley PEER Center),CC BY-NC-SA 4.0,224,224,3,eb2364e5f0b4c44e31255264759f990e13c65b717de04466b25a87fee4b0dc37
phi_net_train_0401,data/raw/property_conditions/train/global_collapse/phi_net_train_gc_0401.jpg,global_collapse,0,GC,Global collapse,OFFICIAL_TRAIN,train,PEER Hub ImageNet (PHI-Net) Task 5,Yuqing Gao (UC Berkeley PEER Center),CC BY-NC-SA 4.0,224,224,3,33a28a1ded0c8879d54622789dbe9e07bbb4d2b8e6b454db79380ff5200c5ced
phi_net_train_0402,data/raw/property_conditions/train/global_collapse/phi_net_train_gc_0402.jpg,global_collapse,0,GC,Global collapse,OFFICIAL_TRAIN,train,PEER Hub ImageNet (PHI-Net) Task 5,Yuqing Gao (UC Berkeley PEER Center),CC BY-NC-SA 4.0,224,224,3,81b46d1333533057cd6693eff437b75dcea69878bdf1dac46af5808358497fdc
phi_net_train_0403,data/raw/property_conditions/train/global_collapse/phi_net_train_gc_0403.jpg,global_collapse,0,GC,Global collapse,OFFICIAL_TRAIN,train,PEER Hub ImageNet (PHI-Net) Task 5,Yuqing Gao (UC Berkeley PEER Center),CC BY-NC-SA 4.0,224,224,3,298f4a97196933b46a4a3cdbc6dd9e300b52113d0970539499f098d0eece50c6
phi_net_train_0404,data/raw/property_conditions/train/global_collapse/phi_net_train_gc_0404.jpg,global_collapse,0,GC,Global collapse,OFFICIAL_TRAIN,train,PEER Hub ImageNet (PHI-Net) Task 5,Yuqing Gao (UC Berkeley PEER Center),CC BY-NC-SA 4.0,224,224,3,58a1386d16508ba83621ef199f7b19b23d175f3f107be92889544fa4d2486433
phi_net_train_0405,data/raw/property_conditions/train/global_collapse/phi_net_train_gc_0405.jpg,global_collapse,0,GC,Global collapse,OFFICIAL_TRAIN,train,PEER Hub ImageNet (PHI-Net) Task 5,Yuqing Gao (UC Berkeley PEER Center),CC BY-NC-SA 4.0,224,224,3,2a28853d71b6baf2e1e5f258ef8f30acbf161bd989d3f925527aebb294483053
phi_net_train_0406,data/raw/property_conditions/train/global_collapse/phi_net_train_gc_0406.jpg,global_collapse,0,GC,Global collapse,OFFICIAL_TRAIN,train,PEER Hub ImageNet (PHI-Net) Task 5,Yuqing Gao (UC Berkeley PEER Center),CC BY-NC-SA 4.0,224,224,3,1bb543fa27daa26cced1e8604d0e9c50ca05750e4b47f9d9bc3019f4be1e3fce
phi_net_train_0407,data/raw/property_conditions/val/global_collapse/phi_net_val_gc_0407.jpg,global_collapse,0,GC,Global collapse,OFFICIAL_TRAIN,val,PEER Hub ImageNet (PHI-Net) Task 5,Yuqing Gao (UC Berkeley PEER Center),CC BY-NC-SA 4.0,224,224,3,8bf7dfe1286933d1b7625484ff7cb5b04d749ec7dd800457ea594f99d23412f6
phi_net_train_0408,data/raw/property_conditions/train/global_collapse/phi_net_train_gc_0408.jpg,global_collapse,0,GC,Global collapse,OFFICIAL_TRAIN,train,PEER Hub ImageNet (PHI-Net) Task 5,Yuqing Gao (UC Berkeley PEER Center),CC BY-NC-SA 4.0,224,224,3,51182b855d3ab2a1193ed82e20592899400505a2196d4fa70158ac07b6d65abd
phi_net_train_0409,data/raw/property_conditions/train/global_collapse/phi_net_train_gc_0409.jpg,global_collapse,0,GC,Global collapse,OFFICIAL_TRAIN,train,PEER Hub ImageNet (PHI-Net) Task 5,Yuqing Gao (UC Berkeley PEER Center),CC BY-NC-SA 4.0,224,224,3,caa3d53ad6be66b87811b9d0e172d9928a1cf557b19d28655c5fc3ad21b5de2e
phi_net_train_0410,data/raw/property_conditions/train/global_collapse/phi_net_train_gc_0410.jpg,global_collapse,0,GC,Global collapse,OFFICIAL_TRAIN,train,PEER Hub ImageNet (PHI-Net) Task 5,Yuqing Gao (UC Berkeley PEER Center),CC BY-NC-SA 4.0,224,224,3,556e0f646ead97bbc0ba5fca10523eb203c84ccf0e9fff3403f7aeee8bc69998
phi_net_train_0411,data/raw/property_conditions/train/global_collapse/phi_net_train_gc_0411.jpg,global_collapse,0,GC,Global collapse,OFFICIAL_TRAIN,train,PEER Hub ImageNet (PHI-Net) Task 5,Yuqing Gao (UC Berkeley PEER Center),CC BY-NC-SA 4.0,224,224,3,5cbef7e13376ec16947a81ce000d0e073c662075f083149417398d25bf38dd2b
phi_net_train_0412,data/raw/property_conditions/train/global_collapse/phi_net_train_gc_0412.jpg,global_collapse,0,GC,Global collapse,OFFICIAL_TRAIN,train,PEER Hub ImageNet (PHI-Net) Task 5,Yuqing Gao (UC Berkeley PEER Center),CC BY-NC-SA 4.0,224,224,3,961f53cc09eb314ed4b1f5ffa9834e7e9bc887f0823b8fcc5e9ead559005688f
phi_net_train_0413,data/raw/property_conditions/train/global_collapse/phi_net_train_gc_0413.jpg,global_collapse,0,GC,Global collapse,OFFICIAL_TRAIN,train,PEER Hub ImageNet (PHI-Net) Task 5,Yuqing Gao (UC Berkeley PEER Center),CC BY-NC-SA 4.0,224,224,3,2569b592f30f7bce32238b1c4fa864e493fd8943db3632e5119ad9dec8773d0b
phi_net_train_0414,data/raw/property_conditions/train/global_collapse/phi_net_train_gc_0414.jpg,global_collapse,0,GC,Global collapse,OFFICIAL_TRAIN,train,PEER Hub ImageNet (PHI-Net) Task 5,Yuqing Gao (UC Berkeley PEER Center),CC BY-NC-SA 4.0,224,224,3,693d39e8fd40eb6c8f0ce0730d3ccf3ca4bef9fc9add03a575a3ccff261df23d
phi_net_train_0415,data/raw/property_conditions/train/global_collapse/phi_net_train_gc_0415.jpg,global_collapse,0,GC,Global collapse,OFFICIAL_TRAIN,train,PEER Hub ImageNet (PHI-Net) Task 5,Yuqing Gao (UC Berkeley PEER Center),CC BY-NC-SA 4.0,224,224,3,791d5f5159245e5ef2b8e89bb184aa6f85385c1854e7a3f12942a8fc29673ce4
phi_net_train_0416,data/raw/property_conditions/train/global_collapse/phi_net_train_gc_0416.jpg,global_collapse,0,GC,Global collapse,OFFICIAL_TRAIN,train,PEER Hub ImageNet (PHI-Net) Task 5,Yuqing Gao (UC Berkeley PEER Center),CC BY-NC-SA 4.0,224,224,3,045306d6e6ad96f29ce7381aed3ce154edbdbdeef2c5d4f4ed41af64205cecbe
phi_net_train_0417,data/raw/property_conditions/train/global_collapse/phi_net_train_gc_0417.jpg,global_collapse,0,GC,Global collapse,OFFICIAL_TRAIN,train,PEER Hub ImageNet (PHI-Net) Task 5,Yuqing Gao (UC Berkeley PEER Center),CC BY-NC-SA 4.0,224,224,3,cebaef7cfd5f86a178a4024ef0df8ceb32797d795045459e94a32cc3499d9e30
phi_net_train_0418,data/raw/property_conditions/train/global_collapse/phi_net_train_gc_0418.jpg,global_collapse,0,GC,Global collapse,OFFICIAL_TRAIN,train,PEER Hub ImageNet (PHI-Net) Task 5,Yuqing Gao (UC Berkeley PEER Center),CC BY-NC-SA 4.0,224,224,3,be134712fbf7a323420cba465dc052720a6f38c462342fa0c7ab11f5144da3e2
phi_net_train_0419,data/raw/property_conditions/train/global_collapse/phi_net_train_gc_0419.jpg,global_collapse,0,GC,Global collapse,OFFICIAL_TRAIN,train,PEER Hub ImageNet (PHI-Net) Task 5,Yuqing Gao (UC Berkeley PEER Center),CC BY-NC-SA 4.0,224,224,3,dc6265a9c93bb49ead4ea972158e2b21ca515e6671d9df01528d592963cb594d
phi_net_train_0420,data/raw/property_conditions/train/global_collapse/phi_net_train_gc_0420.jpg,global_collapse,0,GC,Global collapse,OFFICIAL_TRAIN,train,PEER Hub ImageNet (PHI-Net) Task 5,Yuqing Gao (UC Berkeley PEER Center),CC BY-NC-SA 4.0,224,224,3,c25dd30c970f6c3673a8966d283b2dfd699ec37011a12d6af9bdc6e339452680
phi_net_train_0421,data/raw/property_conditions/train/global_collapse/phi_net_train_gc_0421.jpg,global_collapse,0,GC,Global collapse,OFFICIAL_TRAIN,train,PEER Hub ImageNet (PHI-Net) Task 5,Yuqing Gao (UC Berkeley PEER Center),CC BY-NC-SA 4.0,224,224,3,5892b22a5af079875ee699e1c2d87fa6ef564ca74480b26b191dd7763ab87247
phi_net_train_0422,data/raw/property_conditions/train/global_collapse/phi_net_train_gc_0422.jpg,global_collapse,0,GC,Global collapse,OFFICIAL_TRAIN,train,PEER Hub ImageNet (PHI-Net) Task 5,Yuqing Gao (UC Berkeley PEER Center),CC BY-NC-SA 4.0,224,224,3,6e055d34d232f7c486bcbfbd50a05ca59c2113440479cd5b7b84a91eb41eadb2
phi_net_train_0423,data/raw/property_conditions/train/global_collapse/phi_net_train_gc_0423.jpg,global_collapse,0,GC,Global collapse,OFFICIAL_TRAIN,train,PEER Hub ImageNet (PHI-Net) Task 5,Yuqing Gao (UC Berkeley PEER Center),CC BY-NC-SA 4.0,224,224,3,a053becf4d402ff979e584d2144b7115714c7c0468ab094169a8c58d785fa930
phi_net_train_0424,data/raw/property_conditions/train/global_collapse/phi_net_train_gc_0424.jpg,global_collapse,0,GC,Global collapse,OFFICIAL_TRAIN,train,PEER Hub ImageNet (PHI-Net) Task 5,Yuqing Gao (UC Berkeley PEER Center),CC BY-NC-SA 4.0,224,224,3,4067711ee4ca184b596c5cd84d8381493f6f64db76ac9aeba198437ecf1bb6ca
phi_net_train_0425,data/raw/property_conditions/train/global_collapse/phi_net_train_gc_0425.jpg,global_collapse,0,GC,Global collapse,OFFICIAL_TRAIN,train,PEER Hub ImageNet (PHI-Net) Task 5,Yuqing Gao (UC Berkeley PEER Center),CC BY-NC-SA 4.0,224,224,3,45d679aff4047ea33e0526e6508a972c745c2cf26157ba9a45596a9becfd8812
phi_net_train_0426,data/raw/property_conditions/train/global_collapse/phi_net_train_gc_0426.jpg,global_collapse,0,GC,Global collapse,OFFICIAL_TRAIN,train,PEER Hub ImageNet (PHI-Net) Task 5,Yuqing Gao (UC Berkeley PEER Center),CC BY-NC-SA 4.0,224,224,3,8ec685aac7ba7dadf28865208bbc4ca7e5c36a54d313190daa8769b2d92d11cb
phi_net_train_0427,data/raw/property_conditions/train/global_collapse/phi_net_train_gc_0427.jpg,global_collapse,0,GC,Global collapse,OFFICIAL_TRAIN,train,PEER Hub ImageNet (PHI-Net) Task 5,Yuqing Gao (UC Berkeley PEER Center),CC BY-NC-SA 4.0,224,224,3,33e72d0106d826b2f4a277ab1ee1f4e9aa44965e7a38805cbcdd6df36158eeae
phi_net_train_0428,data/raw/property_conditions/train/global_collapse/phi_net_train_gc_0428.jpg,global_collapse,0,GC,Global collapse,OFFICIAL_TRAIN,train,PEER Hub ImageNet (PHI-Net) Task 5,Yuqing Gao (UC Berkeley PEER Center),CC BY-NC-SA 4.0,224,224,3,d998cd9e075c13f9030d04b4ab54c543b9ccff519ee0b2014dc94f35ffe83345
phi_net_train_0429,data/raw/property_conditions/train/global_collapse/phi_net_train_gc_0429.jpg,global_collapse,0,GC,Global collapse,OFFICIAL_TRAIN,train,PEER Hub ImageNet (PHI-Net) Task 5,Yuqing Gao (UC Berkeley PEER Center),CC BY-NC-SA 4.0,224,224,3,d82207f72b9400ec8e930163db2636f6ed3035ac2ca747eb572a364b473b04a8
phi_net_train_0430,data/raw/property_conditions/train/global_collapse/phi_net_train_gc_0430.jpg,global_collapse,0,GC,Global collapse,OFFICIAL_TRAIN,train,PEER Hub ImageNet (PHI-Net) Task 5,Yuqing Gao (UC Berkeley PEER Center),CC BY-NC-SA 4.0,224,224,3,d9d4ce9e7ee5375595204ac5055277ee353221c8748b28b056f72e02b3b73ad4
phi_net_train_0431,data/raw/property_conditions/train/global_collapse/phi_net_train_gc_0431.jpg,global_collapse,0,GC,Global collapse,OFFICIAL_TRAIN,train,PEER Hub ImageNet (PHI-Net) Task 5,Yuqing Gao (UC Berkeley PEER Center),CC BY-NC-SA 4.0,224,224,3,2503324a431624d84976300c95a69e297db7ec19c951d417f261649b006bf841
phi_net_train_0432,data/raw/property_conditions/val/global_collapse/phi_net_val_gc_0432.jpg,global_collapse,0,GC,Global collapse,OFFICIAL_TRAIN,val,PEER Hub ImageNet (PHI-Net) Task 5,Yuqing Gao (UC Berkeley PEER Center),CC BY-NC-SA 4.0,224,224,3,316e61e5e7a1733553ca00dd756791825acc19592628d2a5791d237dee516ad0
phi_net_train_0433,data/raw/property_conditions/train/global_collapse/phi_net_train_gc_0433.jpg,global_collapse,0,GC,Global collapse,OFFICIAL_TRAIN,train,PEER Hub ImageNet (PHI-Net) Task 5,Yuqing Gao (UC Berkeley PEER Center),CC BY-NC-SA 4.0,224,224,3,fdbe5ebd1660f2bd30aa051f523d7e171983393f065914a049007a74913273cd
phi_net_train_0434,data/raw/property_conditions/train/global_collapse/phi_net_train_gc_0434.jpg,global_collapse,0,GC,Global collapse,OFFICIAL_TRAIN,train,PEER Hub ImageNet (PHI-Net) Task 5,Yuqing Gao (UC Berkeley PEER Center),CC BY-NC-SA 4.0,224,224,3,18b32a30e97dd5e259325253b666d21e1f8b9822483e2097028877f8e25af82d
phi_net_train_0435,data/raw/property_conditions/train/global_collapse/phi_net_train_gc_0435.jpg,global_collapse,0,GC,Global collapse,OFFICIAL_TRAIN,train,PEER Hub ImageNet (PHI-Net) Task 5,Yuqing Gao (UC Berkeley PEER Center),CC BY-NC-SA 4.0,224,224,3,9e0f4e1bdd7b338b431625139085333a6a4f0810134492bacf9905b3a1698e81
phi_net_train_0436,data/raw/property_conditions/val/global_collapse/phi_net_val_gc_0436.jpg,global_collapse,0,GC,Global collapse,OFFICIAL_TRAIN,val,PEER Hub ImageNet (PHI-Net) Task 5,Yuqing Gao (UC Berkeley PEER Center),CC BY-NC-SA 4.0,224,224,3,c433c0d5767f2a7a607ec91760c14036a84dde0a409a16c62f9e1e1177b2f91d
phi_net_train_0437,data/raw/property_conditions/train/global_collapse/phi_net_train_gc_0437.jpg,global_collapse,0,GC,Global collapse,OFFICIAL_TRAIN,train,PEER Hub ImageNet (PHI-Net) Task 5,Yuqing Gao (UC Berkeley PEER Center),CC BY-NC-SA 4.0,224,224,3,3777ba8edfb4a52f5d156e4f6453682f1d728b9299ce3dc45be53dec0456e03c
phi_net_train_0438,data/raw/property_conditions/val/global_collapse/phi_net_val_gc_0438.jpg,global_collapse,0,GC,Global collapse,OFFICIAL_TRAIN,val,PEER Hub ImageNet (PHI-Net) Task 5,Yuqing Gao (UC Berkeley PEER Center),CC BY-NC-SA 4.0,224,224,3,6dd964aa8d6f5cf20aa4995e509356e6a22e6f9347b2971a1425b8c83cbecb4f
phi_net_train_0439,data/raw/property_conditions/val/global_collapse/phi_net_val_gc_0439.jpg,global_collapse,0,GC,Global collapse,OFFICIAL_TRAIN,val,PEER Hub ImageNet (PHI-Net) Task 5,Yuqing Gao (UC Berkeley PEER Center),CC BY-NC-SA 4.0,224,224,3,54da529e3c1136eeeea32d8b71c7d0f83e9414c8fad0a37c914b8939c9738ec3
phi_net_train_0440,data/raw/property_conditions/train/global_collapse/phi_net_train_gc_0440.jpg,global_collapse,0,GC,Global collapse,OFFICIAL_TRAIN,train,PEER Hub ImageNet (PHI-Net) Task 5,Yuqing Gao (UC Berkeley PEER Center),CC BY-NC-SA 4.0,224,224,3,4a76249f15af2729064eb6b7c6b7d430e5e88977529d15f341d5e1c887fc713e
phi_net_train_0441,data/raw/property_conditions/train/global_collapse/phi_net_train_gc_0441.jpg,global_collapse,0,GC,Global collapse,OFFICIAL_TRAIN,train,PEER Hub ImageNet (PHI-Net) Task 5,Yuqing Gao (UC Berkeley PEER Center),CC BY-NC-SA 4.0,224,224,3,a73af2b414e4c67c368a95787476f02d7d13e0edcfba4aa01c06a673728acb72
phi_net_train_0442,data/raw/property_conditions/train/global_collapse/phi_net_train_gc_0442.jpg,global_collapse,0,GC,Global collapse,OFFICIAL_TRAIN,train,PEER Hub ImageNet (PHI-Net) Task 5,Yuqing Gao (UC Berkeley PEER Center),CC BY-NC-SA 4.0,224,224,3,71ca490dd5a176bcd39768ab0635043ab84d49e7d6f081c40e18041c740e3e9a
phi_net_train_0443,data/raw/property_conditions/train/global_collapse/phi_net_train_gc_0443.jpg,global_collapse,0,GC,Global collapse,OFFICIAL_TRAIN,train,PEER Hub ImageNet (PHI-Net) Task 5,Yuqing Gao (UC Berkeley PEER Center),CC BY-NC-SA 4.0,224,224,3,0983cb511a8d89f4da7b26fd7978b28e8b8313cec714d78f07f3a3c28558b657
phi_net_train_0444,data/raw/property_conditions/train/global_collapse/phi_net_train_gc_0444.jpg,global_collapse,0,GC,Global collapse,OFFICIAL_TRAIN,train,PEER Hub ImageNet (PHI-Net) Task 5,Yuqing Gao (UC Berkeley PEER Center),CC BY-NC-SA 4.0,224,224,3,a273599fc6391f810970a6164481c14746a40c96dcaa7e550fd53200cd2fd837
phi_net_train_0445,data/raw/property_conditions/train/global_collapse/phi_net_train_gc_0445.jpg,global_collapse,0,GC,Global collapse,OFFICIAL_TRAIN,train,PEER Hub ImageNet (PHI-Net) Task 5,Yuqing Gao (UC Berkeley PEER Center),CC BY-NC-SA 4.0,224,224,3,d4d10c57c3fe21f9bee77b4adeb2013eb1f5a4905350e99e14daae0ebd65dc55
phi_net_train_0446,data/raw/property_conditions/train/global_collapse/phi_net_train_gc_0446.jpg,global_collapse,0,GC,Global collapse,OFFICIAL_TRAIN,train,PEER Hub ImageNet (PHI-Net) Task 5,Yuqing Gao (UC Berkeley PEER Center),CC BY-NC-SA 4.0,224,224,3,5f17bc1641268920d0c23405c31d14f1ab1276f9423a3726f1c1c93e322a5303
phi_net_train_0447,data/raw/property_conditions/train/global_collapse/phi_net_train_gc_0447.jpg,global_collapse,0,GC,Global collapse,OFFICIAL_TRAIN,train,PEER Hub ImageNet (PHI-Net) Task 5,Yuqing Gao (UC Berkeley PEER Center),CC BY-NC-SA 4.0,224,224,3,877fbca994bf4eb9aed360ccaff5ad2e0bca2c82e47325ff86bccce06e54a6ef
phi_net_train_0448,data/raw/property_conditions/train/global_collapse/phi_net_train_gc_0448.jpg,global_collapse,0,GC,Global collapse,OFFICIAL_TRAIN,train,PEER Hub ImageNet (PHI-Net) Task 5,Yuqing Gao (UC Berkeley PEER Center),CC BY-NC-SA 4.0,224,224,3,a7c2a92e71868a9a094fba94f3aa7faea4f2a110433e380865ec5306f7603748
phi_net_train_0449,data/raw/property_conditions/train/global_collapse/phi_net_train_gc_0449.jpg,global_collapse,0,GC,Global collapse,OFFICIAL_TRAIN,train,PEER Hub ImageNet (PHI-Net) Task 5,Yuqing Gao (UC Berkeley PEER Center),CC BY-NC-SA 4.0,224,224,3,d1c7898e645c725c7ee1d01fd77a2bbb1f42f2a2697fb5397a6d92a3e1fd5ea6
phi_net_train_0450,data/raw/property_conditions/train/global_collapse/phi_net_train_gc_0450.jpg,global_collapse,0,GC,Global collapse,OFFICIAL_TRAIN,train,PEER Hub ImageNet (PHI-Net) Task 5,Yuqing Gao (UC Berkeley PEER Center),CC BY-NC-SA 4.0,224,224,3,36a0a82c567df2fed226a7aaebad2dc6527d978ca1169d46bce8c1cad1838500
phi_net_train_0451,data/raw/property_conditions/train/global_collapse/phi_net_train_gc_0451.jpg,global_collapse,0,GC,Global collapse,OFFICIAL_TRAIN,train,PEER Hub ImageNet (PHI-Net) Task 5,Yuqing Gao (UC Berkeley PEER Center),CC BY-NC-SA 4.0,224,224,3,bf4c1a008aeca2be2f25e95b3088e52e758de8c1cb9e4be5d879751af706cb9b
phi_net_train_0452,data/raw/property_conditions/train/global_collapse/phi_net_train_gc_0452.jpg,global_collapse,0,GC,Global collapse,OFFICIAL_TRAIN,train,PEER Hub ImageNet (PHI-Net) Task 5,Yuqing Gao (UC Berkeley PEER Center),CC BY-NC-SA 4.0,224,224,3,df0bb579d19c49c6bf502a5a10386e4a45080e0fc0a2bfd9c4f00aea2b4aa3ab
phi_net_train_0453,data/raw/property_conditions/train/global_collapse/phi_net_train_gc_0453.jpg,global_collapse,0,GC,Global collapse,OFFICIAL_TRAIN,train,PEER Hub ImageNet (PHI-Net) Task 5,Yuqing Gao (UC Berkeley PEER Center),CC BY-NC-SA 4.0,224,224,3,0d7be8e0288e1e8977660c0402d2632921bbf19b1fe988f416aeac6ce0c5f2a2
phi_net_train_0454,data/raw/property_conditions/train/global_collapse/phi_net_train_gc_0454.jpg,global_collapse,0,GC,Global collapse,OFFICIAL_TRAIN,train,PEER Hub ImageNet (PHI-Net) Task 5,Yuqing Gao (UC Berkeley PEER Center),CC BY-NC-SA 4.0,224,224,3,bbcf833647ab34b02daa9a1687c954ca48527794989db9dcaf7efc91d1f77d67
phi_net_train_0455,data/raw/property_conditions/train/global_collapse/phi_net_train_gc_0455.jpg,global_collapse,0,GC,Global collapse,OFFICIAL_TRAIN,train,PEER Hub ImageNet (PHI-Net) Task 5,Yuqing Gao (UC Berkeley PEER Center),CC BY-NC-SA 4.0,224,224,3,2e6cf00e61adea48095281545953d1a54dd1ce054e3ac7740b99307d5fca3539
phi_net_train_0456,data/raw/property_conditions/train/global_collapse/phi_net_train_gc_0456.jpg,global_collapse,0,GC,Global collapse,OFFICIAL_TRAIN,train,PEER Hub ImageNet (PHI-Net) Task 5,Yuqing Gao (UC Berkeley PEER Center),CC BY-NC-SA 4.0,224,224,3,c436b13de6be3a20245ea917a8a2cefba699cc4f41c05a0da8ed09c30f207486
phi_net_train_0457,data/raw/property_conditions/train/global_collapse/phi_net_train_gc_0457.jpg,global_collapse,0,GC,Global collapse,OFFICIAL_TRAIN,train,PEER Hub ImageNet (PHI-Net) Task 5,Yuqing Gao (UC Berkeley PEER Center),CC BY-NC-SA 4.0,224,224,3,2b7512a1fd937105297e3050e778896bbd34c8ac5d690b89a770df81f48caee1
phi_net_train_0458,data/raw/property_conditions/train/global_collapse/phi_net_train_gc_0458.jpg,global_collapse,0,GC,Global collapse,OFFICIAL_TRAIN,train,PEER Hub ImageNet (PHI-Net) Task 5,Yuqing Gao (UC Berkeley PEER Center),CC BY-NC-SA 4.0,224,224,3,acbffbba6b15ab9c8b13789c632681896e005e335526f5014eeaa821781214e0
phi_net_train_0459,data/raw/property_conditions/train/global_collapse/phi_net_train_gc_0459.jpg,global_collapse,0,GC,Global collapse,OFFICIAL_TRAIN,train,PEER Hub ImageNet (PHI-Net) Task 5,Yuqing Gao (UC Berkeley PEER Center),CC BY-NC-SA 4.0,224,224,3,4c588ad03b1768ece331e92d51069142c147cec698b94632186fa7a8564a9941
phi_net_train_0460,data/raw/property_conditions/train/global_collapse/phi_net_train_gc_0460.jpg,global_collapse,0,GC,Global collapse,OFFICIAL_TRAIN,train,PEER Hub ImageNet (PHI-Net) Task 5,Yuqing Gao (UC Berkeley PEER Center),CC BY-NC-SA 4.0,224,224,3,e3f703b2d9828a8dc6c2b808a6e8dea7d99fdb3bd2a0d85fb5824bcfc92bd574
phi_net_train_0461,data/raw/property_conditions/train/global_collapse/phi_net_train_gc_0461.jpg,global_collapse,0,GC,Global collapse,OFFICIAL_TRAIN,train,PEER Hub ImageNet (PHI-Net) Task 5,Yuqing Gao (UC Berkeley PEER Center),CC BY-NC-SA 4.0,224,224,3,90efe59a9b5dd93201b9e1b303e4ed91a84fba197a83bf3f3c9a91499e7cd5d3
phi_net_train_0462,data/raw/property_conditions/val/global_collapse/phi_net_val_gc_0462.jpg,global_collapse,0,GC,Global collapse,OFFICIAL_TRAIN,val,PEER Hub ImageNet (PHI-Net) Task 5,Yuqing Gao (UC Berkeley PEER Center),CC BY-NC-SA 4.0,224,224,3,0ccdee3cfd3927e7cfc79a4466147d7e88b3ab7f4fbfd42460fc389f335de648
phi_net_train_0463,data/raw/property_conditions/train/global_collapse/phi_net_train_gc_0463.jpg,global_collapse,0,GC,Global collapse,OFFICIAL_TRAIN,train,PEER Hub ImageNet (PHI-Net) Task 5,Yuqing Gao (UC Berkeley PEER Center),CC BY-NC-SA 4.0,224,224,3,a30bc01ff4ce528d37d72a1127fd0cba89767c48dbe1994f4a56a078444631a7
phi_net_train_0464,data/raw/property_conditions/val/global_collapse/phi_net_val_gc_0464.jpg,global_collapse,0,GC,Global collapse,OFFICIAL_TRAIN,val,PEER Hub ImageNet (PHI-Net) Task 5,Yuqing Gao (UC Berkeley PEER Center),CC BY-NC-SA 4.0,224,224,3,245f5276fb3181c77bc64ecd9b9df3f4612635b7a9313ae6a448ea98e7248a45
phi_net_train_0465,data/raw/property_conditions/train/global_collapse/phi_net_train_gc_0465.jpg,global_collapse,0,GC,Global collapse,OFFICIAL_TRAIN,train,PEER Hub ImageNet (PHI-Net) Task 5,Yuqing Gao (UC Berkeley PEER Center),CC BY-NC-SA 4.0,224,224,3,b283dbacffea8ca0052ed5a75f2b32fa32a9c6cdc7b2f7c90b2dac6d3edb5469
phi_net_train_0466,data/raw/property_conditions/train/global_collapse/phi_net_train_gc_0466.jpg,global_collapse,0,GC,Global collapse,OFFICIAL_TRAIN,train,PEER Hub ImageNet (PHI-Net) Task 5,Yuqing Gao (UC Berkeley PEER Center),CC BY-NC-SA 4.0,224,224,3,3d6c9f4897f5b7dde09cd9500996b1f7b1789cc777aeac10878e1dc2c7ffa097
phi_net_train_0467,data/raw/property_conditions/train/global_collapse/phi_net_train_gc_0467.jpg,global_collapse,0,GC,Global collapse,OFFICIAL_TRAIN,train,PEER Hub ImageNet (PHI-Net) Task 5,Yuqing Gao (UC Berkeley PEER Center),CC BY-NC-SA 4.0,224,224,3,997cc29068c92c7505bff4f72c2c1c0c238e3f3e660e9a22c94d680f1145d95c
phi_net_train_0468,data/raw/property_conditions/train/global_collapse/phi_net_train_gc_0468.jpg,global_collapse,0,GC,Global collapse,OFFICIAL_TRAIN,train,PEER Hub ImageNet (PHI-Net) Task 5,Yuqing Gao (UC Berkeley PEER Center),CC BY-NC-SA 4.0,224,224,3,368619463d3e8b798b34885b965796e2cc2a47325185b309ddbd564011433688
phi_net_train_0469,data/raw/property_conditions/train/global_collapse/phi_net_train_gc_0469.jpg,global_collapse,0,GC,Global collapse,OFFICIAL_TRAIN,train,PEER Hub ImageNet (PHI-Net) Task 5,Yuqing Gao (UC Berkeley PEER Center),CC BY-NC-SA 4.0,224,224,3,6d3b28067e1ab1cba9ba064d593865154da5a59405c3a9eeb00e002af6c77d05
phi_net_train_0470,data/raw/property_conditions/train/global_collapse/phi_net_train_gc_0470.jpg,global_collapse,0,GC,Global collapse,OFFICIAL_TRAIN,train,PEER Hub ImageNet (PHI-Net) Task 5,Yuqing Gao (UC Berkeley PEER Center),CC BY-NC-SA 4.0,224,224,3,c7b9a52841c2e0bbd4a039c1360fa87abc1e64e34acbad3d12703990fbbb507c
phi_net_train_0471,data/raw/property_conditions/train/global_collapse/phi_net_train_gc_0471.jpg,global_collapse,0,GC,Global collapse,OFFICIAL_TRAIN,train,PEER Hub ImageNet (PHI-Net) Task 5,Yuqing Gao (UC Berkeley PEER Center),CC BY-NC-SA 4.0,224,224,3,229e860fa4ea7f57f0b3e96c3b3b3ce7a037a40b33822e59e2d33732311cd8c4
phi_net_train_0472,data/raw/property_conditions/train/global_collapse/phi_net_train_gc_0472.jpg,global_collapse,0,GC,Global collapse,OFFICIAL_TRAIN,train,PEER Hub ImageNet (PHI-Net) Task 5,Yuqing Gao (UC Berkeley PEER Center),CC BY-NC-SA 4.0,224,224,3,703488551c42d0333e0c8ffd45b6ddbbcec482ecf6cff3cdc8afdf5aab078862
phi_net_train_0473,data/raw/property_conditions/train/global_collapse/phi_net_train_gc_0473.jpg,global_collapse,0,GC,Global collapse,OFFICIAL_TRAIN,train,PEER Hub ImageNet (PHI-Net) Task 5,Yuqing Gao (UC Berkeley PEER Center),CC BY-NC-SA 4.0,224,224,3,35469c0150e525ae31207ec86beb6aea936a94ff490332f72436385f07fa4fbe
phi_net_train_0474,data/raw/property_conditions/train/global_collapse/phi_net_train_gc_0474.jpg,global_collapse,0,GC,Global collapse,OFFICIAL_TRAIN,train,PEER Hub ImageNet (PHI-Net) Task 5,Yuqing Gao (UC Berkeley PEER Center),CC BY-NC-SA 4.0,224,224,3,70acaacd31ac0bd056b60a3651c39663ce710fd234e8c23416d5fd3cdea0e283
phi_net_train_0475,data/raw/property_conditions/train/global_collapse/phi_net_train_gc_0475.jpg,global_collapse,0,GC,Global collapse,OFFICIAL_TRAIN,train,PEER Hub ImageNet (PHI-Net) Task 5,Yuqing Gao (UC Berkeley PEER Center),CC BY-NC-SA 4.0,224,224,3,224692360cf3c41a1a9b682e290170b3a78dcc2980b8845a078f55769539d76e
phi_net_train_0476,data/raw/property_conditions/train/global_collapse/phi_net_train_gc_0476.jpg,global_collapse,0,GC,Global collapse,OFFICIAL_TRAIN,train,PEER Hub ImageNet (PHI-Net) Task 5,Yuqing Gao (UC Berkeley PEER Center),CC BY-NC-SA 4.0,224,224,3,0f62609c8bc27251b8f38c4b32ab74325bb16dd2f2d36da4902da665e18cca25
phi_net_train_0477,data/raw/property_conditions/train/global_collapse/phi_net_train_gc_0477.jpg,global_collapse,0,GC,Global collapse,OFFICIAL_TRAIN,train,PEER Hub ImageNet (PHI-Net) Task 5,Yuqing Gao (UC Berkeley PEER Center),CC BY-NC-SA 4.0,224,224,3,b7ddbea64c7b24f1a7e3ed20f4dbcb16fba47704664bc0a204cd7b1f7c2ee367
phi_net_train_0478,data/raw/property_conditions/train/global_collapse/phi_net_train_gc_0478.jpg,global_collapse,0,GC,Global collapse,OFFICIAL_TRAIN,train,PEER Hub ImageNet (PHI-Net) Task 5,Yuqing Gao (UC Berkeley PEER Center),CC BY-NC-SA 4.0,224,224,3,d9f7beb2e3ee501daeca30a639e3f5b639d1475372f93d53f67895e5f978b59f
phi_net_train_0479,data/raw/property_conditions/val/global_collapse/phi_net_val_gc_0479.jpg,global_collapse,0,GC,Global collapse,OFFICIAL_TRAIN,val,PEER Hub ImageNet (PHI-Net) Task 5,Yuqing Gao (UC Berkeley PEER Center),CC BY-NC-SA 4.0,224,224,3,21576244a3e54745d9b68287a03ec260042e85c39eec9af32464523ca5fb5bc0
phi_net_train_0480,data/raw/property_conditions/train/global_collapse/phi_net_train_gc_0480.jpg,global_collapse,0,GC,Global collapse,OFFICIAL_TRAIN,train,PEER Hub ImageNet (PHI-Net) Task 5,Yuqing Gao (UC Berkeley PEER Center),CC BY-NC-SA 4.0,224,224,3,2431ff86e8a0dbe2ae84ead57fe4e3050167efc55379b5c13c0718557f1c2c32
phi_net_train_0481,data/raw/property_conditions/train/global_collapse/phi_net_train_gc_0481.jpg,global_collapse,0,GC,Global collapse,OFFICIAL_TRAIN,train,PEER Hub ImageNet (PHI-Net) Task 5,Yuqing Gao (UC Berkeley PEER Center),CC BY-NC-SA 4.0,224,224,3,0e176fc2e55ea149c51df98467a75e0164d0be58259d2b33465c6f28c0cb088a
phi_net_train_0482,data/raw/property_conditions/train/global_collapse/phi_net_train_gc_0482.jpg,global_collapse,0,GC,Global collapse,OFFICIAL_TRAIN,train,PEER Hub ImageNet (PHI-Net) Task 5,Yuqing Gao (UC Berkeley PEER Center),CC BY-NC-SA 4.0,224,224,3,3cb1830798b146fcfbf81b2fcbcd1c82915b83d5821667d361a38ab5bf9df30c
phi_net_train_0483,data/raw/property_conditions/train/global_collapse/phi_net_train_gc_0483.jpg,global_collapse,0,GC,Global collapse,OFFICIAL_TRAIN,train,PEER Hub ImageNet (PHI-Net) Task 5,Yuqing Gao (UC Berkeley PEER Center),CC BY-NC-SA 4.0,224,224,3,83eebd6628df88f4299544f02e66d42952e16ba914967d6ce2fd5e792dc65dd2
phi_net_train_0484,data/raw/property_conditions/train/global_collapse/phi_net_train_gc_0484.jpg,global_collapse,0,GC,Global collapse,OFFICIAL_TRAIN,train,PEER Hub ImageNet (PHI-Net) Task 5,Yuqing Gao (UC Berkeley PEER Center),CC BY-NC-SA 4.0,224,224,3,61097dbfbb3c7be94afcda8096ba6b66d73d1a35c1367205a41f41dfeb20c35f
phi_net_train_0485,data/raw/property_conditions/train/global_collapse/phi_net_train_gc_0485.jpg,global_collapse,0,GC,Global collapse,OFFICIAL_TRAIN,train,PEER Hub ImageNet (PHI-Net) Task 5,Yuqing Gao (UC Berkeley PEER Center),CC BY-NC-SA 4.0,224,224,3,e8f921cbd2e2cfecdb1147b62216dd73de0e8180fa6f316b056da515ed8f916c
phi_net_train_0486,data/raw/property_conditions/train/global_collapse/phi_net_train_gc_0486.jpg,global_collapse,0,GC,Global collapse,OFFICIAL_TRAIN,train,PEER Hub ImageNet (PHI-Net) Task 5,Yuqing Gao (UC Berkeley PEER Center),CC BY-NC-SA 4.0,224,224,3,41bbc09ad5915fe76eeb18de3173f9137b51e24cd8c517b183f44056818e6643
phi_net_train_0487,data/raw/property_conditions/val/global_collapse/phi_net_val_gc_0487.jpg,global_collapse,0,GC,Global collapse,OFFICIAL_TRAIN,val,PEER Hub ImageNet (PHI-Net) Task 5,Yuqing Gao (UC Berkeley PEER Center),CC BY-NC-SA 4.0,224,224,3,e605ae2bf04b01aadcb1694050ebb1e7185597322849734cfc4df40034180a78
phi_net_train_0488,data/raw/property_conditions/train/global_collapse/phi_net_train_gc_0488.jpg,global_collapse,0,GC,Global collapse,OFFICIAL_TRAIN,train,PEER Hub ImageNet (PHI-Net) Task 5,Yuqing Gao (UC Berkeley PEER Center),CC BY-NC-SA 4.0,224,224,3,47f8f2e3630efbd3418a1af742ad739a967df9ff709b0df1f1e40f0743448370
phi_net_train_0489,data/raw/property_conditions/train/global_collapse/phi_net_train_gc_0489.jpg,global_collapse,0,GC,Global collapse,OFFICIAL_TRAIN,train,PEER Hub ImageNet (PHI-Net) Task 5,Yuqing Gao (UC Berkeley PEER Center),CC BY-NC-SA 4.0,224,224,3,372512b0f4c0ad383fcca7818b9e0d1ea5f16e31037acf422a280b11a6313da7
phi_net_train_0490,data/raw/property_conditions/train/global_collapse/phi_net_train_gc_0490.jpg,global_collapse,0,GC,Global collapse,OFFICIAL_TRAIN,train,PEER Hub ImageNet (PHI-Net) Task 5,Yuqing Gao (UC Berkeley PEER Center),CC BY-NC-SA 4.0,224,224,3,5e99bd64174b3a8738f9500e74aa9cd02f9294c1ce4b088a0eb20b71005b2b77
phi_net_train_0491,data/raw/property_conditions/train/global_collapse/phi_net_train_gc_0491.jpg,global_collapse,0,GC,Global collapse,OFFICIAL_TRAIN,train,PEER Hub ImageNet (PHI-Net) Task 5,Yuqing Gao (UC Berkeley PEER Center),CC BY-NC-SA 4.0,224,224,3,70712516fbc54ac5a1a3ebe9bf13165fd643def3ea1440c7c07d55b8882adc59
phi_net_train_0492,data/raw/property_conditions/train/global_collapse/phi_net_train_gc_0492.jpg,global_collapse,0,GC,Global collapse,OFFICIAL_TRAIN,train,PEER Hub ImageNet (PHI-Net) Task 5,Yuqing Gao (UC Berkeley PEER Center),CC BY-NC-SA 4.0,224,224,3,9c0cd11f38d41d2a7f4c097e2514cc11e96c2a2e022778667e5e3f451884c2d1
phi_net_train_0493,data/raw/property_conditions/train/global_collapse/phi_net_train_gc_0493.jpg,global_collapse,0,GC,Global collapse,OFFICIAL_TRAIN,train,PEER Hub ImageNet (PHI-Net) Task 5,Yuqing Gao (UC Berkeley PEER Center),CC BY-NC-SA 4.0,224,224,3,3b62b01947f40468f21f3adbb10b715b6cf47c7dd75d31d21e6139d6e329a5d1
phi_net_train_0494,data/raw/property_conditions/train/global_collapse/phi_net_train_gc_0494.jpg,global_collapse,0,GC,Global collapse,OFFICIAL_TRAIN,train,PEER Hub ImageNet (PHI-Net) Task 5,Yuqing Gao (UC Berkeley PEER Center),CC BY-NC-SA 4.0,224,224,3,f63897d1e15d0b1c6c933862ba47cef6457a8efc2c8776d387128719c7e214fe
phi_net_train_0495,data/raw/property_conditions/train/global_collapse/phi_net_train_gc_0495.jpg,global_collapse,0,GC,Global collapse,OFFICIAL_TRAIN,train,PEER Hub ImageNet (PHI-Net) Task 5,Yuqing Gao (UC Berkeley PEER Center),CC BY-NC-SA 4.0,224,224,3,f67a132ff64990bdc67516d5d799811f944f22ee583ef1f84d45708b8aa438c8
phi_net_train_0496,data/raw/property_conditions/train/global_collapse/phi_net_train_gc_0496.jpg,global_collapse,0,GC,Global collapse,OFFICIAL_TRAIN,train,PEER Hub ImageNet (PHI-Net) Task 5,Yuqing Gao (UC Berkeley PEER Center),CC BY-NC-SA 4.0,224,224,3,6413ff9572a3cfb61ed64960f6b50c1a7e3c5e714d685378344907e9d72d1c0c
phi_net_train_0497,data/raw/property_conditions/train/global_collapse/phi_net_train_gc_0497.jpg,global_collapse,0,GC,Global collapse,OFFICIAL_TRAIN,train,PEER Hub ImageNet (PHI-Net) Task 5,Yuqing Gao (UC Berkeley PEER Center),CC BY-NC-SA 4.0,224,224,3,a249c21e219110b92bc5cffd64ec7752c1215e924e79591e31189d1c021603c2
phi_net_train_0498,data/raw/property_conditions/train/global_collapse/phi_net_train_gc_0498.jpg,global_collapse,0,GC,Global collapse,OFFICIAL_TRAIN,train,PEER Hub ImageNet (PHI-Net) Task 5,Yuqing Gao (UC Berkeley PEER Center),CC BY-NC-SA 4.0,224,224,3,7135c5edf6842d546771a10bbd42d565e34016695a4448f0a9281524fd24f28c
phi_net_train_0499,data/raw/property_conditions/train/global_collapse/phi_net_train_gc_0499.jpg,global_collapse,0,GC,Global collapse,OFFICIAL_TRAIN,train,PEER Hub ImageNet (PHI-Net) Task 5,Yuqing Gao (UC Berkeley PEER Center),CC BY-NC-SA 4.0,224,224,3,2aaecac4de6095c260276adfd3774311696a5b607ebf957a535b3881329b4724
phi_net_train_0500,data/raw/property_conditions/train/global_collapse/phi_net_train_gc_0500.jpg,global_collapse,0,GC,Global collapse,OFFICIAL_TRAIN,train,PEER Hub ImageNet (PHI-Net) Task 5,Yuqing Gao (UC Berkeley PEER Center),CC BY-NC-SA 4.0,224,224,3,bfe13d7b236feed55c06692c87fb3f7449c6e07825d9022f96ae1fea2b6766e6
phi_net_train_0501,data/raw/property_conditions/train/global_collapse/phi_net_train_gc_0501.jpg,global_collapse,0,GC,Global collapse,OFFICIAL_TRAIN,train,PEER Hub ImageNet (PHI-Net) Task 5,Yuqing Gao (UC Berkeley PEER Center),CC BY-NC-SA 4.0,224,224,3,8f70613272db55e004c92029203caae97e32131565410d58c8b2d43640091049
phi_net_train_0502,data/raw/property_conditions/train/global_collapse/phi_net_train_gc_0502.jpg,global_collapse,0,GC,Global collapse,OFFICIAL_TRAIN,train,PEER Hub ImageNet (PHI-Net) Task 5,Yuqing Gao (UC Berkeley PEER Center),CC BY-NC-SA 4.0,224,224,3,90492e64fe57afe5ce6fdee2112e27e5fcc0b4c5a2731fb20bf23632f5549d5a
phi_net_train_0503,data/raw/property_conditions/train/global_collapse/phi_net_train_gc_0503.jpg,global_collapse,0,GC,Global collapse,OFFICIAL_TRAIN,train,PEER Hub ImageNet (PHI-Net) Task 5,Yuqing Gao (UC Berkeley PEER Center),CC BY-NC-SA 4.0,224,224,3,da2ec94dcf97b0ea310e05a0ddb3d90ada8589d99d4e5051e48aba5e825979f0
phi_net_train_0504,data/raw/property_conditions/train/global_collapse/phi_net_train_gc_0504.jpg,global_collapse,0,GC,Global collapse,OFFICIAL_TRAIN,train,PEER Hub ImageNet (PHI-Net) Task 5,Yuqing Gao (UC Berkeley PEER Center),CC BY-NC-SA 4.0,224,224,3,154ca2db00af363d904ad811bed492677f852aae70043e087b479d8952d3bf34
phi_net_train_0505,data/raw/property_conditions/train/global_collapse/phi_net_train_gc_0505.jpg,global_collapse,0,GC,Global collapse,OFFICIAL_TRAIN,train,PEER Hub ImageNet (PHI-Net) Task 5,Yuqing Gao (UC Berkeley PEER Center),CC BY-NC-SA 4.0,224,224,3,d00b773085943997a2f8bfaf5af9b6b3c7506286073d6378c0dd941f7ee33e1f
phi_net_train_0506,data/raw/property_conditions/val/global_collapse/phi_net_val_gc_0506.jpg,global_collapse,0,GC,Global collapse,OFFICIAL_TRAIN,val,PEER Hub ImageNet (PHI-Net) Task 5,Yuqing Gao (UC Berkeley PEER Center),CC BY-NC-SA 4.0,224,224,3,1cc7d2e73e2aec26aa1598d38348c03e78f13300dbd3d55b06c24281345d800d
phi_net_train_0507,data/raw/property_conditions/val/global_collapse/phi_net_val_gc_0507.jpg,global_collapse,0,GC,Global collapse,OFFICIAL_TRAIN,val,PEER Hub ImageNet (PHI-Net) Task 5,Yuqing Gao (UC Berkeley PEER Center),CC BY-NC-SA 4.0,224,224,3,3fa69460e5afe636c092e0339846334ef5d9c07f17b95449a3e1d2dec09c8f47
phi_net_train_0508,data/raw/property_conditions/train/global_collapse/phi_net_train_gc_0508.jpg,global_collapse,0,GC,Global collapse,OFFICIAL_TRAIN,train,PEER Hub ImageNet (PHI-Net) Task 5,Yuqing Gao (UC Berkeley PEER Center),CC BY-NC-SA 4.0,224,224,3,edf1c482e05dbf46aeb67e89f901ae88172ae51b9a4e64c10946ce152f7a4312
phi_net_train_0509,data/raw/property_conditions/train/global_collapse/phi_net_train_gc_0509.jpg,global_collapse,0,GC,Global collapse,OFFICIAL_TRAIN,train,PEER Hub ImageNet (PHI-Net) Task 5,Yuqing Gao (UC Berkeley PEER Center),CC BY-NC-SA 4.0,224,224,3,3232651348819f62a61a5c4ee1d5fab0ec077f36996543fb95eb908c0ad3d111
phi_net_train_0510,data/raw/property_conditions/train/global_collapse/phi_net_train_gc_0510.jpg,global_collapse,0,GC,Global collapse,OFFICIAL_TRAIN,train,PEER Hub ImageNet (PHI-Net) Task 5,Yuqing Gao (UC Berkeley PEER Center),CC BY-NC-SA 4.0,224,224,3,2f72d878a3cd6225cd6ae63f5e3c78c9a66721085efb09a65a96ceeff33a3a46
phi_net_train_0511,data/raw/property_conditions/val/global_collapse/phi_net_val_gc_0511.jpg,global_collapse,0,GC,Global collapse,OFFICIAL_TRAIN,val,PEER Hub ImageNet (PHI-Net) Task 5,Yuqing Gao (UC Berkeley PEER Center),CC BY-NC-SA 4.0,224,224,3,adc895b2963f4301bd85ac0dc835084201a5701946c9e4ca26169c573488dcb0
phi_net_train_0512,data/raw/property_conditions/train/global_collapse/phi_net_train_gc_0512.jpg,global_collapse,0,GC,Global collapse,OFFICIAL_TRAIN,train,PEER Hub ImageNet (PHI-Net) Task 5,Yuqing Gao (UC Berkeley PEER Center),CC BY-NC-SA 4.0,224,224,3,ad29b5b9e2a114dfccdb15d26b80077f60fdbb0ab9dc8ae774b0f251838570a2
phi_net_train_0513,data/raw/property_conditions/val/global_collapse/phi_net_val_gc_0513.jpg,global_collapse,0,GC,Global collapse,OFFICIAL_TRAIN,val,PEER Hub ImageNet (PHI-Net) Task 5,Yuqing Gao (UC Berkeley PEER Center),CC BY-NC-SA 4.0,224,224,3,31a4d3aaa9564af1fbde20884b5c0b37e25a108485a2d2bb1e898b53c835a8f5
phi_net_train_0514,data/raw/property_conditions/train/global_collapse/phi_net_train_gc_0514.jpg,global_collapse,0,GC,Global collapse,OFFICIAL_TRAIN,train,PEER Hub ImageNet (PHI-Net) Task 5,Yuqing Gao (UC Berkeley PEER Center),CC BY-NC-SA 4.0,224,224,3,9a6f6530b911cd95094e6ad070b185d75e3d6e7a44ffc9bfa3857b5e6699d35e
phi_net_train_0515,data/raw/property_conditions/train/global_collapse/phi_net_train_gc_0515.jpg,global_collapse,0,GC,Global collapse,OFFICIAL_TRAIN,train,PEER Hub ImageNet (PHI-Net) Task 5,Yuqing Gao (UC Berkeley PEER Center),CC BY-NC-SA 4.0,224,224,3,ba4cfeafeb18710fc0b1e951f868d01e6dda25300aa8d4fa4f763afd33f894d8
phi_net_train_0516,data/raw/property_conditions/train/global_collapse/phi_net_train_gc_0516.jpg,global_collapse,0,GC,Global collapse,OFFICIAL_TRAIN,train,PEER Hub ImageNet (PHI-Net) Task 5,Yuqing Gao (UC Berkeley PEER Center),CC BY-NC-SA 4.0,224,224,3,341e0b59f8b28da6955b56a7d4159830c2ccae71f4714f052a55773c55d3ef69
phi_net_train_0517,data/raw/property_conditions/train/global_collapse/phi_net_train_gc_0517.jpg,global_collapse,0,GC,Global collapse,OFFICIAL_TRAIN,train,PEER Hub ImageNet (PHI-Net) Task 5,Yuqing Gao (UC Berkeley PEER Center),CC BY-NC-SA 4.0,224,224,3,45b796c4697b020e81b4c74844af20a0b1bf6b5bf68509ec77d178ef34c67926
phi_net_train_0518,data/raw/property_conditions/train/global_collapse/phi_net_train_gc_0518.jpg,global_collapse,0,GC,Global collapse,OFFICIAL_TRAIN,train,PEER Hub ImageNet (PHI-Net) Task 5,Yuqing Gao (UC Berkeley PEER Center),CC BY-NC-SA 4.0,224,224,3,ab6c1acfac7373e6f4bbd6bfbfe7839fc57bdc45fd446e4b9829ab548f828e14
phi_net_train_0519,data/raw/property_conditions/train/global_collapse/phi_net_train_gc_0519.jpg,global_collapse,0,GC,Global collapse,OFFICIAL_TRAIN,train,PEER Hub ImageNet (PHI-Net) Task 5,Yuqing Gao (UC Berkeley PEER Center),CC BY-NC-SA 4.0,224,224,3,773fcff5d5f1d191faf0d8eb0eaa9a6fec4e768459420a912c03a876363f1b3f
phi_net_train_0520,data/raw/property_conditions/val/global_collapse/phi_net_val_gc_0520.jpg,global_collapse,0,GC,Global collapse,OFFICIAL_TRAIN,val,PEER Hub ImageNet (PHI-Net) Task 5,Yuqing Gao (UC Berkeley PEER Center),CC BY-NC-SA 4.0,224,224,3,0172e3dbfc26a7cb65097221e7ccc6200c467340a0ce756458710f32e3c8d2c8
phi_net_train_0521,data/raw/property_conditions/val/global_collapse/phi_net_val_gc_0521.jpg,global_collapse,0,GC,Global collapse,OFFICIAL_TRAIN,val,PEER Hub ImageNet (PHI-Net) Task 5,Yuqing Gao (UC Berkeley PEER Center),CC BY-NC-SA 4.0,224,224,3,a70b02c8c5900c6d5c1078a94e601195af5e068f4a9b89765ac33627e2235c39
phi_net_train_0522,data/raw/property_conditions/train/global_collapse/phi_net_train_gc_0522.jpg,global_collapse,0,GC,Global collapse,OFFICIAL_TRAIN,train,PEER Hub ImageNet (PHI-Net) Task 5,Yuqing Gao (UC Berkeley PEER Center),CC BY-NC-SA 4.0,224,224,3,2fb61c77082e36f36331e5f0e5dd1dca626ff24aa008b1666688df0ba28a0034
phi_net_train_0523,data/raw/property_conditions/train/global_collapse/phi_net_train_gc_0523.jpg,global_collapse,0,GC,Global collapse,OFFICIAL_TRAIN,train,PEER Hub ImageNet (PHI-Net) Task 5,Yuqing Gao (UC Berkeley PEER Center),CC BY-NC-SA 4.0,224,224,3,2441ec2d06e0cc5b90cf17102391f4418575cac484f695cec13322064d065bff
phi_net_train_0524,data/raw/property_conditions/val/global_collapse/phi_net_val_gc_0524.jpg,global_collapse,0,GC,Global collapse,OFFICIAL_TRAIN,val,PEER Hub ImageNet (PHI-Net) Task 5,Yuqing Gao (UC Berkeley PEER Center),CC BY-NC-SA 4.0,224,224,3,944cc4e8b70fe6ce9ae3d9bc055f99b994fb4a4bf2716d0029984fe572599dab
phi_net_train_0525,data/raw/property_conditions/train/non_collapse/phi_net_train_nc_0525.jpg,non_collapse,1,NC,Non-collapse,OFFICIAL_TRAIN,train,PEER Hub ImageNet (PHI-Net) Task 5,Yuqing Gao (UC Berkeley PEER Center),CC BY-NC-SA 4.0,224,224,3,70f7d5dcef427bab3eaeb766a95957a3bfc1cf3aa84fc033f73f645025d567b4
phi_net_train_0526,data/raw/property_conditions/train/non_collapse/phi_net_train_nc_0526.jpg,non_collapse,1,NC,Non-collapse,OFFICIAL_TRAIN,train,PEER Hub ImageNet (PHI-Net) Task 5,Yuqing Gao (UC Berkeley PEER Center),CC BY-NC-SA 4.0,224,224,3,c3701dc90912c1cbfc3c85c2457fd6b1085dc1f191f32a2aee38af1cb73ddd89
phi_net_train_0527,data/raw/property_conditions/train/non_collapse/phi_net_train_nc_0527.jpg,non_collapse,1,NC,Non-collapse,OFFICIAL_TRAIN,train,PEER Hub ImageNet (PHI-Net) Task 5,Yuqing Gao (UC Berkeley PEER Center),CC BY-NC-SA 4.0,224,224,3,7eb755c1d3f3ba062ebe57269538c3aa2b086b49e2b9e8c01f2fe05f20772287
phi_net_train_0528,data/raw/property_conditions/train/non_collapse/phi_net_train_nc_0528.jpg,non_collapse,1,NC,Non-collapse,OFFICIAL_TRAIN,train,PEER Hub ImageNet (PHI-Net) Task 5,Yuqing Gao (UC Berkeley PEER Center),CC BY-NC-SA 4.0,224,224,3,dde97e604eefe745f985c2dfa16568dd725368a32ba545e7bf1da4f152d11cc7
phi_net_train_0529,data/raw/property_conditions/train/non_collapse/phi_net_train_nc_0529.jpg,non_collapse,1,NC,Non-collapse,OFFICIAL_TRAIN,train,PEER Hub ImageNet (PHI-Net) Task 5,Yuqing Gao (UC Berkeley PEER Center),CC BY-NC-SA 4.0,224,224,3,8ebc4df62ac7a1a736709632954d2b025b60bb584206974110db6febbf5e03fe
phi_net_train_0530,data/raw/property_conditions/train/non_collapse/phi_net_train_nc_0530.jpg,non_collapse,1,NC,Non-collapse,OFFICIAL_TRAIN,train,PEER Hub ImageNet (PHI-Net) Task 5,Yuqing Gao (UC Berkeley PEER Center),CC BY-NC-SA 4.0,224,224,3,f43abfcdb833beef38c69479ccc25a2182aa7d6ba09d9ada99efbd5d5af88d8d
phi_net_train_0531,data/raw/property_conditions/train/non_collapse/phi_net_train_nc_0531.jpg,non_collapse,1,NC,Non-collapse,OFFICIAL_TRAIN,train,PEER Hub ImageNet (PHI-Net) Task 5,Yuqing Gao (UC Berkeley PEER Center),CC BY-NC-SA 4.0,224,224,3,837421889bcd66ee8642c06c13b0854b6fcf5bb0eef3c1461ea457c255f863b9
phi_net_train_0532,data/raw/property_conditions/train/non_collapse/phi_net_train_nc_0532.jpg,non_collapse,1,NC,Non-collapse,OFFICIAL_TRAIN,train,PEER Hub ImageNet (PHI-Net) Task 5,Yuqing Gao (UC Berkeley PEER Center),CC BY-NC-SA 4.0,224,224,3,41e610fe55ebfaca77f33ecf7a73c149634d6c03d9b3c7d197350d59df83cd12
phi_net_train_0533,data/raw/property_conditions/train/non_collapse/phi_net_train_nc_0533.jpg,non_collapse,1,NC,Non-collapse,OFFICIAL_TRAIN,train,PEER Hub ImageNet (PHI-Net) Task 5,Yuqing Gao (UC Berkeley PEER Center),CC BY-NC-SA 4.0,224,224,3,c696d8039812457cc33a9326de0654542bb2526a60cd582eeff3fdce8a4a6a82
phi_net_train_0534,data/raw/property_conditions/train/non_collapse/phi_net_train_nc_0534.jpg,non_collapse,1,NC,Non-collapse,OFFICIAL_TRAIN,train,PEER Hub ImageNet (PHI-Net) Task 5,Yuqing Gao (UC Berkeley PEER Center),CC BY-NC-SA 4.0,224,224,3,a636d045f75c9196c8b3a8cc9400ecbc9b738d128567b87eb54d7e010575aca9
phi_net_train_0535,data/raw/property_conditions/train/non_collapse/phi_net_train_nc_0535.jpg,non_collapse,1,NC,Non-collapse,OFFICIAL_TRAIN,train,PEER Hub ImageNet (PHI-Net) Task 5,Yuqing Gao (UC Berkeley PEER Center),CC BY-NC-SA 4.0,224,224,3,05c6866d40bfdb05f2fc5435d201cff705fa41001e9a9e4a43d61ffa057c7807
phi_net_train_0536,data/raw/property_conditions/train/non_collapse/phi_net_train_nc_0536.jpg,non_collapse,1,NC,Non-collapse,OFFICIAL_TRAIN,train,PEER Hub ImageNet (PHI-Net) Task 5,Yuqing Gao (UC Berkeley PEER Center),CC BY-NC-SA 4.0,224,224,3,b37b28a8a77aa39b880f179e3539aba14692d72d4dfcf98959977c30d5efde57
phi_net_train_0537,data/raw/property_conditions/train/non_collapse/phi_net_train_nc_0537.jpg,non_collapse,1,NC,Non-collapse,OFFICIAL_TRAIN,train,PEER Hub ImageNet (PHI-Net) Task 5,Yuqing Gao (UC Berkeley PEER Center),CC BY-NC-SA 4.0,224,224,3,5122b2fd5bcf82fbb54652263abe69a1493ce55274056a51f2b13340a5d2297e
phi_net_train_0538,data/raw/property_conditions/train/non_collapse/phi_net_train_nc_0538.jpg,non_collapse,1,NC,Non-collapse,OFFICIAL_TRAIN,train,PEER Hub ImageNet (PHI-Net) Task 5,Yuqing Gao (UC Berkeley PEER Center),CC BY-NC-SA 4.0,224,224,3,7d425673418b77b3c11603e2401b1845cd572ea0df0be2047df4c5f8e5013385
phi_net_train_0539,data/raw/property_conditions/train/non_collapse/phi_net_train_nc_0539.jpg,non_collapse,1,NC,Non-collapse,OFFICIAL_TRAIN,train,PEER Hub ImageNet (PHI-Net) Task 5,Yuqing Gao (UC Berkeley PEER Center),CC BY-NC-SA 4.0,224,224,3,05a5b746a1e0a08d515610dc8a539c2cbef9553d1cca3bca0b2d42c761951c0a
phi_net_train_0540,data/raw/property_conditions/train/non_collapse/phi_net_train_nc_0540.jpg,non_collapse,1,NC,Non-collapse,OFFICIAL_TRAIN,train,PEER Hub ImageNet (PHI-Net) Task 5,Yuqing Gao (UC Berkeley PEER Center),CC BY-NC-SA 4.0,224,224,3,5976a796817e104b605dca3586f57d6130b1e7ff307fdbd63cc4b3e18226e904
phi_net_train_0541,data/raw/property_conditions/train/non_collapse/phi_net_train_nc_0541.jpg,non_collapse,1,NC,Non-collapse,OFFICIAL_TRAIN,train,PEER Hub ImageNet (PHI-Net) Task 5,Yuqing Gao (UC Berkeley PEER Center),CC BY-NC-SA 4.0,224,224,3,61e3768260645eed119cfa4ff82b8a1835ad100c380570cdd52a67824bd9f694
phi_net_train_0542,data/raw/property_conditions/train/non_collapse/phi_net_train_nc_0542.jpg,non_collapse,1,NC,Non-collapse,OFFICIAL_TRAIN,train,PEER Hub ImageNet (PHI-Net) Task 5,Yuqing Gao (UC Berkeley PEER Center),CC BY-NC-SA 4.0,224,224,3,048a415b3e677ebab3250de8432265fb1f74988d6cc07ab9cc04bc7419f7e16e
phi_net_train_0543,data/raw/property_conditions/train/non_collapse/phi_net_train_nc_0543.jpg,non_collapse,1,NC,Non-collapse,OFFICIAL_TRAIN,train,PEER Hub ImageNet (PHI-Net) Task 5,Yuqing Gao (UC Berkeley PEER Center),CC BY-NC-SA 4.0,224,224,3,2ee2e7a1987f1f90fc18ee67bf2f4f5b59917bf467510df1df91f31f9a374e81
phi_net_train_0544,data/raw/property_conditions/train/non_collapse/phi_net_train_nc_0544.jpg,non_collapse,1,NC,Non-collapse,OFFICIAL_TRAIN,train,PEER Hub ImageNet (PHI-Net) Task 5,Yuqing Gao (UC Berkeley PEER Center),CC BY-NC-SA 4.0,224,224,3,6d6422f5f363c1a3fae31f8dab693ad20ee103d431b894aa7e07f0ee5bbca6eb
phi_net_train_0545,data/raw/property_conditions/train/non_collapse/phi_net_train_nc_0545.jpg,non_collapse,1,NC,Non-collapse,OFFICIAL_TRAIN,train,PEER Hub ImageNet (PHI-Net) Task 5,Yuqing Gao (UC Berkeley PEER Center),CC BY-NC-SA 4.0,224,224,3,3a088c98cb632b2c1b809ebffe372d9b96ab05f179dd7ac5637318ba0f7bbe0b
phi_net_train_0546,data/raw/property_conditions/val/non_collapse/phi_net_val_nc_0546.jpg,non_collapse,1,NC,Non-collapse,OFFICIAL_TRAIN,val,PEER Hub ImageNet (PHI-Net) Task 5,Yuqing Gao (UC Berkeley PEER Center),CC BY-NC-SA 4.0,224,224,3,0b7670f474cd20ffbaa1988dc1fe52502172e45d8772591e1acdcb5427eae90c
phi_net_train_0547,data/raw/property_conditions/train/non_collapse/phi_net_train_nc_0547.jpg,non_collapse,1,NC,Non-collapse,OFFICIAL_TRAIN,train,PEER Hub ImageNet (PHI-Net) Task 5,Yuqing Gao (UC Berkeley PEER Center),CC BY-NC-SA 4.0,224,224,3,d58cc297abe56cd4dcb6737f257db890f8b5f5de6fd3314df9b9845f6e0fb2ff
phi_net_train_0548,data/raw/property_conditions/val/non_collapse/phi_net_val_nc_0548.jpg,non_collapse,1,NC,Non-collapse,OFFICIAL_TRAIN,val,PEER Hub ImageNet (PHI-Net) Task 5,Yuqing Gao (UC Berkeley PEER Center),CC BY-NC-SA 4.0,224,224,3,f83f2da3a3828f20785fea9a3b7795b16cba0d5a5e4fe96bb755662920fb714b
phi_net_train_0549,data/raw/property_conditions/train/non_collapse/phi_net_train_nc_0549.jpg,non_collapse,1,NC,Non-collapse,OFFICIAL_TRAIN,train,PEER Hub ImageNet (PHI-Net) Task 5,Yuqing Gao (UC Berkeley PEER Center),CC BY-NC-SA 4.0,224,224,3,1f8c91da45ae3b48512fadd1cdfda199c8ed1d9580917ac88fdf2f8a6a4b02fb
phi_net_train_0550,data/raw/property_conditions/train/non_collapse/phi_net_train_nc_0550.jpg,non_collapse,1,NC,Non-collapse,OFFICIAL_TRAIN,train,PEER Hub ImageNet (PHI-Net) Task 5,Yuqing Gao (UC Berkeley PEER Center),CC BY-NC-SA 4.0,224,224,3,fc425c052816029f10be3cc09394b310ba41813cf707fa49c728ad8bff7d6f30
phi_net_train_0551,data/raw/property_conditions/train/non_collapse/phi_net_train_nc_0551.jpg,non_collapse,1,NC,Non-collapse,OFFICIAL_TRAIN,train,PEER Hub ImageNet (PHI-Net) Task 5,Yuqing Gao (UC Berkeley PEER Center),CC BY-NC-SA 4.0,224,224,3,9f358a9418f2f137081cd77a5e5a661481497e86ec346190995f80b997963f07
phi_net_train_0552,data/raw/property_conditions/train/non_collapse/phi_net_train_nc_0552.jpg,non_collapse,1,NC,Non-collapse,OFFICIAL_TRAIN,train,PEER Hub ImageNet (PHI-Net) Task 5,Yuqing Gao (UC Berkeley PEER Center),CC BY-NC-SA 4.0,224,224,3,15f9aa596ec6afc027d6bcb5e648d723d58c2d757234a27ebf63c7d2cb3772a4
phi_net_train_0553,data/raw/property_conditions/train/non_collapse/phi_net_train_nc_0553.jpg,non_collapse,1,NC,Non-collapse,OFFICIAL_TRAIN,train,PEER Hub ImageNet (PHI-Net) Task 5,Yuqing Gao (UC Berkeley PEER Center),CC BY-NC-SA 4.0,224,224,3,984b29d5f3418da26f126b56ba43ec1f1ed89877aa1e29810121f8748a797a33
phi_net_train_0554,data/raw/property_conditions/train/non_collapse/phi_net_train_nc_0554.jpg,non_collapse,1,NC,Non-collapse,OFFICIAL_TRAIN,train,PEER Hub ImageNet (PHI-Net) Task 5,Yuqing Gao (UC Berkeley PEER Center),CC BY-NC-SA 4.0,224,224,3,4b3918203f2c41f5eab23bc710cabdb54e8413bb22fb194f21432c83078b81db
phi_net_train_0555,data/raw/property_conditions/val/non_collapse/phi_net_val_nc_0555.jpg,non_collapse,1,NC,Non-collapse,OFFICIAL_TRAIN,val,PEER Hub ImageNet (PHI-Net) Task 5,Yuqing Gao (UC Berkeley PEER Center),CC BY-NC-SA 4.0,224,224,3,b9d4e8d2fa49a1c39e5550ccee640f2f227da644d7d7b9b9c49c837caee8fa89
phi_net_train_0556,data/raw/property_conditions/train/non_collapse/phi_net_train_nc_0556.jpg,non_collapse,1,NC,Non-collapse,OFFICIAL_TRAIN,train,PEER Hub ImageNet (PHI-Net) Task 5,Yuqing Gao (UC Berkeley PEER Center),CC BY-NC-SA 4.0,224,224,3,d1dfd6cf6bb4d483d651a998561ae3d72e4aa344fbddbf25ed1d9f9aabb13a4f
phi_net_train_0557,data/raw/property_conditions/train/non_collapse/phi_net_train_nc_0557.jpg,non_collapse,1,NC,Non-collapse,OFFICIAL_TRAIN,train,PEER Hub ImageNet (PHI-Net) Task 5,Yuqing Gao (UC Berkeley PEER Center),CC BY-NC-SA 4.0,224,224,3,7f43044d5079c537aa0c49eb761e7248849f2ebc96b4817b5b9ea4f4a7bab31b
phi_net_train_0558,data/raw/property_conditions/train/non_collapse/phi_net_train_nc_0558.jpg,non_collapse,1,NC,Non-collapse,OFFICIAL_TRAIN,train,PEER Hub ImageNet (PHI-Net) Task 5,Yuqing Gao (UC Berkeley PEER Center),CC BY-NC-SA 4.0,224,224,3,3401f9303b6054f46f9e15288b4d6205074e13476481fec01e2a2fe068ee9438
phi_net_train_0559,data/raw/property_conditions/train/non_collapse/phi_net_train_nc_0559.jpg,non_collapse,1,NC,Non-collapse,OFFICIAL_TRAIN,train,PEER Hub ImageNet (PHI-Net) Task 5,Yuqing Gao (UC Berkeley PEER Center),CC BY-NC-SA 4.0,224,224,3,c5fe9b24464bd78e70742994d6fdcdd3ff3fbf39a314d8ec1c5b680ffa12fbf1
phi_net_train_0560,data/raw/property_conditions/train/non_collapse/phi_net_train_nc_0560.jpg,non_collapse,1,NC,Non-collapse,OFFICIAL_TRAIN,train,PEER Hub ImageNet (PHI-Net) Task 5,Yuqing Gao (UC Berkeley PEER Center),CC BY-NC-SA 4.0,224,224,3,c7e18f0cbea64c37ec014cdf4bbc21cc533b96a9ee863662efc81e2c9ad4737d
phi_net_train_0561,data/raw/property_conditions/train/non_collapse/phi_net_train_nc_0561.jpg,non_collapse,1,NC,Non-collapse,OFFICIAL_TRAIN,train,PEER Hub ImageNet (PHI-Net) Task 5,Yuqing Gao (UC Berkeley PEER Center),CC BY-NC-SA 4.0,224,224,3,c1f4ca8deeec1b0124ff18f86110a487d9bbf3fc2f9140ddbbc0c1f0bb9f9674
phi_net_train_0562,data/raw/property_conditions/train/non_collapse/phi_net_train_nc_0562.jpg,non_collapse,1,NC,Non-collapse,OFFICIAL_TRAIN,train,PEER Hub ImageNet (PHI-Net) Task 5,Yuqing Gao (UC Berkeley PEER Center),CC BY-NC-SA 4.0,224,224,3,52611d555c72817cde8877ffb145b42bb4e1aa094ee2e1fe8af2f87b64368d72
phi_net_train_0563,data/raw/property_conditions/train/non_collapse/phi_net_train_nc_0563.jpg,non_collapse,1,NC,Non-collapse,OFFICIAL_TRAIN,train,PEER Hub ImageNet (PHI-Net) Task 5,Yuqing Gao (UC Berkeley PEER Center),CC BY-NC-SA 4.0,224,224,3,0575f30bdcf4b40da99bc50a976584118ac202b0ba27be1f8064f32fb1266bab
phi_net_train_0564,data/raw/property_conditions/val/non_collapse/phi_net_val_nc_0564.jpg,non_collapse,1,NC,Non-collapse,OFFICIAL_TRAIN,val,PEER Hub ImageNet (PHI-Net) Task 5,Yuqing Gao (UC Berkeley PEER Center),CC BY-NC-SA 4.0,224,224,3,14e4c9b299d5a6dc7e09babdc933bcce80d8dd49953786774069e4bf51902a46
phi_net_train_0565,data/raw/property_conditions/train/non_collapse/phi_net_train_nc_0565.jpg,non_collapse,1,NC,Non-collapse,OFFICIAL_TRAIN,train,PEER Hub ImageNet (PHI-Net) Task 5,Yuqing Gao (UC Berkeley PEER Center),CC BY-NC-SA 4.0,224,224,3,627b98547b0cdb841118233b9c968e57f8fd5b287da1e4b5112199ad51b09d94
phi_net_train_0566,data/raw/property_conditions/train/non_collapse/phi_net_train_nc_0566.jpg,non_collapse,1,NC,Non-collapse,OFFICIAL_TRAIN,train,PEER Hub ImageNet (PHI-Net) Task 5,Yuqing Gao (UC Berkeley PEER Center),CC BY-NC-SA 4.0,224,224,3,189ef1466f057f07c094ee98d384933806950590753b85bf20314e9ce12614b6
phi_net_train_0567,data/raw/property_conditions/val/non_collapse/phi_net_val_nc_0567.jpg,non_collapse,1,NC,Non-collapse,OFFICIAL_TRAIN,val,PEER Hub ImageNet (PHI-Net) Task 5,Yuqing Gao (UC Berkeley PEER Center),CC BY-NC-SA 4.0,224,224,3,bb869054a17ec78da4c9b9639faefdfe892c7e4d034631348a399e839ec9f66c
phi_net_train_0568,data/raw/property_conditions/train/non_collapse/phi_net_train_nc_0568.jpg,non_collapse,1,NC,Non-collapse,OFFICIAL_TRAIN,train,PEER Hub ImageNet (PHI-Net) Task 5,Yuqing Gao (UC Berkeley PEER Center),CC BY-NC-SA 4.0,224,224,3,29490448362ebac1cfd93c0a626765375cf9165f13c4aa4476685919d02d62e3
phi_net_train_0569,data/raw/property_conditions/train/non_collapse/phi_net_train_nc_0569.jpg,non_collapse,1,NC,Non-collapse,OFFICIAL_TRAIN,train,PEER Hub ImageNet (PHI-Net) Task 5,Yuqing Gao (UC Berkeley PEER Center),CC BY-NC-SA 4.0,224,224,3,a90656946c21ccc00360d0ddefaba0ea60cd888e0bdd1b50451c9477e18613b1
phi_net_train_0570,data/raw/property_conditions/train/non_collapse/phi_net_train_nc_0570.jpg,non_collapse,1,NC,Non-collapse,OFFICIAL_TRAIN,train,PEER Hub ImageNet (PHI-Net) Task 5,Yuqing Gao (UC Berkeley PEER Center),CC BY-NC-SA 4.0,224,224,3,2d1ddb6d0c9599e8eda389991d26c732138e794149db83ca31e554ca44b7dd3b
phi_net_train_0571,data/raw/property_conditions/train/non_collapse/phi_net_train_nc_0571.jpg,non_collapse,1,NC,Non-collapse,OFFICIAL_TRAIN,train,PEER Hub ImageNet (PHI-Net) Task 5,Yuqing Gao (UC Berkeley PEER Center),CC BY-NC-SA 4.0,224,224,3,549bc4b9017360446b5d4b540ca4d825e79d8e6be2516d9e5179ebf7031e678d
phi_net_train_0572,data/raw/property_conditions/val/non_collapse/phi_net_val_nc_0572.jpg,non_collapse,1,NC,Non-collapse,OFFICIAL_TRAIN,val,PEER Hub ImageNet (PHI-Net) Task 5,Yuqing Gao (UC Berkeley PEER Center),CC BY-NC-SA 4.0,224,224,3,c4aa435ca5af01c55819cae9017c793923d81f08ac7ddc1a5915064dc632986c
phi_net_train_0573,data/raw/property_conditions/train/non_collapse/phi_net_train_nc_0573.jpg,non_collapse,1,NC,Non-collapse,OFFICIAL_TRAIN,train,PEER Hub ImageNet (PHI-Net) Task 5,Yuqing Gao (UC Berkeley PEER Center),CC BY-NC-SA 4.0,224,224,3,bff72557381dc484b48af3ead2beb4305d24234f48c770d39017383f1e8a954d
phi_net_train_0574,data/raw/property_conditions/train/non_collapse/phi_net_train_nc_0574.jpg,non_collapse,1,NC,Non-collapse,OFFICIAL_TRAIN,train,PEER Hub ImageNet (PHI-Net) Task 5,Yuqing Gao (UC Berkeley PEER Center),CC BY-NC-SA 4.0,224,224,3,d47a581ad1d57622fdb77613ecc462155e98d6002d0a5cd1aaf3b3a1a0af0467
phi_net_train_0575,data/raw/property_conditions/train/non_collapse/phi_net_train_nc_0575.jpg,non_collapse,1,NC,Non-collapse,OFFICIAL_TRAIN,train,PEER Hub ImageNet (PHI-Net) Task 5,Yuqing Gao (UC Berkeley PEER Center),CC BY-NC-SA 4.0,224,224,3,9aa39f76ccc86841392c964900279230021b94fd852eaeea869ce930d03381c7
phi_net_train_0576,data/raw/property_conditions/train/non_collapse/phi_net_train_nc_0576.jpg,non_collapse,1,NC,Non-collapse,OFFICIAL_TRAIN,train,PEER Hub ImageNet (PHI-Net) Task 5,Yuqing Gao (UC Berkeley PEER Center),CC BY-NC-SA 4.0,224,224,3,0180f343f2f8e44bfb40afd24e3f9d68d1872303bce39c809a70744659463683
phi_net_train_0577,data/raw/property_conditions/train/non_collapse/phi_net_train_nc_0577.jpg,non_collapse,1,NC,Non-collapse,OFFICIAL_TRAIN,train,PEER Hub ImageNet (PHI-Net) Task 5,Yuqing Gao (UC Berkeley PEER Center),CC BY-NC-SA 4.0,224,224,3,cab34105ce4125ccd4010cdc6c6051ce6738f392f7a4588f0ebaa9c9a09a8105
phi_net_train_0578,data/raw/property_conditions/train/non_collapse/phi_net_train_nc_0578.jpg,non_collapse,1,NC,Non-collapse,OFFICIAL_TRAIN,train,PEER Hub ImageNet (PHI-Net) Task 5,Yuqing Gao (UC Berkeley PEER Center),CC BY-NC-SA 4.0,224,224,3,20b7bd86364339348d4f8cec823a4616e27a8ada84e5223c23afb599e9784cb4
phi_net_train_0579,data/raw/property_conditions/train/non_collapse/phi_net_train_nc_0579.jpg,non_collapse,1,NC,Non-collapse,OFFICIAL_TRAIN,train,PEER Hub ImageNet (PHI-Net) Task 5,Yuqing Gao (UC Berkeley PEER Center),CC BY-NC-SA 4.0,224,224,3,7a4d92aaa4419a878e2f4b3a51d6b69103e61bc5bf3d83676deb8c7696c4015a
phi_net_train_0580,data/raw/property_conditions/train/non_collapse/phi_net_train_nc_0580.jpg,non_collapse,1,NC,Non-collapse,OFFICIAL_TRAIN,train,PEER Hub ImageNet (PHI-Net) Task 5,Yuqing Gao (UC Berkeley PEER Center),CC BY-NC-SA 4.0,224,224,3,67f0bdef14c9bc61fc6ed027bb0382bd7f986946a9617040855369b9b211a845
phi_net_train_0581,data/raw/property_conditions/train/non_collapse/phi_net_train_nc_0581.jpg,non_collapse,1,NC,Non-collapse,OFFICIAL_TRAIN,train,PEER Hub ImageNet (PHI-Net) Task 5,Yuqing Gao (UC Berkeley PEER Center),CC BY-NC-SA 4.0,224,224,3,3942bd0eb10fcbe3aaaf8ccef87c3ebae6bde747c76dbe76cdca5e2de2e928f5
phi_net_train_0582,data/raw/property_conditions/train/non_collapse/phi_net_train_nc_0582.jpg,non_collapse,1,NC,Non-collapse,OFFICIAL_TRAIN,train,PEER Hub ImageNet (PHI-Net) Task 5,Yuqing Gao (UC Berkeley PEER Center),CC BY-NC-SA 4.0,224,224,3,ccbdaf95f9ba2323067d81603692ca09db3b8699cb34bec70eac6a1fb30b46c5
phi_net_train_0583,data/raw/property_conditions/train/non_collapse/phi_net_train_nc_0583.jpg,non_collapse,1,NC,Non-collapse,OFFICIAL_TRAIN,train,PEER Hub ImageNet (PHI-Net) Task 5,Yuqing Gao (UC Berkeley PEER Center),CC BY-NC-SA 4.0,224,224,3,919ca21c3704e5b38c384559c3f0282aaddaa806dbec54728103edaccf6f9e92
phi_net_train_0584,data/raw/property_conditions/train/non_collapse/phi_net_train_nc_0584.jpg,non_collapse,1,NC,Non-collapse,OFFICIAL_TRAIN,train,PEER Hub ImageNet (PHI-Net) Task 5,Yuqing Gao (UC Berkeley PEER Center),CC BY-NC-SA 4.0,224,224,3,e0e191438f03cdd3d8c0122d2330d80e8992c367e8a5999055451306d643d193
phi_net_train_0585,data/raw/property_conditions/train/non_collapse/phi_net_train_nc_0585.jpg,non_collapse,1,NC,Non-collapse,OFFICIAL_TRAIN,train,PEER Hub ImageNet (PHI-Net) Task 5,Yuqing Gao (UC Berkeley PEER Center),CC BY-NC-SA 4.0,224,224,3,03879e0db2b783597126f9b4ab1af5f5d098bde41e9a095cbc544b2d212ce64b
phi_net_train_0586,data/raw/property_conditions/train/non_collapse/phi_net_train_nc_0586.jpg,non_collapse,1,NC,Non-collapse,OFFICIAL_TRAIN,train,PEER Hub ImageNet (PHI-Net) Task 5,Yuqing Gao (UC Berkeley PEER Center),CC BY-NC-SA 4.0,224,224,3,24451a40286b913fed2a88b2b113cc643e923dc6c7a6847f45b8e7b97365ff5d
phi_net_train_0587,data/raw/property_conditions/train/non_collapse/phi_net_train_nc_0587.jpg,non_collapse,1,NC,Non-collapse,OFFICIAL_TRAIN,train,PEER Hub ImageNet (PHI-Net) Task 5,Yuqing Gao (UC Berkeley PEER Center),CC BY-NC-SA 4.0,224,224,3,f360ea907cba20c1880e22ff77d3037e46b1882ca40d95078096aa48bfaef9ad
phi_net_train_0588,data/raw/property_conditions/val/non_collapse/phi_net_val_nc_0588.jpg,non_collapse,1,NC,Non-collapse,OFFICIAL_TRAIN,val,PEER Hub ImageNet (PHI-Net) Task 5,Yuqing Gao (UC Berkeley PEER Center),CC BY-NC-SA 4.0,224,224,3,5bafc569e622c990b0fd54beff34b7ff1ded64d5fc0c2cc143e33d6d3c356235
phi_net_train_0589,data/raw/property_conditions/train/non_collapse/phi_net_train_nc_0589.jpg,non_collapse,1,NC,Non-collapse,OFFICIAL_TRAIN,train,PEER Hub ImageNet (PHI-Net) Task 5,Yuqing Gao (UC Berkeley PEER Center),CC BY-NC-SA 4.0,224,224,3,b24fea5476046adeccbdda98a42e8cb830a5191f1dfda472725a10abf53d421f
phi_net_train_0590,data/raw/property_conditions/val/non_collapse/phi_net_val_nc_0590.jpg,non_collapse,1,NC,Non-collapse,OFFICIAL_TRAIN,val,PEER Hub ImageNet (PHI-Net) Task 5,Yuqing Gao (UC Berkeley PEER Center),CC BY-NC-SA 4.0,224,224,3,cab9c09dc7ec6fc32c9da493b7e6b568caa9825d8179a8fdf09a712e95717904
phi_net_train_0591,data/raw/property_conditions/val/non_collapse/phi_net_val_nc_0591.jpg,non_collapse,1,NC,Non-collapse,OFFICIAL_TRAIN,val,PEER Hub ImageNet (PHI-Net) Task 5,Yuqing Gao (UC Berkeley PEER Center),CC BY-NC-SA 4.0,224,224,3,43bd52631161393b9a419f58d5fdae5d3d6a2ec1abcac783f33b431f9c18ba8b
phi_net_train_0592,data/raw/property_conditions/val/non_collapse/phi_net_val_nc_0592.jpg,non_collapse,1,NC,Non-collapse,OFFICIAL_TRAIN,val,PEER Hub ImageNet (PHI-Net) Task 5,Yuqing Gao (UC Berkeley PEER Center),CC BY-NC-SA 4.0,224,224,3,42d4824984d914e8e42cc827e7b5f6e7b8fa6789f93719f4586272274edb1d14
phi_net_train_0593,data/raw/property_conditions/train/non_collapse/phi_net_train_nc_0593.jpg,non_collapse,1,NC,Non-collapse,OFFICIAL_TRAIN,train,PEER Hub ImageNet (PHI-Net) Task 5,Yuqing Gao (UC Berkeley PEER Center),CC BY-NC-SA 4.0,224,224,3,195f7d9d6ed00e75aac1448195694a44f4a9fc4b95a0e4d4e678f33c29e3cba2
phi_net_train_0594,data/raw/property_conditions/train/non_collapse/phi_net_train_nc_0594.jpg,non_collapse,1,NC,Non-collapse,OFFICIAL_TRAIN,train,PEER Hub ImageNet (PHI-Net) Task 5,Yuqing Gao (UC Berkeley PEER Center),CC BY-NC-SA 4.0,224,224,3,3437a01ae61eb64676736d18e5e9eba3f9aa383ac017775ec3dd8c5c47394c6a
phi_net_train_0595,data/raw/property_conditions/train/non_collapse/phi_net_train_nc_0595.jpg,non_collapse,1,NC,Non-collapse,OFFICIAL_TRAIN,train,PEER Hub ImageNet (PHI-Net) Task 5,Yuqing Gao (UC Berkeley PEER Center),CC BY-NC-SA 4.0,224,224,3,9ae137b1999646da0cf957bb2a604bcaa845fe335253e9f835bed9e2754d25e4
phi_net_train_0596,data/raw/property_conditions/train/non_collapse/phi_net_train_nc_0596.jpg,non_collapse,1,NC,Non-collapse,OFFICIAL_TRAIN,train,PEER Hub ImageNet (PHI-Net) Task 5,Yuqing Gao (UC Berkeley PEER Center),CC BY-NC-SA 4.0,224,224,3,24c19c2787c5b020a64265a1288942fa68192f2a03de291fdfabd5bcc5a88ecc
phi_net_train_0597,data/raw/property_conditions/train/non_collapse/phi_net_train_nc_0597.jpg,non_collapse,1,NC,Non-collapse,OFFICIAL_TRAIN,train,PEER Hub ImageNet (PHI-Net) Task 5,Yuqing Gao (UC Berkeley PEER Center),CC BY-NC-SA 4.0,224,224,3,f78967cd0d7055b3a28735385428263d22843fd694c2c1e4da69a6ca7d39e8f3
phi_net_train_0598,data/raw/property_conditions/train/non_collapse/phi_net_train_nc_0598.jpg,non_collapse,1,NC,Non-collapse,OFFICIAL_TRAIN,train,PEER Hub ImageNet (PHI-Net) Task 5,Yuqing Gao (UC Berkeley PEER Center),CC BY-NC-SA 4.0,224,224,3,9637ebe29b5d8875c816d487cb32f08c26074dd21f1b965085ff3bec8c74ceab
phi_net_train_0599,data/raw/property_conditions/train/non_collapse/phi_net_train_nc_0599.jpg,non_collapse,1,NC,Non-collapse,OFFICIAL_TRAIN,train,PEER Hub ImageNet (PHI-Net) Task 5,Yuqing Gao (UC Berkeley PEER Center),CC BY-NC-SA 4.0,224,224,3,95f2a26a9cbc1f0214039dc3ffd8cef52a385c991e80b158b0361d189c594220
phi_net_train_0600,data/raw/property_conditions/train/non_collapse/phi_net_train_nc_0600.jpg,non_collapse,1,NC,Non-collapse,OFFICIAL_TRAIN,train,PEER Hub ImageNet (PHI-Net) Task 5,Yuqing Gao (UC Berkeley PEER Center),CC BY-NC-SA 4.0,224,224,3,d442b956d7ac93b4a2a9995e21f852b81b9062b1c56ae8b5909edfe1639af35e
phi_net_train_0601,data/raw/property_conditions/train/non_collapse/phi_net_train_nc_0601.jpg,non_collapse,1,NC,Non-collapse,OFFICIAL_TRAIN,train,PEER Hub ImageNet (PHI-Net) Task 5,Yuqing Gao (UC Berkeley PEER Center),CC BY-NC-SA 4.0,224,224,3,4484e038c08542a2b5817c82a1d85d3da6644c2023b2ee6391f59bb2836b9ee2
phi_net_train_0602,data/raw/property_conditions/train/non_collapse/phi_net_train_nc_0602.jpg,non_collapse,1,NC,Non-collapse,OFFICIAL_TRAIN,train,PEER Hub ImageNet (PHI-Net) Task 5,Yuqing Gao (UC Berkeley PEER Center),CC BY-NC-SA 4.0,224,224,3,257b7bd6349a0aeec832ce3a235552909b9eacadb0cbbc29888e488d1ff6362e
phi_net_train_0603,data/raw/property_conditions/train/non_collapse/phi_net_train_nc_0603.jpg,non_collapse,1,NC,Non-collapse,OFFICIAL_TRAIN,train,PEER Hub ImageNet (PHI-Net) Task 5,Yuqing Gao (UC Berkeley PEER Center),CC BY-NC-SA 4.0,224,224,3,5d30f5753633b267c9117650ff06d0bc42a005c11ac75e16d24126b7f92a5456
phi_net_train_0604,data/raw/property_conditions/train/non_collapse/phi_net_train_nc_0604.jpg,non_collapse,1,NC,Non-collapse,OFFICIAL_TRAIN,train,PEER Hub ImageNet (PHI-Net) Task 5,Yuqing Gao (UC Berkeley PEER Center),CC BY-NC-SA 4.0,224,224,3,d18a706a972fb7109ad68c22bff74cc7a2e8b18c490e4ab797bafe323a7ffa80
phi_net_train_0605,data/raw/property_conditions/train/non_collapse/phi_net_train_nc_0605.jpg,non_collapse,1,NC,Non-collapse,OFFICIAL_TRAIN,train,PEER Hub ImageNet (PHI-Net) Task 5,Yuqing Gao (UC Berkeley PEER Center),CC BY-NC-SA 4.0,224,224,3,40394e4d8397f87336428d0a05067d7277ac80e521971969d582d57b3097b19c
phi_net_train_0606,data/raw/property_conditions/train/non_collapse/phi_net_train_nc_0606.jpg,non_collapse,1,NC,Non-collapse,OFFICIAL_TRAIN,train,PEER Hub ImageNet (PHI-Net) Task 5,Yuqing Gao (UC Berkeley PEER Center),CC BY-NC-SA 4.0,224,224,3,5a10bc7c32495846f0c98ae960bdb6563e6f765ae2554388b0fbe3e7b9b49e30
phi_net_train_0607,data/raw/property_conditions/train/non_collapse/phi_net_train_nc_0607.jpg,non_collapse,1,NC,Non-collapse,OFFICIAL_TRAIN,train,PEER Hub ImageNet (PHI-Net) Task 5,Yuqing Gao (UC Berkeley PEER Center),CC BY-NC-SA 4.0,224,224,3,ffdb98962b0d138e7f90aa3be285ffdfa0cdf9bbbf5dd494faf68c50d43072ab
phi_net_train_0608,data/raw/property_conditions/train/non_collapse/phi_net_train_nc_0608.jpg,non_collapse,1,NC,Non-collapse,OFFICIAL_TRAIN,train,PEER Hub ImageNet (PHI-Net) Task 5,Yuqing Gao (UC Berkeley PEER Center),CC BY-NC-SA 4.0,224,224,3,1d370d7cd8855cc4b02a6958de8d10fb72ab4fb15ba0e56e301df802ba2a0843
phi_net_train_0609,data/raw/property_conditions/train/non_collapse/phi_net_train_nc_0609.jpg,non_collapse,1,NC,Non-collapse,OFFICIAL_TRAIN,train,PEER Hub ImageNet (PHI-Net) Task 5,Yuqing Gao (UC Berkeley PEER Center),CC BY-NC-SA 4.0,224,224,3,b95d71bc8e7057c322d1bf710134415149fb6f0235673133dbbda91ef4b7b60f
phi_net_train_0610,data/raw/property_conditions/train/non_collapse/phi_net_train_nc_0610.jpg,non_collapse,1,NC,Non-collapse,OFFICIAL_TRAIN,train,PEER Hub ImageNet (PHI-Net) Task 5,Yuqing Gao (UC Berkeley PEER Center),CC BY-NC-SA 4.0,224,224,3,5fc09813596129b7c6f578a7f1cdd4f813f70a9a24085b46ffbe6b3c43df2c4a
phi_net_train_0611,data/raw/property_conditions/val/non_collapse/phi_net_val_nc_0611.jpg,non_collapse,1,NC,Non-collapse,OFFICIAL_TRAIN,val,PEER Hub ImageNet (PHI-Net) Task 5,Yuqing Gao (UC Berkeley PEER Center),CC BY-NC-SA 4.0,224,224,3,9dd682f97c46ec2f7c8a2b7c37a942e196a47fad9c7e0847e9d26b54c6a010f4
phi_net_train_0612,data/raw/property_conditions/val/non_collapse/phi_net_val_nc_0612.jpg,non_collapse,1,NC,Non-collapse,OFFICIAL_TRAIN,val,PEER Hub ImageNet (PHI-Net) Task 5,Yuqing Gao (UC Berkeley PEER Center),CC BY-NC-SA 4.0,224,224,3,2b307632d7abcfd58d1a228c91952b4800b6038775ac0111be9c2eeacc6ae69b
phi_net_train_0613,data/raw/property_conditions/train/non_collapse/phi_net_train_nc_0613.jpg,non_collapse,1,NC,Non-collapse,OFFICIAL_TRAIN,train,PEER Hub ImageNet (PHI-Net) Task 5,Yuqing Gao (UC Berkeley PEER Center),CC BY-NC-SA 4.0,224,224,3,fc7de363ecfbec4720ad2a59bfd2d4b381bab94374f5de472a36b0a9d47c01d5
phi_net_train_0614,data/raw/property_conditions/train/non_collapse/phi_net_train_nc_0614.jpg,non_collapse,1,NC,Non-collapse,OFFICIAL_TRAIN,train,PEER Hub ImageNet (PHI-Net) Task 5,Yuqing Gao (UC Berkeley PEER Center),CC BY-NC-SA 4.0,224,224,3,dce67d107456a6599f608a0361b2be7de9c4ee19be5b5107ff36870578745428
phi_net_train_0615,data/raw/property_conditions/train/non_collapse/phi_net_train_nc_0615.jpg,non_collapse,1,NC,Non-collapse,OFFICIAL_TRAIN,train,PEER Hub ImageNet (PHI-Net) Task 5,Yuqing Gao (UC Berkeley PEER Center),CC BY-NC-SA 4.0,224,224,3,aa19d769dead6fb9c8ce945c551e13761468fc04239f66cfe814c0cd3d7717a5
phi_net_train_0616,data/raw/property_conditions/train/non_collapse/phi_net_train_nc_0616.jpg,non_collapse,1,NC,Non-collapse,OFFICIAL_TRAIN,train,PEER Hub ImageNet (PHI-Net) Task 5,Yuqing Gao (UC Berkeley PEER Center),CC BY-NC-SA 4.0,224,224,3,4c9ba2e886bfedab06b55ccd0dbee325e9d6690874e30fe13fab3e7e3d5dd0ec
phi_net_train_0617,data/raw/property_conditions/train/non_collapse/phi_net_train_nc_0617.jpg,non_collapse,1,NC,Non-collapse,OFFICIAL_TRAIN,train,PEER Hub ImageNet (PHI-Net) Task 5,Yuqing Gao (UC Berkeley PEER Center),CC BY-NC-SA 4.0,224,224,3,bb1617b662b7a16a766235f43d65c622ef81caa1b60c61d3abe5615ea7630089
phi_net_train_0618,data/raw/property_conditions/train/non_collapse/phi_net_train_nc_0618.jpg,non_collapse,1,NC,Non-collapse,OFFICIAL_TRAIN,train,PEER Hub ImageNet (PHI-Net) Task 5,Yuqing Gao (UC Berkeley PEER Center),CC BY-NC-SA 4.0,224,224,3,2722a9e1c6a4babda3ddde13f0c183b173771b841ab8e561bfb77ae49d4e27f4
phi_net_train_0619,data/raw/property_conditions/train/non_collapse/phi_net_train_nc_0619.jpg,non_collapse,1,NC,Non-collapse,OFFICIAL_TRAIN,train,PEER Hub ImageNet (PHI-Net) Task 5,Yuqing Gao (UC Berkeley PEER Center),CC BY-NC-SA 4.0,224,224,3,3a4dcd86ed0b7a68fe8f2e804d96090ae7555219e7b2ded430bf52ea097acc8e
phi_net_train_0620,data/raw/property_conditions/train/non_collapse/phi_net_train_nc_0620.jpg,non_collapse,1,NC,Non-collapse,OFFICIAL_TRAIN,train,PEER Hub ImageNet (PHI-Net) Task 5,Yuqing Gao (UC Berkeley PEER Center),CC BY-NC-SA 4.0,224,224,3,a13995850314cd5e52d635c3bf1e2af0f7f6d5bce8d57fe118607ec3e7b65e59
phi_net_train_0621,data/raw/property_conditions/train/non_collapse/phi_net_train_nc_0621.jpg,non_collapse,1,NC,Non-collapse,OFFICIAL_TRAIN,train,PEER Hub ImageNet (PHI-Net) Task 5,Yuqing Gao (UC Berkeley PEER Center),CC BY-NC-SA 4.0,224,224,3,8084effe37e9ad71b81b717e6d2b9113a186f55610bffa30716bd3262a9d4394
phi_net_train_0622,data/raw/property_conditions/train/non_collapse/phi_net_train_nc_0622.jpg,non_collapse,1,NC,Non-collapse,OFFICIAL_TRAIN,train,PEER Hub ImageNet (PHI-Net) Task 5,Yuqing Gao (UC Berkeley PEER Center),CC BY-NC-SA 4.0,224,224,3,f2b422c29eeb826c4acf41541347859fd32e9ba533eb0c6a98de64476b166049
phi_net_train_0623,data/raw/property_conditions/train/non_collapse/phi_net_train_nc_0623.jpg,non_collapse,1,NC,Non-collapse,OFFICIAL_TRAIN,train,PEER Hub ImageNet (PHI-Net) Task 5,Yuqing Gao (UC Berkeley PEER Center),CC BY-NC-SA 4.0,224,224,3,cab301fb5be2e352e1f95983b5fa9862775fcbfe1633bd7a341070dac3dde487
phi_net_train_0624,data/raw/property_conditions/train/non_collapse/phi_net_train_nc_0624.jpg,non_collapse,1,NC,Non-collapse,OFFICIAL_TRAIN,train,PEER Hub ImageNet (PHI-Net) Task 5,Yuqing Gao (UC Berkeley PEER Center),CC BY-NC-SA 4.0,224,224,3,4d4f04b3fe2a875457d964c028355a0252900c06b39dce1fe1f34c389f788a34
phi_net_train_0625,data/raw/property_conditions/train/non_collapse/phi_net_train_nc_0625.jpg,non_collapse,1,NC,Non-collapse,OFFICIAL_TRAIN,train,PEER Hub ImageNet (PHI-Net) Task 5,Yuqing Gao (UC Berkeley PEER Center),CC BY-NC-SA 4.0,224,224,3,cc22e1bc2e241febc7b8178958ffaad94aed2137df283b024d8f101c3cedc28f
phi_net_train_0626,data/raw/property_conditions/train/non_collapse/phi_net_train_nc_0626.jpg,non_collapse,1,NC,Non-collapse,OFFICIAL_TRAIN,train,PEER Hub ImageNet (PHI-Net) Task 5,Yuqing Gao (UC Berkeley PEER Center),CC BY-NC-SA 4.0,224,224,3,29924d1c08166ab8a10f2c9df7d2c574a83b9c0a4776dc3393f6e0f6c0b9cd2c
phi_net_train_0627,data/raw/property_conditions/train/non_collapse/phi_net_train_nc_0627.jpg,non_collapse,1,NC,Non-collapse,OFFICIAL_TRAIN,train,PEER Hub ImageNet (PHI-Net) Task 5,Yuqing Gao (UC Berkeley PEER Center),CC BY-NC-SA 4.0,224,224,3,d3dfb49b268bdc50e3a7525a6b1e27a188a76e3d96f23d771785e591bc574994
phi_net_train_0628,data/raw/property_conditions/val/non_collapse/phi_net_val_nc_0628.jpg,non_collapse,1,NC,Non-collapse,OFFICIAL_TRAIN,val,PEER Hub ImageNet (PHI-Net) Task 5,Yuqing Gao (UC Berkeley PEER Center),CC BY-NC-SA 4.0,224,224,3,663eef06c52197b3748c86ef9e9eb12dd9c38710a6a528e71f8cb7b8bdaf1736
phi_net_train_0629,data/raw/property_conditions/train/non_collapse/phi_net_train_nc_0629.jpg,non_collapse,1,NC,Non-collapse,OFFICIAL_TRAIN,train,PEER Hub ImageNet (PHI-Net) Task 5,Yuqing Gao (UC Berkeley PEER Center),CC BY-NC-SA 4.0,224,224,3,24f325db51e2aa6f5814d89f2647e4314f83be9c24789ee76eec021566cc4126
phi_net_train_0630,data/raw/property_conditions/train/non_collapse/phi_net_train_nc_0630.jpg,non_collapse,1,NC,Non-collapse,OFFICIAL_TRAIN,train,PEER Hub ImageNet (PHI-Net) Task 5,Yuqing Gao (UC Berkeley PEER Center),CC BY-NC-SA 4.0,224,224,3,ead361de4c7ea74a919e2b727dff9477e25da13ca32b9fec3e75b522103888ca
phi_net_train_0631,data/raw/property_conditions/train/non_collapse/phi_net_train_nc_0631.jpg,non_collapse,1,NC,Non-collapse,OFFICIAL_TRAIN,train,PEER Hub ImageNet (PHI-Net) Task 5,Yuqing Gao (UC Berkeley PEER Center),CC BY-NC-SA 4.0,224,224,3,21b6c3e2566eb71519664356aba15f507d930aff6ba7c37103f073a198e94d50
phi_net_train_0632,data/raw/property_conditions/train/non_collapse/phi_net_train_nc_0632.jpg,non_collapse,1,NC,Non-collapse,OFFICIAL_TRAIN,train,PEER Hub ImageNet (PHI-Net) Task 5,Yuqing Gao (UC Berkeley PEER Center),CC BY-NC-SA 4.0,224,224,3,21abd6b2213d6a9b367b60208b9c4923061520b270374212c5f86e4ac04a1407
phi_net_train_0633,data/raw/property_conditions/train/non_collapse/phi_net_train_nc_0633.jpg,non_collapse,1,NC,Non-collapse,OFFICIAL_TRAIN,train,PEER Hub ImageNet (PHI-Net) Task 5,Yuqing Gao (UC Berkeley PEER Center),CC BY-NC-SA 4.0,224,224,3,602d6c5a1c6e248ea8709851b67152c10e086dd4ff47770ac1ad5723f6866620
phi_net_train_0634,data/raw/property_conditions/val/non_collapse/phi_net_val_nc_0634.jpg,non_collapse,1,NC,Non-collapse,OFFICIAL_TRAIN,val,PEER Hub ImageNet (PHI-Net) Task 5,Yuqing Gao (UC Berkeley PEER Center),CC BY-NC-SA 4.0,224,224,3,9c56ce25aa7f42edd4b14d085cc3b871c5bebee3643de269d583a350a55bdc9b
phi_net_train_0635,data/raw/property_conditions/train/non_collapse/phi_net_train_nc_0635.jpg,non_collapse,1,NC,Non-collapse,OFFICIAL_TRAIN,train,PEER Hub ImageNet (PHI-Net) Task 5,Yuqing Gao (UC Berkeley PEER Center),CC BY-NC-SA 4.0,224,224,3,6ab94bd49bf146c8ce271a12478d171b2876a70affc0cd4400e5c7e397ace953
phi_net_train_0636,data/raw/property_conditions/val/non_collapse/phi_net_val_nc_0636.jpg,non_collapse,1,NC,Non-collapse,OFFICIAL_TRAIN,val,PEER Hub ImageNet (PHI-Net) Task 5,Yuqing Gao (UC Berkeley PEER Center),CC BY-NC-SA 4.0,224,224,3,ee3865f76a02c3fa7dc7f90129e9e7d2650f5a6dab04558a9719aa84856d0c31
phi_net_train_0637,data/raw/property_conditions/train/non_collapse/phi_net_train_nc_0637.jpg,non_collapse,1,NC,Non-collapse,OFFICIAL_TRAIN,train,PEER Hub ImageNet (PHI-Net) Task 5,Yuqing Gao (UC Berkeley PEER Center),CC BY-NC-SA 4.0,224,224,3,87f8f8d5c272388302e279087875258c9fe4f6d954de1f5c9cf90e9100695460
phi_net_train_0638,data/raw/property_conditions/train/non_collapse/phi_net_train_nc_0638.jpg,non_collapse,1,NC,Non-collapse,OFFICIAL_TRAIN,train,PEER Hub ImageNet (PHI-Net) Task 5,Yuqing Gao (UC Berkeley PEER Center),CC BY-NC-SA 4.0,224,224,3,f63942638eac13fd69bd135d0f5f8e9ad188a7b4ebde7c32293ad870a98a9cf3
phi_net_train_0639,data/raw/property_conditions/train/non_collapse/phi_net_train_nc_0639.jpg,non_collapse,1,NC,Non-collapse,OFFICIAL_TRAIN,train,PEER Hub ImageNet (PHI-Net) Task 5,Yuqing Gao (UC Berkeley PEER Center),CC BY-NC-SA 4.0,224,224,3,5c8bc5713eda7babe5dd4052f9ccf1d77396efea022ce14339b1b3ebfcccdb3e
phi_net_train_0640,data/raw/property_conditions/val/non_collapse/phi_net_val_nc_0640.jpg,non_collapse,1,NC,Non-collapse,OFFICIAL_TRAIN,val,PEER Hub ImageNet (PHI-Net) Task 5,Yuqing Gao (UC Berkeley PEER Center),CC BY-NC-SA 4.0,224,224,3,4624e7071994299e727276bef4f0bf737f251635cdfd04482508360a0dc3a4ae
phi_net_train_0641,data/raw/property_conditions/train/non_collapse/phi_net_train_nc_0641.jpg,non_collapse,1,NC,Non-collapse,OFFICIAL_TRAIN,train,PEER Hub ImageNet (PHI-Net) Task 5,Yuqing Gao (UC Berkeley PEER Center),CC BY-NC-SA 4.0,224,224,3,4cbe76534a3cb210bb92564a205ccea188793c7c04b0281a5935331122278e51
phi_net_train_0642,data/raw/property_conditions/train/non_collapse/phi_net_train_nc_0642.jpg,non_collapse,1,NC,Non-collapse,OFFICIAL_TRAIN,train,PEER Hub ImageNet (PHI-Net) Task 5,Yuqing Gao (UC Berkeley PEER Center),CC BY-NC-SA 4.0,224,224,3,c29e8e93c91ad7fb869f6b139577c3c616f9b5f5fa55c650e4ae02507094e393
phi_net_train_0643,data/raw/property_conditions/train/non_collapse/phi_net_train_nc_0643.jpg,non_collapse,1,NC,Non-collapse,OFFICIAL_TRAIN,train,PEER Hub ImageNet (PHI-Net) Task 5,Yuqing Gao (UC Berkeley PEER Center),CC BY-NC-SA 4.0,224,224,3,d2ab5fb6d80afadce57aa77c673c1b79bac9f2e65ea781b075a6ee28c6c7e23d
phi_net_train_0644,data/raw/property_conditions/train/non_collapse/phi_net_train_nc_0644.jpg,non_collapse,1,NC,Non-collapse,OFFICIAL_TRAIN,train,PEER Hub ImageNet (PHI-Net) Task 5,Yuqing Gao (UC Berkeley PEER Center),CC BY-NC-SA 4.0,224,224,3,aac7e61a0edca3c577fb68ee02b0bae54b24672f09813eb183a94bc838b6c7a2
phi_net_train_0645,data/raw/property_conditions/train/non_collapse/phi_net_train_nc_0645.jpg,non_collapse,1,NC,Non-collapse,OFFICIAL_TRAIN,train,PEER Hub ImageNet (PHI-Net) Task 5,Yuqing Gao (UC Berkeley PEER Center),CC BY-NC-SA 4.0,224,224,3,e176b175888852b63ad73ce459f8e414dac37b4e7f52febd7be071d6e9b4a18c
phi_net_train_0646,data/raw/property_conditions/train/non_collapse/phi_net_train_nc_0646.jpg,non_collapse,1,NC,Non-collapse,OFFICIAL_TRAIN,train,PEER Hub ImageNet (PHI-Net) Task 5,Yuqing Gao (UC Berkeley PEER Center),CC BY-NC-SA 4.0,224,224,3,fe4fb78a6d403b1bc4e45a0000cb992a168414eb3e410e46de6fffc1deef53d4
phi_net_train_0647,data/raw/property_conditions/train/non_collapse/phi_net_train_nc_0647.jpg,non_collapse,1,NC,Non-collapse,OFFICIAL_TRAIN,train,PEER Hub ImageNet (PHI-Net) Task 5,Yuqing Gao (UC Berkeley PEER Center),CC BY-NC-SA 4.0,224,224,3,3a557ad50dba74bc6efd7e8669f79e456662f2d88c38e4e4892ef485c8a4e966
phi_net_train_0648,data/raw/property_conditions/train/non_collapse/phi_net_train_nc_0648.jpg,non_collapse,1,NC,Non-collapse,OFFICIAL_TRAIN,train,PEER Hub ImageNet (PHI-Net) Task 5,Yuqing Gao (UC Berkeley PEER Center),CC BY-NC-SA 4.0,224,224,3,c49aa1d41488b8ddf42bc001bfe5a38a46f3c7435e177e7f29148a0e20625470
phi_net_train_0649,data/raw/property_conditions/val/non_collapse/phi_net_val_nc_0649.jpg,non_collapse,1,NC,Non-collapse,OFFICIAL_TRAIN,val,PEER Hub ImageNet (PHI-Net) Task 5,Yuqing Gao (UC Berkeley PEER Center),CC BY-NC-SA 4.0,224,224,3,6472f40f3c3eab7eedfad1779b389f74b711c6bd371ac0a7eb168df502aa1f3d
phi_net_train_0650,data/raw/property_conditions/train/non_collapse/phi_net_train_nc_0650.jpg,non_collapse,1,NC,Non-collapse,OFFICIAL_TRAIN,train,PEER Hub ImageNet (PHI-Net) Task 5,Yuqing Gao (UC Berkeley PEER Center),CC BY-NC-SA 4.0,224,224,3,ca5ac63bcc92e1ac6a36fa10412fde81e3942bf86d03cb83221fc2813794d475
phi_net_train_0651,data/raw/property_conditions/train/non_collapse/phi_net_train_nc_0651.jpg,non_collapse,1,NC,Non-collapse,OFFICIAL_TRAIN,train,PEER Hub ImageNet (PHI-Net) Task 5,Yuqing Gao (UC Berkeley PEER Center),CC BY-NC-SA 4.0,224,224,3,6e3d339cc76b50242337b0d7ceef98f4260a5af1a38a0a7a5a0c5ed69dc71455
phi_net_train_0652,data/raw/property_conditions/train/non_collapse/phi_net_train_nc_0652.jpg,non_collapse,1,NC,Non-collapse,OFFICIAL_TRAIN,train,PEER Hub ImageNet (PHI-Net) Task 5,Yuqing Gao (UC Berkeley PEER Center),CC BY-NC-SA 4.0,224,224,3,074b02dcf746ddfc16d142beda1a6f06dd54a7e1d5310e689566a88d855b92a2
phi_net_train_0653,data/raw/property_conditions/train/non_collapse/phi_net_train_nc_0653.jpg,non_collapse,1,NC,Non-collapse,OFFICIAL_TRAIN,train,PEER Hub ImageNet (PHI-Net) Task 5,Yuqing Gao (UC Berkeley PEER Center),CC BY-NC-SA 4.0,224,224,3,1b1da18e4240b1e94814f545f0c62f72894e26fbf70cf75f0acfad5b57ac483b
phi_net_train_0654,data/raw/property_conditions/val/non_collapse/phi_net_val_nc_0654.jpg,non_collapse,1,NC,Non-collapse,OFFICIAL_TRAIN,val,PEER Hub ImageNet (PHI-Net) Task 5,Yuqing Gao (UC Berkeley PEER Center),CC BY-NC-SA 4.0,224,224,3,d1f4ef15bd1871334e72495d83147539e5f26ae9e3c88f96b41cb646dbc1dcae
phi_net_train_0655,data/raw/property_conditions/train/non_collapse/phi_net_train_nc_0655.jpg,non_collapse,1,NC,Non-collapse,OFFICIAL_TRAIN,train,PEER Hub ImageNet (PHI-Net) Task 5,Yuqing Gao (UC Berkeley PEER Center),CC BY-NC-SA 4.0,224,224,3,e24d43d39cc7415c67e4a14a820d7a09335c145751ab7dd6873937e8e9ab654d
phi_net_train_0656,data/raw/property_conditions/train/non_collapse/phi_net_train_nc_0656.jpg,non_collapse,1,NC,Non-collapse,OFFICIAL_TRAIN,train,PEER Hub ImageNet (PHI-Net) Task 5,Yuqing Gao (UC Berkeley PEER Center),CC BY-NC-SA 4.0,224,224,3,76689c588501b0f707c3b71c979aaa1ea49382ca3f8f499a9912aeb0917cac26
phi_net_train_0657,data/raw/property_conditions/train/non_collapse/phi_net_train_nc_0657.jpg,non_collapse,1,NC,Non-collapse,OFFICIAL_TRAIN,train,PEER Hub ImageNet (PHI-Net) Task 5,Yuqing Gao (UC Berkeley PEER Center),CC BY-NC-SA 4.0,224,224,3,640004002cd66d91e2f6c1ed2eb83660040954717e8496f8a4a2530a1968c9ad
phi_net_train_0658,data/raw/property_conditions/train/non_collapse/phi_net_train_nc_0658.jpg,non_collapse,1,NC,Non-collapse,OFFICIAL_TRAIN,train,PEER Hub ImageNet (PHI-Net) Task 5,Yuqing Gao (UC Berkeley PEER Center),CC BY-NC-SA 4.0,224,224,3,6367eb38a8b56b4df3ed84a8799e069ddafad659d068ad557f631d8325c21b41
phi_net_train_0659,data/raw/property_conditions/val/non_collapse/phi_net_val_nc_0659.jpg,non_collapse,1,NC,Non-collapse,OFFICIAL_TRAIN,val,PEER Hub ImageNet (PHI-Net) Task 5,Yuqing Gao (UC Berkeley PEER Center),CC BY-NC-SA 4.0,224,224,3,19ca132810fcb8c6ad7d05d5cf7311abddc64a5b3020b4ab6cb2d01667fe1252
phi_net_train_0660,data/raw/property_conditions/train/non_collapse/phi_net_train_nc_0660.jpg,non_collapse,1,NC,Non-collapse,OFFICIAL_TRAIN,train,PEER Hub ImageNet (PHI-Net) Task 5,Yuqing Gao (UC Berkeley PEER Center),CC BY-NC-SA 4.0,224,224,3,36684590339b52d5b7ca7cd1fa2122bfbc2d57572748462b2dee8ee2f36cf641
phi_net_train_0661,data/raw/property_conditions/train/non_collapse/phi_net_train_nc_0661.jpg,non_collapse,1,NC,Non-collapse,OFFICIAL_TRAIN,train,PEER Hub ImageNet (PHI-Net) Task 5,Yuqing Gao (UC Berkeley PEER Center),CC BY-NC-SA 4.0,224,224,3,41243ce1bed1982fac59ea81f6059f3faa910997a29f44887609782739e5f9d3
phi_net_train_0662,data/raw/property_conditions/val/non_collapse/phi_net_val_nc_0662.jpg,non_collapse,1,NC,Non-collapse,OFFICIAL_TRAIN,val,PEER Hub ImageNet (PHI-Net) Task 5,Yuqing Gao (UC Berkeley PEER Center),CC BY-NC-SA 4.0,224,224,3,fe5a239d699937f7848ee3c81af3dc5884b02930cee1b69949982aeb151f7fd6
phi_net_train_0663,data/raw/property_conditions/val/non_collapse/phi_net_val_nc_0663.jpg,non_collapse,1,NC,Non-collapse,OFFICIAL_TRAIN,val,PEER Hub ImageNet (PHI-Net) Task 5,Yuqing Gao (UC Berkeley PEER Center),CC BY-NC-SA 4.0,224,224,3,e1ad14c5ef1707cd4e9355f4d962458ebcac7659060f54804fceeb9c316109ac
phi_net_train_0664,data/raw/property_conditions/val/non_collapse/phi_net_val_nc_0664.jpg,non_collapse,1,NC,Non-collapse,OFFICIAL_TRAIN,val,PEER Hub ImageNet (PHI-Net) Task 5,Yuqing Gao (UC Berkeley PEER Center),CC BY-NC-SA 4.0,224,224,3,7f6be7cc5ff26455264a664769846d72c544392a16db65685f3d14228b07a763
phi_net_train_0665,data/raw/property_conditions/train/non_collapse/phi_net_train_nc_0665.jpg,non_collapse,1,NC,Non-collapse,OFFICIAL_TRAIN,train,PEER Hub ImageNet (PHI-Net) Task 5,Yuqing Gao (UC Berkeley PEER Center),CC BY-NC-SA 4.0,224,224,3,56c8dcdf16002f9afdbff80a6a9b01df9b6b76902528f76c9b0db1a3b280f76e
phi_net_train_0666,data/raw/property_conditions/val/non_collapse/phi_net_val_nc_0666.jpg,non_collapse,1,NC,Non-collapse,OFFICIAL_TRAIN,val,PEER Hub ImageNet (PHI-Net) Task 5,Yuqing Gao (UC Berkeley PEER Center),CC BY-NC-SA 4.0,224,224,3,bdd1710d91a7d910210d3ef465b8b7d6a64d8fc24f0910cd8013edf1b38eeded
phi_net_train_0667,data/raw/property_conditions/train/non_collapse/phi_net_train_nc_0667.jpg,non_collapse,1,NC,Non-collapse,OFFICIAL_TRAIN,train,PEER Hub ImageNet (PHI-Net) Task 5,Yuqing Gao (UC Berkeley PEER Center),CC BY-NC-SA 4.0,224,224,3,a3f73fc9c384fd96784335a06bea71a5497b58b64c6693aea91dbcbf6c8f7410
phi_net_train_0668,data/raw/property_conditions/train/non_collapse/phi_net_train_nc_0668.jpg,non_collapse,1,NC,Non-collapse,OFFICIAL_TRAIN,train,PEER Hub ImageNet (PHI-Net) Task 5,Yuqing Gao (UC Berkeley PEER Center),CC BY-NC-SA 4.0,224,224,3,f29111cabf683f4353201810e74dcf82e392c25a461c77c2fc5fad0fabba3367
phi_net_train_0669,data/raw/property_conditions/train/non_collapse/phi_net_train_nc_0669.jpg,non_collapse,1,NC,Non-collapse,OFFICIAL_TRAIN,train,PEER Hub ImageNet (PHI-Net) Task 5,Yuqing Gao (UC Berkeley PEER Center),CC BY-NC-SA 4.0,224,224,3,bf50ae07cbaf8fc40d4b913cd23b9155eba075e43cdcb2834d0978236f9b082c
phi_net_train_0670,data/raw/property_conditions/train/non_collapse/phi_net_train_nc_0670.jpg,non_collapse,1,NC,Non-collapse,OFFICIAL_TRAIN,train,PEER Hub ImageNet (PHI-Net) Task 5,Yuqing Gao (UC Berkeley PEER Center),CC BY-NC-SA 4.0,224,224,3,8f3de8528e35dc679168e731f5ca06b587e909dcb7eae2aed6f30bc801e32bdb
phi_net_train_0671,data/raw/property_conditions/train/non_collapse/phi_net_train_nc_0671.jpg,non_collapse,1,NC,Non-collapse,OFFICIAL_TRAIN,train,PEER Hub ImageNet (PHI-Net) Task 5,Yuqing Gao (UC Berkeley PEER Center),CC BY-NC-SA 4.0,224,224,3,35ecb25b01c9cca61a45c91da550738b465e856c1886c0b98000f3706708b951
phi_net_train_0672,data/raw/property_conditions/train/non_collapse/phi_net_train_nc_0672.jpg,non_collapse,1,NC,Non-collapse,OFFICIAL_TRAIN,train,PEER Hub ImageNet (PHI-Net) Task 5,Yuqing Gao (UC Berkeley PEER Center),CC BY-NC-SA 4.0,224,224,3,a2670bb8c33d947a03f84d6b76e58180df5d1a80175907914c05e38a4684fcaf
phi_net_train_0673,data/raw/property_conditions/train/non_collapse/phi_net_train_nc_0673.jpg,non_collapse,1,NC,Non-collapse,OFFICIAL_TRAIN,train,PEER Hub ImageNet (PHI-Net) Task 5,Yuqing Gao (UC Berkeley PEER Center),CC BY-NC-SA 4.0,224,224,3,234894020adad799bd1fa164843d91ef4237647dcf4cadc2ae5b2ffd4f0c3512
phi_net_train_0674,data/raw/property_conditions/train/non_collapse/phi_net_train_nc_0674.jpg,non_collapse,1,NC,Non-collapse,OFFICIAL_TRAIN,train,PEER Hub ImageNet (PHI-Net) Task 5,Yuqing Gao (UC Berkeley PEER Center),CC BY-NC-SA 4.0,224,224,3,8b40adf4b6d7f0cfd90cdc8c22d42c5565988290cb8491f893478ebfc461ae07
phi_net_train_0675,data/raw/property_conditions/train/non_collapse/phi_net_train_nc_0675.jpg,non_collapse,1,NC,Non-collapse,OFFICIAL_TRAIN,train,PEER Hub ImageNet (PHI-Net) Task 5,Yuqing Gao (UC Berkeley PEER Center),CC BY-NC-SA 4.0,224,224,3,9b662ace51151ba0d42f0fb68ac34509941b1b651857c2ca65074d25b8a493b1
phi_net_train_0676,data/raw/property_conditions/train/non_collapse/phi_net_train_nc_0676.jpg,non_collapse,1,NC,Non-collapse,OFFICIAL_TRAIN,train,PEER Hub ImageNet (PHI-Net) Task 5,Yuqing Gao (UC Berkeley PEER Center),CC BY-NC-SA 4.0,224,224,3,bb2298bada97a162b1f45ddc11d544db7df0fc47430d1e51d2b7d21d9d20ef4b
phi_net_train_0677,data/raw/property_conditions/train/non_collapse/phi_net_train_nc_0677.jpg,non_collapse,1,NC,Non-collapse,OFFICIAL_TRAIN,train,PEER Hub ImageNet (PHI-Net) Task 5,Yuqing Gao (UC Berkeley PEER Center),CC BY-NC-SA 4.0,224,224,3,68033c9969e1d4268f55cd7c8e2bb22ee0900a1f44ff3ec39b42912b13243528
phi_net_train_0678,data/raw/property_conditions/train/non_collapse/phi_net_train_nc_0678.jpg,non_collapse,1,NC,Non-collapse,OFFICIAL_TRAIN,train,PEER Hub ImageNet (PHI-Net) Task 5,Yuqing Gao (UC Berkeley PEER Center),CC BY-NC-SA 4.0,224,224,3,55df14b0144704e65439e4cd40b3818a76547146e7ca3ef429c8342e9f2c2a8d
phi_net_train_0679,data/raw/property_conditions/val/non_collapse/phi_net_val_nc_0679.jpg,non_collapse,1,NC,Non-collapse,OFFICIAL_TRAIN,val,PEER Hub ImageNet (PHI-Net) Task 5,Yuqing Gao (UC Berkeley PEER Center),CC BY-NC-SA 4.0,224,224,3,e26e02d4ded0d5117e4a1642fffe0ac79372f76acbb8eaf6f0992045aa6bc4f7
phi_net_train_0680,data/raw/property_conditions/train/non_collapse/phi_net_train_nc_0680.jpg,non_collapse,1,NC,Non-collapse,OFFICIAL_TRAIN,train,PEER Hub ImageNet (PHI-Net) Task 5,Yuqing Gao (UC Berkeley PEER Center),CC BY-NC-SA 4.0,224,224,3,4c633ed9d783cda7ea58590e2364097b00a6ab9ec7f81fec1a0ebb74af8da182
phi_net_train_0681,data/raw/property_conditions/train/non_collapse/phi_net_train_nc_0681.jpg,non_collapse,1,NC,Non-collapse,OFFICIAL_TRAIN,train,PEER Hub ImageNet (PHI-Net) Task 5,Yuqing Gao (UC Berkeley PEER Center),CC BY-NC-SA 4.0,224,224,3,f8bf6be30a7751b616d33b5da02872c7c431973b134549d92b0ac9d8e7c159bd
phi_net_train_0682,data/raw/property_conditions/train/non_collapse/phi_net_train_nc_0682.jpg,non_collapse,1,NC,Non-collapse,OFFICIAL_TRAIN,train,PEER Hub ImageNet (PHI-Net) Task 5,Yuqing Gao (UC Berkeley PEER Center),CC BY-NC-SA 4.0,224,224,3,26c5f5bb7810df89c2d5b0b822b4f85dc403e47b337fb736f270cfe0af734634
phi_net_train_0683,data/raw/property_conditions/train/non_collapse/phi_net_train_nc_0683.jpg,non_collapse,1,NC,Non-collapse,OFFICIAL_TRAIN,train,PEER Hub ImageNet (PHI-Net) Task 5,Yuqing Gao (UC Berkeley PEER Center),CC BY-NC-SA 4.0,224,224,3,cba2bc4cfb4cbc73afd169ccf3a8680d103a7effe0adb47f87f4a534d5ffe6d5
phi_net_train_0684,data/raw/property_conditions/train/non_collapse/phi_net_train_nc_0684.jpg,non_collapse,1,NC,Non-collapse,OFFICIAL_TRAIN,train,PEER Hub ImageNet (PHI-Net) Task 5,Yuqing Gao (UC Berkeley PEER Center),CC BY-NC-SA 4.0,224,224,3,ddd4c6a4ffc19ccfaca97dd09438026ecbd8576ef974212975e17a7b39a2a767
phi_net_train_0685,data/raw/property_conditions/train/non_collapse/phi_net_train_nc_0685.jpg,non_collapse,1,NC,Non-collapse,OFFICIAL_TRAIN,train,PEER Hub ImageNet (PHI-Net) Task 5,Yuqing Gao (UC Berkeley PEER Center),CC BY-NC-SA 4.0,224,224,3,c94f9d5dc09258c1e0e4378ccf72ee7fa4dc50a6b9a239f428a015d1fcd33b9a
phi_net_train_0686,data/raw/property_conditions/train/non_collapse/phi_net_train_nc_0686.jpg,non_collapse,1,NC,Non-collapse,OFFICIAL_TRAIN,train,PEER Hub ImageNet (PHI-Net) Task 5,Yuqing Gao (UC Berkeley PEER Center),CC BY-NC-SA 4.0,224,224,3,ae983e1fece745e1756322ad4e15a74e83ec796a19befb88a2300790f802c3c6
phi_net_train_0687,data/raw/property_conditions/train/non_collapse/phi_net_train_nc_0687.jpg,non_collapse,1,NC,Non-collapse,OFFICIAL_TRAIN,train,PEER Hub ImageNet (PHI-Net) Task 5,Yuqing Gao (UC Berkeley PEER Center),CC BY-NC-SA 4.0,224,224,3,a45d850507970e2602e438037cddfd311bdb12de7a88cf84f5d45bc5a541c732
phi_net_train_0688,data/raw/property_conditions/train/non_collapse/phi_net_train_nc_0688.jpg,non_collapse,1,NC,Non-collapse,OFFICIAL_TRAIN,train,PEER Hub ImageNet (PHI-Net) Task 5,Yuqing Gao (UC Berkeley PEER Center),CC BY-NC-SA 4.0,224,224,3,3ae376a02cfe895cd32aeb8510a8534046cbfa7f0811c4227f5cdb41e8439526
phi_net_train_0689,data/raw/property_conditions/train/non_collapse/phi_net_train_nc_0689.jpg,non_collapse,1,NC,Non-collapse,OFFICIAL_TRAIN,train,PEER Hub ImageNet (PHI-Net) Task 5,Yuqing Gao (UC Berkeley PEER Center),CC BY-NC-SA 4.0,224,224,3,1b63cc772af1756b04f31087045178ad7e1182d5e8d921c77fb3c48df6c608e3
phi_net_train_0690,data/raw/property_conditions/train/non_collapse/phi_net_train_nc_0690.jpg,non_collapse,1,NC,Non-collapse,OFFICIAL_TRAIN,train,PEER Hub ImageNet (PHI-Net) Task 5,Yuqing Gao (UC Berkeley PEER Center),CC BY-NC-SA 4.0,224,224,3,0a64e90c292f6db7f53ca963dc67075e5a938e5af020265abc177bdc9345e317
phi_net_train_0691,data/raw/property_conditions/train/non_collapse/phi_net_train_nc_0691.jpg,non_collapse,1,NC,Non-collapse,OFFICIAL_TRAIN,train,PEER Hub ImageNet (PHI-Net) Task 5,Yuqing Gao (UC Berkeley PEER Center),CC BY-NC-SA 4.0,224,224,3,de539951644bcca52af915b46789c1965816a598d99a4450ceadb20458448d69
phi_net_train_0692,data/raw/property_conditions/train/non_collapse/phi_net_train_nc_0692.jpg,non_collapse,1,NC,Non-collapse,OFFICIAL_TRAIN,train,PEER Hub ImageNet (PHI-Net) Task 5,Yuqing Gao (UC Berkeley PEER Center),CC BY-NC-SA 4.0,224,224,3,e0a3d4e6140cd10c3d7fe1e1b761e50b0f6dfe01132bfba6647773777590d8b5
phi_net_train_0693,data/raw/property_conditions/val/non_collapse/phi_net_val_nc_0693.jpg,non_collapse,1,NC,Non-collapse,OFFICIAL_TRAIN,val,PEER Hub ImageNet (PHI-Net) Task 5,Yuqing Gao (UC Berkeley PEER Center),CC BY-NC-SA 4.0,224,224,3,989b1f163628b88e09c00bb9c120a60029dce1675f675083052439059d7fabaa
phi_net_train_0694,data/raw/property_conditions/train/non_collapse/phi_net_train_nc_0694.jpg,non_collapse,1,NC,Non-collapse,OFFICIAL_TRAIN,train,PEER Hub ImageNet (PHI-Net) Task 5,Yuqing Gao (UC Berkeley PEER Center),CC BY-NC-SA 4.0,224,224,3,fa051ca575c7665775f9f482b3f9955c2a237437892161b66caddcfa522edc3b
phi_net_train_0695,data/raw/property_conditions/train/non_collapse/phi_net_train_nc_0695.jpg,non_collapse,1,NC,Non-collapse,OFFICIAL_TRAIN,train,PEER Hub ImageNet (PHI-Net) Task 5,Yuqing Gao (UC Berkeley PEER Center),CC BY-NC-SA 4.0,224,224,3,4985d4fbf866b5bc6def0db12d9636d9ee0e4f833648ff0fe9097fe813ed60f3
phi_net_train_0696,data/raw/property_conditions/train/non_collapse/phi_net_train_nc_0696.jpg,non_collapse,1,NC,Non-collapse,OFFICIAL_TRAIN,train,PEER Hub ImageNet (PHI-Net) Task 5,Yuqing Gao (UC Berkeley PEER Center),CC BY-NC-SA 4.0,224,224,3,f53afd5a5d87a6c2f51d12ba30510b780ac0424d5736f20d0c48c304eca085fe
phi_net_train_0697,data/raw/property_conditions/train/non_collapse/phi_net_train_nc_0697.jpg,non_collapse,1,NC,Non-collapse,OFFICIAL_TRAIN,train,PEER Hub ImageNet (PHI-Net) Task 5,Yuqing Gao (UC Berkeley PEER Center),CC BY-NC-SA 4.0,224,224,3,1b9353cb9e1633782513886d80614fb5953d4ec2006c779e6e144bad8c9c9325
phi_net_train_0698,data/raw/property_conditions/train/non_collapse/phi_net_train_nc_0698.jpg,non_collapse,1,NC,Non-collapse,OFFICIAL_TRAIN,train,PEER Hub ImageNet (PHI-Net) Task 5,Yuqing Gao (UC Berkeley PEER Center),CC BY-NC-SA 4.0,224,224,3,c8fa947423c02a5f945d8f9901350cbc8d2ecfdaebd95e8ebc036c4b5ea5c56a
phi_net_train_0699,data/raw/property_conditions/train/non_collapse/phi_net_train_nc_0699.jpg,non_collapse,1,NC,Non-collapse,OFFICIAL_TRAIN,train,PEER Hub ImageNet (PHI-Net) Task 5,Yuqing Gao (UC Berkeley PEER Center),CC BY-NC-SA 4.0,224,224,3,c0ef3f7f186476b8105fed975cf1e8b1276a2c4e6bb8bbee7088f779cc55bae7
phi_net_train_0700,data/raw/property_conditions/train/non_collapse/phi_net_train_nc_0700.jpg,non_collapse,1,NC,Non-collapse,OFFICIAL_TRAIN,train,PEER Hub ImageNet (PHI-Net) Task 5,Yuqing Gao (UC Berkeley PEER Center),CC BY-NC-SA 4.0,224,224,3,c591fc866ed16b8b03bb97918dd2490406e26a54ce51c0d46190ca51f948d868
phi_net_train_0701,data/raw/property_conditions/train/non_collapse/phi_net_train_nc_0701.jpg,non_collapse,1,NC,Non-collapse,OFFICIAL_TRAIN,train,PEER Hub ImageNet (PHI-Net) Task 5,Yuqing Gao (UC Berkeley PEER Center),CC BY-NC-SA 4.0,224,224,3,e3f066e9477816151b5a5433f29a8e7bfd340e09bd447bf9d0ceb28f493e3a9f
phi_net_train_0702,data/raw/property_conditions/train/non_collapse/phi_net_train_nc_0702.jpg,non_collapse,1,NC,Non-collapse,OFFICIAL_TRAIN,train,PEER Hub ImageNet (PHI-Net) Task 5,Yuqing Gao (UC Berkeley PEER Center),CC BY-NC-SA 4.0,224,224,3,98272459a1771a19c1a785fd7a3651091b4a27f448ca0df252f05abc326e460c
phi_net_train_0703,data/raw/property_conditions/train/non_collapse/phi_net_train_nc_0703.jpg,non_collapse,1,NC,Non-collapse,OFFICIAL_TRAIN,train,PEER Hub ImageNet (PHI-Net) Task 5,Yuqing Gao (UC Berkeley PEER Center),CC BY-NC-SA 4.0,224,224,3,0c05e12e20e8d51f68faf9a952c96818f8b0042b70c93a1f2ba8918df65c447c
phi_net_train_0704,data/raw/property_conditions/train/non_collapse/phi_net_train_nc_0704.jpg,non_collapse,1,NC,Non-collapse,OFFICIAL_TRAIN,train,PEER Hub ImageNet (PHI-Net) Task 5,Yuqing Gao (UC Berkeley PEER Center),CC BY-NC-SA 4.0,224,224,3,3dc14af32d6ffb8b06d9213bea54830e4b03354e6b177c62a054515cc137939a
phi_net_train_0705,data/raw/property_conditions/train/non_collapse/phi_net_train_nc_0705.jpg,non_collapse,1,NC,Non-collapse,OFFICIAL_TRAIN,train,PEER Hub ImageNet (PHI-Net) Task 5,Yuqing Gao (UC Berkeley PEER Center),CC BY-NC-SA 4.0,224,224,3,a0b42b84e1a9ea5af71380eb48d531a4a3e0e4e5ed19be0df36f4f4db7f792c2
phi_net_train_0706,data/raw/property_conditions/train/non_collapse/phi_net_train_nc_0706.jpg,non_collapse,1,NC,Non-collapse,OFFICIAL_TRAIN,train,PEER Hub ImageNet (PHI-Net) Task 5,Yuqing Gao (UC Berkeley PEER Center),CC BY-NC-SA 4.0,224,224,3,576ef3e0e1a1c2b130c14f1ac8c5718cb9decd3a6107a9d2e5291bdb496073f9
phi_net_train_0707,data/raw/property_conditions/train/non_collapse/phi_net_train_nc_0707.jpg,non_collapse,1,NC,Non-collapse,OFFICIAL_TRAIN,train,PEER Hub ImageNet (PHI-Net) Task 5,Yuqing Gao (UC Berkeley PEER Center),CC BY-NC-SA 4.0,224,224,3,756ce89b9240c473b224857215ef19d9eb0961cec51b84a274436e47207769ba
phi_net_train_0708,data/raw/property_conditions/train/non_collapse/phi_net_train_nc_0708.jpg,non_collapse,1,NC,Non-collapse,OFFICIAL_TRAIN,train,PEER Hub ImageNet (PHI-Net) Task 5,Yuqing Gao (UC Berkeley PEER Center),CC BY-NC-SA 4.0,224,224,3,d2fcb4a4a8afb7801584e5deaae9a75a89f73633aa5a36da977114c9efbce145
phi_net_train_0709,data/raw/property_conditions/train/non_collapse/phi_net_train_nc_0709.jpg,non_collapse,1,NC,Non-collapse,OFFICIAL_TRAIN,train,PEER Hub ImageNet (PHI-Net) Task 5,Yuqing Gao (UC Berkeley PEER Center),CC BY-NC-SA 4.0,224,224,3,04155cc3632bf6a8a8bdaf34738c20bd989fbef9d68caa1ca6199107632d064e
phi_net_train_0710,data/raw/property_conditions/train/non_collapse/phi_net_train_nc_0710.jpg,non_collapse,1,NC,Non-collapse,OFFICIAL_TRAIN,train,PEER Hub ImageNet (PHI-Net) Task 5,Yuqing Gao (UC Berkeley PEER Center),CC BY-NC-SA 4.0,224,224,3,631bd24c9c4146d2089cd8c3cc81d1584a62aced8d7da20ff3658ded7e4780a8
phi_net_train_0711,data/raw/property_conditions/train/non_collapse/phi_net_train_nc_0711.jpg,non_collapse,1,NC,Non-collapse,OFFICIAL_TRAIN,train,PEER Hub ImageNet (PHI-Net) Task 5,Yuqing Gao (UC Berkeley PEER Center),CC BY-NC-SA 4.0,224,224,3,2293dbbc4677042f1801a9e4bade76d368d19e0c9b70002071e9ef0a7362141d
phi_net_train_0712,data/raw/property_conditions/train/non_collapse/phi_net_train_nc_0712.jpg,non_collapse,1,NC,Non-collapse,OFFICIAL_TRAIN,train,PEER Hub ImageNet (PHI-Net) Task 5,Yuqing Gao (UC Berkeley PEER Center),CC BY-NC-SA 4.0,224,224,3,767c481446626453d96c48ff18b62862984c0d07eed68747c05c7cee985cada4
phi_net_train_0713,data/raw/property_conditions/train/non_collapse/phi_net_train_nc_0713.jpg,non_collapse,1,NC,Non-collapse,OFFICIAL_TRAIN,train,PEER Hub ImageNet (PHI-Net) Task 5,Yuqing Gao (UC Berkeley PEER Center),CC BY-NC-SA 4.0,224,224,3,26b045102dcb9007d8038e954bf304674c286d81ddd586f8b3e22fbe316d798c
phi_net_train_0714,data/raw/property_conditions/train/non_collapse/phi_net_train_nc_0714.jpg,non_collapse,1,NC,Non-collapse,OFFICIAL_TRAIN,train,PEER Hub ImageNet (PHI-Net) Task 5,Yuqing Gao (UC Berkeley PEER Center),CC BY-NC-SA 4.0,224,224,3,576d33019225b4f195b9671bf5677cb987890d1d35dc823ca8266a3456854c5f
phi_net_train_0715,data/raw/property_conditions/train/non_collapse/phi_net_train_nc_0715.jpg,non_collapse,1,NC,Non-collapse,OFFICIAL_TRAIN,train,PEER Hub ImageNet (PHI-Net) Task 5,Yuqing Gao (UC Berkeley PEER Center),CC BY-NC-SA 4.0,224,224,3,8e114eabbc0bcae22ec0c5d5beafc589968436de2a2f2989d82c49ee8b72aa68
phi_net_train_0716,data/raw/property_conditions/train/non_collapse/phi_net_train_nc_0716.jpg,non_collapse,1,NC,Non-collapse,OFFICIAL_TRAIN,train,PEER Hub ImageNet (PHI-Net) Task 5,Yuqing Gao (UC Berkeley PEER Center),CC BY-NC-SA 4.0,224,224,3,ef3034be0a593c555d6f9fa3f7936613addf7d3282c580f3fc6d5969b5103edc
phi_net_train_0717,data/raw/property_conditions/train/non_collapse/phi_net_train_nc_0717.jpg,non_collapse,1,NC,Non-collapse,OFFICIAL_TRAIN,train,PEER Hub ImageNet (PHI-Net) Task 5,Yuqing Gao (UC Berkeley PEER Center),CC BY-NC-SA 4.0,224,224,3,baa46d79834efd5424928c4619c1b20011872829fa0f7c01fd21aaee8edaa1ce
phi_net_train_0718,data/raw/property_conditions/train/non_collapse/phi_net_train_nc_0718.jpg,non_collapse,1,NC,Non-collapse,OFFICIAL_TRAIN,train,PEER Hub ImageNet (PHI-Net) Task 5,Yuqing Gao (UC Berkeley PEER Center),CC BY-NC-SA 4.0,224,224,3,1b1359cf6f844f2a49f44ef3cc83ae0fd906562e3a556fde4f58b008e111f478
phi_net_train_0719,data/raw/property_conditions/train/non_collapse/phi_net_train_nc_0719.jpg,non_collapse,1,NC,Non-collapse,OFFICIAL_TRAIN,train,PEER Hub ImageNet (PHI-Net) Task 5,Yuqing Gao (UC Berkeley PEER Center),CC BY-NC-SA 4.0,224,224,3,eea1c0ac6488f223146e8cb5d6d68d920911a9d1e419dd9d6e77d430cb214398
phi_net_train_0720,data/raw/property_conditions/train/non_collapse/phi_net_train_nc_0720.jpg,non_collapse,1,NC,Non-collapse,OFFICIAL_TRAIN,train,PEER Hub ImageNet (PHI-Net) Task 5,Yuqing Gao (UC Berkeley PEER Center),CC BY-NC-SA 4.0,224,224,3,05b75720d072db4f97661260450fd4124f89d2a73ff303397a2fc5c7d789e9ad
phi_net_train_0721,data/raw/property_conditions/train/non_collapse/phi_net_train_nc_0721.jpg,non_collapse,1,NC,Non-collapse,OFFICIAL_TRAIN,train,PEER Hub ImageNet (PHI-Net) Task 5,Yuqing Gao (UC Berkeley PEER Center),CC BY-NC-SA 4.0,224,224,3,e016928a46d87448a02a05614a89a810602155dc4043202cecc50047866342c1
phi_net_train_0722,data/raw/property_conditions/val/non_collapse/phi_net_val_nc_0722.jpg,non_collapse,1,NC,Non-collapse,OFFICIAL_TRAIN,val,PEER Hub ImageNet (PHI-Net) Task 5,Yuqing Gao (UC Berkeley PEER Center),CC BY-NC-SA 4.0,224,224,3,d810c88ee0387074498ff567232e0983934ae1573adb8772037ea31ffa24782c
phi_net_train_0723,data/raw/property_conditions/train/non_collapse/phi_net_train_nc_0723.jpg,non_collapse,1,NC,Non-collapse,OFFICIAL_TRAIN,train,PEER Hub ImageNet (PHI-Net) Task 5,Yuqing Gao (UC Berkeley PEER Center),CC BY-NC-SA 4.0,224,224,3,9b5bc7f4083c30fb4512331b455a6cf6013cc00b82fc58f8dacc4acc62d7309a
phi_net_train_0724,data/raw/property_conditions/train/non_collapse/phi_net_train_nc_0724.jpg,non_collapse,1,NC,Non-collapse,OFFICIAL_TRAIN,train,PEER Hub ImageNet (PHI-Net) Task 5,Yuqing Gao (UC Berkeley PEER Center),CC BY-NC-SA 4.0,224,224,3,58e5ee92c922d4ad351306a5865e4f5deeb97e43cd208ce41771a39bc8509276
phi_net_train_0725,data/raw/property_conditions/train/non_collapse/phi_net_train_nc_0725.jpg,non_collapse,1,NC,Non-collapse,OFFICIAL_TRAIN,train,PEER Hub ImageNet (PHI-Net) Task 5,Yuqing Gao (UC Berkeley PEER Center),CC BY-NC-SA 4.0,224,224,3,a837768ea330290df7f123a75100946aff76515de91da6814a99c4d898dfe55e
phi_net_train_0726,data/raw/property_conditions/train/non_collapse/phi_net_train_nc_0726.jpg,non_collapse,1,NC,Non-collapse,OFFICIAL_TRAIN,train,PEER Hub ImageNet (PHI-Net) Task 5,Yuqing Gao (UC Berkeley PEER Center),CC BY-NC-SA 4.0,224,224,3,19d17139469747db7343b2fe7f4566301fc6f3e54c002ffaec651ca3e3960e4a
phi_net_train_0727,data/raw/property_conditions/train/non_collapse/phi_net_train_nc_0727.jpg,non_collapse,1,NC,Non-collapse,OFFICIAL_TRAIN,train,PEER Hub ImageNet (PHI-Net) Task 5,Yuqing Gao (UC Berkeley PEER Center),CC BY-NC-SA 4.0,224,224,3,08c2e29c2fbe41719fce5e20b6edd3f6ee60c6b434c2504bc134f6d5ebe49843
phi_net_train_0728,data/raw/property_conditions/train/non_collapse/phi_net_train_nc_0728.jpg,non_collapse,1,NC,Non-collapse,OFFICIAL_TRAIN,train,PEER Hub ImageNet (PHI-Net) Task 5,Yuqing Gao (UC Berkeley PEER Center),CC BY-NC-SA 4.0,224,224,3,e63d60f12c935dc0044078db6da01950b0defed894a4a27baa710cece57c3e58
phi_net_train_0729,data/raw/property_conditions/train/non_collapse/phi_net_train_nc_0729.jpg,non_collapse,1,NC,Non-collapse,OFFICIAL_TRAIN,train,PEER Hub ImageNet (PHI-Net) Task 5,Yuqing Gao (UC Berkeley PEER Center),CC BY-NC-SA 4.0,224,224,3,2368a4328484425e1ab14b39ae2d6aca5b1fa0d1b20c047655b6899d4ca9df4e
phi_net_train_0730,data/raw/property_conditions/train/non_collapse/phi_net_train_nc_0730.jpg,non_collapse,1,NC,Non-collapse,OFFICIAL_TRAIN,train,PEER Hub ImageNet (PHI-Net) Task 5,Yuqing Gao (UC Berkeley PEER Center),CC BY-NC-SA 4.0,224,224,3,4bed147722bd4a9b6449cdca107a4e69317b612e0da6aef33ec769f600bd5673
phi_net_train_0731,data/raw/property_conditions/train/non_collapse/phi_net_train_nc_0731.jpg,non_collapse,1,NC,Non-collapse,OFFICIAL_TRAIN,train,PEER Hub ImageNet (PHI-Net) Task 5,Yuqing Gao (UC Berkeley PEER Center),CC BY-NC-SA 4.0,224,224,3,9e310d509b97c5cfb0719c79103f1580246fa126baf10de6009c2ab56de13cbf
phi_net_train_0732,data/raw/property_conditions/train/non_collapse/phi_net_train_nc_0732.jpg,non_collapse,1,NC,Non-collapse,OFFICIAL_TRAIN,train,PEER Hub ImageNet (PHI-Net) Task 5,Yuqing Gao (UC Berkeley PEER Center),CC BY-NC-SA 4.0,224,224,3,ff5b47c9a6ea5b819eecd4fd35ec341fc0b04324963ea5acce3abbf40240cf59
phi_net_train_0733,data/raw/property_conditions/train/non_collapse/phi_net_train_nc_0733.jpg,non_collapse,1,NC,Non-collapse,OFFICIAL_TRAIN,train,PEER Hub ImageNet (PHI-Net) Task 5,Yuqing Gao (UC Berkeley PEER Center),CC BY-NC-SA 4.0,224,224,3,6fa834e7d2b2e0e04d7a7d8d5dde0e8eb36214f2f0a9e1eaa4617879f86a27d7
phi_net_train_0734,data/raw/property_conditions/train/non_collapse/phi_net_train_nc_0734.jpg,non_collapse,1,NC,Non-collapse,OFFICIAL_TRAIN,train,PEER Hub ImageNet (PHI-Net) Task 5,Yuqing Gao (UC Berkeley PEER Center),CC BY-NC-SA 4.0,224,224,3,c12d8d8019b20b5d961996968cbe6c4ebf75a33dc7a08ffd5fd5f97ba44f38f7
phi_net_train_0735,data/raw/property_conditions/val/non_collapse/phi_net_val_nc_0735.jpg,non_collapse,1,NC,Non-collapse,OFFICIAL_TRAIN,val,PEER Hub ImageNet (PHI-Net) Task 5,Yuqing Gao (UC Berkeley PEER Center),CC BY-NC-SA 4.0,224,224,3,9acbba8e863c32004097894d0952dbd5d5304b04cbb41e01e0eaf72d7086250d
phi_net_train_0736,data/raw/property_conditions/train/non_collapse/phi_net_train_nc_0736.jpg,non_collapse,1,NC,Non-collapse,OFFICIAL_TRAIN,train,PEER Hub ImageNet (PHI-Net) Task 5,Yuqing Gao (UC Berkeley PEER Center),CC BY-NC-SA 4.0,224,224,3,d0a605b6262a5e65dc42e5396311aead12d0afc462256ace4746a147d20ac451
phi_net_train_0737,data/raw/property_conditions/train/non_collapse/phi_net_train_nc_0737.jpg,non_collapse,1,NC,Non-collapse,OFFICIAL_TRAIN,train,PEER Hub ImageNet (PHI-Net) Task 5,Yuqing Gao (UC Berkeley PEER Center),CC BY-NC-SA 4.0,224,224,3,c5a2db79f77ee47edab9307384027670bbf72dfead560b75c7e191c52a98564e
phi_net_train_0738,data/raw/property_conditions/train/non_collapse/phi_net_train_nc_0738.jpg,non_collapse,1,NC,Non-collapse,OFFICIAL_TRAIN,train,PEER Hub ImageNet (PHI-Net) Task 5,Yuqing Gao (UC Berkeley PEER Center),CC BY-NC-SA 4.0,224,224,3,c0599622d5f4815327b65e79ad86415a73f50c4fb352dd84ad0f33028889cfca
phi_net_train_0739,data/raw/property_conditions/train/non_collapse/phi_net_train_nc_0739.jpg,non_collapse,1,NC,Non-collapse,OFFICIAL_TRAIN,train,PEER Hub ImageNet (PHI-Net) Task 5,Yuqing Gao (UC Berkeley PEER Center),CC BY-NC-SA 4.0,224,224,3,6d2c18bfd08dc39131a0eb13e343371da126c3a636ef61daae8343739d3b7d5a
phi_net_train_0740,data/raw/property_conditions/val/non_collapse/phi_net_val_nc_0740.jpg,non_collapse,1,NC,Non-collapse,OFFICIAL_TRAIN,val,PEER Hub ImageNet (PHI-Net) Task 5,Yuqing Gao (UC Berkeley PEER Center),CC BY-NC-SA 4.0,224,224,3,7d6dfcc4d9c1e27348eadd1d5482295c6ebf67f633e8ea9d34110fa1d0030cda
phi_net_train_0741,data/raw/property_conditions/train/non_collapse/phi_net_train_nc_0741.jpg,non_collapse,1,NC,Non-collapse,OFFICIAL_TRAIN,train,PEER Hub ImageNet (PHI-Net) Task 5,Yuqing Gao (UC Berkeley PEER Center),CC BY-NC-SA 4.0,224,224,3,6e65b2ae57ea438580602819a4728357030db8a77d9f42f3cf6970acf0a70b18
phi_net_train_0742,data/raw/property_conditions/train/non_collapse/phi_net_train_nc_0742.jpg,non_collapse,1,NC,Non-collapse,OFFICIAL_TRAIN,train,PEER Hub ImageNet (PHI-Net) Task 5,Yuqing Gao (UC Berkeley PEER Center),CC BY-NC-SA 4.0,224,224,3,1f8bf9e8d20acb0b32e978b21e13e2cab149dbbadde5df25248ec52b1be4d15b
phi_net_train_0743,data/raw/property_conditions/train/non_collapse/phi_net_train_nc_0743.jpg,non_collapse,1,NC,Non-collapse,OFFICIAL_TRAIN,train,PEER Hub ImageNet (PHI-Net) Task 5,Yuqing Gao (UC Berkeley PEER Center),CC BY-NC-SA 4.0,224,224,3,8be20751dee422b7da419d0a7593edd245e4ed1e5368ae759df288d4b85c5fe5
phi_net_train_0744,data/raw/property_conditions/val/non_collapse/phi_net_val_nc_0744.jpg,non_collapse,1,NC,Non-collapse,OFFICIAL_TRAIN,val,PEER Hub ImageNet (PHI-Net) Task 5,Yuqing Gao (UC Berkeley PEER Center),CC BY-NC-SA 4.0,224,224,3,5b87dda3b0e828390d38d0f0e5358f22ee198043583fe5da00faeffae12bb921
phi_net_train_0745,data/raw/property_conditions/train/non_collapse/phi_net_train_nc_0745.jpg,non_collapse,1,NC,Non-collapse,OFFICIAL_TRAIN,train,PEER Hub ImageNet (PHI-Net) Task 5,Yuqing Gao (UC Berkeley PEER Center),CC BY-NC-SA 4.0,224,224,3,f52d9110f3564a04a997c69587cbfcd477da7fc4182104f13d74617c41ab24f0
phi_net_train_0746,data/raw/property_conditions/val/non_collapse/phi_net_val_nc_0746.jpg,non_collapse,1,NC,Non-collapse,OFFICIAL_TRAIN,val,PEER Hub ImageNet (PHI-Net) Task 5,Yuqing Gao (UC Berkeley PEER Center),CC BY-NC-SA 4.0,224,224,3,a613210ebd4d42205d2c936e04684dedf345f0802efb57d3d2be24b5b0fafae2
phi_net_train_0747,data/raw/property_conditions/train/non_collapse/phi_net_train_nc_0747.jpg,non_collapse,1,NC,Non-collapse,OFFICIAL_TRAIN,train,PEER Hub ImageNet (PHI-Net) Task 5,Yuqing Gao (UC Berkeley PEER Center),CC BY-NC-SA 4.0,224,224,3,58137b06686b45bcac31910bb39af3bccf197cb4f4e33580fe0caddab43d47ae
phi_net_train_0748,data/raw/property_conditions/train/non_collapse/phi_net_train_nc_0748.jpg,non_collapse,1,NC,Non-collapse,OFFICIAL_TRAIN,train,PEER Hub ImageNet (PHI-Net) Task 5,Yuqing Gao (UC Berkeley PEER Center),CC BY-NC-SA 4.0,224,224,3,d217246a3579986fe34c9e414f3dc99a5956abdf2d3c42a8893df5aff34cf0b9
phi_net_train_0749,data/raw/property_conditions/train/non_collapse/phi_net_train_nc_0749.jpg,non_collapse,1,NC,Non-collapse,OFFICIAL_TRAIN,train,PEER Hub ImageNet (PHI-Net) Task 5,Yuqing Gao (UC Berkeley PEER Center),CC BY-NC-SA 4.0,224,224,3,e58cb42bdf9dad98486ec2b161efc97b0c6ebd69e414391552bfd2d1cef4859b
phi_net_train_0750,data/raw/property_conditions/train/non_collapse/phi_net_train_nc_0750.jpg,non_collapse,1,NC,Non-collapse,OFFICIAL_TRAIN,train,PEER Hub ImageNet (PHI-Net) Task 5,Yuqing Gao (UC Berkeley PEER Center),CC BY-NC-SA 4.0,224,224,3,81afe6e4aa2293fd93888b4d372cc38818943269b6234efb91270822825c76f7
phi_net_train_0751,data/raw/property_conditions/train/non_collapse/phi_net_train_nc_0751.jpg,non_collapse,1,NC,Non-collapse,OFFICIAL_TRAIN,train,PEER Hub ImageNet (PHI-Net) Task 5,Yuqing Gao (UC Berkeley PEER Center),CC BY-NC-SA 4.0,224,224,3,5a396413d08a0c3e5e85aa61e20feba310347b3392267ce8a630aed1ff934b06
phi_net_train_0752,data/raw/property_conditions/train/non_collapse/phi_net_train_nc_0752.jpg,non_collapse,1,NC,Non-collapse,OFFICIAL_TRAIN,train,PEER Hub ImageNet (PHI-Net) Task 5,Yuqing Gao (UC Berkeley PEER Center),CC BY-NC-SA 4.0,224,224,3,6badac60b7fab3247ec72b5c1477808142dfcddc0accd27f124859c922a40a80
phi_net_train_0753,data/raw/property_conditions/val/non_collapse/phi_net_val_nc_0753.jpg,non_collapse,1,NC,Non-collapse,OFFICIAL_TRAIN,val,PEER Hub ImageNet (PHI-Net) Task 5,Yuqing Gao (UC Berkeley PEER Center),CC BY-NC-SA 4.0,224,224,3,b6517699f32478b2f9310d9c82bf12061bd644075595484b7f58e48107b1bd18
phi_net_train_0754,data/raw/property_conditions/train/non_collapse/phi_net_train_nc_0754.jpg,non_collapse,1,NC,Non-collapse,OFFICIAL_TRAIN,train,PEER Hub ImageNet (PHI-Net) Task 5,Yuqing Gao (UC Berkeley PEER Center),CC BY-NC-SA 4.0,224,224,3,3245b704ac5d19fa35165f39b5cd06f2912a93df02670dd8ac07f91c5fce878f
phi_net_train_0755,data/raw/property_conditions/train/non_collapse/phi_net_train_nc_0755.jpg,non_collapse,1,NC,Non-collapse,OFFICIAL_TRAIN,train,PEER Hub ImageNet (PHI-Net) Task 5,Yuqing Gao (UC Berkeley PEER Center),CC BY-NC-SA 4.0,224,224,3,dd5a1b0149714da08824aa22f60057d56924d94e3e1bd0a7804fa966b0347706
phi_net_train_0756,data/raw/property_conditions/train/non_collapse/phi_net_train_nc_0756.jpg,non_collapse,1,NC,Non-collapse,OFFICIAL_TRAIN,train,PEER Hub ImageNet (PHI-Net) Task 5,Yuqing Gao (UC Berkeley PEER Center),CC BY-NC-SA 4.0,224,224,3,52521ae5580d5b353854452b5939f6eb05b5d94c8b6e19b3d4b5321bb755cbbd
phi_net_train_0757,data/raw/property_conditions/train/non_collapse/phi_net_train_nc_0757.jpg,non_collapse,1,NC,Non-collapse,OFFICIAL_TRAIN,train,PEER Hub ImageNet (PHI-Net) Task 5,Yuqing Gao (UC Berkeley PEER Center),CC BY-NC-SA 4.0,224,224,3,38b0312a9711eea8b1f4fac4110afd2646ccefa1f508a8c5e9ef5903f1fc985c
phi_net_train_0758,data/raw/property_conditions/train/non_collapse/phi_net_train_nc_0758.jpg,non_collapse,1,NC,Non-collapse,OFFICIAL_TRAIN,train,PEER Hub ImageNet (PHI-Net) Task 5,Yuqing Gao (UC Berkeley PEER Center),CC BY-NC-SA 4.0,224,224,3,d4d361181aeaacd105d9982b4fdcd303e56274fb9864fe7dd9e52c35fd572a01
phi_net_train_0759,data/raw/property_conditions/train/non_collapse/phi_net_train_nc_0759.jpg,non_collapse,1,NC,Non-collapse,OFFICIAL_TRAIN,train,PEER Hub ImageNet (PHI-Net) Task 5,Yuqing Gao (UC Berkeley PEER Center),CC BY-NC-SA 4.0,224,224,3,6d96717bda758c91b27c6c7c4a36748d025eeba0fa39bb9674ff883e0bc0c275
phi_net_train_0760,data/raw/property_conditions/train/non_collapse/phi_net_train_nc_0760.jpg,non_collapse,1,NC,Non-collapse,OFFICIAL_TRAIN,train,PEER Hub ImageNet (PHI-Net) Task 5,Yuqing Gao (UC Berkeley PEER Center),CC BY-NC-SA 4.0,224,224,3,33642c5b446663d40b09fa0307466a9f69aa14642ef9ea1a5302fdfaa8c47e99
phi_net_train_0761,data/raw/property_conditions/val/non_collapse/phi_net_val_nc_0761.jpg,non_collapse,1,NC,Non-collapse,OFFICIAL_TRAIN,val,PEER Hub ImageNet (PHI-Net) Task 5,Yuqing Gao (UC Berkeley PEER Center),CC BY-NC-SA 4.0,224,224,3,3cd4df0103f1f3cf9642a6b0fbfd063d62a75241002a0af1acb5909a002fcbc3
phi_net_train_0762,data/raw/property_conditions/train/non_collapse/phi_net_train_nc_0762.jpg,non_collapse,1,NC,Non-collapse,OFFICIAL_TRAIN,train,PEER Hub ImageNet (PHI-Net) Task 5,Yuqing Gao (UC Berkeley PEER Center),CC BY-NC-SA 4.0,224,224,3,9a11ec50b66a522d83de9b54c728d6fc60fcbab6b9fbd61ba1f39f2dd84b0797
phi_net_train_0763,data/raw/property_conditions/train/non_collapse/phi_net_train_nc_0763.jpg,non_collapse,1,NC,Non-collapse,OFFICIAL_TRAIN,train,PEER Hub ImageNet (PHI-Net) Task 5,Yuqing Gao (UC Berkeley PEER Center),CC BY-NC-SA 4.0,224,224,3,c3c97b495b9f80e96f9f307cc552f6f8449f0122311c2bebad76087886b2bdd2
phi_net_train_0764,data/raw/property_conditions/val/non_collapse/phi_net_val_nc_0764.jpg,non_collapse,1,NC,Non-collapse,OFFICIAL_TRAIN,val,PEER Hub ImageNet (PHI-Net) Task 5,Yuqing Gao (UC Berkeley PEER Center),CC BY-NC-SA 4.0,224,224,3,f93ed8b2ee08788027c8b83a2aaa4cc4f67a75331c2372e1c4332e0cf0fa74a7
phi_net_train_0765,data/raw/property_conditions/val/non_collapse/phi_net_val_nc_0765.jpg,non_collapse,1,NC,Non-collapse,OFFICIAL_TRAIN,val,PEER Hub ImageNet (PHI-Net) Task 5,Yuqing Gao (UC Berkeley PEER Center),CC BY-NC-SA 4.0,224,224,3,0f9779fa3a6a102c632bfe84ae05cf5b971d8c1edefea78195c595579e1d51ad
phi_net_train_0766,data/raw/property_conditions/train/non_collapse/phi_net_train_nc_0766.jpg,non_collapse,1,NC,Non-collapse,OFFICIAL_TRAIN,train,PEER Hub ImageNet (PHI-Net) Task 5,Yuqing Gao (UC Berkeley PEER Center),CC BY-NC-SA 4.0,224,224,3,33fc3bb2db662a32fce6f5117e8d66756f2968253d241c6fa776dccabba06cde
phi_net_train_0767,data/raw/property_conditions/train/non_collapse/phi_net_train_nc_0767.jpg,non_collapse,1,NC,Non-collapse,OFFICIAL_TRAIN,train,PEER Hub ImageNet (PHI-Net) Task 5,Yuqing Gao (UC Berkeley PEER Center),CC BY-NC-SA 4.0,224,224,3,1ffb492b2da2de34c376f3a1f2b7722bf192daa254e3a37ea3eedba382970c92
phi_net_train_0768,data/raw/property_conditions/val/non_collapse/phi_net_val_nc_0768.jpg,non_collapse,1,NC,Non-collapse,OFFICIAL_TRAIN,val,PEER Hub ImageNet (PHI-Net) Task 5,Yuqing Gao (UC Berkeley PEER Center),CC BY-NC-SA 4.0,224,224,3,b0e88a7dd4e20a6b9f7b7ba47221606d22df425fccd66ca29742a72602f68462
phi_net_train_0769,data/raw/property_conditions/train/non_collapse/phi_net_train_nc_0769.jpg,non_collapse,1,NC,Non-collapse,OFFICIAL_TRAIN,train,PEER Hub ImageNet (PHI-Net) Task 5,Yuqing Gao (UC Berkeley PEER Center),CC BY-NC-SA 4.0,224,224,3,5642c53b67f4f9eb280fd08ae599ae00d75f94763854b51d06f1846795596b21
phi_net_train_0770,data/raw/property_conditions/train/non_collapse/phi_net_train_nc_0770.jpg,non_collapse,1,NC,Non-collapse,OFFICIAL_TRAIN,train,PEER Hub ImageNet (PHI-Net) Task 5,Yuqing Gao (UC Berkeley PEER Center),CC BY-NC-SA 4.0,224,224,3,57a60e3103a3714ccdfe1cfd97ac40f003b26e7229cfbe9fd186016b4225b876
phi_net_train_0771,data/raw/property_conditions/val/non_collapse/phi_net_val_nc_0771.jpg,non_collapse,1,NC,Non-collapse,OFFICIAL_TRAIN,val,PEER Hub ImageNet (PHI-Net) Task 5,Yuqing Gao (UC Berkeley PEER Center),CC BY-NC-SA 4.0,224,224,3,b8e482d3bd315a7a8c441839705fc70e567a394b756aa7224490a58962c3b054
phi_net_train_0772,data/raw/property_conditions/val/non_collapse/phi_net_val_nc_0772.jpg,non_collapse,1,NC,Non-collapse,OFFICIAL_TRAIN,val,PEER Hub ImageNet (PHI-Net) Task 5,Yuqing Gao (UC Berkeley PEER Center),CC BY-NC-SA 4.0,224,224,3,f9eb1e60afbe7420a5b0db0754dfd867827adb0a4f29fcd798eeff0510974c0e
phi_net_train_0773,data/raw/property_conditions/train/non_collapse/phi_net_train_nc_0773.jpg,non_collapse,1,NC,Non-collapse,OFFICIAL_TRAIN,train,PEER Hub ImageNet (PHI-Net) Task 5,Yuqing Gao (UC Berkeley PEER Center),CC BY-NC-SA 4.0,224,224,3,e75bdbd60c2b3e7ae892b21cb8060ddb30f5f25d798aa6b9d04897ff61010808
phi_net_train_0774,data/raw/property_conditions/train/non_collapse/phi_net_train_nc_0774.jpg,non_collapse,1,NC,Non-collapse,OFFICIAL_TRAIN,train,PEER Hub ImageNet (PHI-Net) Task 5,Yuqing Gao (UC Berkeley PEER Center),CC BY-NC-SA 4.0,224,224,3,1d8f18f9143e05bb2fe91b1f157fef420e17f7d84e07491720f0626ca2353240
phi_net_train_0775,data/raw/property_conditions/train/non_collapse/phi_net_train_nc_0775.jpg,non_collapse,1,NC,Non-collapse,OFFICIAL_TRAIN,train,PEER Hub ImageNet (PHI-Net) Task 5,Yuqing Gao (UC Berkeley PEER Center),CC BY-NC-SA 4.0,224,224,3,f39b1516c2169e6d129d1ab26d4f0a9e7fb7d5a57a4be8949beafeb3a6396fc1
phi_net_train_0776,data/raw/property_conditions/train/non_collapse/phi_net_train_nc_0776.jpg,non_collapse,1,NC,Non-collapse,OFFICIAL_TRAIN,train,PEER Hub ImageNet (PHI-Net) Task 5,Yuqing Gao (UC Berkeley PEER Center),CC BY-NC-SA 4.0,224,224,3,2f206b0920bad4268e6e717ffeceaed85b31a7fb1d3ac70d2b88fffd0a0dba97
phi_net_train_0777,data/raw/property_conditions/train/non_collapse/phi_net_train_nc_0777.jpg,non_collapse,1,NC,Non-collapse,OFFICIAL_TRAIN,train,PEER Hub ImageNet (PHI-Net) Task 5,Yuqing Gao (UC Berkeley PEER Center),CC BY-NC-SA 4.0,224,224,3,72cf57d2d8a4f2d0e7c880644ded9206bb59896089495aee26a28a26c118f6af
phi_net_train_0778,data/raw/property_conditions/train/non_collapse/phi_net_train_nc_0778.jpg,non_collapse,1,NC,Non-collapse,OFFICIAL_TRAIN,train,PEER Hub ImageNet (PHI-Net) Task 5,Yuqing Gao (UC Berkeley PEER Center),CC BY-NC-SA 4.0,224,224,3,d98eea306224b53e09bc0c7358f9bbe7184a685387b964acbbc3e329aa601c62
phi_net_train_0779,data/raw/property_conditions/train/non_collapse/phi_net_train_nc_0779.jpg,non_collapse,1,NC,Non-collapse,OFFICIAL_TRAIN,train,PEER Hub ImageNet (PHI-Net) Task 5,Yuqing Gao (UC Berkeley PEER Center),CC BY-NC-SA 4.0,224,224,3,b73e72a62c0116e69e33c7c072439123e88dbe9df97078f70de90592feca98e6
phi_net_train_0780,data/raw/property_conditions/train/non_collapse/phi_net_train_nc_0780.jpg,non_collapse,1,NC,Non-collapse,OFFICIAL_TRAIN,train,PEER Hub ImageNet (PHI-Net) Task 5,Yuqing Gao (UC Berkeley PEER Center),CC BY-NC-SA 4.0,224,224,3,4c5e3e82d191f85611c59f487dd8c2ff9b4b8c27e9ffcb7e35bc76fb3cd11e65
phi_net_train_0781,data/raw/property_conditions/train/non_collapse/phi_net_train_nc_0781.jpg,non_collapse,1,NC,Non-collapse,OFFICIAL_TRAIN,train,PEER Hub ImageNet (PHI-Net) Task 5,Yuqing Gao (UC Berkeley PEER Center),CC BY-NC-SA 4.0,224,224,3,08e580585c1db68d6d50ac2b8be947a2fe7790c19706f183aa5516e34ba1566b
phi_net_train_0782,data/raw/property_conditions/train/non_collapse/phi_net_train_nc_0782.jpg,non_collapse,1,NC,Non-collapse,OFFICIAL_TRAIN,train,PEER Hub ImageNet (PHI-Net) Task 5,Yuqing Gao (UC Berkeley PEER Center),CC BY-NC-SA 4.0,224,224,3,31e17059381fc20204326d10c2947da628cf4758795e5208e2716a6415f21c19
phi_net_train_0783,data/raw/property_conditions/train/non_collapse/phi_net_train_nc_0783.jpg,non_collapse,1,NC,Non-collapse,OFFICIAL_TRAIN,train,PEER Hub ImageNet (PHI-Net) Task 5,Yuqing Gao (UC Berkeley PEER Center),CC BY-NC-SA 4.0,224,224,3,067a3b08ba6ac54a550ee5fbec79a485a3728014ed74039cd6569fdcddff32b8
phi_net_train_0784,data/raw/property_conditions/val/non_collapse/phi_net_val_nc_0784.jpg,non_collapse,1,NC,Non-collapse,OFFICIAL_TRAIN,val,PEER Hub ImageNet (PHI-Net) Task 5,Yuqing Gao (UC Berkeley PEER Center),CC BY-NC-SA 4.0,224,224,3,00892813aa518d1c5832cff3958ea06a503228649e3cc4fc4b35585293fb4de3
phi_net_train_0785,data/raw/property_conditions/val/non_collapse/phi_net_val_nc_0785.jpg,non_collapse,1,NC,Non-collapse,OFFICIAL_TRAIN,val,PEER Hub ImageNet (PHI-Net) Task 5,Yuqing Gao (UC Berkeley PEER Center),CC BY-NC-SA 4.0,224,224,3,8e18deaf8b09fa6ae3c20b4ae8334a524a5493f4e81b9ca858846707fc110bc4
phi_net_train_0786,data/raw/property_conditions/train/non_collapse/phi_net_train_nc_0786.jpg,non_collapse,1,NC,Non-collapse,OFFICIAL_TRAIN,train,PEER Hub ImageNet (PHI-Net) Task 5,Yuqing Gao (UC Berkeley PEER Center),CC BY-NC-SA 4.0,224,224,3,82d7bdd2c62b1cd6752a9c65504db23f37b8dec823835bb7c8773da3c4b8d35f
phi_net_train_0787,data/raw/property_conditions/train/non_collapse/phi_net_train_nc_0787.jpg,non_collapse,1,NC,Non-collapse,OFFICIAL_TRAIN,train,PEER Hub ImageNet (PHI-Net) Task 5,Yuqing Gao (UC Berkeley PEER Center),CC BY-NC-SA 4.0,224,224,3,26018ea8b3d5557b89cdce26084cc7c6550886f3923cd3b304372779f735a307
phi_net_train_0788,data/raw/property_conditions/train/non_collapse/phi_net_train_nc_0788.jpg,non_collapse,1,NC,Non-collapse,OFFICIAL_TRAIN,train,PEER Hub ImageNet (PHI-Net) Task 5,Yuqing Gao (UC Berkeley PEER Center),CC BY-NC-SA 4.0,224,224,3,c07f8e466a5ffa8151b2615a623d32b44fe326e800802c08016a1dc6dccc5cee
phi_net_train_0789,data/raw/property_conditions/train/non_collapse/phi_net_train_nc_0789.jpg,non_collapse,1,NC,Non-collapse,OFFICIAL_TRAIN,train,PEER Hub ImageNet (PHI-Net) Task 5,Yuqing Gao (UC Berkeley PEER Center),CC BY-NC-SA 4.0,224,224,3,9c6e4b78e09ecc330fac6b32c17ca44b0ddd61893b1ac5968cd3e68c054fa56f
phi_net_train_0790,data/raw/property_conditions/val/non_collapse/phi_net_val_nc_0790.jpg,non_collapse,1,NC,Non-collapse,OFFICIAL_TRAIN,val,PEER Hub ImageNet (PHI-Net) Task 5,Yuqing Gao (UC Berkeley PEER Center),CC BY-NC-SA 4.0,224,224,3,131d440894efe030562162a87807db017a42b76d6e8f0c2dc906ebf292d2575f
phi_net_train_0791,data/raw/property_conditions/train/non_collapse/phi_net_train_nc_0791.jpg,non_collapse,1,NC,Non-collapse,OFFICIAL_TRAIN,train,PEER Hub ImageNet (PHI-Net) Task 5,Yuqing Gao (UC Berkeley PEER Center),CC BY-NC-SA 4.0,224,224,3,9c4598fdbf1142fa02d80cde729227d9f284f85046c7571f2dbc7f8362faa258
phi_net_train_0792,data/raw/property_conditions/train/non_collapse/phi_net_train_nc_0792.jpg,non_collapse,1,NC,Non-collapse,OFFICIAL_TRAIN,train,PEER Hub ImageNet (PHI-Net) Task 5,Yuqing Gao (UC Berkeley PEER Center),CC BY-NC-SA 4.0,224,224,3,3f60f67aa6107f27cfa16996b60be6afa3478a647250a27239aff2c6ed76126d
phi_net_train_0793,data/raw/property_conditions/train/non_collapse/phi_net_train_nc_0793.jpg,non_collapse,1,NC,Non-collapse,OFFICIAL_TRAIN,train,PEER Hub ImageNet (PHI-Net) Task 5,Yuqing Gao (UC Berkeley PEER Center),CC BY-NC-SA 4.0,224,224,3,fe85cf1785c0afc74aad9d86489dcc3a0b3fb8360c24c653d9f0f97440644a95
phi_net_train_0794,data/raw/property_conditions/train/non_collapse/phi_net_train_nc_0794.jpg,non_collapse,1,NC,Non-collapse,OFFICIAL_TRAIN,train,PEER Hub ImageNet (PHI-Net) Task 5,Yuqing Gao (UC Berkeley PEER Center),CC BY-NC-SA 4.0,224,224,3,69cef6ac7335043a9e2d41f81267032d632fa717e21b0784f1068ac045672c92
phi_net_train_0795,data/raw/property_conditions/train/non_collapse/phi_net_train_nc_0795.jpg,non_collapse,1,NC,Non-collapse,OFFICIAL_TRAIN,train,PEER Hub ImageNet (PHI-Net) Task 5,Yuqing Gao (UC Berkeley PEER Center),CC BY-NC-SA 4.0,224,224,3,b8a39d21988ef70f230d144109d3b888ddce35c69e8af0fa0eb507ef2702fb54
phi_net_train_0796,data/raw/property_conditions/val/non_collapse/phi_net_val_nc_0796.jpg,non_collapse,1,NC,Non-collapse,OFFICIAL_TRAIN,val,PEER Hub ImageNet (PHI-Net) Task 5,Yuqing Gao (UC Berkeley PEER Center),CC BY-NC-SA 4.0,224,224,3,5333ed78c0555390ca07b9ac4b3f7804009457e64061ab101ff35ae5bd6d8eae
phi_net_train_0797,data/raw/property_conditions/train/non_collapse/phi_net_train_nc_0797.jpg,non_collapse,1,NC,Non-collapse,OFFICIAL_TRAIN,train,PEER Hub ImageNet (PHI-Net) Task 5,Yuqing Gao (UC Berkeley PEER Center),CC BY-NC-SA 4.0,224,224,3,0f78c6c0835e6dd35cfbea1a8245501e1935bccb34b99c73649c208ded46cca8
phi_net_train_0798,data/raw/property_conditions/val/non_collapse/phi_net_val_nc_0798.jpg,non_collapse,1,NC,Non-collapse,OFFICIAL_TRAIN,val,PEER Hub ImageNet (PHI-Net) Task 5,Yuqing Gao (UC Berkeley PEER Center),CC BY-NC-SA 4.0,224,224,3,5749fe6065c787e1829d7a0dea6e7bc82c7e50abb607358a029c7a1f71eb484c
phi_net_train_0799,data/raw/property_conditions/train/non_collapse/phi_net_train_nc_0799.jpg,non_collapse,1,NC,Non-collapse,OFFICIAL_TRAIN,train,PEER Hub ImageNet (PHI-Net) Task 5,Yuqing Gao (UC Berkeley PEER Center),CC BY-NC-SA 4.0,224,224,3,8d5e2d19d891e5921c593cd4a60154be5862c7dd266e5d0227d5d2c8b7d63b80
phi_net_train_0800,data/raw/property_conditions/train/non_collapse/phi_net_train_nc_0800.jpg,non_collapse,1,NC,Non-collapse,OFFICIAL_TRAIN,train,PEER Hub ImageNet (PHI-Net) Task 5,Yuqing Gao (UC Berkeley PEER Center),CC BY-NC-SA 4.0,224,224,3,26fd75e89290eeb59706362543f1e6e38aa22c5dc35552ac8ad7392c5035b7eb
phi_net_train_0801,data/raw/property_conditions/train/non_collapse/phi_net_train_nc_0801.jpg,non_collapse,1,NC,Non-collapse,OFFICIAL_TRAIN,train,PEER Hub ImageNet (PHI-Net) Task 5,Yuqing Gao (UC Berkeley PEER Center),CC BY-NC-SA 4.0,224,224,3,404b3efc34191aa07844a3904911b4d6bb8a7cbc63fb7952b31bad07584fd206
phi_net_train_0802,data/raw/property_conditions/train/non_collapse/phi_net_train_nc_0802.jpg,non_collapse,1,NC,Non-collapse,OFFICIAL_TRAIN,train,PEER Hub ImageNet (PHI-Net) Task 5,Yuqing Gao (UC Berkeley PEER Center),CC BY-NC-SA 4.0,224,224,3,a28f850751c81e2411d0507e13a872657771596fd0571131fd150793a94d1cc6
phi_net_train_0803,data/raw/property_conditions/train/non_collapse/phi_net_train_nc_0803.jpg,non_collapse,1,NC,Non-collapse,OFFICIAL_TRAIN,train,PEER Hub ImageNet (PHI-Net) Task 5,Yuqing Gao (UC Berkeley PEER Center),CC BY-NC-SA 4.0,224,224,3,3503aac9244e8858d7f44671e1608639b6b5d30406de90694aa6456f4ab62bf1
phi_net_train_0804,data/raw/property_conditions/train/non_collapse/phi_net_train_nc_0804.jpg,non_collapse,1,NC,Non-collapse,OFFICIAL_TRAIN,train,PEER Hub ImageNet (PHI-Net) Task 5,Yuqing Gao (UC Berkeley PEER Center),CC BY-NC-SA 4.0,224,224,3,6109793489d0da81eeb113a775aea54078356f927f227256e21df03a785db80e
phi_net_train_0805,data/raw/property_conditions/train/non_collapse/phi_net_train_nc_0805.jpg,non_collapse,1,NC,Non-collapse,OFFICIAL_TRAIN,train,PEER Hub ImageNet (PHI-Net) Task 5,Yuqing Gao (UC Berkeley PEER Center),CC BY-NC-SA 4.0,224,224,3,1e15591ed3adbcb2f0783cf45e9cfa91f5fe65b8a60f0560c44f5fde9a359009
phi_net_train_0806,data/raw/property_conditions/train/non_collapse/phi_net_train_nc_0806.jpg,non_collapse,1,NC,Non-collapse,OFFICIAL_TRAIN,train,PEER Hub ImageNet (PHI-Net) Task 5,Yuqing Gao (UC Berkeley PEER Center),CC BY-NC-SA 4.0,224,224,3,35759ddb6e95b97b8e9d8780217d2937f2ea3abec947b6628a176ef9910fe4b8
phi_net_train_0807,data/raw/property_conditions/train/non_collapse/phi_net_train_nc_0807.jpg,non_collapse,1,NC,Non-collapse,OFFICIAL_TRAIN,train,PEER Hub ImageNet (PHI-Net) Task 5,Yuqing Gao (UC Berkeley PEER Center),CC BY-NC-SA 4.0,224,224,3,a28b40e3c3734d8f4c3e9a22e995ebd0a584543a036f03add1c5353f866d29ef
phi_net_train_0808,data/raw/property_conditions/train/non_collapse/phi_net_train_nc_0808.jpg,non_collapse,1,NC,Non-collapse,OFFICIAL_TRAIN,train,PEER Hub ImageNet (PHI-Net) Task 5,Yuqing Gao (UC Berkeley PEER Center),CC BY-NC-SA 4.0,224,224,3,779ee3b345df197ab0e1eb34dca4b800582d9729e321b9412b90eb12465dda05
phi_net_train_0809,data/raw/property_conditions/train/non_collapse/phi_net_train_nc_0809.jpg,non_collapse,1,NC,Non-collapse,OFFICIAL_TRAIN,train,PEER Hub ImageNet (PHI-Net) Task 5,Yuqing Gao (UC Berkeley PEER Center),CC BY-NC-SA 4.0,224,224,3,fd3aa55f604c5bd138523de9845929ce7f17e25b159e8d8ee434cfb501aabd75
phi_net_train_0810,data/raw/property_conditions/train/non_collapse/phi_net_train_nc_0810.jpg,non_collapse,1,NC,Non-collapse,OFFICIAL_TRAIN,train,PEER Hub ImageNet (PHI-Net) Task 5,Yuqing Gao (UC Berkeley PEER Center),CC BY-NC-SA 4.0,224,224,3,5747ae25ee258c61255e9707c9673df196c32e387ab1894b49eeb021a50bf783
phi_net_train_0811,data/raw/property_conditions/train/non_collapse/phi_net_train_nc_0811.jpg,non_collapse,1,NC,Non-collapse,OFFICIAL_TRAIN,train,PEER Hub ImageNet (PHI-Net) Task 5,Yuqing Gao (UC Berkeley PEER Center),CC BY-NC-SA 4.0,224,224,3,8143f1bfc338baa08920aaef0c819e1a83cf96fda8774944ef5282fb14e9a18d
phi_net_train_0812,data/raw/property_conditions/val/non_collapse/phi_net_val_nc_0812.jpg,non_collapse,1,NC,Non-collapse,OFFICIAL_TRAIN,val,PEER Hub ImageNet (PHI-Net) Task 5,Yuqing Gao (UC Berkeley PEER Center),CC BY-NC-SA 4.0,224,224,3,6fc6746c60d609032877385a440a58659fd9339922f18155bba6e1399a453ece
phi_net_train_0813,data/raw/property_conditions/val/non_collapse/phi_net_val_nc_0813.jpg,non_collapse,1,NC,Non-collapse,OFFICIAL_TRAIN,val,PEER Hub ImageNet (PHI-Net) Task 5,Yuqing Gao (UC Berkeley PEER Center),CC BY-NC-SA 4.0,224,224,3,5d8ef06f7e968310bdfad9f14045acda456cea158ad9a4ac7e33280b81cfbe8f
phi_net_train_0814,data/raw/property_conditions/train/non_collapse/phi_net_train_nc_0814.jpg,non_collapse,1,NC,Non-collapse,OFFICIAL_TRAIN,train,PEER Hub ImageNet (PHI-Net) Task 5,Yuqing Gao (UC Berkeley PEER Center),CC BY-NC-SA 4.0,224,224,3,84658f35f04479f459356a8f68ddbe006acf029483e773e176d535ed486ab49c
phi_net_train_0815,data/raw/property_conditions/val/non_collapse/phi_net_val_nc_0815.jpg,non_collapse,1,NC,Non-collapse,OFFICIAL_TRAIN,val,PEER Hub ImageNet (PHI-Net) Task 5,Yuqing Gao (UC Berkeley PEER Center),CC BY-NC-SA 4.0,224,224,3,6d34724a67938ca4f34ff556403ba84469fe6da218893c757d72225ac89b1f46
phi_net_train_0816,data/raw/property_conditions/train/non_collapse/phi_net_train_nc_0816.jpg,non_collapse,1,NC,Non-collapse,OFFICIAL_TRAIN,train,PEER Hub ImageNet (PHI-Net) Task 5,Yuqing Gao (UC Berkeley PEER Center),CC BY-NC-SA 4.0,224,224,3,95b73af15e38b90eca3d739f6d59d7e0e4624dbce6ef076b30c0ca39706b695b
phi_net_train_0817,data/raw/property_conditions/train/non_collapse/phi_net_train_nc_0817.jpg,non_collapse,1,NC,Non-collapse,OFFICIAL_TRAIN,train,PEER Hub ImageNet (PHI-Net) Task 5,Yuqing Gao (UC Berkeley PEER Center),CC BY-NC-SA 4.0,224,224,3,26a273ace6be1232ee267c186bdbe52d4c451d8228228e7f0d2e7cae56ffac86
phi_net_train_0818,data/raw/property_conditions/train/non_collapse/phi_net_train_nc_0818.jpg,non_collapse,1,NC,Non-collapse,OFFICIAL_TRAIN,train,PEER Hub ImageNet (PHI-Net) Task 5,Yuqing Gao (UC Berkeley PEER Center),CC BY-NC-SA 4.0,224,224,3,25d08964b919fe244e24eab7ae7496f5e1cd3bb1af48f66dcb6267445e8393b8
phi_net_train_0819,data/raw/property_conditions/train/non_collapse/phi_net_train_nc_0819.jpg,non_collapse,1,NC,Non-collapse,OFFICIAL_TRAIN,train,PEER Hub ImageNet (PHI-Net) Task 5,Yuqing Gao (UC Berkeley PEER Center),CC BY-NC-SA 4.0,224,224,3,be3da744c08c6d669d0500d0307f69339943e911647604e287cc0cb8180811fd
phi_net_train_0820,data/raw/property_conditions/train/non_collapse/phi_net_train_nc_0820.jpg,non_collapse,1,NC,Non-collapse,OFFICIAL_TRAIN,train,PEER Hub ImageNet (PHI-Net) Task 5,Yuqing Gao (UC Berkeley PEER Center),CC BY-NC-SA 4.0,224,224,3,111dd2ebd1f8f55a1dd7f236f9b4fc4a26dd9cfbceee56972860028756925d17
phi_net_train_0821,data/raw/property_conditions/train/non_collapse/phi_net_train_nc_0821.jpg,non_collapse,1,NC,Non-collapse,OFFICIAL_TRAIN,train,PEER Hub ImageNet (PHI-Net) Task 5,Yuqing Gao (UC Berkeley PEER Center),CC BY-NC-SA 4.0,224,224,3,a05e50ce388a46f727ff8d549344e5c7df627cfae41ab980b877b70fb273bcc2
phi_net_train_0822,data/raw/property_conditions/train/non_collapse/phi_net_train_nc_0822.jpg,non_collapse,1,NC,Non-collapse,OFFICIAL_TRAIN,train,PEER Hub ImageNet (PHI-Net) Task 5,Yuqing Gao (UC Berkeley PEER Center),CC BY-NC-SA 4.0,224,224,3,a5b80911793f6ecae090242f169871b64620be6589a96150e82fce3edff92be2
phi_net_train_0823,data/raw/property_conditions/train/non_collapse/phi_net_train_nc_0823.jpg,non_collapse,1,NC,Non-collapse,OFFICIAL_TRAIN,train,PEER Hub ImageNet (PHI-Net) Task 5,Yuqing Gao (UC Berkeley PEER Center),CC BY-NC-SA 4.0,224,224,3,2b8fb66f024890a5551aa747ab0d89581f25048c294653130efd04903dc14952
phi_net_train_0824,data/raw/property_conditions/train/non_collapse/phi_net_train_nc_0824.jpg,non_collapse,1,NC,Non-collapse,OFFICIAL_TRAIN,train,PEER Hub ImageNet (PHI-Net) Task 5,Yuqing Gao (UC Berkeley PEER Center),CC BY-NC-SA 4.0,224,224,3,7b47300d619980c6a66f69f9083d966f4a3c35799db8d96e448559de2c759195
phi_net_train_0825,data/raw/property_conditions/train/non_collapse/phi_net_train_nc_0825.jpg,non_collapse,1,NC,Non-collapse,OFFICIAL_TRAIN,train,PEER Hub ImageNet (PHI-Net) Task 5,Yuqing Gao (UC Berkeley PEER Center),CC BY-NC-SA 4.0,224,224,3,4415141c41b523854b9d93bd413510e0ae0368bb27c3ed99e24c03f51d0968a4
phi_net_train_0826,data/raw/property_conditions/train/non_collapse/phi_net_train_nc_0826.jpg,non_collapse,1,NC,Non-collapse,OFFICIAL_TRAIN,train,PEER Hub ImageNet (PHI-Net) Task 5,Yuqing Gao (UC Berkeley PEER Center),CC BY-NC-SA 4.0,224,224,3,5f3af079912e954ddbddefb73dc13ec99793c80d9d788e8fb4196ee753497b3a
phi_net_train_0827,data/raw/property_conditions/train/non_collapse/phi_net_train_nc_0827.jpg,non_collapse,1,NC,Non-collapse,OFFICIAL_TRAIN,train,PEER Hub ImageNet (PHI-Net) Task 5,Yuqing Gao (UC Berkeley PEER Center),CC BY-NC-SA 4.0,224,224,3,292de405cf96a8eee3e236d6158c6acdf2e0dd1d9723aea234582ca2107f2426
phi_net_train_0828,data/raw/property_conditions/train/non_collapse/phi_net_train_nc_0828.jpg,non_collapse,1,NC,Non-collapse,OFFICIAL_TRAIN,train,PEER Hub ImageNet (PHI-Net) Task 5,Yuqing Gao (UC Berkeley PEER Center),CC BY-NC-SA 4.0,224,224,3,6e9c0ce18655417b9eed0b51f39e4919eeef468a1631f9be760cdcb7c46b7efb
phi_net_train_0829,data/raw/property_conditions/train/non_collapse/phi_net_train_nc_0829.jpg,non_collapse,1,NC,Non-collapse,OFFICIAL_TRAIN,train,PEER Hub ImageNet (PHI-Net) Task 5,Yuqing Gao (UC Berkeley PEER Center),CC BY-NC-SA 4.0,224,224,3,cd632ee4959c4d3e5bd9fec8451daa1a0bef683fd6afadfcb3e9fd32f09bc240
phi_net_train_0830,data/raw/property_conditions/train/non_collapse/phi_net_train_nc_0830.jpg,non_collapse,1,NC,Non-collapse,OFFICIAL_TRAIN,train,PEER Hub ImageNet (PHI-Net) Task 5,Yuqing Gao (UC Berkeley PEER Center),CC BY-NC-SA 4.0,224,224,3,19e2d70da16322ec767b7b8372b628939aedd9fdb289d40f18c723b0b393c7f7
phi_net_train_0831,data/raw/property_conditions/train/non_collapse/phi_net_train_nc_0831.jpg,non_collapse,1,NC,Non-collapse,OFFICIAL_TRAIN,train,PEER Hub ImageNet (PHI-Net) Task 5,Yuqing Gao (UC Berkeley PEER Center),CC BY-NC-SA 4.0,224,224,3,0c860f0a31b4d1cae7c965162b319f30e05f12dd24eed953013b32030c40693f
phi_net_train_0832,data/raw/property_conditions/val/non_collapse/phi_net_val_nc_0832.jpg,non_collapse,1,NC,Non-collapse,OFFICIAL_TRAIN,val,PEER Hub ImageNet (PHI-Net) Task 5,Yuqing Gao (UC Berkeley PEER Center),CC BY-NC-SA 4.0,224,224,3,4b4b56b6ffb044b533dc8036c78d567bcab797f9d76d32eac290a626bb309d15
phi_net_train_0833,data/raw/property_conditions/train/non_collapse/phi_net_train_nc_0833.jpg,non_collapse,1,NC,Non-collapse,OFFICIAL_TRAIN,train,PEER Hub ImageNet (PHI-Net) Task 5,Yuqing Gao (UC Berkeley PEER Center),CC BY-NC-SA 4.0,224,224,3,3db5370a05d72403d1c4f4dc307b3ebefd7679ed596ee76e63d6ac4c4dcc2fb7
phi_net_train_0834,data/raw/property_conditions/train/non_collapse/phi_net_train_nc_0834.jpg,non_collapse,1,NC,Non-collapse,OFFICIAL_TRAIN,train,PEER Hub ImageNet (PHI-Net) Task 5,Yuqing Gao (UC Berkeley PEER Center),CC BY-NC-SA 4.0,224,224,3,ed84d5e6de93913c728e510e02da07e50a9356152c927283b79fa8cf793b5c13
phi_net_train_0835,data/raw/property_conditions/train/non_collapse/phi_net_train_nc_0835.jpg,non_collapse,1,NC,Non-collapse,OFFICIAL_TRAIN,train,PEER Hub ImageNet (PHI-Net) Task 5,Yuqing Gao (UC Berkeley PEER Center),CC BY-NC-SA 4.0,224,224,3,a22311878c2cf2aff0891ec14a8b364f6147215e3ef5a6eaccf3976efc76fa54
phi_net_train_0836,data/raw/property_conditions/train/non_collapse/phi_net_train_nc_0836.jpg,non_collapse,1,NC,Non-collapse,OFFICIAL_TRAIN,train,PEER Hub ImageNet (PHI-Net) Task 5,Yuqing Gao (UC Berkeley PEER Center),CC BY-NC-SA 4.0,224,224,3,ead37859d32494694c2211fbb7f2f1b917beb5bd06634383705aadf0ddfba556
phi_net_train_0837,data/raw/property_conditions/train/non_collapse/phi_net_train_nc_0837.jpg,non_collapse,1,NC,Non-collapse,OFFICIAL_TRAIN,train,PEER Hub ImageNet (PHI-Net) Task 5,Yuqing Gao (UC Berkeley PEER Center),CC BY-NC-SA 4.0,224,224,3,0c3ac252694085e1f480a39b4bafb3aeb5bccea5ed28d7fb9e2c10e787cac73a
phi_net_train_0838,data/raw/property_conditions/train/non_collapse/phi_net_train_nc_0838.jpg,non_collapse,1,NC,Non-collapse,OFFICIAL_TRAIN,train,PEER Hub ImageNet (PHI-Net) Task 5,Yuqing Gao (UC Berkeley PEER Center),CC BY-NC-SA 4.0,224,224,3,ae697d5ad726301b209e15872f1534ab86338181a5e64745f681e5539d947d0f
phi_net_train_0839,data/raw/property_conditions/train/non_collapse/phi_net_train_nc_0839.jpg,non_collapse,1,NC,Non-collapse,OFFICIAL_TRAIN,train,PEER Hub ImageNet (PHI-Net) Task 5,Yuqing Gao (UC Berkeley PEER Center),CC BY-NC-SA 4.0,224,224,3,7169171c6f838f811440f019cca4b0e2acf92dff54cc6d17379683b258b26983
phi_net_train_0840,data/raw/property_conditions/train/non_collapse/phi_net_train_nc_0840.jpg,non_collapse,1,NC,Non-collapse,OFFICIAL_TRAIN,train,PEER Hub ImageNet (PHI-Net) Task 5,Yuqing Gao (UC Berkeley PEER Center),CC BY-NC-SA 4.0,224,224,3,017dac86d0012431857d4daf2b21f795e8e2b85ecf345c899e59be50e09b0410
phi_net_train_0841,data/raw/property_conditions/train/non_collapse/phi_net_train_nc_0841.jpg,non_collapse,1,NC,Non-collapse,OFFICIAL_TRAIN,train,PEER Hub ImageNet (PHI-Net) Task 5,Yuqing Gao (UC Berkeley PEER Center),CC BY-NC-SA 4.0,224,224,3,ab2a34c592256764bb5c2a401c62265f1273cc804f8cc02d2a9a9c6732110807
phi_net_train_0842,data/raw/property_conditions/val/non_collapse/phi_net_val_nc_0842.jpg,non_collapse,1,NC,Non-collapse,OFFICIAL_TRAIN,val,PEER Hub ImageNet (PHI-Net) Task 5,Yuqing Gao (UC Berkeley PEER Center),CC BY-NC-SA 4.0,224,224,3,5478ef98e24347665cad2a46670eb6e7456d247f5d41ac59598b11eb17f54b58
phi_net_train_0843,data/raw/property_conditions/val/non_collapse/phi_net_val_nc_0843.jpg,non_collapse,1,NC,Non-collapse,OFFICIAL_TRAIN,val,PEER Hub ImageNet (PHI-Net) Task 5,Yuqing Gao (UC Berkeley PEER Center),CC BY-NC-SA 4.0,224,224,3,04c9372353663329f6b9fdc98ff872256bff0ba9d2c4adb18a0220dda251c130
phi_net_train_0844,data/raw/property_conditions/train/non_collapse/phi_net_train_nc_0844.jpg,non_collapse,1,NC,Non-collapse,OFFICIAL_TRAIN,train,PEER Hub ImageNet (PHI-Net) Task 5,Yuqing Gao (UC Berkeley PEER Center),CC BY-NC-SA 4.0,224,224,3,3ce0bfb311cd4c0a975cfad8180217881d4fa7f83824b663b081a72761d0ad91
phi_net_train_0845,data/raw/property_conditions/train/non_collapse/phi_net_train_nc_0845.jpg,non_collapse,1,NC,Non-collapse,OFFICIAL_TRAIN,train,PEER Hub ImageNet (PHI-Net) Task 5,Yuqing Gao (UC Berkeley PEER Center),CC BY-NC-SA 4.0,224,224,3,52347692a258b4ddc4f9893b0cd75f1b5e04337af126ed6f6af01bca00473302
phi_net_train_0846,data/raw/property_conditions/train/non_collapse/phi_net_train_nc_0846.jpg,non_collapse,1,NC,Non-collapse,OFFICIAL_TRAIN,train,PEER Hub ImageNet (PHI-Net) Task 5,Yuqing Gao (UC Berkeley PEER Center),CC BY-NC-SA 4.0,224,224,3,c9142d4403e326fb28dee521cb2f5dbe5676ef6796f3def961bfbcbb241c3325
phi_net_train_0847,data/raw/property_conditions/train/partial_collapse/phi_net_train_pc_0847.jpg,partial_collapse,2,PC,Partial collapse,OFFICIAL_TRAIN,train,PEER Hub ImageNet (PHI-Net) Task 5,Yuqing Gao (UC Berkeley PEER Center),CC BY-NC-SA 4.0,224,224,3,da5aa9ecd8d7dd852b4fd8a6ba24276185b1cd41c913cfeaa9984ea7f148e7e1
phi_net_train_0848,data/raw/property_conditions/train/partial_collapse/phi_net_train_pc_0848.jpg,partial_collapse,2,PC,Partial collapse,OFFICIAL_TRAIN,train,PEER Hub ImageNet (PHI-Net) Task 5,Yuqing Gao (UC Berkeley PEER Center),CC BY-NC-SA 4.0,224,224,3,7fb9626e4b231ed39526d97262fdac122a3ad5da3d01a830041c1793e0394022
phi_net_train_0849,data/raw/property_conditions/train/partial_collapse/phi_net_train_pc_0849.jpg,partial_collapse,2,PC,Partial collapse,OFFICIAL_TRAIN,train,PEER Hub ImageNet (PHI-Net) Task 5,Yuqing Gao (UC Berkeley PEER Center),CC BY-NC-SA 4.0,224,224,3,1432b7da9bd7aa350ce023738416baa0e41e1453dd1bfca5889ea6c06a0d745a
phi_net_train_0850,data/raw/property_conditions/train/partial_collapse/phi_net_train_pc_0850.jpg,partial_collapse,2,PC,Partial collapse,OFFICIAL_TRAIN,train,PEER Hub ImageNet (PHI-Net) Task 5,Yuqing Gao (UC Berkeley PEER Center),CC BY-NC-SA 4.0,224,224,3,af85fc40aac18fac977c27926db3060c3d261b573ee2fa1cbb6a670c07cb771f
phi_net_train_0851,data/raw/property_conditions/train/partial_collapse/phi_net_train_pc_0851.jpg,partial_collapse,2,PC,Partial collapse,OFFICIAL_TRAIN,train,PEER Hub ImageNet (PHI-Net) Task 5,Yuqing Gao (UC Berkeley PEER Center),CC BY-NC-SA 4.0,224,224,3,b63a5f409acc78072f33f3631f0f83868519de5047ae5c825f985b6840ca706f
phi_net_train_0852,data/raw/property_conditions/train/partial_collapse/phi_net_train_pc_0852.jpg,partial_collapse,2,PC,Partial collapse,OFFICIAL_TRAIN,train,PEER Hub ImageNet (PHI-Net) Task 5,Yuqing Gao (UC Berkeley PEER Center),CC BY-NC-SA 4.0,224,224,3,4180b77489e741a5dd1b5c2d33d91adab12fbaa9462d5a7b99ff4f5f8d57b434
phi_net_train_0853,data/raw/property_conditions/train/partial_collapse/phi_net_train_pc_0853.jpg,partial_collapse,2,PC,Partial collapse,OFFICIAL_TRAIN,train,PEER Hub ImageNet (PHI-Net) Task 5,Yuqing Gao (UC Berkeley PEER Center),CC BY-NC-SA 4.0,224,224,3,af11e692a0301885c3892f0a876faaea771428cfc4dc107847cf625aa2c77ae8
phi_net_train_0854,data/raw/property_conditions/train/partial_collapse/phi_net_train_pc_0854.jpg,partial_collapse,2,PC,Partial collapse,OFFICIAL_TRAIN,train,PEER Hub ImageNet (PHI-Net) Task 5,Yuqing Gao (UC Berkeley PEER Center),CC BY-NC-SA 4.0,224,224,3,26565db716d84a8859cdc5592178a38e6b4ec6a38e50a48b5e113ca2dbdd82b3
phi_net_train_0855,data/raw/property_conditions/train/partial_collapse/phi_net_train_pc_0855.jpg,partial_collapse,2,PC,Partial collapse,OFFICIAL_TRAIN,train,PEER Hub ImageNet (PHI-Net) Task 5,Yuqing Gao (UC Berkeley PEER Center),CC BY-NC-SA 4.0,224,224,3,f9430cec3b7b9fcd724a2aad62b129282c23ee163e8bc5996252e9289c30a683
phi_net_train_0856,data/raw/property_conditions/train/partial_collapse/phi_net_train_pc_0856.jpg,partial_collapse,2,PC,Partial collapse,OFFICIAL_TRAIN,train,PEER Hub ImageNet (PHI-Net) Task 5,Yuqing Gao (UC Berkeley PEER Center),CC BY-NC-SA 4.0,224,224,3,58ba0910d0d2505f1e6d1bbce28e7d4e35f9f7611c57c26775763ef0ffd2d04a
phi_net_train_0857,data/raw/property_conditions/train/partial_collapse/phi_net_train_pc_0857.jpg,partial_collapse,2,PC,Partial collapse,OFFICIAL_TRAIN,train,PEER Hub ImageNet (PHI-Net) Task 5,Yuqing Gao (UC Berkeley PEER Center),CC BY-NC-SA 4.0,224,224,3,5d0acdedcd133c08f322d41d34d7a59b08472eb07e5779b74279332e2460c782
phi_net_train_0858,data/raw/property_conditions/train/partial_collapse/phi_net_train_pc_0858.jpg,partial_collapse,2,PC,Partial collapse,OFFICIAL_TRAIN,train,PEER Hub ImageNet (PHI-Net) Task 5,Yuqing Gao (UC Berkeley PEER Center),CC BY-NC-SA 4.0,224,224,3,839e7ba4270fb0b042f0f6874567909bbeaa792eb81a93570d0ce7681377e91c
phi_net_train_0859,data/raw/property_conditions/train/partial_collapse/phi_net_train_pc_0859.jpg,partial_collapse,2,PC,Partial collapse,OFFICIAL_TRAIN,train,PEER Hub ImageNet (PHI-Net) Task 5,Yuqing Gao (UC Berkeley PEER Center),CC BY-NC-SA 4.0,224,224,3,8abdc874f02c4be06097864bf98d158f4e7c3ab0855d07f3ebba5ffc438498db
phi_net_train_0860,data/raw/property_conditions/train/partial_collapse/phi_net_train_pc_0860.jpg,partial_collapse,2,PC,Partial collapse,OFFICIAL_TRAIN,train,PEER Hub ImageNet (PHI-Net) Task 5,Yuqing Gao (UC Berkeley PEER Center),CC BY-NC-SA 4.0,224,224,3,8006a673f81668a1690bed9c32461f93e5312b6c73e2499b337a0588b72cbd41
phi_net_train_0861,data/raw/property_conditions/train/partial_collapse/phi_net_train_pc_0861.jpg,partial_collapse,2,PC,Partial collapse,OFFICIAL_TRAIN,train,PEER Hub ImageNet (PHI-Net) Task 5,Yuqing Gao (UC Berkeley PEER Center),CC BY-NC-SA 4.0,224,224,3,ff1fbed0a3db6c16177ea91e0a4dbc2c7942af83c325389d0e4596090f6c8818
phi_net_train_0862,data/raw/property_conditions/val/partial_collapse/phi_net_val_pc_0862.jpg,partial_collapse,2,PC,Partial collapse,OFFICIAL_TRAIN,val,PEER Hub ImageNet (PHI-Net) Task 5,Yuqing Gao (UC Berkeley PEER Center),CC BY-NC-SA 4.0,224,224,3,303d6c0489c49d60e18f0e23174457fc825c5422befe656d3b63ca767b30d457
phi_net_train_0863,data/raw/property_conditions/train/partial_collapse/phi_net_train_pc_0863.jpg,partial_collapse,2,PC,Partial collapse,OFFICIAL_TRAIN,train,PEER Hub ImageNet (PHI-Net) Task 5,Yuqing Gao (UC Berkeley PEER Center),CC BY-NC-SA 4.0,224,224,3,4ba9440f8a6aab5187e3579dd1bbb0f7d35d2f59b35190a3c99408f24d486598
phi_net_train_0864,data/raw/property_conditions/val/partial_collapse/phi_net_val_pc_0864.jpg,partial_collapse,2,PC,Partial collapse,OFFICIAL_TRAIN,val,PEER Hub ImageNet (PHI-Net) Task 5,Yuqing Gao (UC Berkeley PEER Center),CC BY-NC-SA 4.0,224,224,3,30589c60ec6aa467812793d080a6c423988e8193ce9e438c9f189397f92d57cd
phi_net_train_0865,data/raw/property_conditions/train/partial_collapse/phi_net_train_pc_0865.jpg,partial_collapse,2,PC,Partial collapse,OFFICIAL_TRAIN,train,PEER Hub ImageNet (PHI-Net) Task 5,Yuqing Gao (UC Berkeley PEER Center),CC BY-NC-SA 4.0,224,224,3,ce6b388cfc8afebc9889274236fc75b81fd72d353b2abf695939216530cce116
phi_net_train_0866,data/raw/property_conditions/train/partial_collapse/phi_net_train_pc_0866.jpg,partial_collapse,2,PC,Partial collapse,OFFICIAL_TRAIN,train,PEER Hub ImageNet (PHI-Net) Task 5,Yuqing Gao (UC Berkeley PEER Center),CC BY-NC-SA 4.0,224,224,3,8aabf25b52140c35ad5a593a8a5bf7fb3c779ed70ffc7ae7c73a124d47e79048
phi_net_train_0867,data/raw/property_conditions/train/partial_collapse/phi_net_train_pc_0867.jpg,partial_collapse,2,PC,Partial collapse,OFFICIAL_TRAIN,train,PEER Hub ImageNet (PHI-Net) Task 5,Yuqing Gao (UC Berkeley PEER Center),CC BY-NC-SA 4.0,224,224,3,f91222e4010978b00a4356ea3d0e238051a121db07e8ffb7d82648ed0ca61e58
phi_net_train_0868,data/raw/property_conditions/train/partial_collapse/phi_net_train_pc_0868.jpg,partial_collapse,2,PC,Partial collapse,OFFICIAL_TRAIN,train,PEER Hub ImageNet (PHI-Net) Task 5,Yuqing Gao (UC Berkeley PEER Center),CC BY-NC-SA 4.0,224,224,3,136930f3e71dd09e5f3c7b9bf12330c6fed783b52d3f3ee815cd514202f0c892
phi_net_train_0869,data/raw/property_conditions/train/partial_collapse/phi_net_train_pc_0869.jpg,partial_collapse,2,PC,Partial collapse,OFFICIAL_TRAIN,train,PEER Hub ImageNet (PHI-Net) Task 5,Yuqing Gao (UC Berkeley PEER Center),CC BY-NC-SA 4.0,224,224,3,74524e320d5f5f7b14572161951f059ff13ff88e4ad5f494b5a85e7081e1470b
phi_net_train_0870,data/raw/property_conditions/val/partial_collapse/phi_net_val_pc_0870.jpg,partial_collapse,2,PC,Partial collapse,OFFICIAL_TRAIN,val,PEER Hub ImageNet (PHI-Net) Task 5,Yuqing Gao (UC Berkeley PEER Center),CC BY-NC-SA 4.0,224,224,3,1e407802ad3939d1178508536f9c2e046cbb08679eacd2e4a217a8cffb2a6158
phi_net_train_0871,data/raw/property_conditions/train/partial_collapse/phi_net_train_pc_0871.jpg,partial_collapse,2,PC,Partial collapse,OFFICIAL_TRAIN,train,PEER Hub ImageNet (PHI-Net) Task 5,Yuqing Gao (UC Berkeley PEER Center),CC BY-NC-SA 4.0,224,224,3,abf07e45c37bceab95550d804619ac7724c436180f155b07b63dd29eec8ab1b4
phi_net_train_0872,data/raw/property_conditions/train/partial_collapse/phi_net_train_pc_0872.jpg,partial_collapse,2,PC,Partial collapse,OFFICIAL_TRAIN,train,PEER Hub ImageNet (PHI-Net) Task 5,Yuqing Gao (UC Berkeley PEER Center),CC BY-NC-SA 4.0,224,224,3,c592c7715e1d631f9d6cb742be9a4c12492ac6861e1c380df6b7208660588771
phi_net_train_0873,data/raw/property_conditions/train/partial_collapse/phi_net_train_pc_0873.jpg,partial_collapse,2,PC,Partial collapse,OFFICIAL_TRAIN,train,PEER Hub ImageNet (PHI-Net) Task 5,Yuqing Gao (UC Berkeley PEER Center),CC BY-NC-SA 4.0,224,224,3,c87123c201f166a40355c4f91e1468bd211259a9a4028832a29d40f2f66f7c3f
phi_net_train_0874,data/raw/property_conditions/train/partial_collapse/phi_net_train_pc_0874.jpg,partial_collapse,2,PC,Partial collapse,OFFICIAL_TRAIN,train,PEER Hub ImageNet (PHI-Net) Task 5,Yuqing Gao (UC Berkeley PEER Center),CC BY-NC-SA 4.0,224,224,3,5b8d787076aeba6c4130c673d61a17bb3b954f184a0042f2e4b883eae7924a95
phi_net_train_0875,data/raw/property_conditions/train/partial_collapse/phi_net_train_pc_0875.jpg,partial_collapse,2,PC,Partial collapse,OFFICIAL_TRAIN,train,PEER Hub ImageNet (PHI-Net) Task 5,Yuqing Gao (UC Berkeley PEER Center),CC BY-NC-SA 4.0,224,224,3,0301bf24f05fd4878f70cdb759cbb65bd671321dd35e3f1be99a3dd1649f1b92
phi_net_train_0876,data/raw/property_conditions/train/partial_collapse/phi_net_train_pc_0876.jpg,partial_collapse,2,PC,Partial collapse,OFFICIAL_TRAIN,train,PEER Hub ImageNet (PHI-Net) Task 5,Yuqing Gao (UC Berkeley PEER Center),CC BY-NC-SA 4.0,224,224,3,ff859fa7ef49435723b414fb93de122ab67180e60b3048e09333d9c72201b3bb
phi_net_train_0877,data/raw/property_conditions/train/partial_collapse/phi_net_train_pc_0877.jpg,partial_collapse,2,PC,Partial collapse,OFFICIAL_TRAIN,train,PEER Hub ImageNet (PHI-Net) Task 5,Yuqing Gao (UC Berkeley PEER Center),CC BY-NC-SA 4.0,224,224,3,3a7beace7c4aeb3ee20edd23cde72aba91a668c8403efa415db6dbe0bd8080be
phi_net_train_0878,data/raw/property_conditions/train/partial_collapse/phi_net_train_pc_0878.jpg,partial_collapse,2,PC,Partial collapse,OFFICIAL_TRAIN,train,PEER Hub ImageNet (PHI-Net) Task 5,Yuqing Gao (UC Berkeley PEER Center),CC BY-NC-SA 4.0,224,224,3,c7224db09e61f6ab94aa88372806b12cc6bbe47f74669cacc9eb36edcb9b3ccf
phi_net_train_0879,data/raw/property_conditions/train/partial_collapse/phi_net_train_pc_0879.jpg,partial_collapse,2,PC,Partial collapse,OFFICIAL_TRAIN,train,PEER Hub ImageNet (PHI-Net) Task 5,Yuqing Gao (UC Berkeley PEER Center),CC BY-NC-SA 4.0,224,224,3,e8f1fa4bed716bd8919906ecc090487df2f69fd8af522802a8bd7b2c91700b60
phi_net_train_0880,data/raw/property_conditions/train/partial_collapse/phi_net_train_pc_0880.jpg,partial_collapse,2,PC,Partial collapse,OFFICIAL_TRAIN,train,PEER Hub ImageNet (PHI-Net) Task 5,Yuqing Gao (UC Berkeley PEER Center),CC BY-NC-SA 4.0,224,224,3,ffe7caa872dd308ea77afb065c6defa19bc57e8453f4b653e22311514328af61
phi_net_train_0881,data/raw/property_conditions/train/partial_collapse/phi_net_train_pc_0881.jpg,partial_collapse,2,PC,Partial collapse,OFFICIAL_TRAIN,train,PEER Hub ImageNet (PHI-Net) Task 5,Yuqing Gao (UC Berkeley PEER Center),CC BY-NC-SA 4.0,224,224,3,0f5f6d1abb1d4aaf248005657af6ca688932d5c260487a17176ea3563764cab4
phi_net_train_0882,data/raw/property_conditions/train/partial_collapse/phi_net_train_pc_0882.jpg,partial_collapse,2,PC,Partial collapse,OFFICIAL_TRAIN,train,PEER Hub ImageNet (PHI-Net) Task 5,Yuqing Gao (UC Berkeley PEER Center),CC BY-NC-SA 4.0,224,224,3,45a261b8e33f49a48678f80e90ede7125e18e904445c7439466afe4236302eee
phi_net_train_0883,data/raw/property_conditions/train/partial_collapse/phi_net_train_pc_0883.jpg,partial_collapse,2,PC,Partial collapse,OFFICIAL_TRAIN,train,PEER Hub ImageNet (PHI-Net) Task 5,Yuqing Gao (UC Berkeley PEER Center),CC BY-NC-SA 4.0,224,224,3,6a7e79b65e91c0e6314d023bde1f635d30ca539a58520b5038a32de324a5b546
phi_net_train_0884,data/raw/property_conditions/train/partial_collapse/phi_net_train_pc_0884.jpg,partial_collapse,2,PC,Partial collapse,OFFICIAL_TRAIN,train,PEER Hub ImageNet (PHI-Net) Task 5,Yuqing Gao (UC Berkeley PEER Center),CC BY-NC-SA 4.0,224,224,3,0ab6626f2f6e6a00d883df9355969b62ffd122bc31631e666c60dfeb11a8bab3
phi_net_train_0885,data/raw/property_conditions/train/partial_collapse/phi_net_train_pc_0885.jpg,partial_collapse,2,PC,Partial collapse,OFFICIAL_TRAIN,train,PEER Hub ImageNet (PHI-Net) Task 5,Yuqing Gao (UC Berkeley PEER Center),CC BY-NC-SA 4.0,224,224,3,f1955730135caf17d02b7435af052bfdc4f5e4b30128791094b1c76f11713c2a
phi_net_train_0886,data/raw/property_conditions/train/partial_collapse/phi_net_train_pc_0886.jpg,partial_collapse,2,PC,Partial collapse,OFFICIAL_TRAIN,train,PEER Hub ImageNet (PHI-Net) Task 5,Yuqing Gao (UC Berkeley PEER Center),CC BY-NC-SA 4.0,224,224,3,606854359f25268b76ea4e70de2f20ca25929d909fa418ea32a9cb07458fede4
phi_net_train_0887,data/raw/property_conditions/train/partial_collapse/phi_net_train_pc_0887.jpg,partial_collapse,2,PC,Partial collapse,OFFICIAL_TRAIN,train,PEER Hub ImageNet (PHI-Net) Task 5,Yuqing Gao (UC Berkeley PEER Center),CC BY-NC-SA 4.0,224,224,3,52314116cd87f5123e5d7cb2610eca32e85c70c8b99651a85d30b9d2c7d8845f
phi_net_train_0888,data/raw/property_conditions/train/partial_collapse/phi_net_train_pc_0888.jpg,partial_collapse,2,PC,Partial collapse,OFFICIAL_TRAIN,train,PEER Hub ImageNet (PHI-Net) Task 5,Yuqing Gao (UC Berkeley PEER Center),CC BY-NC-SA 4.0,224,224,3,48d22674bfaeb666c60dca11fef6d6887e0c27601b61f2f9a65b37ff28863b1c
phi_net_train_0889,data/raw/property_conditions/train/partial_collapse/phi_net_train_pc_0889.jpg,partial_collapse,2,PC,Partial collapse,OFFICIAL_TRAIN,train,PEER Hub ImageNet (PHI-Net) Task 5,Yuqing Gao (UC Berkeley PEER Center),CC BY-NC-SA 4.0,224,224,3,3c8c2ee53435ff98c41524f27a7739cbd4754b3ea179436d91e3780ab2c774ec
phi_net_train_0890,data/raw/property_conditions/train/partial_collapse/phi_net_train_pc_0890.jpg,partial_collapse,2,PC,Partial collapse,OFFICIAL_TRAIN,train,PEER Hub ImageNet (PHI-Net) Task 5,Yuqing Gao (UC Berkeley PEER Center),CC BY-NC-SA 4.0,224,224,3,7737f4fdbbf37810e26c465eb2cd0dac60d5b1584fa115c2ad52694a4240cc3e
phi_net_train_0891,data/raw/property_conditions/train/partial_collapse/phi_net_train_pc_0891.jpg,partial_collapse,2,PC,Partial collapse,OFFICIAL_TRAIN,train,PEER Hub ImageNet (PHI-Net) Task 5,Yuqing Gao (UC Berkeley PEER Center),CC BY-NC-SA 4.0,224,224,3,458ff192a62fda1b0f850ef99f7641a34e6df871e68b3e8567a2d327c991d806
phi_net_train_0892,data/raw/property_conditions/train/partial_collapse/phi_net_train_pc_0892.jpg,partial_collapse,2,PC,Partial collapse,OFFICIAL_TRAIN,train,PEER Hub ImageNet (PHI-Net) Task 5,Yuqing Gao (UC Berkeley PEER Center),CC BY-NC-SA 4.0,224,224,3,aedad961564de21dcd9461947f06aefc194cfc2765a00e72981142ddad5c59b4
phi_net_train_0893,data/raw/property_conditions/train/partial_collapse/phi_net_train_pc_0893.jpg,partial_collapse,2,PC,Partial collapse,OFFICIAL_TRAIN,train,PEER Hub ImageNet (PHI-Net) Task 5,Yuqing Gao (UC Berkeley PEER Center),CC BY-NC-SA 4.0,224,224,3,d13b67a348b16d0df85bd975d0eb0e18cc85a376850303cdb0607d3e7da77c81
phi_net_train_0894,data/raw/property_conditions/train/partial_collapse/phi_net_train_pc_0894.jpg,partial_collapse,2,PC,Partial collapse,OFFICIAL_TRAIN,train,PEER Hub ImageNet (PHI-Net) Task 5,Yuqing Gao (UC Berkeley PEER Center),CC BY-NC-SA 4.0,224,224,3,43d714d0a4a306b49bd673750c7f6b9d137fe275d7474d08bc453207c954a35e
phi_net_train_0895,data/raw/property_conditions/train/partial_collapse/phi_net_train_pc_0895.jpg,partial_collapse,2,PC,Partial collapse,OFFICIAL_TRAIN,train,PEER Hub ImageNet (PHI-Net) Task 5,Yuqing Gao (UC Berkeley PEER Center),CC BY-NC-SA 4.0,224,224,3,4386608655ee9e4c2d115dd92249b19c4418adc3e2ef45c0ddfdfac70da657f4
phi_net_train_0896,data/raw/property_conditions/val/partial_collapse/phi_net_val_pc_0896.jpg,partial_collapse,2,PC,Partial collapse,OFFICIAL_TRAIN,val,PEER Hub ImageNet (PHI-Net) Task 5,Yuqing Gao (UC Berkeley PEER Center),CC BY-NC-SA 4.0,224,224,3,03565945b8e7a22ae7d57f0034d4a70d837b54111021f098c2d4e7cef35ab41f
phi_net_train_0897,data/raw/property_conditions/train/partial_collapse/phi_net_train_pc_0897.jpg,partial_collapse,2,PC,Partial collapse,OFFICIAL_TRAIN,train,PEER Hub ImageNet (PHI-Net) Task 5,Yuqing Gao (UC Berkeley PEER Center),CC BY-NC-SA 4.0,224,224,3,e689b4687951c220507ef9c561d3708d30de4d967e6ed893f568a3ccbc81b572
phi_net_train_0898,data/raw/property_conditions/train/partial_collapse/phi_net_train_pc_0898.jpg,partial_collapse,2,PC,Partial collapse,OFFICIAL_TRAIN,train,PEER Hub ImageNet (PHI-Net) Task 5,Yuqing Gao (UC Berkeley PEER Center),CC BY-NC-SA 4.0,224,224,3,be8215dcde2319dba3787873bb2386964e3740c4e60bddc15c747565dd090b7e
phi_net_train_0899,data/raw/property_conditions/train/partial_collapse/phi_net_train_pc_0899.jpg,partial_collapse,2,PC,Partial collapse,OFFICIAL_TRAIN,train,PEER Hub ImageNet (PHI-Net) Task 5,Yuqing Gao (UC Berkeley PEER Center),CC BY-NC-SA 4.0,224,224,3,b13637f755e1e9c2d4407e578a1d886c72d33180707a05351bb28f3a5179a3e0
phi_net_train_0900,data/raw/property_conditions/train/partial_collapse/phi_net_train_pc_0900.jpg,partial_collapse,2,PC,Partial collapse,OFFICIAL_TRAIN,train,PEER Hub ImageNet (PHI-Net) Task 5,Yuqing Gao (UC Berkeley PEER Center),CC BY-NC-SA 4.0,224,224,3,2831ffa701b113c4d0f1b8cf8e178dbceb664132490862a5f24f8be0a0db168e
phi_net_train_0901,data/raw/property_conditions/train/partial_collapse/phi_net_train_pc_0901.jpg,partial_collapse,2,PC,Partial collapse,OFFICIAL_TRAIN,train,PEER Hub ImageNet (PHI-Net) Task 5,Yuqing Gao (UC Berkeley PEER Center),CC BY-NC-SA 4.0,224,224,3,4e9c179d5615a61eadaf0ed91db560a86f2a7748853820b5c2629135d3f14ded
phi_net_train_0902,data/raw/property_conditions/train/partial_collapse/phi_net_train_pc_0902.jpg,partial_collapse,2,PC,Partial collapse,OFFICIAL_TRAIN,train,PEER Hub ImageNet (PHI-Net) Task 5,Yuqing Gao (UC Berkeley PEER Center),CC BY-NC-SA 4.0,224,224,3,8f49dd21d6c09057bf365cb24bd0e44a2cfb7fb71798875a9fc9f1e0b20d01e1
phi_net_train_0903,data/raw/property_conditions/train/partial_collapse/phi_net_train_pc_0903.jpg,partial_collapse,2,PC,Partial collapse,OFFICIAL_TRAIN,train,PEER Hub ImageNet (PHI-Net) Task 5,Yuqing Gao (UC Berkeley PEER Center),CC BY-NC-SA 4.0,224,224,3,51a35006a7b86934555d32c1a644e63392d7e8d788d9ab42ab61d2467097a699
phi_net_train_0904,data/raw/property_conditions/val/partial_collapse/phi_net_val_pc_0904.jpg,partial_collapse,2,PC,Partial collapse,OFFICIAL_TRAIN,val,PEER Hub ImageNet (PHI-Net) Task 5,Yuqing Gao (UC Berkeley PEER Center),CC BY-NC-SA 4.0,224,224,3,f37e725bbc93eac366b8020b527284e90b0ec340988ee7a7cc1c27fa04816dd1
phi_net_train_0905,data/raw/property_conditions/val/partial_collapse/phi_net_val_pc_0905.jpg,partial_collapse,2,PC,Partial collapse,OFFICIAL_TRAIN,val,PEER Hub ImageNet (PHI-Net) Task 5,Yuqing Gao (UC Berkeley PEER Center),CC BY-NC-SA 4.0,224,224,3,49f97030c75e796b7ce694de49c6e5cbadb98ca51637ca1e150af551a3f39937
phi_net_train_0906,data/raw/property_conditions/train/partial_collapse/phi_net_train_pc_0906.jpg,partial_collapse,2,PC,Partial collapse,OFFICIAL_TRAIN,train,PEER Hub ImageNet (PHI-Net) Task 5,Yuqing Gao (UC Berkeley PEER Center),CC BY-NC-SA 4.0,224,224,3,b39c4889b352d15609eacc24511f4a22c79a4c87610a672d85af81f61b52c5e7
phi_net_train_0907,data/raw/property_conditions/train/partial_collapse/phi_net_train_pc_0907.jpg,partial_collapse,2,PC,Partial collapse,OFFICIAL_TRAIN,train,PEER Hub ImageNet (PHI-Net) Task 5,Yuqing Gao (UC Berkeley PEER Center),CC BY-NC-SA 4.0,224,224,3,ed63289f897cd6250ddfaf88331860d406c2448b78ff4d06892fedc73d71075f
phi_net_train_0908,data/raw/property_conditions/train/partial_collapse/phi_net_train_pc_0908.jpg,partial_collapse,2,PC,Partial collapse,OFFICIAL_TRAIN,train,PEER Hub ImageNet (PHI-Net) Task 5,Yuqing Gao (UC Berkeley PEER Center),CC BY-NC-SA 4.0,224,224,3,da4f87ead9f8e67eeb9a1232aa880afbe5e06948defefde58b085f9c7f43f23a
phi_net_train_0909,data/raw/property_conditions/train/partial_collapse/phi_net_train_pc_0909.jpg,partial_collapse,2,PC,Partial collapse,OFFICIAL_TRAIN,train,PEER Hub ImageNet (PHI-Net) Task 5,Yuqing Gao (UC Berkeley PEER Center),CC BY-NC-SA 4.0,224,224,3,2db0dc8ee9350f5ad4db8f3c5a11cc72711a03287c5b43583f252cf3cdadf90f
phi_net_train_0910,data/raw/property_conditions/train/partial_collapse/phi_net_train_pc_0910.jpg,partial_collapse,2,PC,Partial collapse,OFFICIAL_TRAIN,train,PEER Hub ImageNet (PHI-Net) Task 5,Yuqing Gao (UC Berkeley PEER Center),CC BY-NC-SA 4.0,224,224,3,ca344405b81c671ebb731d7bdab8a6a0ac71dc487d8ca3a9b5c87bdad51aeb27
phi_net_train_0911,data/raw/property_conditions/train/partial_collapse/phi_net_train_pc_0911.jpg,partial_collapse,2,PC,Partial collapse,OFFICIAL_TRAIN,train,PEER Hub ImageNet (PHI-Net) Task 5,Yuqing Gao (UC Berkeley PEER Center),CC BY-NC-SA 4.0,224,224,3,a7be868028dfe5abb9fae117a9476cc4e9b0adf969cd5dbb0cff9fde206f333d
phi_net_train_0912,data/raw/property_conditions/train/partial_collapse/phi_net_train_pc_0912.jpg,partial_collapse,2,PC,Partial collapse,OFFICIAL_TRAIN,train,PEER Hub ImageNet (PHI-Net) Task 5,Yuqing Gao (UC Berkeley PEER Center),CC BY-NC-SA 4.0,224,224,3,3ccd5f77b8768640dc8b768b905e22fa395b16b2a7f2583dc5a11bcfab98e25d
phi_net_train_0913,data/raw/property_conditions/train/partial_collapse/phi_net_train_pc_0913.jpg,partial_collapse,2,PC,Partial collapse,OFFICIAL_TRAIN,train,PEER Hub ImageNet (PHI-Net) Task 5,Yuqing Gao (UC Berkeley PEER Center),CC BY-NC-SA 4.0,224,224,3,5b75c4d200719f02989daca8572fe167bec652fbf0a44713a71e7bfd7b53ac21
phi_net_train_0914,data/raw/property_conditions/train/partial_collapse/phi_net_train_pc_0914.jpg,partial_collapse,2,PC,Partial collapse,OFFICIAL_TRAIN,train,PEER Hub ImageNet (PHI-Net) Task 5,Yuqing Gao (UC Berkeley PEER Center),CC BY-NC-SA 4.0,224,224,3,1d8e2a74d471548900bf2958931fe80ea0fde212254edfc24fc7fcd8f917c326
phi_net_train_0915,data/raw/property_conditions/train/partial_collapse/phi_net_train_pc_0915.jpg,partial_collapse,2,PC,Partial collapse,OFFICIAL_TRAIN,train,PEER Hub ImageNet (PHI-Net) Task 5,Yuqing Gao (UC Berkeley PEER Center),CC BY-NC-SA 4.0,224,224,3,e8b3d2a2059e97c1b64fe4d71da52fb38f62122b9403595a5fd8f9decb9d6a86
phi_net_train_0916,data/raw/property_conditions/train/partial_collapse/phi_net_train_pc_0916.jpg,partial_collapse,2,PC,Partial collapse,OFFICIAL_TRAIN,train,PEER Hub ImageNet (PHI-Net) Task 5,Yuqing Gao (UC Berkeley PEER Center),CC BY-NC-SA 4.0,224,224,3,787f171d8efd78ad8e3954050c44bf3ad1cf928d76b6ea05503b750827b43bf7
phi_net_train_0917,data/raw/property_conditions/val/partial_collapse/phi_net_val_pc_0917.jpg,partial_collapse,2,PC,Partial collapse,OFFICIAL_TRAIN,val,PEER Hub ImageNet (PHI-Net) Task 5,Yuqing Gao (UC Berkeley PEER Center),CC BY-NC-SA 4.0,224,224,3,f6df10f3c291c251a87536a8745bf0c14bf604b564d383d82aca1590d26e7ef0
phi_net_train_0918,data/raw/property_conditions/train/partial_collapse/phi_net_train_pc_0918.jpg,partial_collapse,2,PC,Partial collapse,OFFICIAL_TRAIN,train,PEER Hub ImageNet (PHI-Net) Task 5,Yuqing Gao (UC Berkeley PEER Center),CC BY-NC-SA 4.0,224,224,3,bed381015f6db2f81f649b27daa740deb1cb5de4db17416aa96b4eb7a84d9e70
phi_net_train_0919,data/raw/property_conditions/train/partial_collapse/phi_net_train_pc_0919.jpg,partial_collapse,2,PC,Partial collapse,OFFICIAL_TRAIN,train,PEER Hub ImageNet (PHI-Net) Task 5,Yuqing Gao (UC Berkeley PEER Center),CC BY-NC-SA 4.0,224,224,3,3d74e747b7d5499e17574a50e1f1c04a02920fbf15ba25ef62a9e24b35c77231
phi_net_train_0920,data/raw/property_conditions/train/partial_collapse/phi_net_train_pc_0920.jpg,partial_collapse,2,PC,Partial collapse,OFFICIAL_TRAIN,train,PEER Hub ImageNet (PHI-Net) Task 5,Yuqing Gao (UC Berkeley PEER Center),CC BY-NC-SA 4.0,224,224,3,aa787eff9b6ee591f2df4e5b8a151d93aad4ac54f66eeb514bc0fdb254623c56
phi_net_train_0921,data/raw/property_conditions/train/partial_collapse/phi_net_train_pc_0921.jpg,partial_collapse,2,PC,Partial collapse,OFFICIAL_TRAIN,train,PEER Hub ImageNet (PHI-Net) Task 5,Yuqing Gao (UC Berkeley PEER Center),CC BY-NC-SA 4.0,224,224,3,eb64d3f5ab2e5aa4208b711ef1b30ef0a0c9831bde3c630c00b30b4e94fe6495
phi_net_train_0922,data/raw/property_conditions/train/partial_collapse/phi_net_train_pc_0922.jpg,partial_collapse,2,PC,Partial collapse,OFFICIAL_TRAIN,train,PEER Hub ImageNet (PHI-Net) Task 5,Yuqing Gao (UC Berkeley PEER Center),CC BY-NC-SA 4.0,224,224,3,05a4c9551240ed4b5665c333575ee04f092e65a64851bcb983757ebb60e0e5db
phi_net_train_0923,data/raw/property_conditions/train/partial_collapse/phi_net_train_pc_0923.jpg,partial_collapse,2,PC,Partial collapse,OFFICIAL_TRAIN,train,PEER Hub ImageNet (PHI-Net) Task 5,Yuqing Gao (UC Berkeley PEER Center),CC BY-NC-SA 4.0,224,224,3,7948874b66f897ce5c3545dfa1d3618f1cd81231962a83c317c73615cd78a053
phi_net_train_0924,data/raw/property_conditions/train/partial_collapse/phi_net_train_pc_0924.jpg,partial_collapse,2,PC,Partial collapse,OFFICIAL_TRAIN,train,PEER Hub ImageNet (PHI-Net) Task 5,Yuqing Gao (UC Berkeley PEER Center),CC BY-NC-SA 4.0,224,224,3,c4c22291c3f1c3b5edfbb645140ff321c8d214d7810dd63405c95e2d1f6848ba
phi_net_train_0925,data/raw/property_conditions/val/partial_collapse/phi_net_val_pc_0925.jpg,partial_collapse,2,PC,Partial collapse,OFFICIAL_TRAIN,val,PEER Hub ImageNet (PHI-Net) Task 5,Yuqing Gao (UC Berkeley PEER Center),CC BY-NC-SA 4.0,224,224,3,201decb45518be4d71464b010c0239e42c475d9ce491bf14e28181a91353d7c4
phi_net_train_0926,data/raw/property_conditions/val/partial_collapse/phi_net_val_pc_0926.jpg,partial_collapse,2,PC,Partial collapse,OFFICIAL_TRAIN,val,PEER Hub ImageNet (PHI-Net) Task 5,Yuqing Gao (UC Berkeley PEER Center),CC BY-NC-SA 4.0,224,224,3,b028a891f5689a92a94b53840f5a84bdac6d7fa006dba1bc40e3f6b23742393b
phi_net_train_0927,data/raw/property_conditions/train/partial_collapse/phi_net_train_pc_0927.jpg,partial_collapse,2,PC,Partial collapse,OFFICIAL_TRAIN,train,PEER Hub ImageNet (PHI-Net) Task 5,Yuqing Gao (UC Berkeley PEER Center),CC BY-NC-SA 4.0,224,224,3,6d1f785146ef6a189e125f8d15391436867644ff3d9efda72f38b12245c1d2df
phi_net_train_0928,data/raw/property_conditions/train/partial_collapse/phi_net_train_pc_0928.jpg,partial_collapse,2,PC,Partial collapse,OFFICIAL_TRAIN,train,PEER Hub ImageNet (PHI-Net) Task 5,Yuqing Gao (UC Berkeley PEER Center),CC BY-NC-SA 4.0,224,224,3,b4a0153dfe1c47df49c229e36724f6ce0da51fab54100b8d142ad73e67a6ddfb
phi_net_train_0929,data/raw/property_conditions/train/partial_collapse/phi_net_train_pc_0929.jpg,partial_collapse,2,PC,Partial collapse,OFFICIAL_TRAIN,train,PEER Hub ImageNet (PHI-Net) Task 5,Yuqing Gao (UC Berkeley PEER Center),CC BY-NC-SA 4.0,224,224,3,bfa087113a839a8e3bb90bcddfedc330572ab146f41ccec24a189cbf0bc22ed5
phi_net_train_0930,data/raw/property_conditions/train/partial_collapse/phi_net_train_pc_0930.jpg,partial_collapse,2,PC,Partial collapse,OFFICIAL_TRAIN,train,PEER Hub ImageNet (PHI-Net) Task 5,Yuqing Gao (UC Berkeley PEER Center),CC BY-NC-SA 4.0,224,224,3,d96d0174bb6498963c40cc7e4c0e84fc9b2dc86e70cc5b95ce7b24bd7ed9feb7
phi_net_train_0931,data/raw/property_conditions/train/partial_collapse/phi_net_train_pc_0931.jpg,partial_collapse,2,PC,Partial collapse,OFFICIAL_TRAIN,train,PEER Hub ImageNet (PHI-Net) Task 5,Yuqing Gao (UC Berkeley PEER Center),CC BY-NC-SA 4.0,224,224,3,b6fdd4e5fdf19c386c8e8227c671c110cee6fdf6b2eef76724e7fae80cdb46e3
phi_net_train_0932,data/raw/property_conditions/train/partial_collapse/phi_net_train_pc_0932.jpg,partial_collapse,2,PC,Partial collapse,OFFICIAL_TRAIN,train,PEER Hub ImageNet (PHI-Net) Task 5,Yuqing Gao (UC Berkeley PEER Center),CC BY-NC-SA 4.0,224,224,3,612d37c7a14144fa094399f92b9aaf02ab16bbe42b800c3868073d90089a8373
phi_net_train_0933,data/raw/property_conditions/val/partial_collapse/phi_net_val_pc_0933.jpg,partial_collapse,2,PC,Partial collapse,OFFICIAL_TRAIN,val,PEER Hub ImageNet (PHI-Net) Task 5,Yuqing Gao (UC Berkeley PEER Center),CC BY-NC-SA 4.0,224,224,3,c2495a5526c28853afbde475e353c949331cd5e0f033f4945a80577ef52d4199
phi_net_train_0934,data/raw/property_conditions/train/partial_collapse/phi_net_train_pc_0934.jpg,partial_collapse,2,PC,Partial collapse,OFFICIAL_TRAIN,train,PEER Hub ImageNet (PHI-Net) Task 5,Yuqing Gao (UC Berkeley PEER Center),CC BY-NC-SA 4.0,224,224,3,4d5e292bc1051ae62a15c50e506dcbb9fe1ffc57aa1e850debf3b4bc89b4dcfb
phi_net_train_0935,data/raw/property_conditions/train/partial_collapse/phi_net_train_pc_0935.jpg,partial_collapse,2,PC,Partial collapse,OFFICIAL_TRAIN,train,PEER Hub ImageNet (PHI-Net) Task 5,Yuqing Gao (UC Berkeley PEER Center),CC BY-NC-SA 4.0,224,224,3,83248d64c11564375d2519b2a4a0b0e30225d326f20badc74a11a87f8667bb55
phi_net_train_0936,data/raw/property_conditions/train/partial_collapse/phi_net_train_pc_0936.jpg,partial_collapse,2,PC,Partial collapse,OFFICIAL_TRAIN,train,PEER Hub ImageNet (PHI-Net) Task 5,Yuqing Gao (UC Berkeley PEER Center),CC BY-NC-SA 4.0,224,224,3,9db71ca93fd3ea079d5f4f2949c266ed5f6379a065c34586c2f464741e3d14ee
phi_net_train_0937,data/raw/property_conditions/val/partial_collapse/phi_net_val_pc_0937.jpg,partial_collapse,2,PC,Partial collapse,OFFICIAL_TRAIN,val,PEER Hub ImageNet (PHI-Net) Task 5,Yuqing Gao (UC Berkeley PEER Center),CC BY-NC-SA 4.0,224,224,3,b386db6a3f644af05782801021f29bcad2609fb14bc11785ac3e8d68b6aadf70
phi_net_train_0938,data/raw/property_conditions/train/partial_collapse/phi_net_train_pc_0938.jpg,partial_collapse,2,PC,Partial collapse,OFFICIAL_TRAIN,train,PEER Hub ImageNet (PHI-Net) Task 5,Yuqing Gao (UC Berkeley PEER Center),CC BY-NC-SA 4.0,224,224,3,6a0e67afabe729bc44eaf932fab6fc30a2c61d4a69409ca0ad28b70305219e79
phi_net_train_0939,data/raw/property_conditions/train/partial_collapse/phi_net_train_pc_0939.jpg,partial_collapse,2,PC,Partial collapse,OFFICIAL_TRAIN,train,PEER Hub ImageNet (PHI-Net) Task 5,Yuqing Gao (UC Berkeley PEER Center),CC BY-NC-SA 4.0,224,224,3,dcf5af7db08f8efdc643d715ce18db8e21d173269963f0899bcb00827d298cd3
phi_net_train_0940,data/raw/property_conditions/train/partial_collapse/phi_net_train_pc_0940.jpg,partial_collapse,2,PC,Partial collapse,OFFICIAL_TRAIN,train,PEER Hub ImageNet (PHI-Net) Task 5,Yuqing Gao (UC Berkeley PEER Center),CC BY-NC-SA 4.0,224,224,3,b6197fef305dd9e7c16d419a40d33878c23b6dd8f0e8ff11c75d46ed99b55f8f
phi_net_train_0941,data/raw/property_conditions/train/partial_collapse/phi_net_train_pc_0941.jpg,partial_collapse,2,PC,Partial collapse,OFFICIAL_TRAIN,train,PEER Hub ImageNet (PHI-Net) Task 5,Yuqing Gao (UC Berkeley PEER Center),CC BY-NC-SA 4.0,224,224,3,d8f4d23254830ebcd9aa8acb44c49cfee7dc635e4d0eaa7646b8e2e2bf2b3ab6
phi_net_train_0942,data/raw/property_conditions/train/partial_collapse/phi_net_train_pc_0942.jpg,partial_collapse,2,PC,Partial collapse,OFFICIAL_TRAIN,train,PEER Hub ImageNet (PHI-Net) Task 5,Yuqing Gao (UC Berkeley PEER Center),CC BY-NC-SA 4.0,224,224,3,d33cfa08c719433d9e95dde16de82188e091b26944c81efcf466969c12229ca1
phi_net_train_0943,data/raw/property_conditions/train/partial_collapse/phi_net_train_pc_0943.jpg,partial_collapse,2,PC,Partial collapse,OFFICIAL_TRAIN,train,PEER Hub ImageNet (PHI-Net) Task 5,Yuqing Gao (UC Berkeley PEER Center),CC BY-NC-SA 4.0,224,224,3,330240987e5fcde079b83ff16c64a7e84276c1ce16ef4d95f623fbb9b0f5f3ca
phi_net_train_0944,data/raw/property_conditions/val/partial_collapse/phi_net_val_pc_0944.jpg,partial_collapse,2,PC,Partial collapse,OFFICIAL_TRAIN,val,PEER Hub ImageNet (PHI-Net) Task 5,Yuqing Gao (UC Berkeley PEER Center),CC BY-NC-SA 4.0,224,224,3,45729436c1b22f5fe04dbf8cd210ed44a42ca4816ebf41a13baf1d912c37d422
phi_net_train_0945,data/raw/property_conditions/val/partial_collapse/phi_net_val_pc_0945.jpg,partial_collapse,2,PC,Partial collapse,OFFICIAL_TRAIN,val,PEER Hub ImageNet (PHI-Net) Task 5,Yuqing Gao (UC Berkeley PEER Center),CC BY-NC-SA 4.0,224,224,3,8ae6f82e190356128c3020ac1b5c533ee93afefe1fd293dcdc4f53e65a7034e7
phi_net_train_0946,data/raw/property_conditions/train/partial_collapse/phi_net_train_pc_0946.jpg,partial_collapse,2,PC,Partial collapse,OFFICIAL_TRAIN,train,PEER Hub ImageNet (PHI-Net) Task 5,Yuqing Gao (UC Berkeley PEER Center),CC BY-NC-SA 4.0,224,224,3,3e5bd5c5b60fe8676f33d3c7527aaba722106d468923d43d331ad32dc595dc16
phi_net_train_0947,data/raw/property_conditions/train/partial_collapse/phi_net_train_pc_0947.jpg,partial_collapse,2,PC,Partial collapse,OFFICIAL_TRAIN,train,PEER Hub ImageNet (PHI-Net) Task 5,Yuqing Gao (UC Berkeley PEER Center),CC BY-NC-SA 4.0,224,224,3,2be357085b6f85121b0eb481c09c8376b8c99773f44e77f1aaca84109c9e4294
phi_net_train_0948,data/raw/property_conditions/val/partial_collapse/phi_net_val_pc_0948.jpg,partial_collapse,2,PC,Partial collapse,OFFICIAL_TRAIN,val,PEER Hub ImageNet (PHI-Net) Task 5,Yuqing Gao (UC Berkeley PEER Center),CC BY-NC-SA 4.0,224,224,3,560b20b9626b1cbd525a6af9aa1562774a996f465e071fc3c6753b58b6d6c8d0
phi_net_train_0949,data/raw/property_conditions/val/partial_collapse/phi_net_val_pc_0949.jpg,partial_collapse,2,PC,Partial collapse,OFFICIAL_TRAIN,val,PEER Hub ImageNet (PHI-Net) Task 5,Yuqing Gao (UC Berkeley PEER Center),CC BY-NC-SA 4.0,224,224,3,9d6966ecdb117d76335a546bed981d4f9bfa8a54773e6679aa7b802fb55b79cf
phi_net_train_0950,data/raw/property_conditions/train/partial_collapse/phi_net_train_pc_0950.jpg,partial_collapse,2,PC,Partial collapse,OFFICIAL_TRAIN,train,PEER Hub ImageNet (PHI-Net) Task 5,Yuqing Gao (UC Berkeley PEER Center),CC BY-NC-SA 4.0,224,224,3,a539570e3fe8431fbe088f17484a9695a3e4bd8c56f94215733c36d631285874
phi_net_train_0951,data/raw/property_conditions/train/partial_collapse/phi_net_train_pc_0951.jpg,partial_collapse,2,PC,Partial collapse,OFFICIAL_TRAIN,train,PEER Hub ImageNet (PHI-Net) Task 5,Yuqing Gao (UC Berkeley PEER Center),CC BY-NC-SA 4.0,224,224,3,1675a4171c6bed9b280cf3dace88e6b1e12990db52ce3f3d3c02641b047809e2
phi_net_train_0952,data/raw/property_conditions/val/partial_collapse/phi_net_val_pc_0952.jpg,partial_collapse,2,PC,Partial collapse,OFFICIAL_TRAIN,val,PEER Hub ImageNet (PHI-Net) Task 5,Yuqing Gao (UC Berkeley PEER Center),CC BY-NC-SA 4.0,224,224,3,58cf4f40ce4f1604a9228516b5286286f5532a881b693fe908c23f5b21a378b1
phi_net_train_0953,data/raw/property_conditions/train/partial_collapse/phi_net_train_pc_0953.jpg,partial_collapse,2,PC,Partial collapse,OFFICIAL_TRAIN,train,PEER Hub ImageNet (PHI-Net) Task 5,Yuqing Gao (UC Berkeley PEER Center),CC BY-NC-SA 4.0,224,224,3,64d849be697930d8fb5319a22c759abee813c886dc452a84ae017dc355a05733
phi_net_train_0954,data/raw/property_conditions/train/partial_collapse/phi_net_train_pc_0954.jpg,partial_collapse,2,PC,Partial collapse,OFFICIAL_TRAIN,train,PEER Hub ImageNet (PHI-Net) Task 5,Yuqing Gao (UC Berkeley PEER Center),CC BY-NC-SA 4.0,224,224,3,33bce244c8f11038955609621cc859ee01f29db2b9db8a3bd6ed13c16427163a
phi_net_train_0955,data/raw/property_conditions/train/partial_collapse/phi_net_train_pc_0955.jpg,partial_collapse,2,PC,Partial collapse,OFFICIAL_TRAIN,train,PEER Hub ImageNet (PHI-Net) Task 5,Yuqing Gao (UC Berkeley PEER Center),CC BY-NC-SA 4.0,224,224,3,2b0a670a84276f69eb08bb990c2298170f21f31e31f1352f26b5231ec9f11e7b
phi_net_train_0956,data/raw/property_conditions/train/partial_collapse/phi_net_train_pc_0956.jpg,partial_collapse,2,PC,Partial collapse,OFFICIAL_TRAIN,train,PEER Hub ImageNet (PHI-Net) Task 5,Yuqing Gao (UC Berkeley PEER Center),CC BY-NC-SA 4.0,224,224,3,b89842ae6a716e14d00d070450d6be61d3c85035725baf7637ad2ddc13b65d21
phi_net_train_0957,data/raw/property_conditions/train/partial_collapse/phi_net_train_pc_0957.jpg,partial_collapse,2,PC,Partial collapse,OFFICIAL_TRAIN,train,PEER Hub ImageNet (PHI-Net) Task 5,Yuqing Gao (UC Berkeley PEER Center),CC BY-NC-SA 4.0,224,224,3,1fa4453d8781751f880022d61b690632e48daba191878fb5a5e11fcbc3c2916b
phi_net_train_0958,data/raw/property_conditions/train/partial_collapse/phi_net_train_pc_0958.jpg,partial_collapse,2,PC,Partial collapse,OFFICIAL_TRAIN,train,PEER Hub ImageNet (PHI-Net) Task 5,Yuqing Gao (UC Berkeley PEER Center),CC BY-NC-SA 4.0,224,224,3,41ce7f0c042b4a1741223e43bf88fb698d095fb77028dc2468b2a81d930eff60
phi_net_train_0959,data/raw/property_conditions/train/partial_collapse/phi_net_train_pc_0959.jpg,partial_collapse,2,PC,Partial collapse,OFFICIAL_TRAIN,train,PEER Hub ImageNet (PHI-Net) Task 5,Yuqing Gao (UC Berkeley PEER Center),CC BY-NC-SA 4.0,224,224,3,b0905d800ed052cc90cb30773f6b91cdcf3f5397f37f5ca4ba0cac0184e99b97
phi_net_train_0960,data/raw/property_conditions/train/partial_collapse/phi_net_train_pc_0960.jpg,partial_collapse,2,PC,Partial collapse,OFFICIAL_TRAIN,train,PEER Hub ImageNet (PHI-Net) Task 5,Yuqing Gao (UC Berkeley PEER Center),CC BY-NC-SA 4.0,224,224,3,0e7f0bac295d9ef794e20211f18078a54c9f65511147d792f2a1f14296e5400e
phi_net_train_0961,data/raw/property_conditions/train/partial_collapse/phi_net_train_pc_0961.jpg,partial_collapse,2,PC,Partial collapse,OFFICIAL_TRAIN,train,PEER Hub ImageNet (PHI-Net) Task 5,Yuqing Gao (UC Berkeley PEER Center),CC BY-NC-SA 4.0,224,224,3,4310b8be3bbe04ac5057d1e70dbc200e12fe01cec40201fd72e4c02955d4a424
phi_net_train_0962,data/raw/property_conditions/train/partial_collapse/phi_net_train_pc_0962.jpg,partial_collapse,2,PC,Partial collapse,OFFICIAL_TRAIN,train,PEER Hub ImageNet (PHI-Net) Task 5,Yuqing Gao (UC Berkeley PEER Center),CC BY-NC-SA 4.0,224,224,3,7601e61f3b3714380a0311f82fe94d8894d1ca76d6df81cfdbf61a3bb50ea68d
phi_net_train_0963,data/raw/property_conditions/train/partial_collapse/phi_net_train_pc_0963.jpg,partial_collapse,2,PC,Partial collapse,OFFICIAL_TRAIN,train,PEER Hub ImageNet (PHI-Net) Task 5,Yuqing Gao (UC Berkeley PEER Center),CC BY-NC-SA 4.0,224,224,3,ca431be64117541f04a9a2b2cd0cef96298e2dd99e64ca4f9367550cd6f35c30
phi_net_train_0964,data/raw/property_conditions/train/partial_collapse/phi_net_train_pc_0964.jpg,partial_collapse,2,PC,Partial collapse,OFFICIAL_TRAIN,train,PEER Hub ImageNet (PHI-Net) Task 5,Yuqing Gao (UC Berkeley PEER Center),CC BY-NC-SA 4.0,224,224,3,8f4fbe82087190cc8fc55790765c08873498a9297f03271ab8858f714b92f4e7
phi_net_train_0965,data/raw/property_conditions/train/partial_collapse/phi_net_train_pc_0965.jpg,partial_collapse,2,PC,Partial collapse,OFFICIAL_TRAIN,train,PEER Hub ImageNet (PHI-Net) Task 5,Yuqing Gao (UC Berkeley PEER Center),CC BY-NC-SA 4.0,224,224,3,9f5915f01dc19ef80022801c8d05113833c67cee620e58b1b1433da836d0f6c2
phi_net_train_0966,data/raw/property_conditions/train/partial_collapse/phi_net_train_pc_0966.jpg,partial_collapse,2,PC,Partial collapse,OFFICIAL_TRAIN,train,PEER Hub ImageNet (PHI-Net) Task 5,Yuqing Gao (UC Berkeley PEER Center),CC BY-NC-SA 4.0,224,224,3,878629c1037524515f3083dd11e67509930635bec8c6e0235572b11443195309
phi_net_train_0967,data/raw/property_conditions/train/partial_collapse/phi_net_train_pc_0967.jpg,partial_collapse,2,PC,Partial collapse,OFFICIAL_TRAIN,train,PEER Hub ImageNet (PHI-Net) Task 5,Yuqing Gao (UC Berkeley PEER Center),CC BY-NC-SA 4.0,224,224,3,bd3c5a78adad790a09b80cca87100e68157ac5ced5a45f5a024c6e3582f0d736
phi_net_train_0968,data/raw/property_conditions/train/partial_collapse/phi_net_train_pc_0968.jpg,partial_collapse,2,PC,Partial collapse,OFFICIAL_TRAIN,train,PEER Hub ImageNet (PHI-Net) Task 5,Yuqing Gao (UC Berkeley PEER Center),CC BY-NC-SA 4.0,224,224,3,ba2b03d5d6aeb4855b3d243ea56b0348cb47b17efb0ec76e3947182aad28ccf8
phi_net_train_0969,data/raw/property_conditions/train/partial_collapse/phi_net_train_pc_0969.jpg,partial_collapse,2,PC,Partial collapse,OFFICIAL_TRAIN,train,PEER Hub ImageNet (PHI-Net) Task 5,Yuqing Gao (UC Berkeley PEER Center),CC BY-NC-SA 4.0,224,224,3,de661d43177040a5867db2768c676acb67ee4cfb0a2cccbeea3b78c17f7bc62f
phi_net_train_0970,data/raw/property_conditions/train/partial_collapse/phi_net_train_pc_0970.jpg,partial_collapse,2,PC,Partial collapse,OFFICIAL_TRAIN,train,PEER Hub ImageNet (PHI-Net) Task 5,Yuqing Gao (UC Berkeley PEER Center),CC BY-NC-SA 4.0,224,224,3,522c37ad8ba0405aff5344e4a1707327cf2d3d4bdc7c6b74b2aaa87ee2a65875
phi_net_train_0971,data/raw/property_conditions/train/partial_collapse/phi_net_train_pc_0971.jpg,partial_collapse,2,PC,Partial collapse,OFFICIAL_TRAIN,train,PEER Hub ImageNet (PHI-Net) Task 5,Yuqing Gao (UC Berkeley PEER Center),CC BY-NC-SA 4.0,224,224,3,b81ab7c4b955834bd5afd462903b4ab761e94a84041c46868cecf183fdd8bfc9
phi_net_train_0972,data/raw/property_conditions/train/partial_collapse/phi_net_train_pc_0972.jpg,partial_collapse,2,PC,Partial collapse,OFFICIAL_TRAIN,train,PEER Hub ImageNet (PHI-Net) Task 5,Yuqing Gao (UC Berkeley PEER Center),CC BY-NC-SA 4.0,224,224,3,4087b435d7daf4ab85fb516d9f6fe742c026e398041a25e0fb041f8a91bc6eb2
phi_net_train_0973,data/raw/property_conditions/train/partial_collapse/phi_net_train_pc_0973.jpg,partial_collapse,2,PC,Partial collapse,OFFICIAL_TRAIN,train,PEER Hub ImageNet (PHI-Net) Task 5,Yuqing Gao (UC Berkeley PEER Center),CC BY-NC-SA 4.0,224,224,3,1323cd69b9c839e5810541addc153726a7a47d997101d682be8847c2944f56d9
phi_net_train_0974,data/raw/property_conditions/train/partial_collapse/phi_net_train_pc_0974.jpg,partial_collapse,2,PC,Partial collapse,OFFICIAL_TRAIN,train,PEER Hub ImageNet (PHI-Net) Task 5,Yuqing Gao (UC Berkeley PEER Center),CC BY-NC-SA 4.0,224,224,3,8ab2240ebd60c3b67f0b28820ffd616f7c4a2e9be41cb655773a65f5ed29c69e
phi_net_train_0975,data/raw/property_conditions/train/partial_collapse/phi_net_train_pc_0975.jpg,partial_collapse,2,PC,Partial collapse,OFFICIAL_TRAIN,train,PEER Hub ImageNet (PHI-Net) Task 5,Yuqing Gao (UC Berkeley PEER Center),CC BY-NC-SA 4.0,224,224,3,990ec8630dd2387987faaebb769c0455667fe7097d885014fa12874b12617641
phi_net_train_0976,data/raw/property_conditions/train/partial_collapse/phi_net_train_pc_0976.jpg,partial_collapse,2,PC,Partial collapse,OFFICIAL_TRAIN,train,PEER Hub ImageNet (PHI-Net) Task 5,Yuqing Gao (UC Berkeley PEER Center),CC BY-NC-SA 4.0,224,224,3,7de164ebe3d54e403c09b55ff4b2293886cd368f83ea7b7406a8900e65cde1a4
phi_net_train_0977,data/raw/property_conditions/train/partial_collapse/phi_net_train_pc_0977.jpg,partial_collapse,2,PC,Partial collapse,OFFICIAL_TRAIN,train,PEER Hub ImageNet (PHI-Net) Task 5,Yuqing Gao (UC Berkeley PEER Center),CC BY-NC-SA 4.0,224,224,3,fc685769c4e395c8212017675591e4c37fad7d6fe42d6ab5d465fdb226b370b1
phi_net_train_0978,data/raw/property_conditions/train/partial_collapse/phi_net_train_pc_0978.jpg,partial_collapse,2,PC,Partial collapse,OFFICIAL_TRAIN,train,PEER Hub ImageNet (PHI-Net) Task 5,Yuqing Gao (UC Berkeley PEER Center),CC BY-NC-SA 4.0,224,224,3,73d59e19d12f2b858ae8f6e800c754285a328b13879d5518c50b1e750bb99665
phi_net_train_0979,data/raw/property_conditions/train/partial_collapse/phi_net_train_pc_0979.jpg,partial_collapse,2,PC,Partial collapse,OFFICIAL_TRAIN,train,PEER Hub ImageNet (PHI-Net) Task 5,Yuqing Gao (UC Berkeley PEER Center),CC BY-NC-SA 4.0,224,224,3,20e4076edf6019d8751f953bf4b7baa6b9b514abbd814997cf71a17751ed0d39
phi_net_train_0980,data/raw/property_conditions/train/partial_collapse/phi_net_train_pc_0980.jpg,partial_collapse,2,PC,Partial collapse,OFFICIAL_TRAIN,train,PEER Hub ImageNet (PHI-Net) Task 5,Yuqing Gao (UC Berkeley PEER Center),CC BY-NC-SA 4.0,224,224,3,f41deeccd290bc92137486e6736893cad361a81d9899f2a208aac7888539c8a4
phi_net_train_0981,data/raw/property_conditions/train/partial_collapse/phi_net_train_pc_0981.jpg,partial_collapse,2,PC,Partial collapse,OFFICIAL_TRAIN,train,PEER Hub ImageNet (PHI-Net) Task 5,Yuqing Gao (UC Berkeley PEER Center),CC BY-NC-SA 4.0,224,224,3,772aa3369ead66f00be3afc0d9b3966eaa202e655efc6adf6f3433e117fb59e4
phi_net_train_0982,data/raw/property_conditions/train/partial_collapse/phi_net_train_pc_0982.jpg,partial_collapse,2,PC,Partial collapse,OFFICIAL_TRAIN,train,PEER Hub ImageNet (PHI-Net) Task 5,Yuqing Gao (UC Berkeley PEER Center),CC BY-NC-SA 4.0,224,224,3,f9592defdeb18c6da4a2f6f20b8caafc4a663fb5c00d259851365f806cea144f
phi_net_train_0983,data/raw/property_conditions/train/partial_collapse/phi_net_train_pc_0983.jpg,partial_collapse,2,PC,Partial collapse,OFFICIAL_TRAIN,train,PEER Hub ImageNet (PHI-Net) Task 5,Yuqing Gao (UC Berkeley PEER Center),CC BY-NC-SA 4.0,224,224,3,ea30d31d720e777bedb0e8f95ceb973e9f0ed6d2acad01adffa850110ebb2646
phi_net_train_0984,data/raw/property_conditions/train/partial_collapse/phi_net_train_pc_0984.jpg,partial_collapse,2,PC,Partial collapse,OFFICIAL_TRAIN,train,PEER Hub ImageNet (PHI-Net) Task 5,Yuqing Gao (UC Berkeley PEER Center),CC BY-NC-SA 4.0,224,224,3,0ac00d98d2c07bef5e9e2f8c23600f5a64a5777ae05fbdbca7c9379f976bba67
phi_net_train_0985,data/raw/property_conditions/train/partial_collapse/phi_net_train_pc_0985.jpg,partial_collapse,2,PC,Partial collapse,OFFICIAL_TRAIN,train,PEER Hub ImageNet (PHI-Net) Task 5,Yuqing Gao (UC Berkeley PEER Center),CC BY-NC-SA 4.0,224,224,3,b4dfb250a3c65db847701dcaf66cf0b99dd9104bbb4b61e5760f43f2035ec30d
phi_net_train_0986,data/raw/property_conditions/train/partial_collapse/phi_net_train_pc_0986.jpg,partial_collapse,2,PC,Partial collapse,OFFICIAL_TRAIN,train,PEER Hub ImageNet (PHI-Net) Task 5,Yuqing Gao (UC Berkeley PEER Center),CC BY-NC-SA 4.0,224,224,3,9158cd776e4ea50584c5e52afa84d17687761c9424861fbb2da77c1f32dc1c60
phi_net_train_0987,data/raw/property_conditions/train/partial_collapse/phi_net_train_pc_0987.jpg,partial_collapse,2,PC,Partial collapse,OFFICIAL_TRAIN,train,PEER Hub ImageNet (PHI-Net) Task 5,Yuqing Gao (UC Berkeley PEER Center),CC BY-NC-SA 4.0,224,224,3,2d84d10761f3a46052dbe3719e8d108db5ab15bc7ef99cd2e9e1507363a82ee8
phi_net_train_0988,data/raw/property_conditions/train/partial_collapse/phi_net_train_pc_0988.jpg,partial_collapse,2,PC,Partial collapse,OFFICIAL_TRAIN,train,PEER Hub ImageNet (PHI-Net) Task 5,Yuqing Gao (UC Berkeley PEER Center),CC BY-NC-SA 4.0,224,224,3,9e55476554487b36963356a79126afada814e80795b6975040056bcc285c99f3
phi_net_train_0989,data/raw/property_conditions/train/partial_collapse/phi_net_train_pc_0989.jpg,partial_collapse,2,PC,Partial collapse,OFFICIAL_TRAIN,train,PEER Hub ImageNet (PHI-Net) Task 5,Yuqing Gao (UC Berkeley PEER Center),CC BY-NC-SA 4.0,224,224,3,b24dc40e54327aacb4b8b3fa100c68f98f7af4617f0e0f7d03a29e87ae6e2813
phi_net_train_0990,data/raw/property_conditions/val/partial_collapse/phi_net_val_pc_0990.jpg,partial_collapse,2,PC,Partial collapse,OFFICIAL_TRAIN,val,PEER Hub ImageNet (PHI-Net) Task 5,Yuqing Gao (UC Berkeley PEER Center),CC BY-NC-SA 4.0,224,224,3,90c21d1624d64153721371ff7c35ded9bd1d4da20754fa2abca61514f69208ca
phi_net_train_0991,data/raw/property_conditions/train/partial_collapse/phi_net_train_pc_0991.jpg,partial_collapse,2,PC,Partial collapse,OFFICIAL_TRAIN,train,PEER Hub ImageNet (PHI-Net) Task 5,Yuqing Gao (UC Berkeley PEER Center),CC BY-NC-SA 4.0,224,224,3,25b4e691692d500a7c324d048333626e4b265b410ea735fa9bbd8c391b2bd316
phi_net_train_0992,data/raw/property_conditions/train/partial_collapse/phi_net_train_pc_0992.jpg,partial_collapse,2,PC,Partial collapse,OFFICIAL_TRAIN,train,PEER Hub ImageNet (PHI-Net) Task 5,Yuqing Gao (UC Berkeley PEER Center),CC BY-NC-SA 4.0,224,224,3,630ca31f3f653dd88de48e42e33d9a730abe2bc3c463346214e14b34060720fd
phi_net_train_0993,data/raw/property_conditions/train/partial_collapse/phi_net_train_pc_0993.jpg,partial_collapse,2,PC,Partial collapse,OFFICIAL_TRAIN,train,PEER Hub ImageNet (PHI-Net) Task 5,Yuqing Gao (UC Berkeley PEER Center),CC BY-NC-SA 4.0,224,224,3,3e0ca2c4ad0dc16fe03962fb2ca85e3dc92163f8c41d99fbb6f562e9abee775e
phi_net_train_0994,data/raw/property_conditions/val/partial_collapse/phi_net_val_pc_0994.jpg,partial_collapse,2,PC,Partial collapse,OFFICIAL_TRAIN,val,PEER Hub ImageNet (PHI-Net) Task 5,Yuqing Gao (UC Berkeley PEER Center),CC BY-NC-SA 4.0,224,224,3,f917582cc443fe85e925796b87a29997ecc3e997b3b3c3f098cec53de260266d
phi_net_train_0995,data/raw/property_conditions/val/partial_collapse/phi_net_val_pc_0995.jpg,partial_collapse,2,PC,Partial collapse,OFFICIAL_TRAIN,val,PEER Hub ImageNet (PHI-Net) Task 5,Yuqing Gao (UC Berkeley PEER Center),CC BY-NC-SA 4.0,224,224,3,6c6baab7307152bfd6a07f39abb31e6de552dc90c0149b67d02136e4cffd7786
phi_net_train_0996,data/raw/property_conditions/train/partial_collapse/phi_net_train_pc_0996.jpg,partial_collapse,2,PC,Partial collapse,OFFICIAL_TRAIN,train,PEER Hub ImageNet (PHI-Net) Task 5,Yuqing Gao (UC Berkeley PEER Center),CC BY-NC-SA 4.0,224,224,3,ca8e7467f2db454a48668d268096c64a9cace65d176fb4528eebf2a0b643f988
phi_net_train_0997,data/raw/property_conditions/train/partial_collapse/phi_net_train_pc_0997.jpg,partial_collapse,2,PC,Partial collapse,OFFICIAL_TRAIN,train,PEER Hub ImageNet (PHI-Net) Task 5,Yuqing Gao (UC Berkeley PEER Center),CC BY-NC-SA 4.0,224,224,3,780511623af9008edb7145d855df2990b963301bf2c6d2aaf938539bf5c563c9
phi_net_train_0998,data/raw/property_conditions/train/partial_collapse/phi_net_train_pc_0998.jpg,partial_collapse,2,PC,Partial collapse,OFFICIAL_TRAIN,train,PEER Hub ImageNet (PHI-Net) Task 5,Yuqing Gao (UC Berkeley PEER Center),CC BY-NC-SA 4.0,224,224,3,b1ad989e1bb098d4046b570346b02d79a871627838796c04b4d56b38cd615487
phi_net_train_0999,data/raw/property_conditions/train/partial_collapse/phi_net_train_pc_0999.jpg,partial_collapse,2,PC,Partial collapse,OFFICIAL_TRAIN,train,PEER Hub ImageNet (PHI-Net) Task 5,Yuqing Gao (UC Berkeley PEER Center),CC BY-NC-SA 4.0,224,224,3,96b813b88fe4429408946f240b079ce06ad630366839618ab261809377889116
phi_net_train_1000,data/raw/property_conditions/train/partial_collapse/phi_net_train_pc_1000.jpg,partial_collapse,2,PC,Partial collapse,OFFICIAL_TRAIN,train,PEER Hub ImageNet (PHI-Net) Task 5,Yuqing Gao (UC Berkeley PEER Center),CC BY-NC-SA 4.0,224,224,3,d0a764801685e9ba738aab50127ccda07db422beb78ee6010abd3a6e7c2f4445
phi_net_train_1001,data/raw/property_conditions/train/partial_collapse/phi_net_train_pc_1001.jpg,partial_collapse,2,PC,Partial collapse,OFFICIAL_TRAIN,train,PEER Hub ImageNet (PHI-Net) Task 5,Yuqing Gao (UC Berkeley PEER Center),CC BY-NC-SA 4.0,224,224,3,3220bdecd89d8bc425645590320747f520c091cfe8d9564265d6817083c89689
phi_net_train_1002,data/raw/property_conditions/train/partial_collapse/phi_net_train_pc_1002.jpg,partial_collapse,2,PC,Partial collapse,OFFICIAL_TRAIN,train,PEER Hub ImageNet (PHI-Net) Task 5,Yuqing Gao (UC Berkeley PEER Center),CC BY-NC-SA 4.0,224,224,3,44e9bc872b43b7014817c8d952ba521dcfbc0bd79e5c40d5fffd2068f18fc52d
phi_net_train_1003,data/raw/property_conditions/train/partial_collapse/phi_net_train_pc_1003.jpg,partial_collapse,2,PC,Partial collapse,OFFICIAL_TRAIN,train,PEER Hub ImageNet (PHI-Net) Task 5,Yuqing Gao (UC Berkeley PEER Center),CC BY-NC-SA 4.0,224,224,3,f1540fd95015606a8260943c722e72c3920ed5d31328d988ca3ff4ad25b8e905
phi_net_train_1004,data/raw/property_conditions/val/partial_collapse/phi_net_val_pc_1004.jpg,partial_collapse,2,PC,Partial collapse,OFFICIAL_TRAIN,val,PEER Hub ImageNet (PHI-Net) Task 5,Yuqing Gao (UC Berkeley PEER Center),CC BY-NC-SA 4.0,224,224,3,0b6dd1b873715a55be9a05a76a2b68fd124e8cf70f1d426a6384170b3b23aa27
phi_net_train_1005,data/raw/property_conditions/val/partial_collapse/phi_net_val_pc_1005.jpg,partial_collapse,2,PC,Partial collapse,OFFICIAL_TRAIN,val,PEER Hub ImageNet (PHI-Net) Task 5,Yuqing Gao (UC Berkeley PEER Center),CC BY-NC-SA 4.0,224,224,3,cef4d8296130c38d14c1d1b36183534df4e5ac76681a27e12ec3307005d69df2
phi_net_train_1006,data/raw/property_conditions/val/partial_collapse/phi_net_val_pc_1006.jpg,partial_collapse,2,PC,Partial collapse,OFFICIAL_TRAIN,val,PEER Hub ImageNet (PHI-Net) Task 5,Yuqing Gao (UC Berkeley PEER Center),CC BY-NC-SA 4.0,224,224,3,76d2a1d4cff8225d72542e6e67065aa57eb026b64af3a9bdb8d7d97a2338e06c
phi_net_train_1007,data/raw/property_conditions/train/partial_collapse/phi_net_train_pc_1007.jpg,partial_collapse,2,PC,Partial collapse,OFFICIAL_TRAIN,train,PEER Hub ImageNet (PHI-Net) Task 5,Yuqing Gao (UC Berkeley PEER Center),CC BY-NC-SA 4.0,224,224,3,6902a86e1599e37614eda73c54427922ea88f579210a4280a942ccacf444a594
phi_net_train_1008,data/raw/property_conditions/train/partial_collapse/phi_net_train_pc_1008.jpg,partial_collapse,2,PC,Partial collapse,OFFICIAL_TRAIN,train,PEER Hub ImageNet (PHI-Net) Task 5,Yuqing Gao (UC Berkeley PEER Center),CC BY-NC-SA 4.0,224,224,3,44315d614e57b70d1cd7363a43906bbac67c5c006b9cfc94fa705e9183851693
phi_net_train_1009,data/raw/property_conditions/train/partial_collapse/phi_net_train_pc_1009.jpg,partial_collapse,2,PC,Partial collapse,OFFICIAL_TRAIN,train,PEER Hub ImageNet (PHI-Net) Task 5,Yuqing Gao (UC Berkeley PEER Center),CC BY-NC-SA 4.0,224,224,3,fb7382beef9c06275fe51ea76a0e2f8d47963f3983c5e61ed0023c0b3fadf719
phi_net_train_1010,data/raw/property_conditions/train/partial_collapse/phi_net_train_pc_1010.jpg,partial_collapse,2,PC,Partial collapse,OFFICIAL_TRAIN,train,PEER Hub ImageNet (PHI-Net) Task 5,Yuqing Gao (UC Berkeley PEER Center),CC BY-NC-SA 4.0,224,224,3,f558176b55f23abd0d0f6e7fd44fb150b63a149ec001e69e4cb1b20d5dd1e8e2
phi_net_train_1011,data/raw/property_conditions/train/partial_collapse/phi_net_train_pc_1011.jpg,partial_collapse,2,PC,Partial collapse,OFFICIAL_TRAIN,train,PEER Hub ImageNet (PHI-Net) Task 5,Yuqing Gao (UC Berkeley PEER Center),CC BY-NC-SA 4.0,224,224,3,59e66badb66bd43e1f4dc6f851953d48f83337ec89c8d48ee8aa009603376f0b
phi_net_train_1012,data/raw/property_conditions/val/partial_collapse/phi_net_val_pc_1012.jpg,partial_collapse,2,PC,Partial collapse,OFFICIAL_TRAIN,val,PEER Hub ImageNet (PHI-Net) Task 5,Yuqing Gao (UC Berkeley PEER Center),CC BY-NC-SA 4.0,224,224,3,2006332025c3a05f988e7ab0ec5aea08128e8f30db0d035b5d382abdb7115ffa
phi_net_train_1013,data/raw/property_conditions/train/partial_collapse/phi_net_train_pc_1013.jpg,partial_collapse,2,PC,Partial collapse,OFFICIAL_TRAIN,train,PEER Hub ImageNet (PHI-Net) Task 5,Yuqing Gao (UC Berkeley PEER Center),CC BY-NC-SA 4.0,224,224,3,fb39a752fd562b462e8d5cca2ceefe5927d2c282d4caffea76133d7d60807b03
phi_net_train_1014,data/raw/property_conditions/train/partial_collapse/phi_net_train_pc_1014.jpg,partial_collapse,2,PC,Partial collapse,OFFICIAL_TRAIN,train,PEER Hub ImageNet (PHI-Net) Task 5,Yuqing Gao (UC Berkeley PEER Center),CC BY-NC-SA 4.0,224,224,3,c67b6a9b86afd6aa91acefa3cd1c9d9da44d6b26913796e668cf27e8328cbca8
phi_net_train_1015,data/raw/property_conditions/train/partial_collapse/phi_net_train_pc_1015.jpg,partial_collapse,2,PC,Partial collapse,OFFICIAL_TRAIN,train,PEER Hub ImageNet (PHI-Net) Task 5,Yuqing Gao (UC Berkeley PEER Center),CC BY-NC-SA 4.0,224,224,3,02d2420a3da9365a403172b66f75a9c4d7b0295bb2c592b2a2a69804117534a6
phi_net_train_1016,data/raw/property_conditions/train/partial_collapse/phi_net_train_pc_1016.jpg,partial_collapse,2,PC,Partial collapse,OFFICIAL_TRAIN,train,PEER Hub ImageNet (PHI-Net) Task 5,Yuqing Gao (UC Berkeley PEER Center),CC BY-NC-SA 4.0,224,224,3,dc1d586de7c46ea749c0129c6f4e6284f5c8a573511d8abe92be4e8abdab59ea
phi_net_train_1017,data/raw/property_conditions/train/partial_collapse/phi_net_train_pc_1017.jpg,partial_collapse,2,PC,Partial collapse,OFFICIAL_TRAIN,train,PEER Hub ImageNet (PHI-Net) Task 5,Yuqing Gao (UC Berkeley PEER Center),CC BY-NC-SA 4.0,224,224,3,07a7901f7365d0c8d535099fbc4f60b746a03ddded1023d59c1c30b6e9e2ccbf
phi_net_train_1018,data/raw/property_conditions/train/partial_collapse/phi_net_train_pc_1018.jpg,partial_collapse,2,PC,Partial collapse,OFFICIAL_TRAIN,train,PEER Hub ImageNet (PHI-Net) Task 5,Yuqing Gao (UC Berkeley PEER Center),CC BY-NC-SA 4.0,224,224,3,abc501a3f1767e77217b08f5cca1a798e07e1b85f6de47c707269d84cd1f1784
phi_net_train_1019,data/raw/property_conditions/train/partial_collapse/phi_net_train_pc_1019.jpg,partial_collapse,2,PC,Partial collapse,OFFICIAL_TRAIN,train,PEER Hub ImageNet (PHI-Net) Task 5,Yuqing Gao (UC Berkeley PEER Center),CC BY-NC-SA 4.0,224,224,3,16f1be095ce7c13fc22242f175777d3ae2cf0a2047a29003867cd02986d31b28
phi_net_train_1020,data/raw/property_conditions/val/partial_collapse/phi_net_val_pc_1020.jpg,partial_collapse,2,PC,Partial collapse,OFFICIAL_TRAIN,val,PEER Hub ImageNet (PHI-Net) Task 5,Yuqing Gao (UC Berkeley PEER Center),CC BY-NC-SA 4.0,224,224,3,b5963862fbf92e36d8d80ca699b606b2f82193ceb6d7679753b6917197339e5c
phi_net_train_1021,data/raw/property_conditions/train/partial_collapse/phi_net_train_pc_1021.jpg,partial_collapse,2,PC,Partial collapse,OFFICIAL_TRAIN,train,PEER Hub ImageNet (PHI-Net) Task 5,Yuqing Gao (UC Berkeley PEER Center),CC BY-NC-SA 4.0,224,224,3,c392bcabe144c1f60609e47bea0f7d2e342d9f214e86073b7723aff15f9ae96b
phi_net_train_1022,data/raw/property_conditions/val/partial_collapse/phi_net_val_pc_1022.jpg,partial_collapse,2,PC,Partial collapse,OFFICIAL_TRAIN,val,PEER Hub ImageNet (PHI-Net) Task 5,Yuqing Gao (UC Berkeley PEER Center),CC BY-NC-SA 4.0,224,224,3,388c0ba95f09d05b20eddfad8ce6748c96c26bb7eaebee825e84942929e70d23
phi_net_train_1023,data/raw/property_conditions/val/partial_collapse/phi_net_val_pc_1023.jpg,partial_collapse,2,PC,Partial collapse,OFFICIAL_TRAIN,val,PEER Hub ImageNet (PHI-Net) Task 5,Yuqing Gao (UC Berkeley PEER Center),CC BY-NC-SA 4.0,224,224,3,666261ebb85f7b869258144db2b2915458c14f894525337574880e2c727c8a9e
phi_net_train_1024,data/raw/property_conditions/train/partial_collapse/phi_net_train_pc_1024.jpg,partial_collapse,2,PC,Partial collapse,OFFICIAL_TRAIN,train,PEER Hub ImageNet (PHI-Net) Task 5,Yuqing Gao (UC Berkeley PEER Center),CC BY-NC-SA 4.0,224,224,3,6a7aa544359c1d0fb20a742526cea93b268f842143a20a7d6c0908c828c0a927
phi_net_train_1025,data/raw/property_conditions/train/partial_collapse/phi_net_train_pc_1025.jpg,partial_collapse,2,PC,Partial collapse,OFFICIAL_TRAIN,train,PEER Hub ImageNet (PHI-Net) Task 5,Yuqing Gao (UC Berkeley PEER Center),CC BY-NC-SA 4.0,224,224,3,b66a6d1b4bbfa61d9a8ca708398d6815156e48c8bac6ad177eff023d9f88d671
phi_net_train_1026,data/raw/property_conditions/train/partial_collapse/phi_net_train_pc_1026.jpg,partial_collapse,2,PC,Partial collapse,OFFICIAL_TRAIN,train,PEER Hub ImageNet (PHI-Net) Task 5,Yuqing Gao (UC Berkeley PEER Center),CC BY-NC-SA 4.0,224,224,3,7990cc3fd5a8f811c126847264d0d092c92985778940e50ce936d120eb48bc45
phi_net_train_1027,data/raw/property_conditions/train/partial_collapse/phi_net_train_pc_1027.jpg,partial_collapse,2,PC,Partial collapse,OFFICIAL_TRAIN,train,PEER Hub ImageNet (PHI-Net) Task 5,Yuqing Gao (UC Berkeley PEER Center),CC BY-NC-SA 4.0,224,224,3,92b9b333839395a7549c1d107c58798d2cb13627082340d99776d8d8695b02f1
phi_net_train_1028,data/raw/property_conditions/train/partial_collapse/phi_net_train_pc_1028.jpg,partial_collapse,2,PC,Partial collapse,OFFICIAL_TRAIN,train,PEER Hub ImageNet (PHI-Net) Task 5,Yuqing Gao (UC Berkeley PEER Center),CC BY-NC-SA 4.0,224,224,3,f1d01904c030a2aa53692ff88c22c99f1b5a57d038fc5397fea232282cd1ddb3
phi_net_train_1029,data/raw/property_conditions/train/partial_collapse/phi_net_train_pc_1029.jpg,partial_collapse,2,PC,Partial collapse,OFFICIAL_TRAIN,train,PEER Hub ImageNet (PHI-Net) Task 5,Yuqing Gao (UC Berkeley PEER Center),CC BY-NC-SA 4.0,224,224,3,dd9a925b7e37eb8de71a81664a8de9f48664158dd2340a6f9358bfdd0c55fc16
phi_net_train_1030,data/raw/property_conditions/train/partial_collapse/phi_net_train_pc_1030.jpg,partial_collapse,2,PC,Partial collapse,OFFICIAL_TRAIN,train,PEER Hub ImageNet (PHI-Net) Task 5,Yuqing Gao (UC Berkeley PEER Center),CC BY-NC-SA 4.0,224,224,3,a93d0607cced7b1d56c8a77495609d6fb8413c12207dd07f5453ab55cef526b7
phi_net_train_1031,data/raw/property_conditions/val/partial_collapse/phi_net_val_pc_1031.jpg,partial_collapse,2,PC,Partial collapse,OFFICIAL_TRAIN,val,PEER Hub ImageNet (PHI-Net) Task 5,Yuqing Gao (UC Berkeley PEER Center),CC BY-NC-SA 4.0,224,224,3,cbb1b9b1c632d65823d4bddcdb79530f6df9cb8aada1299b587e0261e5a208a5
phi_net_train_1032,data/raw/property_conditions/train/partial_collapse/phi_net_train_pc_1032.jpg,partial_collapse,2,PC,Partial collapse,OFFICIAL_TRAIN,train,PEER Hub ImageNet (PHI-Net) Task 5,Yuqing Gao (UC Berkeley PEER Center),CC BY-NC-SA 4.0,224,224,3,3c8a57dc5aa992c84d5eaf2a83530154523aa6fe25be25d379f90e712bb7a806
phi_net_train_1033,data/raw/property_conditions/train/partial_collapse/phi_net_train_pc_1033.jpg,partial_collapse,2,PC,Partial collapse,OFFICIAL_TRAIN,train,PEER Hub ImageNet (PHI-Net) Task 5,Yuqing Gao (UC Berkeley PEER Center),CC BY-NC-SA 4.0,224,224,3,1702af7cd845f0fc9c42f63d7bd703356b46994e5501d60bde6a6d26f6fc3d04
phi_net_train_1034,data/raw/property_conditions/train/partial_collapse/phi_net_train_pc_1034.jpg,partial_collapse,2,PC,Partial collapse,OFFICIAL_TRAIN,train,PEER Hub ImageNet (PHI-Net) Task 5,Yuqing Gao (UC Berkeley PEER Center),CC BY-NC-SA 4.0,224,224,3,870d94adffe6d605bcf613bd340d33840ebcf534d1579f24169d76b4c9ac58a5
phi_net_train_1035,data/raw/property_conditions/train/partial_collapse/phi_net_train_pc_1035.jpg,partial_collapse,2,PC,Partial collapse,OFFICIAL_TRAIN,train,PEER Hub ImageNet (PHI-Net) Task 5,Yuqing Gao (UC Berkeley PEER Center),CC BY-NC-SA 4.0,224,224,3,a436b293fbb02ac327064d3360d8104fe068858237640d1f7f6222c74254c2dd
phi_net_train_1036,data/raw/property_conditions/train/partial_collapse/phi_net_train_pc_1036.jpg,partial_collapse,2,PC,Partial collapse,OFFICIAL_TRAIN,train,PEER Hub ImageNet (PHI-Net) Task 5,Yuqing Gao (UC Berkeley PEER Center),CC BY-NC-SA 4.0,224,224,3,23d5e2423e19c3bb17343711108b131669ac53d163d7fb407b2fc1d23d528ea5
phi_net_train_1037,data/raw/property_conditions/train/partial_collapse/phi_net_train_pc_1037.jpg,partial_collapse,2,PC,Partial collapse,OFFICIAL_TRAIN,train,PEER Hub ImageNet (PHI-Net) Task 5,Yuqing Gao (UC Berkeley PEER Center),CC BY-NC-SA 4.0,224,224,3,72c214acde9db831d0ad930e934d0fc836e7ae8d5c86cd21218dd9cd46a98b46
phi_net_train_1038,data/raw/property_conditions/train/partial_collapse/phi_net_train_pc_1038.jpg,partial_collapse,2,PC,Partial collapse,OFFICIAL_TRAIN,train,PEER Hub ImageNet (PHI-Net) Task 5,Yuqing Gao (UC Berkeley PEER Center),CC BY-NC-SA 4.0,224,224,3,8a97077d419107658ed82b77798194b91c9c287aa8c6819fba5ea65d63b23c3a
phi_net_train_1039,data/raw/property_conditions/train/partial_collapse/phi_net_train_pc_1039.jpg,partial_collapse,2,PC,Partial collapse,OFFICIAL_TRAIN,train,PEER Hub ImageNet (PHI-Net) Task 5,Yuqing Gao (UC Berkeley PEER Center),CC BY-NC-SA 4.0,224,224,3,c490dcbf9561614066131963f29cd2db3e238019b7e354f06738951dbf9ef7c5
phi_net_train_1040,data/raw/property_conditions/train/partial_collapse/phi_net_train_pc_1040.jpg,partial_collapse,2,PC,Partial collapse,OFFICIAL_TRAIN,train,PEER Hub ImageNet (PHI-Net) Task 5,Yuqing Gao (UC Berkeley PEER Center),CC BY-NC-SA 4.0,224,224,3,24a25dbef48c800291b0cc2b787dd5d375af618b129c33e18eb7c9c15d50c4fc
phi_net_train_1041,data/raw/property_conditions/train/partial_collapse/phi_net_train_pc_1041.jpg,partial_collapse,2,PC,Partial collapse,OFFICIAL_TRAIN,train,PEER Hub ImageNet (PHI-Net) Task 5,Yuqing Gao (UC Berkeley PEER Center),CC BY-NC-SA 4.0,224,224,3,5a9fe831a675b9fddad0ab0f46f4b16bad48b3ab03ed3ace66215980910366d4
phi_net_train_1042,data/raw/property_conditions/train/partial_collapse/phi_net_train_pc_1042.jpg,partial_collapse,2,PC,Partial collapse,OFFICIAL_TRAIN,train,PEER Hub ImageNet (PHI-Net) Task 5,Yuqing Gao (UC Berkeley PEER Center),CC BY-NC-SA 4.0,224,224,3,911496dbe409ff77a7cf2bed4954bd9852d837f164f1e9d509d19752d6b4b97c
phi_net_train_1043,data/raw/property_conditions/train/partial_collapse/phi_net_train_pc_1043.jpg,partial_collapse,2,PC,Partial collapse,OFFICIAL_TRAIN,train,PEER Hub ImageNet (PHI-Net) Task 5,Yuqing Gao (UC Berkeley PEER Center),CC BY-NC-SA 4.0,224,224,3,3a37feb68ce6a8f634138863acdfccf5d0cf719a1d94fcf9b468203392fc39ac
phi_net_train_1044,data/raw/property_conditions/train/partial_collapse/phi_net_train_pc_1044.jpg,partial_collapse,2,PC,Partial collapse,OFFICIAL_TRAIN,train,PEER Hub ImageNet (PHI-Net) Task 5,Yuqing Gao (UC Berkeley PEER Center),CC BY-NC-SA 4.0,224,224,3,6436f0cf0c87b559fa2b28aa90accfd44375c8c4e530b3dfafb8933dc5d936a1
phi_net_train_1045,data/raw/property_conditions/train/partial_collapse/phi_net_train_pc_1045.jpg,partial_collapse,2,PC,Partial collapse,OFFICIAL_TRAIN,train,PEER Hub ImageNet (PHI-Net) Task 5,Yuqing Gao (UC Berkeley PEER Center),CC BY-NC-SA 4.0,224,224,3,a09a730cb83563841f39af6ac02b27191d98c7c83b226b1de31f4b92d6316c8d
phi_net_train_1046,data/raw/property_conditions/train/partial_collapse/phi_net_train_pc_1046.jpg,partial_collapse,2,PC,Partial collapse,OFFICIAL_TRAIN,train,PEER Hub ImageNet (PHI-Net) Task 5,Yuqing Gao (UC Berkeley PEER Center),CC BY-NC-SA 4.0,224,224,3,19115406a761b6412bb2d8b93b490e649ee3279e47c1642695d34fe7d9d1600a
phi_net_train_1047,data/raw/property_conditions/train/partial_collapse/phi_net_train_pc_1047.jpg,partial_collapse,2,PC,Partial collapse,OFFICIAL_TRAIN,train,PEER Hub ImageNet (PHI-Net) Task 5,Yuqing Gao (UC Berkeley PEER Center),CC BY-NC-SA 4.0,224,224,3,defa5e9e3a1597ebde7b83f4216c4d39bea4ee6af5251b0f2018782af063ad3c
phi_net_train_1048,data/raw/property_conditions/train/partial_collapse/phi_net_train_pc_1048.jpg,partial_collapse,2,PC,Partial collapse,OFFICIAL_TRAIN,train,PEER Hub ImageNet (PHI-Net) Task 5,Yuqing Gao (UC Berkeley PEER Center),CC BY-NC-SA 4.0,224,224,3,8e57b4673d9b33c610d2ddef3d884924e1bed00610a25c5f7480e3f26cdc1d56
phi_net_train_1049,data/raw/property_conditions/train/partial_collapse/phi_net_train_pc_1049.jpg,partial_collapse,2,PC,Partial collapse,OFFICIAL_TRAIN,train,PEER Hub ImageNet (PHI-Net) Task 5,Yuqing Gao (UC Berkeley PEER Center),CC BY-NC-SA 4.0,224,224,3,0ad80ac231492493b2d64a2d3738061ded0fb6a6160321866d4fc3cdae13cc0c
phi_net_train_1050,data/raw/property_conditions/train/partial_collapse/phi_net_train_pc_1050.jpg,partial_collapse,2,PC,Partial collapse,OFFICIAL_TRAIN,train,PEER Hub ImageNet (PHI-Net) Task 5,Yuqing Gao (UC Berkeley PEER Center),CC BY-NC-SA 4.0,224,224,3,ab6c353463d600a486e9a3556033bab4fe21b1302c4e6be628b67b531eacd3c7
phi_net_train_1051,data/raw/property_conditions/train/partial_collapse/phi_net_train_pc_1051.jpg,partial_collapse,2,PC,Partial collapse,OFFICIAL_TRAIN,train,PEER Hub ImageNet (PHI-Net) Task 5,Yuqing Gao (UC Berkeley PEER Center),CC BY-NC-SA 4.0,224,224,3,e1365bada6f0e0678c5b5baeeb896a8889d5c276019da66e2ed220039853d665
phi_net_train_1052,data/raw/property_conditions/train/partial_collapse/phi_net_train_pc_1052.jpg,partial_collapse,2,PC,Partial collapse,OFFICIAL_TRAIN,train,PEER Hub ImageNet (PHI-Net) Task 5,Yuqing Gao (UC Berkeley PEER Center),CC BY-NC-SA 4.0,224,224,3,b9125e6411e2090612b8d19e90d195a3f863ee1cebd99b967c4f940c7a489807
phi_net_train_1053,data/raw/property_conditions/train/partial_collapse/phi_net_train_pc_1053.jpg,partial_collapse,2,PC,Partial collapse,OFFICIAL_TRAIN,train,PEER Hub ImageNet (PHI-Net) Task 5,Yuqing Gao (UC Berkeley PEER Center),CC BY-NC-SA 4.0,224,224,3,6c5c6e34ac574ed8c4168bf4ec372aeb3dffc08f90a2044f0a5c8e62c9f334b4
phi_net_train_1054,data/raw/property_conditions/train/partial_collapse/phi_net_train_pc_1054.jpg,partial_collapse,2,PC,Partial collapse,OFFICIAL_TRAIN,train,PEER Hub ImageNet (PHI-Net) Task 5,Yuqing Gao (UC Berkeley PEER Center),CC BY-NC-SA 4.0,224,224,3,9dba742ecdc3299255681e51a9693db43fe6b522af62da3c73546aa6fa092c61
phi_net_train_1055,data/raw/property_conditions/train/partial_collapse/phi_net_train_pc_1055.jpg,partial_collapse,2,PC,Partial collapse,OFFICIAL_TRAIN,train,PEER Hub ImageNet (PHI-Net) Task 5,Yuqing Gao (UC Berkeley PEER Center),CC BY-NC-SA 4.0,224,224,3,32d0c95f23da7ebed2f73ec8d6004d9b4ea479a5a7cd423af2417f0d2065642b
phi_net_train_1056,data/raw/property_conditions/train/partial_collapse/phi_net_train_pc_1056.jpg,partial_collapse,2,PC,Partial collapse,OFFICIAL_TRAIN,train,PEER Hub ImageNet (PHI-Net) Task 5,Yuqing Gao (UC Berkeley PEER Center),CC BY-NC-SA 4.0,224,224,3,f85eeb80acfdf533ff16ddfe08b444a1d5dcd2be222bfeb2a5b3d83ccd3afb3a
phi_net_train_1057,data/raw/property_conditions/val/partial_collapse/phi_net_val_pc_1057.jpg,partial_collapse,2,PC,Partial collapse,OFFICIAL_TRAIN,val,PEER Hub ImageNet (PHI-Net) Task 5,Yuqing Gao (UC Berkeley PEER Center),CC BY-NC-SA 4.0,224,224,3,b1b57904989621258fa6a120cccfdc6467771a1bfdedadffd9a030cb6cc041bf
phi_net_train_1058,data/raw/property_conditions/train/partial_collapse/phi_net_train_pc_1058.jpg,partial_collapse,2,PC,Partial collapse,OFFICIAL_TRAIN,train,PEER Hub ImageNet (PHI-Net) Task 5,Yuqing Gao (UC Berkeley PEER Center),CC BY-NC-SA 4.0,224,224,3,63c50225747333f3b37fee5c7ddcf8b8a0ae7c31c6719e86c2d2230347586863
phi_net_train_1059,data/raw/property_conditions/train/partial_collapse/phi_net_train_pc_1059.jpg,partial_collapse,2,PC,Partial collapse,OFFICIAL_TRAIN,train,PEER Hub ImageNet (PHI-Net) Task 5,Yuqing Gao (UC Berkeley PEER Center),CC BY-NC-SA 4.0,224,224,3,9106122a2cea95ab95b5fa3f0054523a2662b45b31baa48bcb8b1354001303ff
phi_net_train_1060,data/raw/property_conditions/train/partial_collapse/phi_net_train_pc_1060.jpg,partial_collapse,2,PC,Partial collapse,OFFICIAL_TRAIN,train,PEER Hub ImageNet (PHI-Net) Task 5,Yuqing Gao (UC Berkeley PEER Center),CC BY-NC-SA 4.0,224,224,3,3be0630cdeab3299a7c602c522a3a708f60a88937804dbc0b3752f2efc1b56dc
phi_net_train_1061,data/raw/property_conditions/val/partial_collapse/phi_net_val_pc_1061.jpg,partial_collapse,2,PC,Partial collapse,OFFICIAL_TRAIN,val,PEER Hub ImageNet (PHI-Net) Task 5,Yuqing Gao (UC Berkeley PEER Center),CC BY-NC-SA 4.0,224,224,3,9b13a7d8c1d0f01db8d692099761de0ae393669e378f384a45e3cafbccedd274
phi_net_train_1062,data/raw/property_conditions/train/partial_collapse/phi_net_train_pc_1062.jpg,partial_collapse,2,PC,Partial collapse,OFFICIAL_TRAIN,train,PEER Hub ImageNet (PHI-Net) Task 5,Yuqing Gao (UC Berkeley PEER Center),CC BY-NC-SA 4.0,224,224,3,40118f193c87dedcd96640621ef8907c9613dba126183b494befedfa69cd588d
phi_net_train_1063,data/raw/property_conditions/val/partial_collapse/phi_net_val_pc_1063.jpg,partial_collapse,2,PC,Partial collapse,OFFICIAL_TRAIN,val,PEER Hub ImageNet (PHI-Net) Task 5,Yuqing Gao (UC Berkeley PEER Center),CC BY-NC-SA 4.0,224,224,3,16227f3fe61ef1ce6e6aebe915bc8c2b2b23158d64a0577c463cf8f58c703e9f
phi_net_train_1064,data/raw/property_conditions/train/partial_collapse/phi_net_train_pc_1064.jpg,partial_collapse,2,PC,Partial collapse,OFFICIAL_TRAIN,train,PEER Hub ImageNet (PHI-Net) Task 5,Yuqing Gao (UC Berkeley PEER Center),CC BY-NC-SA 4.0,224,224,3,d814d8527c766f4c8025c5044713451595e6d2f44e9dc20b949bcb59389e70e2
phi_net_train_1065,data/raw/property_conditions/train/partial_collapse/phi_net_train_pc_1065.jpg,partial_collapse,2,PC,Partial collapse,OFFICIAL_TRAIN,train,PEER Hub ImageNet (PHI-Net) Task 5,Yuqing Gao (UC Berkeley PEER Center),CC BY-NC-SA 4.0,224,224,3,9a7acd8331e3908a2e9b3dd15e8cb2f61b523efe071826dc07a5505a095cd219
phi_net_train_1066,data/raw/property_conditions/train/partial_collapse/phi_net_train_pc_1066.jpg,partial_collapse,2,PC,Partial collapse,OFFICIAL_TRAIN,train,PEER Hub ImageNet (PHI-Net) Task 5,Yuqing Gao (UC Berkeley PEER Center),CC BY-NC-SA 4.0,224,224,3,689647e045748bba7a94e8b8ca928f33ff6abd9b15b8f31ff79a714243fb97a3
phi_net_train_1067,data/raw/property_conditions/train/partial_collapse/phi_net_train_pc_1067.jpg,partial_collapse,2,PC,Partial collapse,OFFICIAL_TRAIN,train,PEER Hub ImageNet (PHI-Net) Task 5,Yuqing Gao (UC Berkeley PEER Center),CC BY-NC-SA 4.0,224,224,3,83208a84781f26cda4e931a556c67795772e53090d7b2c9800ad3272fffd7bfd
phi_net_train_1068,data/raw/property_conditions/val/partial_collapse/phi_net_val_pc_1068.jpg,partial_collapse,2,PC,Partial collapse,OFFICIAL_TRAIN,val,PEER Hub ImageNet (PHI-Net) Task 5,Yuqing Gao (UC Berkeley PEER Center),CC BY-NC-SA 4.0,224,224,3,c4c4eb40fbe2204831e70ff7044bd922c48246c946df9e1713be6932e6bf2d52
phi_net_train_1069,data/raw/property_conditions/train/partial_collapse/phi_net_train_pc_1069.jpg,partial_collapse,2,PC,Partial collapse,OFFICIAL_TRAIN,train,PEER Hub ImageNet (PHI-Net) Task 5,Yuqing Gao (UC Berkeley PEER Center),CC BY-NC-SA 4.0,224,224,3,9d81b997329381b471dee79540a61296ced2611e29b4151a3af52d975b382c0b
phi_net_train_1070,data/raw/property_conditions/train/partial_collapse/phi_net_train_pc_1070.jpg,partial_collapse,2,PC,Partial collapse,OFFICIAL_TRAIN,train,PEER Hub ImageNet (PHI-Net) Task 5,Yuqing Gao (UC Berkeley PEER Center),CC BY-NC-SA 4.0,224,224,3,7776d1ca7a0b088e7fd15393332d4186c7527c00be1e576c1940c1a59c116635
phi_net_train_1071,data/raw/property_conditions/train/partial_collapse/phi_net_train_pc_1071.jpg,partial_collapse,2,PC,Partial collapse,OFFICIAL_TRAIN,train,PEER Hub ImageNet (PHI-Net) Task 5,Yuqing Gao (UC Berkeley PEER Center),CC BY-NC-SA 4.0,224,224,3,7285b45e82fcfa554a3efcc87fa95f375bd2207124c183873af9dbbefa796105
phi_net_train_1072,data/raw/property_conditions/train/partial_collapse/phi_net_train_pc_1072.jpg,partial_collapse,2,PC,Partial collapse,OFFICIAL_TRAIN,train,PEER Hub ImageNet (PHI-Net) Task 5,Yuqing Gao (UC Berkeley PEER Center),CC BY-NC-SA 4.0,224,224,3,a6ec57365d744dc59dcc771cdf8f7f27ad50cd830efda1461d44ba930903adb5
phi_net_train_1073,data/raw/property_conditions/train/partial_collapse/phi_net_train_pc_1073.jpg,partial_collapse,2,PC,Partial collapse,OFFICIAL_TRAIN,train,PEER Hub ImageNet (PHI-Net) Task 5,Yuqing Gao (UC Berkeley PEER Center),CC BY-NC-SA 4.0,224,224,3,9e00b274c6dd7c85fe16b0caa56e41b1430088c8b83292e5e35ce0b5ca8a6b00
phi_net_train_1074,data/raw/property_conditions/train/partial_collapse/phi_net_train_pc_1074.jpg,partial_collapse,2,PC,Partial collapse,OFFICIAL_TRAIN,train,PEER Hub ImageNet (PHI-Net) Task 5,Yuqing Gao (UC Berkeley PEER Center),CC BY-NC-SA 4.0,224,224,3,a4faee21f76cd775fa0b199e26e290504e5cdc976a1845e482281f5bcdc95eb8
phi_net_train_1075,data/raw/property_conditions/train/partial_collapse/phi_net_train_pc_1075.jpg,partial_collapse,2,PC,Partial collapse,OFFICIAL_TRAIN,train,PEER Hub ImageNet (PHI-Net) Task 5,Yuqing Gao (UC Berkeley PEER Center),CC BY-NC-SA 4.0,224,224,3,e1f0d63035cbf138c7ce7d49bf56737e9bc558f61dc2f3838bc7e91315ab95d8
phi_net_train_1076,data/raw/property_conditions/val/partial_collapse/phi_net_val_pc_1076.jpg,partial_collapse,2,PC,Partial collapse,OFFICIAL_TRAIN,val,PEER Hub ImageNet (PHI-Net) Task 5,Yuqing Gao (UC Berkeley PEER Center),CC BY-NC-SA 4.0,224,224,3,4f9471cf78796db82cafc380c718b07aced7ac69b30ccca58ba56e0494e46699
phi_net_train_1077,data/raw/property_conditions/train/partial_collapse/phi_net_train_pc_1077.jpg,partial_collapse,2,PC,Partial collapse,OFFICIAL_TRAIN,train,PEER Hub ImageNet (PHI-Net) Task 5,Yuqing Gao (UC Berkeley PEER Center),CC BY-NC-SA 4.0,224,224,3,c4f5156d9f6a775050a0d323d69b04bb6bbc8f2124ef207552a276a259f89dfa
phi_net_train_1078,data/raw/property_conditions/train/partial_collapse/phi_net_train_pc_1078.jpg,partial_collapse,2,PC,Partial collapse,OFFICIAL_TRAIN,train,PEER Hub ImageNet (PHI-Net) Task 5,Yuqing Gao (UC Berkeley PEER Center),CC BY-NC-SA 4.0,224,224,3,0ea09d85639b39ced3bd8b15c62f008da260b8c3441228582a5b7185e2f81488
phi_net_train_1079,data/raw/property_conditions/train/partial_collapse/phi_net_train_pc_1079.jpg,partial_collapse,2,PC,Partial collapse,OFFICIAL_TRAIN,train,PEER Hub ImageNet (PHI-Net) Task 5,Yuqing Gao (UC Berkeley PEER Center),CC BY-NC-SA 4.0,224,224,3,d1c14a224703d0eabe0a23af939c2b217267223754412a73b37e23ec8495a16e
phi_net_train_1080,data/raw/property_conditions/train/partial_collapse/phi_net_train_pc_1080.jpg,partial_collapse,2,PC,Partial collapse,OFFICIAL_TRAIN,train,PEER Hub ImageNet (PHI-Net) Task 5,Yuqing Gao (UC Berkeley PEER Center),CC BY-NC-SA 4.0,224,224,3,a8a135e29904ea7601d97ff2ddbba242a055e7df7fd3f1f018ee069a96537dc8
phi_net_train_1081,data/raw/property_conditions/train/partial_collapse/phi_net_train_pc_1081.jpg,partial_collapse,2,PC,Partial collapse,OFFICIAL_TRAIN,train,PEER Hub ImageNet (PHI-Net) Task 5,Yuqing Gao (UC Berkeley PEER Center),CC BY-NC-SA 4.0,224,224,3,c787783ad980a0e32ead0f6693ed6feb69cb5c923197689e93bac00ceceb6b9e
phi_net_train_1082,data/raw/property_conditions/train/partial_collapse/phi_net_train_pc_1082.jpg,partial_collapse,2,PC,Partial collapse,OFFICIAL_TRAIN,train,PEER Hub ImageNet (PHI-Net) Task 5,Yuqing Gao (UC Berkeley PEER Center),CC BY-NC-SA 4.0,224,224,3,2666b468c1990529fce26f0e214d9d8ab37d60064398e8ad82ef76aa7c9eb380
phi_net_train_1083,data/raw/property_conditions/val/partial_collapse/phi_net_val_pc_1083.jpg,partial_collapse,2,PC,Partial collapse,OFFICIAL_TRAIN,val,PEER Hub ImageNet (PHI-Net) Task 5,Yuqing Gao (UC Berkeley PEER Center),CC BY-NC-SA 4.0,224,224,3,7c666a9658da3a3dc8906ba9670b65ec3e61b3e0ae6d0a9634cf8bdefd44f042
phi_net_train_1084,data/raw/property_conditions/train/partial_collapse/phi_net_train_pc_1084.jpg,partial_collapse,2,PC,Partial collapse,OFFICIAL_TRAIN,train,PEER Hub ImageNet (PHI-Net) Task 5,Yuqing Gao (UC Berkeley PEER Center),CC BY-NC-SA 4.0,224,224,3,43fdef3a13a503daf67a904f3d9e8b99e3fedb3fea22203d30a83c35b95d9a6e
phi_net_train_1085,data/raw/property_conditions/train/partial_collapse/phi_net_train_pc_1085.jpg,partial_collapse,2,PC,Partial collapse,OFFICIAL_TRAIN,train,PEER Hub ImageNet (PHI-Net) Task 5,Yuqing Gao (UC Berkeley PEER Center),CC BY-NC-SA 4.0,224,224,3,726fa8bc7baaaada043d10278eef35e09e3295143f2e40ce3d71b0fae6588f89
phi_net_train_1086,data/raw/property_conditions/train/partial_collapse/phi_net_train_pc_1086.jpg,partial_collapse,2,PC,Partial collapse,OFFICIAL_TRAIN,train,PEER Hub ImageNet (PHI-Net) Task 5,Yuqing Gao (UC Berkeley PEER Center),CC BY-NC-SA 4.0,224,224,3,f94ac18cea466380045cbc3dcc2afd2a6c4313daa1d43bdda6e7a0b040cad88e
phi_net_train_1087,data/raw/property_conditions/train/partial_collapse/phi_net_train_pc_1087.jpg,partial_collapse,2,PC,Partial collapse,OFFICIAL_TRAIN,train,PEER Hub ImageNet (PHI-Net) Task 5,Yuqing Gao (UC Berkeley PEER Center),CC BY-NC-SA 4.0,224,224,3,e2c4f1b3b0dd7aae4a8c394475157abc9094c951c5130730d0fac230f7a704f8
phi_net_train_1088,data/raw/property_conditions/train/partial_collapse/phi_net_train_pc_1088.jpg,partial_collapse,2,PC,Partial collapse,OFFICIAL_TRAIN,train,PEER Hub ImageNet (PHI-Net) Task 5,Yuqing Gao (UC Berkeley PEER Center),CC BY-NC-SA 4.0,224,224,3,41622debb0e23eb0e6f684ae6aaeb76dd24c173754daffafdd1fcab669eb0f8f
phi_net_train_1089,data/raw/property_conditions/train/partial_collapse/phi_net_train_pc_1089.jpg,partial_collapse,2,PC,Partial collapse,OFFICIAL_TRAIN,train,PEER Hub ImageNet (PHI-Net) Task 5,Yuqing Gao (UC Berkeley PEER Center),CC BY-NC-SA 4.0,224,224,3,5f8db85ccde71c8ca049181a88ed49045e3fb54a75e2ff5ad1a62e242f5a63ca
phi_net_train_1090,data/raw/property_conditions/train/partial_collapse/phi_net_train_pc_1090.jpg,partial_collapse,2,PC,Partial collapse,OFFICIAL_TRAIN,train,PEER Hub ImageNet (PHI-Net) Task 5,Yuqing Gao (UC Berkeley PEER Center),CC BY-NC-SA 4.0,224,224,3,00adc044cce88ec376d334655f0f99108a17d36191678fb13fd50ffd8b391273
phi_net_train_1091,data/raw/property_conditions/val/partial_collapse/phi_net_val_pc_1091.jpg,partial_collapse,2,PC,Partial collapse,OFFICIAL_TRAIN,val,PEER Hub ImageNet (PHI-Net) Task 5,Yuqing Gao (UC Berkeley PEER Center),CC BY-NC-SA 4.0,224,224,3,e85780e3b3a4808a2ea65946ef8816e40eed2c9fd0126da3a3076b5626fa1a49
phi_net_train_1092,data/raw/property_conditions/val/partial_collapse/phi_net_val_pc_1092.jpg,partial_collapse,2,PC,Partial collapse,OFFICIAL_TRAIN,val,PEER Hub ImageNet (PHI-Net) Task 5,Yuqing Gao (UC Berkeley PEER Center),CC BY-NC-SA 4.0,224,224,3,a6cd1b6968b45ca411e874a83a2d52b8c069813116c7d83e568c185ec34c8631
phi_net_train_1093,data/raw/property_conditions/train/partial_collapse/phi_net_train_pc_1093.jpg,partial_collapse,2,PC,Partial collapse,OFFICIAL_TRAIN,train,PEER Hub ImageNet (PHI-Net) Task 5,Yuqing Gao (UC Berkeley PEER Center),CC BY-NC-SA 4.0,224,224,3,e3dfb45df4025a1e50b8d13cdd98de554780de23be54624861fe8024492c3d85
phi_net_train_1094,data/raw/property_conditions/train/partial_collapse/phi_net_train_pc_1094.jpg,partial_collapse,2,PC,Partial collapse,OFFICIAL_TRAIN,train,PEER Hub ImageNet (PHI-Net) Task 5,Yuqing Gao (UC Berkeley PEER Center),CC BY-NC-SA 4.0,224,224,3,21dfc2188d6bbc5ae453dd0885849bcc6fb260be669e4a7d928d17ba11671085
phi_net_train_1095,data/raw/property_conditions/train/partial_collapse/phi_net_train_pc_1095.jpg,partial_collapse,2,PC,Partial collapse,OFFICIAL_TRAIN,train,PEER Hub ImageNet (PHI-Net) Task 5,Yuqing Gao (UC Berkeley PEER Center),CC BY-NC-SA 4.0,224,224,3,b9844020e996dc643caf7f6494ae60f4c680df789f8c7df756053546696a7e6b
phi_net_train_1096,data/raw/property_conditions/train/partial_collapse/phi_net_train_pc_1096.jpg,partial_collapse,2,PC,Partial collapse,OFFICIAL_TRAIN,train,PEER Hub ImageNet (PHI-Net) Task 5,Yuqing Gao (UC Berkeley PEER Center),CC BY-NC-SA 4.0,224,224,3,f45a888c6ad90d9667e54c53975f5090243d3c99126447a4e5c480c1b53743cb
phi_net_train_1097,data/raw/property_conditions/val/partial_collapse/phi_net_val_pc_1097.jpg,partial_collapse,2,PC,Partial collapse,OFFICIAL_TRAIN,val,PEER Hub ImageNet (PHI-Net) Task 5,Yuqing Gao (UC Berkeley PEER Center),CC BY-NC-SA 4.0,224,224,3,b785c77f3a7bbf955b1900ed1d9da078b1357a10470843d0690a782b012f17eb
phi_net_train_1098,data/raw/property_conditions/val/partial_collapse/phi_net_val_pc_1098.jpg,partial_collapse,2,PC,Partial collapse,OFFICIAL_TRAIN,val,PEER Hub ImageNet (PHI-Net) Task 5,Yuqing Gao (UC Berkeley PEER Center),CC BY-NC-SA 4.0,224,224,3,7a9869db7d4ed2b56af7af28e65e01e700c0c9a9cff36bf186914b3b353a450e
phi_net_train_1099,data/raw/property_conditions/train/partial_collapse/phi_net_train_pc_1099.jpg,partial_collapse,2,PC,Partial collapse,OFFICIAL_TRAIN,train,PEER Hub ImageNet (PHI-Net) Task 5,Yuqing Gao (UC Berkeley PEER Center),CC BY-NC-SA 4.0,224,224,3,3ada39ae46a227a6eff56d1bcb8d128231f863ca762ebabaad7f7096e16ac076
phi_net_train_1100,data/raw/property_conditions/train/partial_collapse/phi_net_train_pc_1100.jpg,partial_collapse,2,PC,Partial collapse,OFFICIAL_TRAIN,train,PEER Hub ImageNet (PHI-Net) Task 5,Yuqing Gao (UC Berkeley PEER Center),CC BY-NC-SA 4.0,224,224,3,05ef876058ad40aa77e4262fb897d3a9a47e2f537685b61e7a89a5f6e4abac91
phi_net_train_1101,data/raw/property_conditions/train/partial_collapse/phi_net_train_pc_1101.jpg,partial_collapse,2,PC,Partial collapse,OFFICIAL_TRAIN,train,PEER Hub ImageNet (PHI-Net) Task 5,Yuqing Gao (UC Berkeley PEER Center),CC BY-NC-SA 4.0,224,224,3,1688c348bafd886f655b8e1b6d5149e996c99efdfcd59288440ff7b7dfd4d9e7
phi_net_train_1102,data/raw/property_conditions/val/partial_collapse/phi_net_val_pc_1102.jpg,partial_collapse,2,PC,Partial collapse,OFFICIAL_TRAIN,val,PEER Hub ImageNet (PHI-Net) Task 5,Yuqing Gao (UC Berkeley PEER Center),CC BY-NC-SA 4.0,224,224,3,6c57fd2ca0b459fcb117717dd9fa08feab11733481ff4fbf82e3e6dbf2455ada
phi_net_train_1103,data/raw/property_conditions/train/partial_collapse/phi_net_train_pc_1103.jpg,partial_collapse,2,PC,Partial collapse,OFFICIAL_TRAIN,train,PEER Hub ImageNet (PHI-Net) Task 5,Yuqing Gao (UC Berkeley PEER Center),CC BY-NC-SA 4.0,224,224,3,37c011dc1946be4c31f30393aa7516ed51baf30b315430c1a521202c10fce1ed
phi_net_train_1104,data/raw/property_conditions/val/partial_collapse/phi_net_val_pc_1104.jpg,partial_collapse,2,PC,Partial collapse,OFFICIAL_TRAIN,val,PEER Hub ImageNet (PHI-Net) Task 5,Yuqing Gao (UC Berkeley PEER Center),CC BY-NC-SA 4.0,224,224,3,c1795fa2ab9375e394b7f8083a7230676360784a0225736486472908b86d5a56
phi_net_train_1105,data/raw/property_conditions/train/partial_collapse/phi_net_train_pc_1105.jpg,partial_collapse,2,PC,Partial collapse,OFFICIAL_TRAIN,train,PEER Hub ImageNet (PHI-Net) Task 5,Yuqing Gao (UC Berkeley PEER Center),CC BY-NC-SA 4.0,224,224,3,baa940127596ba892da81d18d4b522cb07927428e487c1115fa5877777f68e2c
phi_net_train_1106,data/raw/property_conditions/train/partial_collapse/phi_net_train_pc_1106.jpg,partial_collapse,2,PC,Partial collapse,OFFICIAL_TRAIN,train,PEER Hub ImageNet (PHI-Net) Task 5,Yuqing Gao (UC Berkeley PEER Center),CC BY-NC-SA 4.0,224,224,3,6d77a229019000cdb3d09642839c84c990baed3f04b265125094bda6b05c13db
phi_net_train_1107,data/raw/property_conditions/train/partial_collapse/phi_net_train_pc_1107.jpg,partial_collapse,2,PC,Partial collapse,OFFICIAL_TRAIN,train,PEER Hub ImageNet (PHI-Net) Task 5,Yuqing Gao (UC Berkeley PEER Center),CC BY-NC-SA 4.0,224,224,3,04b9e4aca072f8efcf433d1a6ab5fd5a2ad6d661cfb8e969d750a701b0a86fb2
phi_net_train_1108,data/raw/property_conditions/train/partial_collapse/phi_net_train_pc_1108.jpg,partial_collapse,2,PC,Partial collapse,OFFICIAL_TRAIN,train,PEER Hub ImageNet (PHI-Net) Task 5,Yuqing Gao (UC Berkeley PEER Center),CC BY-NC-SA 4.0,224,224,3,5d3be74de4efaada5bb35080b87a68ac74121cef40345830fa89748dbb57f4cc
phi_net_train_1109,data/raw/property_conditions/val/partial_collapse/phi_net_val_pc_1109.jpg,partial_collapse,2,PC,Partial collapse,OFFICIAL_TRAIN,val,PEER Hub ImageNet (PHI-Net) Task 5,Yuqing Gao (UC Berkeley PEER Center),CC BY-NC-SA 4.0,224,224,3,5519a634f71a72502a103b254c46d37d48eab342e287f2261e59656de16f4b80
phi_net_train_1110,data/raw/property_conditions/train/partial_collapse/phi_net_train_pc_1110.jpg,partial_collapse,2,PC,Partial collapse,OFFICIAL_TRAIN,train,PEER Hub ImageNet (PHI-Net) Task 5,Yuqing Gao (UC Berkeley PEER Center),CC BY-NC-SA 4.0,224,224,3,1942f0df30e1a797425bbbc395896b47e116ff6cce99db1aa5a795ac46815d96
phi_net_train_1111,data/raw/property_conditions/train/partial_collapse/phi_net_train_pc_1111.jpg,partial_collapse,2,PC,Partial collapse,OFFICIAL_TRAIN,train,PEER Hub ImageNet (PHI-Net) Task 5,Yuqing Gao (UC Berkeley PEER Center),CC BY-NC-SA 4.0,224,224,3,063f0beddb7ec71966d38eb496a8bbe6c3e434b525f134fdbfbccbd2164af864
phi_net_train_1112,data/raw/property_conditions/train/partial_collapse/phi_net_train_pc_1112.jpg,partial_collapse,2,PC,Partial collapse,OFFICIAL_TRAIN,train,PEER Hub ImageNet (PHI-Net) Task 5,Yuqing Gao (UC Berkeley PEER Center),CC BY-NC-SA 4.0,224,224,3,6cbec8a59a10fca879ffc1ca3eb9b7679ff08931dae475a1b5eb103afb3b36e7
phi_net_train_1113,data/raw/property_conditions/val/partial_collapse/phi_net_val_pc_1113.jpg,partial_collapse,2,PC,Partial collapse,OFFICIAL_TRAIN,val,PEER Hub ImageNet (PHI-Net) Task 5,Yuqing Gao (UC Berkeley PEER Center),CC BY-NC-SA 4.0,224,224,3,e8a50529065a1a2ddb817c2ace133741e7a6d85725cc20adee36a330d26bddc3
phi_net_train_1114,data/raw/property_conditions/train/partial_collapse/phi_net_train_pc_1114.jpg,partial_collapse,2,PC,Partial collapse,OFFICIAL_TRAIN,train,PEER Hub ImageNet (PHI-Net) Task 5,Yuqing Gao (UC Berkeley PEER Center),CC BY-NC-SA 4.0,224,224,3,3c61af56bf32f4510624d2632160a891e9ba76fd5eead0d7acddca5380a014cf
phi_net_train_1115,data/raw/property_conditions/val/partial_collapse/phi_net_val_pc_1115.jpg,partial_collapse,2,PC,Partial collapse,OFFICIAL_TRAIN,val,PEER Hub ImageNet (PHI-Net) Task 5,Yuqing Gao (UC Berkeley PEER Center),CC BY-NC-SA 4.0,224,224,3,cc7244a118f1bf7d24fa4975215b491b75163d565b1c122565e6a080b29a774f
phi_net_train_1116,data/raw/property_conditions/train/partial_collapse/phi_net_train_pc_1116.jpg,partial_collapse,2,PC,Partial collapse,OFFICIAL_TRAIN,train,PEER Hub ImageNet (PHI-Net) Task 5,Yuqing Gao (UC Berkeley PEER Center),CC BY-NC-SA 4.0,224,224,3,170657da64a7a550df4ea12578207e201257f3d7f380090bbb9e827a488425f3
phi_net_train_1117,data/raw/property_conditions/train/partial_collapse/phi_net_train_pc_1117.jpg,partial_collapse,2,PC,Partial collapse,OFFICIAL_TRAIN,train,PEER Hub ImageNet (PHI-Net) Task 5,Yuqing Gao (UC Berkeley PEER Center),CC BY-NC-SA 4.0,224,224,3,d0ad8c41d305a2e9f48876f8ba4752d692cc4336378286bdc42a7d07aa56b040
phi_net_train_1118,data/raw/property_conditions/train/partial_collapse/phi_net_train_pc_1118.jpg,partial_collapse,2,PC,Partial collapse,OFFICIAL_TRAIN,train,PEER Hub ImageNet (PHI-Net) Task 5,Yuqing Gao (UC Berkeley PEER Center),CC BY-NC-SA 4.0,224,224,3,9abc729235874172c5d2907c0471d2a3f53572520864cf6d153a97c93b895de1
phi_net_train_1119,data/raw/property_conditions/train/partial_collapse/phi_net_train_pc_1119.jpg,partial_collapse,2,PC,Partial collapse,OFFICIAL_TRAIN,train,PEER Hub ImageNet (PHI-Net) Task 5,Yuqing Gao (UC Berkeley PEER Center),CC BY-NC-SA 4.0,224,224,3,7ef6c9205d8dfb69108fc3c2cf3fecc2da30e81865ec9a29da537035508ed2e0
phi_net_train_1120,data/raw/property_conditions/train/partial_collapse/phi_net_train_pc_1120.jpg,partial_collapse,2,PC,Partial collapse,OFFICIAL_TRAIN,train,PEER Hub ImageNet (PHI-Net) Task 5,Yuqing Gao (UC Berkeley PEER Center),CC BY-NC-SA 4.0,224,224,3,f377d2f6a8d351ee3d2e8a5122acc33ac2719f38f9b8b65d6941689521d356df
phi_net_train_1121,data/raw/property_conditions/train/partial_collapse/phi_net_train_pc_1121.jpg,partial_collapse,2,PC,Partial collapse,OFFICIAL_TRAIN,train,PEER Hub ImageNet (PHI-Net) Task 5,Yuqing Gao (UC Berkeley PEER Center),CC BY-NC-SA 4.0,224,224,3,178517cb9b8981dd7653ffad1c6ae41b34c10a8a30d83e344def39fc19b09bcf
phi_net_train_1122,data/raw/property_conditions/train/partial_collapse/phi_net_train_pc_1122.jpg,partial_collapse,2,PC,Partial collapse,OFFICIAL_TRAIN,train,PEER Hub ImageNet (PHI-Net) Task 5,Yuqing Gao (UC Berkeley PEER Center),CC BY-NC-SA 4.0,224,224,3,43c6735d414365e33267cc1066e6e9b4abd8262ea1ca60a9ae2a92cd8fb3bc1b
phi_net_train_1123,data/raw/property_conditions/train/partial_collapse/phi_net_train_pc_1123.jpg,partial_collapse,2,PC,Partial collapse,OFFICIAL_TRAIN,train,PEER Hub ImageNet (PHI-Net) Task 5,Yuqing Gao (UC Berkeley PEER Center),CC BY-NC-SA 4.0,224,224,3,7754260ecc32da1a1d9fffb1d468c003fefeecaebf3628184cf4f0bf524a95cb
phi_net_train_1124,data/raw/property_conditions/val/partial_collapse/phi_net_val_pc_1124.jpg,partial_collapse,2,PC,Partial collapse,OFFICIAL_TRAIN,val,PEER Hub ImageNet (PHI-Net) Task 5,Yuqing Gao (UC Berkeley PEER Center),CC BY-NC-SA 4.0,224,224,3,dfe9a673c884ee892bc2c3e2360b9443a4a295e9be5426e81239d0fd34374bff
phi_net_train_1125,data/raw/property_conditions/train/partial_collapse/phi_net_train_pc_1125.jpg,partial_collapse,2,PC,Partial collapse,OFFICIAL_TRAIN,train,PEER Hub ImageNet (PHI-Net) Task 5,Yuqing Gao (UC Berkeley PEER Center),CC BY-NC-SA 4.0,224,224,3,18d141fd14a1b6a8f08fb25d053b96704d3177157441364899e64d9e2a28f235
phi_net_train_1126,data/raw/property_conditions/val/partial_collapse/phi_net_val_pc_1126.jpg,partial_collapse,2,PC,Partial collapse,OFFICIAL_TRAIN,val,PEER Hub ImageNet (PHI-Net) Task 5,Yuqing Gao (UC Berkeley PEER Center),CC BY-NC-SA 4.0,224,224,3,5c03de96888e809c43365da3ec49cf6c7a08f9c3b5052f77aa9bea2fd201fdee
phi_net_train_1127,data/raw/property_conditions/train/partial_collapse/phi_net_train_pc_1127.jpg,partial_collapse,2,PC,Partial collapse,OFFICIAL_TRAIN,train,PEER Hub ImageNet (PHI-Net) Task 5,Yuqing Gao (UC Berkeley PEER Center),CC BY-NC-SA 4.0,224,224,3,05ebec4c410106187910865720d5762a3eadc5d35ea7a4f36eebe4c17d64daa9
phi_net_train_1128,data/raw/property_conditions/train/partial_collapse/phi_net_train_pc_1128.jpg,partial_collapse,2,PC,Partial collapse,OFFICIAL_TRAIN,train,PEER Hub ImageNet (PHI-Net) Task 5,Yuqing Gao (UC Berkeley PEER Center),CC BY-NC-SA 4.0,224,224,3,9887a52b8ba3bd62e9cb6c509f75a21b730a8349544124d7e5bc81e41fe7fbf9
phi_net_train_1129,data/raw/property_conditions/train/partial_collapse/phi_net_train_pc_1129.jpg,partial_collapse,2,PC,Partial collapse,OFFICIAL_TRAIN,train,PEER Hub ImageNet (PHI-Net) Task 5,Yuqing Gao (UC Berkeley PEER Center),CC BY-NC-SA 4.0,224,224,3,adf844ef873c50a8cd7d285a0eb08469f5563c5c76420a4cac3e70ac3845f5e0
phi_net_train_1130,data/raw/property_conditions/train/partial_collapse/phi_net_train_pc_1130.jpg,partial_collapse,2,PC,Partial collapse,OFFICIAL_TRAIN,train,PEER Hub ImageNet (PHI-Net) Task 5,Yuqing Gao (UC Berkeley PEER Center),CC BY-NC-SA 4.0,224,224,3,3f21b2d3a1901be6e519551e6679ae0c0560a092bfa6fd7d259431b65559a400
phi_net_train_1131,data/raw/property_conditions/train/partial_collapse/phi_net_train_pc_1131.jpg,partial_collapse,2,PC,Partial collapse,OFFICIAL_TRAIN,train,PEER Hub ImageNet (PHI-Net) Task 5,Yuqing Gao (UC Berkeley PEER Center),CC BY-NC-SA 4.0,224,224,3,9d7c3cb85ca2f3a65a727df6671e1587f421e0445d31b9430ce01f1cc4878d7b
phi_net_train_1132,data/raw/property_conditions/train/partial_collapse/phi_net_train_pc_1132.jpg,partial_collapse,2,PC,Partial collapse,OFFICIAL_TRAIN,train,PEER Hub ImageNet (PHI-Net) Task 5,Yuqing Gao (UC Berkeley PEER Center),CC BY-NC-SA 4.0,224,224,3,278e06b14d8c40a59d7a8d37a96f02b42934e8109cb2d890046884633bf4a4a6
phi_net_train_1133,data/raw/property_conditions/train/partial_collapse/phi_net_train_pc_1133.jpg,partial_collapse,2,PC,Partial collapse,OFFICIAL_TRAIN,train,PEER Hub ImageNet (PHI-Net) Task 5,Yuqing Gao (UC Berkeley PEER Center),CC BY-NC-SA 4.0,224,224,3,67fe763dade53ab92e888efed89a17d117720537b2c00c0087522abf54ededf3
phi_net_train_1134,data/raw/property_conditions/train/partial_collapse/phi_net_train_pc_1134.jpg,partial_collapse,2,PC,Partial collapse,OFFICIAL_TRAIN,train,PEER Hub ImageNet (PHI-Net) Task 5,Yuqing Gao (UC Berkeley PEER Center),CC BY-NC-SA 4.0,224,224,3,713764567c791199761097218301be31135c4e29d28995993414267737949592
phi_net_train_1135,data/raw/property_conditions/train/partial_collapse/phi_net_train_pc_1135.jpg,partial_collapse,2,PC,Partial collapse,OFFICIAL_TRAIN,train,PEER Hub ImageNet (PHI-Net) Task 5,Yuqing Gao (UC Berkeley PEER Center),CC BY-NC-SA 4.0,224,224,3,73b30b623c4ec03d95247c6e8e7c8319655c15cd1c446d36b7f72ecfd2cda818
phi_net_train_1136,data/raw/property_conditions/train/partial_collapse/phi_net_train_pc_1136.jpg,partial_collapse,2,PC,Partial collapse,OFFICIAL_TRAIN,train,PEER Hub ImageNet (PHI-Net) Task 5,Yuqing Gao (UC Berkeley PEER Center),CC BY-NC-SA 4.0,224,224,3,ca2abebe98c459c4b934766e7f15d264f6d0035466c133edf63d0d42367be5e3
phi_net_train_1137,data/raw/property_conditions/train/partial_collapse/phi_net_train_pc_1137.jpg,partial_collapse,2,PC,Partial collapse,OFFICIAL_TRAIN,train,PEER Hub ImageNet (PHI-Net) Task 5,Yuqing Gao (UC Berkeley PEER Center),CC BY-NC-SA 4.0,224,224,3,c0ebd0ead94356013761793c9e5dbf680ddc65a90c8fcd9db2bf0fe266d2fb17
phi_net_train_1138,data/raw/property_conditions/train/partial_collapse/phi_net_train_pc_1138.jpg,partial_collapse,2,PC,Partial collapse,OFFICIAL_TRAIN,train,PEER Hub ImageNet (PHI-Net) Task 5,Yuqing Gao (UC Berkeley PEER Center),CC BY-NC-SA 4.0,224,224,3,77c2a4e8a89db15022335229549080461a33b2dcff79e839f53b7c9af286df36
phi_net_train_1139,data/raw/property_conditions/train/partial_collapse/phi_net_train_pc_1139.jpg,partial_collapse,2,PC,Partial collapse,OFFICIAL_TRAIN,train,PEER Hub ImageNet (PHI-Net) Task 5,Yuqing Gao (UC Berkeley PEER Center),CC BY-NC-SA 4.0,224,224,3,5bc65111e97edcae1d1f8c809d4c6ee1d5985713ba27299a4d20297c928077ad
phi_net_train_1140,data/raw/property_conditions/train/partial_collapse/phi_net_train_pc_1140.jpg,partial_collapse,2,PC,Partial collapse,OFFICIAL_TRAIN,train,PEER Hub ImageNet (PHI-Net) Task 5,Yuqing Gao (UC Berkeley PEER Center),CC BY-NC-SA 4.0,224,224,3,eba0995f34d4c385f4def6aa3d638b06bb605777d5f81641cd75200e1cd810e1
phi_net_train_1141,data/raw/property_conditions/train/partial_collapse/phi_net_train_pc_1141.jpg,partial_collapse,2,PC,Partial collapse,OFFICIAL_TRAIN,train,PEER Hub ImageNet (PHI-Net) Task 5,Yuqing Gao (UC Berkeley PEER Center),CC BY-NC-SA 4.0,224,224,3,c75f5fb855ba142f45db5e13f8d7525f545edb289a5b57f6a263ec4ad70bf390
phi_net_train_1142,data/raw/property_conditions/train/partial_collapse/phi_net_train_pc_1142.jpg,partial_collapse,2,PC,Partial collapse,OFFICIAL_TRAIN,train,PEER Hub ImageNet (PHI-Net) Task 5,Yuqing Gao (UC Berkeley PEER Center),CC BY-NC-SA 4.0,224,224,3,753ce2630e7d22a6609476665e0cc5b0b29e52cc7b19ed956e66e299baa999ca
phi_net_train_1143,data/raw/property_conditions/train/partial_collapse/phi_net_train_pc_1143.jpg,partial_collapse,2,PC,Partial collapse,OFFICIAL_TRAIN,train,PEER Hub ImageNet (PHI-Net) Task 5,Yuqing Gao (UC Berkeley PEER Center),CC BY-NC-SA 4.0,224,224,3,33805042c81f38d7275eecfbb56d083a6be69c1f826bbcb82d4cb2d5839d0206
phi_net_train_1144,data/raw/property_conditions/train/partial_collapse/phi_net_train_pc_1144.jpg,partial_collapse,2,PC,Partial collapse,OFFICIAL_TRAIN,train,PEER Hub ImageNet (PHI-Net) Task 5,Yuqing Gao (UC Berkeley PEER Center),CC BY-NC-SA 4.0,224,224,3,e63cc3d56ff9487830b78255b5b31628de6dc77420a9e364cfe76dfcf2df24ce
phi_net_train_1145,data/raw/property_conditions/train/partial_collapse/phi_net_train_pc_1145.jpg,partial_collapse,2,PC,Partial collapse,OFFICIAL_TRAIN,train,PEER Hub ImageNet (PHI-Net) Task 5,Yuqing Gao (UC Berkeley PEER Center),CC BY-NC-SA 4.0,224,224,3,639d6f9b45283b61c2f9cb8887f44353f4334a0221d7fd720b1f52fc646e0e9c
phi_net_train_1146,data/raw/property_conditions/train/partial_collapse/phi_net_train_pc_1146.jpg,partial_collapse,2,PC,Partial collapse,OFFICIAL_TRAIN,train,PEER Hub ImageNet (PHI-Net) Task 5,Yuqing Gao (UC Berkeley PEER Center),CC BY-NC-SA 4.0,224,224,3,e9116bbe006f5476c7f962bd83dd8b97b6c8f022b6422f13b6b0dd0165e31baa
phi_net_train_1147,data/raw/property_conditions/train/partial_collapse/phi_net_train_pc_1147.jpg,partial_collapse,2,PC,Partial collapse,OFFICIAL_TRAIN,train,PEER Hub ImageNet (PHI-Net) Task 5,Yuqing Gao (UC Berkeley PEER Center),CC BY-NC-SA 4.0,224,224,3,dffc5f93ded01fdf03ba94c8b0d0112696712411147c9e8aaf02a205df86b98d
phi_net_train_1148,data/raw/property_conditions/train/partial_collapse/phi_net_train_pc_1148.jpg,partial_collapse,2,PC,Partial collapse,OFFICIAL_TRAIN,train,PEER Hub ImageNet (PHI-Net) Task 5,Yuqing Gao (UC Berkeley PEER Center),CC BY-NC-SA 4.0,224,224,3,0e04f6e460f05ca939c5b12c71d82f1d3ede5c3932bea698e1fb19607e3f1552
phi_net_train_1149,data/raw/property_conditions/train/partial_collapse/phi_net_train_pc_1149.jpg,partial_collapse,2,PC,Partial collapse,OFFICIAL_TRAIN,train,PEER Hub ImageNet (PHI-Net) Task 5,Yuqing Gao (UC Berkeley PEER Center),CC BY-NC-SA 4.0,224,224,3,38516e16763b03b7bb1e14395faf17d3a6fad1138417250655800bc0ae9df524
phi_net_train_1150,data/raw/property_conditions/train/partial_collapse/phi_net_train_pc_1150.jpg,partial_collapse,2,PC,Partial collapse,OFFICIAL_TRAIN,train,PEER Hub ImageNet (PHI-Net) Task 5,Yuqing Gao (UC Berkeley PEER Center),CC BY-NC-SA 4.0,224,224,3,52a3921226937b6c7ebd16a0bded5d1da8837636bd39740dcc4e335b362cec74
phi_net_train_1151,data/raw/property_conditions/train/partial_collapse/phi_net_train_pc_1151.jpg,partial_collapse,2,PC,Partial collapse,OFFICIAL_TRAIN,train,PEER Hub ImageNet (PHI-Net) Task 5,Yuqing Gao (UC Berkeley PEER Center),CC BY-NC-SA 4.0,224,224,3,4d1c4391c6d2808a42e4d6eb0d03f2f6fa85bbfbca7499d878bdac2c31b3e012
phi_net_train_1152,data/raw/property_conditions/train/partial_collapse/phi_net_train_pc_1152.jpg,partial_collapse,2,PC,Partial collapse,OFFICIAL_TRAIN,train,PEER Hub ImageNet (PHI-Net) Task 5,Yuqing Gao (UC Berkeley PEER Center),CC BY-NC-SA 4.0,224,224,3,59c4188c9b8a79ad1b8131e5d77601ce936720715ad06f87961b321c70a26f18
phi_net_train_1153,data/raw/property_conditions/train/partial_collapse/phi_net_train_pc_1153.jpg,partial_collapse,2,PC,Partial collapse,OFFICIAL_TRAIN,train,PEER Hub ImageNet (PHI-Net) Task 5,Yuqing Gao (UC Berkeley PEER Center),CC BY-NC-SA 4.0,224,224,3,525fa1fbd69c608e19c3cf424fcb0d2727420ff58909c213a7c681a7a3d7867d
phi_net_train_1154,data/raw/property_conditions/train/partial_collapse/phi_net_train_pc_1154.jpg,partial_collapse,2,PC,Partial collapse,OFFICIAL_TRAIN,train,PEER Hub ImageNet (PHI-Net) Task 5,Yuqing Gao (UC Berkeley PEER Center),CC BY-NC-SA 4.0,224,224,3,ffdf171eafd42600dd396329afcf1e92af30e4923480a7919877f3f41454dea0
phi_net_train_1155,data/raw/property_conditions/train/partial_collapse/phi_net_train_pc_1155.jpg,partial_collapse,2,PC,Partial collapse,OFFICIAL_TRAIN,train,PEER Hub ImageNet (PHI-Net) Task 5,Yuqing Gao (UC Berkeley PEER Center),CC BY-NC-SA 4.0,224,224,3,5dd3ad6a8d5ef408964c544c210fdf7602e5ecf92565f26753756c5427703c9b
phi_net_train_1156,data/raw/property_conditions/train/partial_collapse/phi_net_train_pc_1156.jpg,partial_collapse,2,PC,Partial collapse,OFFICIAL_TRAIN,train,PEER Hub ImageNet (PHI-Net) Task 5,Yuqing Gao (UC Berkeley PEER Center),CC BY-NC-SA 4.0,224,224,3,a30751c3db01ec2ae24682dc074e4c5ec54498192739f761cfc7845aadf079f4
phi_net_train_1157,data/raw/property_conditions/train/partial_collapse/phi_net_train_pc_1157.jpg,partial_collapse,2,PC,Partial collapse,OFFICIAL_TRAIN,train,PEER Hub ImageNet (PHI-Net) Task 5,Yuqing Gao (UC Berkeley PEER Center),CC BY-NC-SA 4.0,224,224,3,0c5d205bb99188d8cb9624883d4a46cc9ea116037e808b24b98704a4e7eebb6d
phi_net_train_1158,data/raw/property_conditions/train/partial_collapse/phi_net_train_pc_1158.jpg,partial_collapse,2,PC,Partial collapse,OFFICIAL_TRAIN,train,PEER Hub ImageNet (PHI-Net) Task 5,Yuqing Gao (UC Berkeley PEER Center),CC BY-NC-SA 4.0,224,224,3,005aaab58ffbf3f1e649a8c14be8bc22b7fdfc80b5dca478bc0399c19d439d15
phi_net_train_1159,data/raw/property_conditions/train/partial_collapse/phi_net_train_pc_1159.jpg,partial_collapse,2,PC,Partial collapse,OFFICIAL_TRAIN,train,PEER Hub ImageNet (PHI-Net) Task 5,Yuqing Gao (UC Berkeley PEER Center),CC BY-NC-SA 4.0,224,224,3,df6e9a3e93c6f0b7c859a80b3d175d5f40c226d68ff19f77e121ab31afa3a4f1
phi_net_train_1160,data/raw/property_conditions/val/partial_collapse/phi_net_val_pc_1160.jpg,partial_collapse,2,PC,Partial collapse,OFFICIAL_TRAIN,val,PEER Hub ImageNet (PHI-Net) Task 5,Yuqing Gao (UC Berkeley PEER Center),CC BY-NC-SA 4.0,224,224,3,56cc1c15b9ee705d6ce2040593f85a43b85cef49f706f8cd18232593ff64e81e
phi_net_train_1161,data/raw/property_conditions/val/partial_collapse/phi_net_val_pc_1161.jpg,partial_collapse,2,PC,Partial collapse,OFFICIAL_TRAIN,val,PEER Hub ImageNet (PHI-Net) Task 5,Yuqing Gao (UC Berkeley PEER Center),CC BY-NC-SA 4.0,224,224,3,2ae2f0842758d0a99a863314028c94c133405ea6450ef17cd1723c49261dc634
phi_net_train_1162,data/raw/property_conditions/train/partial_collapse/phi_net_train_pc_1162.jpg,partial_collapse,2,PC,Partial collapse,OFFICIAL_TRAIN,train,PEER Hub ImageNet (PHI-Net) Task 5,Yuqing Gao (UC Berkeley PEER Center),CC BY-NC-SA 4.0,224,224,3,18a259054a8030febb43dabe21bcff5c40536224e42e2b8d15372e3f8168d636
phi_net_train_1163,data/raw/property_conditions/train/partial_collapse/phi_net_train_pc_1163.jpg,partial_collapse,2,PC,Partial collapse,OFFICIAL_TRAIN,train,PEER Hub ImageNet (PHI-Net) Task 5,Yuqing Gao (UC Berkeley PEER Center),CC BY-NC-SA 4.0,224,224,3,630cd8ab29f0f4c9efc86f6aba79fb5b423d5152bf4962986445d7380cd7e078
phi_net_train_1164,data/raw/property_conditions/train/partial_collapse/phi_net_train_pc_1164.jpg,partial_collapse,2,PC,Partial collapse,OFFICIAL_TRAIN,train,PEER Hub ImageNet (PHI-Net) Task 5,Yuqing Gao (UC Berkeley PEER Center),CC BY-NC-SA 4.0,224,224,3,d8adf3a85ca2d493c7a536e24a259bfc125ff91c87be11d774c4c06e45f44ba5
phi_net_train_1165,data/raw/property_conditions/train/partial_collapse/phi_net_train_pc_1165.jpg,partial_collapse,2,PC,Partial collapse,OFFICIAL_TRAIN,train,PEER Hub ImageNet (PHI-Net) Task 5,Yuqing Gao (UC Berkeley PEER Center),CC BY-NC-SA 4.0,224,224,3,34c6ee7805f90978df9d9d517846615104aeb9d629f0160bd9baf0a52eeed1a3
phi_net_train_1166,data/raw/property_conditions/val/partial_collapse/phi_net_val_pc_1166.jpg,partial_collapse,2,PC,Partial collapse,OFFICIAL_TRAIN,val,PEER Hub ImageNet (PHI-Net) Task 5,Yuqing Gao (UC Berkeley PEER Center),CC BY-NC-SA 4.0,224,224,3,85889c63b51af17c02b7dfd2867621535bfdefb0d9db14f4daa108b12d91afac
phi_net_train_1167,data/raw/property_conditions/train/partial_collapse/phi_net_train_pc_1167.jpg,partial_collapse,2,PC,Partial collapse,OFFICIAL_TRAIN,train,PEER Hub ImageNet (PHI-Net) Task 5,Yuqing Gao (UC Berkeley PEER Center),CC BY-NC-SA 4.0,224,224,3,b93630ed79bd854047a6751f8747f8d48591dc5b934fc683bc70ff853a2e51fc
phi_net_train_1168,data/raw/property_conditions/train/partial_collapse/phi_net_train_pc_1168.jpg,partial_collapse,2,PC,Partial collapse,OFFICIAL_TRAIN,train,PEER Hub ImageNet (PHI-Net) Task 5,Yuqing Gao (UC Berkeley PEER Center),CC BY-NC-SA 4.0,224,224,3,11dc9bd117f219adb510241f355724224979fac435c8f711df071d21c2b6121e
phi_net_train_1169,data/raw/property_conditions/train/partial_collapse/phi_net_train_pc_1169.jpg,partial_collapse,2,PC,Partial collapse,OFFICIAL_TRAIN,train,PEER Hub ImageNet (PHI-Net) Task 5,Yuqing Gao (UC Berkeley PEER Center),CC BY-NC-SA 4.0,224,224,3,7db36ae181834bf1266653f169280e595ae3af171b1577f0bed3c2f556a8e78d
phi_net_train_1170,data/raw/property_conditions/train/partial_collapse/phi_net_train_pc_1170.jpg,partial_collapse,2,PC,Partial collapse,OFFICIAL_TRAIN,train,PEER Hub ImageNet (PHI-Net) Task 5,Yuqing Gao (UC Berkeley PEER Center),CC BY-NC-SA 4.0,224,224,3,0bcf132a8f12eb3bd0975a4427a606f3589ae43028ecab346d6023bbb0d49ddf
phi_net_train_1171,data/raw/property_conditions/train/partial_collapse/phi_net_train_pc_1171.jpg,partial_collapse,2,PC,Partial collapse,OFFICIAL_TRAIN,train,PEER Hub ImageNet (PHI-Net) Task 5,Yuqing Gao (UC Berkeley PEER Center),CC BY-NC-SA 4.0,224,224,3,2670ecd7dc0910981803d8925bc03e8d5cfeaaf0e33b9ba9c86fb35b9a6c44eb
phi_net_train_1172,data/raw/property_conditions/train/partial_collapse/phi_net_train_pc_1172.jpg,partial_collapse,2,PC,Partial collapse,OFFICIAL_TRAIN,train,PEER Hub ImageNet (PHI-Net) Task 5,Yuqing Gao (UC Berkeley PEER Center),CC BY-NC-SA 4.0,224,224,3,fe28669bce0fd7e7c47635cf2fedf096e4fc621c8eaa5c2ea35517ca1fb995e3
phi_net_train_1173,data/raw/property_conditions/train/partial_collapse/phi_net_train_pc_1173.jpg,partial_collapse,2,PC,Partial collapse,OFFICIAL_TRAIN,train,PEER Hub ImageNet (PHI-Net) Task 5,Yuqing Gao (UC Berkeley PEER Center),CC BY-NC-SA 4.0,224,224,3,31f39e5d9a3074577711cedfe4b6631238ea09e4688b1b5151d2b58a8942e91e
phi_net_train_1174,data/raw/property_conditions/train/partial_collapse/phi_net_train_pc_1174.jpg,partial_collapse,2,PC,Partial collapse,OFFICIAL_TRAIN,train,PEER Hub ImageNet (PHI-Net) Task 5,Yuqing Gao (UC Berkeley PEER Center),CC BY-NC-SA 4.0,224,224,3,284400ba83431609a1c2be0eb3bec93756d41a6befaf60c510e2c6dd66c77400
phi_net_train_1175,data/raw/property_conditions/train/partial_collapse/phi_net_train_pc_1175.jpg,partial_collapse,2,PC,Partial collapse,OFFICIAL_TRAIN,train,PEER Hub ImageNet (PHI-Net) Task 5,Yuqing Gao (UC Berkeley PEER Center),CC BY-NC-SA 4.0,224,224,3,4d713ec9720960776a1548929f6ed6eda22a1be95b6ccd6b00f422d958745c8d
phi_net_train_1176,data/raw/property_conditions/train/partial_collapse/phi_net_train_pc_1176.jpg,partial_collapse,2,PC,Partial collapse,OFFICIAL_TRAIN,train,PEER Hub ImageNet (PHI-Net) Task 5,Yuqing Gao (UC Berkeley PEER Center),CC BY-NC-SA 4.0,224,224,3,74e1bec5f85a7d123adbfce12f6c2fafc75e270b4f7da12c66e2d218b6ca7e85
phi_net_train_1177,data/raw/property_conditions/train/partial_collapse/phi_net_train_pc_1177.jpg,partial_collapse,2,PC,Partial collapse,OFFICIAL_TRAIN,train,PEER Hub ImageNet (PHI-Net) Task 5,Yuqing Gao (UC Berkeley PEER Center),CC BY-NC-SA 4.0,224,224,3,c74db769fa9ce5b7474e151649f7159a4c4aa5e799090b8a6a786ff99ce9ed2b
phi_net_train_1178,data/raw/property_conditions/train/partial_collapse/phi_net_train_pc_1178.jpg,partial_collapse,2,PC,Partial collapse,OFFICIAL_TRAIN,train,PEER Hub ImageNet (PHI-Net) Task 5,Yuqing Gao (UC Berkeley PEER Center),CC BY-NC-SA 4.0,224,224,3,fae9e01c65d28b59fdf774a5b675efadfd013210f71df38cc84ec34661bce950
phi_net_train_1179,data/raw/property_conditions/train/partial_collapse/phi_net_train_pc_1179.jpg,partial_collapse,2,PC,Partial collapse,OFFICIAL_TRAIN,train,PEER Hub ImageNet (PHI-Net) Task 5,Yuqing Gao (UC Berkeley PEER Center),CC BY-NC-SA 4.0,224,224,3,04f00ce591287a5d3b4b702e8e47a4725f5dfe1876836086c4c7aeb70ea323aa
phi_net_train_1180,data/raw/property_conditions/train/partial_collapse/phi_net_train_pc_1180.jpg,partial_collapse,2,PC,Partial collapse,OFFICIAL_TRAIN,train,PEER Hub ImageNet (PHI-Net) Task 5,Yuqing Gao (UC Berkeley PEER Center),CC BY-NC-SA 4.0,224,224,3,03e2d255d7f9519bf65588ee707733c5b7ef86ba58e12d65d8e4ba681aa40fea
phi_net_train_1181,data/raw/property_conditions/train/partial_collapse/phi_net_train_pc_1181.jpg,partial_collapse,2,PC,Partial collapse,OFFICIAL_TRAIN,train,PEER Hub ImageNet (PHI-Net) Task 5,Yuqing Gao (UC Berkeley PEER Center),CC BY-NC-SA 4.0,224,224,3,4ae1703c192f7124efd242f41671c32374beb983dff5fd5fb6e44ee6417f9223
phi_net_train_1182,data/raw/property_conditions/train/partial_collapse/phi_net_train_pc_1182.jpg,partial_collapse,2,PC,Partial collapse,OFFICIAL_TRAIN,train,PEER Hub ImageNet (PHI-Net) Task 5,Yuqing Gao (UC Berkeley PEER Center),CC BY-NC-SA 4.0,224,224,3,89f64abc8501c18b0a07f2f24917df9f4eaf9936d4af7d840fe872068cb12608
phi_net_train_1183,data/raw/property_conditions/train/partial_collapse/phi_net_train_pc_1183.jpg,partial_collapse,2,PC,Partial collapse,OFFICIAL_TRAIN,train,PEER Hub ImageNet (PHI-Net) Task 5,Yuqing Gao (UC Berkeley PEER Center),CC BY-NC-SA 4.0,224,224,3,7d9c48416a5fc297ab58006f4226f2d34789a8f8e49b44b77efd00b49386b2a0
phi_net_train_1184,data/raw/property_conditions/val/partial_collapse/phi_net_val_pc_1184.jpg,partial_collapse,2,PC,Partial collapse,OFFICIAL_TRAIN,val,PEER Hub ImageNet (PHI-Net) Task 5,Yuqing Gao (UC Berkeley PEER Center),CC BY-NC-SA 4.0,224,224,3,e2299255fe85742b15152f86340be5ec9d394ce55585cab6acc68443dd63b083
phi_net_train_1185,data/raw/property_conditions/val/partial_collapse/phi_net_val_pc_1185.jpg,partial_collapse,2,PC,Partial collapse,OFFICIAL_TRAIN,val,PEER Hub ImageNet (PHI-Net) Task 5,Yuqing Gao (UC Berkeley PEER Center),CC BY-NC-SA 4.0,224,224,3,70679a656d35241b3d41017ad499457c880d5893ec201f4eca73e67cd0475f36
phi_net_train_1186,data/raw/property_conditions/train/partial_collapse/phi_net_train_pc_1186.jpg,partial_collapse,2,PC,Partial collapse,OFFICIAL_TRAIN,train,PEER Hub ImageNet (PHI-Net) Task 5,Yuqing Gao (UC Berkeley PEER Center),CC BY-NC-SA 4.0,224,224,3,4abd3b6dc28ff7eee79e3f79579768218dc31fb29fc57000ff4c05da39b93006
phi_net_train_1187,data/raw/property_conditions/train/partial_collapse/phi_net_train_pc_1187.jpg,partial_collapse,2,PC,Partial collapse,OFFICIAL_TRAIN,train,PEER Hub ImageNet (PHI-Net) Task 5,Yuqing Gao (UC Berkeley PEER Center),CC BY-NC-SA 4.0,224,224,3,b8c9b7078df4495404a3546aa8e5e34c982c805c4353a33a51e0ea4651d63ba2
phi_net_train_1188,data/raw/property_conditions/train/partial_collapse/phi_net_train_pc_1188.jpg,partial_collapse,2,PC,Partial collapse,OFFICIAL_TRAIN,train,PEER Hub ImageNet (PHI-Net) Task 5,Yuqing Gao (UC Berkeley PEER Center),CC BY-NC-SA 4.0,224,224,3,daddb440b6224f92c4be1502676159ea062f7f7b2738a86e5dc3f59be11dcb7e
phi_net_train_1189,data/raw/property_conditions/train/partial_collapse/phi_net_train_pc_1189.jpg,partial_collapse,2,PC,Partial collapse,OFFICIAL_TRAIN,train,PEER Hub ImageNet (PHI-Net) Task 5,Yuqing Gao (UC Berkeley PEER Center),CC BY-NC-SA 4.0,224,224,3,ceca10347dbf62c1e6459d5c0ebc585346937d5bbca67cd9d663bbd35258b2f6
phi_net_train_1190,data/raw/property_conditions/train/partial_collapse/phi_net_train_pc_1190.jpg,partial_collapse,2,PC,Partial collapse,OFFICIAL_TRAIN,train,PEER Hub ImageNet (PHI-Net) Task 5,Yuqing Gao (UC Berkeley PEER Center),CC BY-NC-SA 4.0,224,224,3,8114e0e7794b05559b90fc36c6cbff9452d8ef8ec680b21434013cf6446c0f44
phi_net_train_1191,data/raw/property_conditions/val/partial_collapse/phi_net_val_pc_1191.jpg,partial_collapse,2,PC,Partial collapse,OFFICIAL_TRAIN,val,PEER Hub ImageNet (PHI-Net) Task 5,Yuqing Gao (UC Berkeley PEER Center),CC BY-NC-SA 4.0,224,224,3,1d39f7b5fa7acd2c476c4e4f85b3020639d64b846ab45274d16fc4dbf72bbc31
phi_net_train_1192,data/raw/property_conditions/train/partial_collapse/phi_net_train_pc_1192.jpg,partial_collapse,2,PC,Partial collapse,OFFICIAL_TRAIN,train,PEER Hub ImageNet (PHI-Net) Task 5,Yuqing Gao (UC Berkeley PEER Center),CC BY-NC-SA 4.0,224,224,3,68e7dbcba1de6ee7ed7d22baac8fc0c56c80df1561e3fb9e5ba2ecf65b5243cc
phi_net_train_1193,data/raw/property_conditions/train/partial_collapse/phi_net_train_pc_1193.jpg,partial_collapse,2,PC,Partial collapse,OFFICIAL_TRAIN,train,PEER Hub ImageNet (PHI-Net) Task 5,Yuqing Gao (UC Berkeley PEER Center),CC BY-NC-SA 4.0,224,224,3,0d7cacd962b56eb6b5f2df15b67a31dfc4dea7bbea10358c59066a90004471c0
phi_net_train_1194,data/raw/property_conditions/val/partial_collapse/phi_net_val_pc_1194.jpg,partial_collapse,2,PC,Partial collapse,OFFICIAL_TRAIN,val,PEER Hub ImageNet (PHI-Net) Task 5,Yuqing Gao (UC Berkeley PEER Center),CC BY-NC-SA 4.0,224,224,3,fa9979dad96135b0c863c6436e8026851984c3a41b1a525febc2c1b8da54756b
phi_net_train_1195,data/raw/property_conditions/val/partial_collapse/phi_net_val_pc_1195.jpg,partial_collapse,2,PC,Partial collapse,OFFICIAL_TRAIN,val,PEER Hub ImageNet (PHI-Net) Task 5,Yuqing Gao (UC Berkeley PEER Center),CC BY-NC-SA 4.0,224,224,3,4a1d669883cfc99e14f426ba3d6b98f15c4ecbf410cc643c0f17d0ac1d2973e8
phi_net_train_1196,data/raw/property_conditions/train/partial_collapse/phi_net_train_pc_1196.jpg,partial_collapse,2,PC,Partial collapse,OFFICIAL_TRAIN,train,PEER Hub ImageNet (PHI-Net) Task 5,Yuqing Gao (UC Berkeley PEER Center),CC BY-NC-SA 4.0,224,224,3,e5bfaa70f8466312e0da973f6dd6db8c194c16674baf541afb67dab6f5a74e70
phi_net_train_1197,data/raw/property_conditions/train/partial_collapse/phi_net_train_pc_1197.jpg,partial_collapse,2,PC,Partial collapse,OFFICIAL_TRAIN,train,PEER Hub ImageNet (PHI-Net) Task 5,Yuqing Gao (UC Berkeley PEER Center),CC BY-NC-SA 4.0,224,224,3,9484fa0db293fc2c114ff83bc4ef46bdcba9bbc8ec742d9d04f9634cba0dc86a
phi_net_train_1198,data/raw/property_conditions/train/partial_collapse/phi_net_train_pc_1198.jpg,partial_collapse,2,PC,Partial collapse,OFFICIAL_TRAIN,train,PEER Hub ImageNet (PHI-Net) Task 5,Yuqing Gao (UC Berkeley PEER Center),CC BY-NC-SA 4.0,224,224,3,15a02952aecc829fb1f37791c189bf14ff9260d1c14930b714b8b3c92b03fcea
phi_net_train_1199,data/raw/property_conditions/train/partial_collapse/phi_net_train_pc_1199.jpg,partial_collapse,2,PC,Partial collapse,OFFICIAL_TRAIN,train,PEER Hub ImageNet (PHI-Net) Task 5,Yuqing Gao (UC Berkeley PEER Center),CC BY-NC-SA 4.0,224,224,3,637cf47d2c5488f212b2b6a316300da671638758a8028069ca9c12e24896b6ec
phi_net_train_1200,data/raw/property_conditions/train/partial_collapse/phi_net_train_pc_1200.jpg,partial_collapse,2,PC,Partial collapse,OFFICIAL_TRAIN,train,PEER Hub ImageNet (PHI-Net) Task 5,Yuqing Gao (UC Berkeley PEER Center),CC BY-NC-SA 4.0,224,224,3,3390c16ca872596031edcd9848833173496eb48f26d92e067fbca317f88e5845
phi_net_train_1201,data/raw/property_conditions/train/partial_collapse/phi_net_train_pc_1201.jpg,partial_collapse,2,PC,Partial collapse,OFFICIAL_TRAIN,train,PEER Hub ImageNet (PHI-Net) Task 5,Yuqing Gao (UC Berkeley PEER Center),CC BY-NC-SA 4.0,224,224,3,de9b04adb495d26b58d0b40a68ae5b4ec7b52ca98af4b2190af5fcbb14ec0659
phi_net_train_1202,data/raw/property_conditions/val/partial_collapse/phi_net_val_pc_1202.jpg,partial_collapse,2,PC,Partial collapse,OFFICIAL_TRAIN,val,PEER Hub ImageNet (PHI-Net) Task 5,Yuqing Gao (UC Berkeley PEER Center),CC BY-NC-SA 4.0,224,224,3,6f6fbe4f4d5118a19cc94c2bf9b49a21b00d34e88c872b0a6a9f1a5cc7c55c46
phi_net_train_1203,data/raw/property_conditions/train/partial_collapse/phi_net_train_pc_1203.jpg,partial_collapse,2,PC,Partial collapse,OFFICIAL_TRAIN,train,PEER Hub ImageNet (PHI-Net) Task 5,Yuqing Gao (UC Berkeley PEER Center),CC BY-NC-SA 4.0,224,224,3,e8fba17fb58f39562fcadd18f7dadb4c44d044da203018a25ac8e8b6f350e9e5
phi_net_train_1204,data/raw/property_conditions/train/partial_collapse/phi_net_train_pc_1204.jpg,partial_collapse,2,PC,Partial collapse,OFFICIAL_TRAIN,train,PEER Hub ImageNet (PHI-Net) Task 5,Yuqing Gao (UC Berkeley PEER Center),CC BY-NC-SA 4.0,224,224,3,e17cb12fcf5cdf5f95c5a3458848b64413aac01d72078349a62182bbf58da11f
phi_net_train_1205,data/raw/property_conditions/train/partial_collapse/phi_net_train_pc_1205.jpg,partial_collapse,2,PC,Partial collapse,OFFICIAL_TRAIN,train,PEER Hub ImageNet (PHI-Net) Task 5,Yuqing Gao (UC Berkeley PEER Center),CC BY-NC-SA 4.0,224,224,3,33c18c5173f5ef44509a2d8d5bfcddb67d4c7182d09ea2e9330fb83f0b079cd6
phi_net_train_1206,data/raw/property_conditions/train/partial_collapse/phi_net_train_pc_1206.jpg,partial_collapse,2,PC,Partial collapse,OFFICIAL_TRAIN,train,PEER Hub ImageNet (PHI-Net) Task 5,Yuqing Gao (UC Berkeley PEER Center),CC BY-NC-SA 4.0,224,224,3,cf0f3123ef87bbc26e192ebe939f43fc356a6ce599b2a876ae27037805afdaf0
phi_net_train_1207,data/raw/property_conditions/train/partial_collapse/phi_net_train_pc_1207.jpg,partial_collapse,2,PC,Partial collapse,OFFICIAL_TRAIN,train,PEER Hub ImageNet (PHI-Net) Task 5,Yuqing Gao (UC Berkeley PEER Center),CC BY-NC-SA 4.0,224,224,3,2411362654a75cc1e71868416def1128d865153a94380e3ed389660019ff9552
phi_net_train_1208,data/raw/property_conditions/train/partial_collapse/phi_net_train_pc_1208.jpg,partial_collapse,2,PC,Partial collapse,OFFICIAL_TRAIN,train,PEER Hub ImageNet (PHI-Net) Task 5,Yuqing Gao (UC Berkeley PEER Center),CC BY-NC-SA 4.0,224,224,3,78514c869a397eb4bacddf4a54f1ac18449d538323913679317266e2326f59cf
phi_net_train_1209,data/raw/property_conditions/train/partial_collapse/phi_net_train_pc_1209.jpg,partial_collapse,2,PC,Partial collapse,OFFICIAL_TRAIN,train,PEER Hub ImageNet (PHI-Net) Task 5,Yuqing Gao (UC Berkeley PEER Center),CC BY-NC-SA 4.0,224,224,3,ce6e23f815f1943be1382f2f9f30dc79a941501b0708c327b3bf600a48fda3c6
phi_net_train_1210,data/raw/property_conditions/train/partial_collapse/phi_net_train_pc_1210.jpg,partial_collapse,2,PC,Partial collapse,OFFICIAL_TRAIN,train,PEER Hub ImageNet (PHI-Net) Task 5,Yuqing Gao (UC Berkeley PEER Center),CC BY-NC-SA 4.0,224,224,3,1432a432a9cd12087d2ac211ae3a00e221a21c44e19d930713879d47c132683b
phi_net_train_1211,data/raw/property_conditions/train/partial_collapse/phi_net_train_pc_1211.jpg,partial_collapse,2,PC,Partial collapse,OFFICIAL_TRAIN,train,PEER Hub ImageNet (PHI-Net) Task 5,Yuqing Gao (UC Berkeley PEER Center),CC BY-NC-SA 4.0,224,224,3,2689e7d09e007d3c93d9e860a404e1704ad9d59f6018e094ef845b0798be1008
phi_net_train_1212,data/raw/property_conditions/train/partial_collapse/phi_net_train_pc_1212.jpg,partial_collapse,2,PC,Partial collapse,OFFICIAL_TRAIN,train,PEER Hub ImageNet (PHI-Net) Task 5,Yuqing Gao (UC Berkeley PEER Center),CC BY-NC-SA 4.0,224,224,3,d7a3b9a716365b0fa43d584f12d47bbd98742e5a8c34597d36a9c87cdbb3d023
phi_net_train_1213,data/raw/property_conditions/train/partial_collapse/phi_net_train_pc_1213.jpg,partial_collapse,2,PC,Partial collapse,OFFICIAL_TRAIN,train,PEER Hub ImageNet (PHI-Net) Task 5,Yuqing Gao (UC Berkeley PEER Center),CC BY-NC-SA 4.0,224,224,3,2a9d54b70459a4e685d6e41963051de0e3d7b62605afc6a704101368069b44be
phi_net_train_1214,data/raw/property_conditions/train/partial_collapse/phi_net_train_pc_1214.jpg,partial_collapse,2,PC,Partial collapse,OFFICIAL_TRAIN,train,PEER Hub ImageNet (PHI-Net) Task 5,Yuqing Gao (UC Berkeley PEER Center),CC BY-NC-SA 4.0,224,224,3,d4e621ce04774da2d8d736da6b119b40defc673d0512f2d7df6ddab65269d562
phi_net_train_1215,data/raw/property_conditions/train/partial_collapse/phi_net_train_pc_1215.jpg,partial_collapse,2,PC,Partial collapse,OFFICIAL_TRAIN,train,PEER Hub ImageNet (PHI-Net) Task 5,Yuqing Gao (UC Berkeley PEER Center),CC BY-NC-SA 4.0,224,224,3,27c1d44509a133aa9d44cbc3c84abc548844247e53eb907bddb8c7fbd1736255
phi_net_train_1216,data/raw/property_conditions/train/partial_collapse/phi_net_train_pc_1216.jpg,partial_collapse,2,PC,Partial collapse,OFFICIAL_TRAIN,train,PEER Hub ImageNet (PHI-Net) Task 5,Yuqing Gao (UC Berkeley PEER Center),CC BY-NC-SA 4.0,224,224,3,e82608cd74b0844f7ba1e3cbb2b9508d3656b33a756905464668206ba4cca927
phi_net_train_1217,data/raw/property_conditions/val/partial_collapse/phi_net_val_pc_1217.jpg,partial_collapse,2,PC,Partial collapse,OFFICIAL_TRAIN,val,PEER Hub ImageNet (PHI-Net) Task 5,Yuqing Gao (UC Berkeley PEER Center),CC BY-NC-SA 4.0,224,224,3,fcb5e0c560020785428390cf67b72409f36b388330c8bebeb0a9cedfdb8adb05
phi_net_train_1218,data/raw/property_conditions/val/partial_collapse/phi_net_val_pc_1218.jpg,partial_collapse,2,PC,Partial collapse,OFFICIAL_TRAIN,val,PEER Hub ImageNet (PHI-Net) Task 5,Yuqing Gao (UC Berkeley PEER Center),CC BY-NC-SA 4.0,224,224,3,b51f28a9d7eecf03fa5cfd45c80570ed231fd4970990459e0d6859b39267723b
phi_net_train_1219,data/raw/property_conditions/train/partial_collapse/phi_net_train_pc_1219.jpg,partial_collapse,2,PC,Partial collapse,OFFICIAL_TRAIN,train,PEER Hub ImageNet (PHI-Net) Task 5,Yuqing Gao (UC Berkeley PEER Center),CC BY-NC-SA 4.0,224,224,3,99f02b4ff935e5fcb75565b4dd85c3c520710a6320a494bf08d718733e699423
phi_net_train_1220,data/raw/property_conditions/train/partial_collapse/phi_net_train_pc_1220.jpg,partial_collapse,2,PC,Partial collapse,OFFICIAL_TRAIN,train,PEER Hub ImageNet (PHI-Net) Task 5,Yuqing Gao (UC Berkeley PEER Center),CC BY-NC-SA 4.0,224,224,3,6cb915c4ddd0a163651f2e1fc90ee5ee40ca9da3b6ea98a2d2d21db84aa072af
phi_net_train_1221,data/raw/property_conditions/val/partial_collapse/phi_net_val_pc_1221.jpg,partial_collapse,2,PC,Partial collapse,OFFICIAL_TRAIN,val,PEER Hub ImageNet (PHI-Net) Task 5,Yuqing Gao (UC Berkeley PEER Center),CC BY-NC-SA 4.0,224,224,3,7b7da8c484a1a2cc6814615de810111ff2e140ae3a4b365b82fa08b58160c4da
phi_net_train_1222,data/raw/property_conditions/train/partial_collapse/phi_net_train_pc_1222.jpg,partial_collapse,2,PC,Partial collapse,OFFICIAL_TRAIN,train,PEER Hub ImageNet (PHI-Net) Task 5,Yuqing Gao (UC Berkeley PEER Center),CC BY-NC-SA 4.0,224,224,3,51fffd3766c060a32e6cb2e91ca1153f9ad494aec08dc2656ea5913db256b6ba
phi_net_train_1223,data/raw/property_conditions/train/partial_collapse/phi_net_train_pc_1223.jpg,partial_collapse,2,PC,Partial collapse,OFFICIAL_TRAIN,train,PEER Hub ImageNet (PHI-Net) Task 5,Yuqing Gao (UC Berkeley PEER Center),CC BY-NC-SA 4.0,224,224,3,6c15182e87777e98dc6d889af181a6d19191ee7c7e03ceeb1826c1bad9700944
phi_net_train_1224,data/raw/property_conditions/train/partial_collapse/phi_net_train_pc_1224.jpg,partial_collapse,2,PC,Partial collapse,OFFICIAL_TRAIN,train,PEER Hub ImageNet (PHI-Net) Task 5,Yuqing Gao (UC Berkeley PEER Center),CC BY-NC-SA 4.0,224,224,3,9c6e9952f3d48623f855365475a6dd674f0eaee203a73d876b9e957bc3a41540
phi_net_train_1225,data/raw/property_conditions/val/partial_collapse/phi_net_val_pc_1225.jpg,partial_collapse,2,PC,Partial collapse,OFFICIAL_TRAIN,val,PEER Hub ImageNet (PHI-Net) Task 5,Yuqing Gao (UC Berkeley PEER Center),CC BY-NC-SA 4.0,224,224,3,74306ddd4bf6f9d8d95bd27fa66c03e216810fed9a947db8e4b796fea0c0b3d3
